Workbook

Sheet 資料儲存
A1: 時段 | B1: 臨近路段 | C1: 開始時刻 | D1: 停車在臨近車道上的車輛總數(0秒) | E1: 停車在臨近車道上的車輛總數(15秒) | F1: 停車在臨近車道上的車輛總數(30秒) | G1: 停車在臨近車道上的車輛總數(45秒) | H1: 臨近車道上的流量(總數) | I1: 臨近車道上的流量(未受阻) | J1: 臨近車道上的流量(受阻)
A2: 平日晨峰(0630-0830) | B2: A | C2: 0.27083333 | D2: 0 | E2: 0 | F2: 0 | G2: 0 | H2: 0 | I2: 0 | J2: 0
A3: 平日晨峰(0630-0830) | B3: A | C3: 0.27152778 | D3: 0 | E3: 0 | F3: 0 | G3: 0 | H3: 0 | I3: 0 | J3: 0
A4: 平日晨峰(0630-0830) | B4: A | C4: 0.27222222 | D4: 0 | E4: 0 | F4: 0 | G4: 0 | H4: 0 | I4: 0 | J4: 0
A5: 平日晨峰(0630-0830) | B5: A | C5: 0.27291667 | D5: 0 | E5: 0 | F5: 0 | G5: 0 | H5: 0 | I5: 0 | J5: 0
A6: 平日晨峰(0630-0830) | B6: A | C6: 0.27361111 | D6: 0 | E6: 0 | F6: 0 | G6: 0 | H6: 0 | I6: 0 | J6: 0
A7: 平日晨峰(0630-0830) | B7: A | C7: 0.27430556 | D7: 0 | E7: 0 | F7: 0 | G7: 0 | H7: 0 | I7: 0 | J7: 0
A8: 平日晨峰(0630-0830) | B8: A | C8: 0.275 | D8: 0 | E8: 0 | F8: 0 | G8: 0 | H8: 0 | I8: 0 | J8: 0
A9: 平日晨峰(0630-0830) | B9: A | C9: 0.27569444 | D9: 0 | E9: 0 | F9: 0 | G9: 0 | H9: 0 | I9: 0 | J9: 0
A10: 平日晨峰(0630-0830) | B10: A | C10: 0.27638889 | D10: 0 | E10: 0 | F10: 0 | G10: 0 | H10: 0 | I10: 0 | J10: 0
A11: 平日晨峰(0630-0830) | B11: A | C11: 0.27708333 | D11: 0 | E11: 0 | F11: 0 | G11: 0 | H11: 0 | I11: 0 | J11: 0
A12: 平日晨峰(0630-0830) | B12: A | C12: 0.27777778 | D12: 0 | E12: 0 | F12: 0 | G12: 0 | H12: 0 | I12: 0 | J12: 0
A13: 平日晨峰(0630-0830) | B13: A | C13: 0.27847222 | D13: 0 | E13: 0 | F13: 0 | G13: 0 | H13: 0 | I13: 0 | J13: 0
... A7561: 假日(16-20) | B7561: F | C7561: 0.83263889 | D7561: 0 | E7561: 0 | F7561: 0 | G7561: 0 | H7561: 0 | I7561: 0 | J7561: 0

Sheet 基本資料
A4: 業主名稱：
A5: 專案編號：
R6: 往北
A7: TC編號： | C7: (例：TC240) | R7: 往東
A8: 路口名稱： | R8: 往南
A9: 行政區域： | C9: (例：東區) | R9: 往西南
R10: 往西北
B11: 平日晨峰(0630-0830) | C11: 平日晨峰(07-09) | D11: 平日中午(11-13) | E11: 平日中午(12-14) | F11: 平日昏峰(17-19) | G11: 假日(11-12) | H11: 假日(1430-1530) | I11: 假日(1730-1830) | J11: 假日(16-18) | K11: 假日(17-19) | L11: 假日(16-20) | R11: 往東北
A12: 日期： | B12: YYYY/MM/DD | C12: YYYY/MM/DD | D12: YYYY/MM/DD | E12: YYYY/MM/DD | F12: YYYY/MM/DD | G12: YYYY/MM/DD | H12: YYYY/MM/DD | I12: YYYY/MM/DD | J12: YYYY/MM/DD | K12: YYYY/MM/DD | L12: YYYY/MM/DD | R12: 往東南
A13: 天候：
R14: 往西
A16: 路口類型： | B16: 六叉路口
A18: 方 向： | B18: A | C18: B | D18: C | E18: D | F18: E | G18: F
A19: 路段名：
A20: 行車方向：
A21: 車道數： | B21: - | C21: - | D21: - | E21: - | F21: - | G21: -
A25: 簡圖：
C26: =F20 -> 0 | E26: =G20 -> 0
C27: E | E27: F
A30: =E20 -> 0 | B30: D | F30: A | G30: =B20 -> 0
C33: C | E33: B
C34: =D20 -> 0 | E34: =C20 -> 0

Sheet 平日晨峰(0630-0830)
A1: =基本資料!B11 -> 平日晨峰(0630-0830) | J1: =基本資料!B11 -> 平日晨峰(0630-0830) | S1: =基本資料!B11 -> 平日晨峰(0630-0830) | AB1: =基本資料!B11 -> 平日晨峰(0630-0830) | AK1: =基本資料!B11 -> 平日晨峰(0630-0830) | AT1: =基本資料!B11 -> 平日晨峰(0630-0830)
A2: =CONCATENATE(基本資料!B18,"方向：",基本資料!B19,基本資料!B20) -> A方向： | J2: =CONCATENATE(基本資料!C18,"方向：",基本資料!C19,基本資料!C20) -> B方向： | S2: =CONCATENATE(基本資料!D18,"方向：",基本資料!D19,基本資料!D20) -> C方向： | AB2: =CONCATENATE(基本資料!E18,"方向：",基本資料!E19,基本資料!E20) -> D方向： | AK2: =CONCATENATE(基本資料!F18,"方向：",基本資料!F19,基本資料!F20) -> E方向： | AT2: =CONCATENATE(基本資料!G18,"方向：",基本資料!G19,基本資料!G20) -> F方向：
A3: 06:30~06:45 | J3: 06:30~06:45 | S3: 06:30~06:45 | AB3: 06:30~06:45 | AK3: 06:30~06:45 | AT3: 06:30~06:45
A4: 開始時刻 | B4: 停車在臨近車道上的車輛總數 | F4: 臨近車道上的流量 | J4: 開始時刻 | K4: 停車在臨近車道上的車輛總數 | O4: 臨近車道上的流量 | S4: 開始時刻 | T4: 停車在臨近車道上的車輛總數 | X4: 臨近車道上的流量 | AB4: 開始時刻 | AC4: 停車在臨近車道上的車輛總數 | AG4: 臨近車道上的流量 | AK4: 開始時刻 | AL4: 停車在臨近車道上的車輛總數 | AP4: 臨近車道上的流量 | AT4: 開始時刻 | AU4: 停車在臨近車道上的車輛總數 | AY4: 臨近車道上的流量
A5: 0.27083333 | B5: 0秒 | C5: 15秒 | D5: 30秒 | E5: 45秒 | F5: 總數 | G5: 未受阻 | H5: 受阻 | J5: 0.27083333 | K5: 0秒 | L5: 15秒 | M5: 30秒 | N5: 45秒 | O5: 總數 | P5: 未受阻 | Q5: 受阻 | S5: 0.27083333 | T5: 0秒 | U5: 15秒 | V5: 30秒 | W5: 45秒 | X5: 總數 | Y5: 未受阻 | Z5: 受阻 | AB5: 0.27083333 | AC5: 0秒 | AD5: 15秒 | AE5: 30秒 | AF5: 45秒 | AG5: 總數 | AH5: 未受阻 | AI5: 受阻 | AK5: 0.27083333 | AL5: 0秒 | AM5: 15秒 | AN5: 30秒 | AO5: 45秒 | AP5: 總數 | AQ5: 未受阻 | AR5: 受阻 | AT5: 0.27083333 | AU5: 0秒 | AV5: 15秒 | AW5: 30秒 | AX5: 45秒 | AY5: 總數 | AZ5: 未受阻 | BA5: 受阻
A6: 31 | B6: =資料儲存!D2 -> 0 | C6: =資料儲存!E2 -> 0 | D6: =資料儲存!F2 -> 0 | E6: =資料儲存!G2 -> 0 | F6: =資料儲存!H2 -> 0 | G6: =資料儲存!I2 -> 0 | H6: =資料儲存!J2 -> 0 | J6: 31 | K6: =資料儲存!D122 -> 0 | L6: =資料儲存!E122 -> 0 | M6: =資料儲存!F122 -> 0 | N6: =資料儲存!G122 -> 0 | O6: =資料儲存!H122 -> 0 | P6: =資料儲存!I122 -> 0 | Q6: =資料儲存!J122 -> 0 | S6: 31 | T6: =資料儲存!D242 -> 0 | U6: =資料儲存!E242 -> 0 | V6: =資料儲存!F242 -> 0 | W6: =資料儲存!G242 -> 0 | X6: =資料儲存!H242 -> 0 | Y6: =資料儲存!I242 -> 0 | Z6: =資料儲存!J242 -> 0 | AB6: 31 | AC6: =資料儲存!D362 -> 0 | AD6: =資料儲存!E362 -> 0 | AE6: =資料儲存!F362 -> 0 | AF6: =資料儲存!G362 -> 0 | AG6: =資料儲存!H362 -> 0 | AH6: =資料儲存!I362 -> 0 | AI6: =資料儲存!J362 -> 0 | AK6: 31 | AL6: =資料儲存!D482 -> 0 | AM6: =資料儲存!E482 -> 0 | AN6: =資料儲存!F482 -> 0 | AO6: =資料儲存!G482 -> 0 | AP6: =資料儲存!H482 -> 0 | AQ6: =資料儲存!I482 -> 0 | AR6: =資料儲存!J482 -> 0 | AT6: 31 | AU6: =資料儲存!D602 -> 0 | AV6: =資料儲存!E602 -> 0 | AW6: =資料儲存!F602 -> 0 | AX6: =資料儲存!G602 -> 0 | AY6: =資料儲存!H602 -> 0 | AZ6: =資料儲存!I602 -> 0 | BA6: =資料儲存!J602 -> 0
A7: 32 | B7: =資料儲存!D3 -> 0 | C7: =資料儲存!E3 -> 0 | D7: =資料儲存!F3 -> 0 | E7: =資料儲存!G3 -> 0 | F7: =資料儲存!H3 -> 0 | G7: =資料儲存!I3 -> 0 | H7: =資料儲存!J3 -> 0 | J7: 32 | K7: =資料儲存!D123 -> 0 | L7: =資料儲存!E123 -> 0 | M7: =資料儲存!F123 -> 0 | N7: =資料儲存!G123 -> 0 | O7: =資料儲存!H123 -> 0 | P7: =資料儲存!I123 -> 0 | Q7: =資料儲存!J123 -> 0 | S7: 32 | T7: =資料儲存!D243 -> 0 | U7: =資料儲存!E243 -> 0 | V7: =資料儲存!F243 -> 0 | W7: =資料儲存!G243 -> 0 | X7: =資料儲存!H243 -> 0 | Y7: =資料儲存!I243 -> 0 | Z7: =資料儲存!J243 -> 0 | AB7: 32 | AC7: =資料儲存!D363 -> 0 | AD7: =資料儲存!E363 -> 0 | AE7: =資料儲存!F363 -> 0 | AF7: =資料儲存!G363 -> 0 | AG7: =資料儲存!H363 -> 0 | AH7: =資料儲存!I363 -> 0 | AI7: =資料儲存!J363 -> 0 | AK7: 32 | AL7: =資料儲存!D483 -> 0 | AM7: =資料儲存!E483 -> 0 | AN7: =資料儲存!F483 -> 0 | AO7: =資料儲存!G483 -> 0 | AP7: =資料儲存!H483 -> 0 | AQ7: =資料儲存!I483 -> 0 | AR7: =資料儲存!J483 -> 0 | AT7: 32 | AU7: =資料儲存!D603 -> 0 | AV7: =資料儲存!E603 -> 0 | AW7: =資料儲存!F603 -> 0 | AX7: =資料儲存!G603 -> 0 | AY7: =資料儲存!H603 -> 0 | AZ7: =資料儲存!I603 -> 0 | BA7: =資料儲存!J603 -> 0
A8: 33 | B8: =資料儲存!D4 -> 0 | C8: =資料儲存!E4 -> 0 | D8: =資料儲存!F4 -> 0 | E8: =資料儲存!G4 -> 0 | F8: =資料儲存!H4 -> 0 | G8: =資料儲存!I4 -> 0 | H8: =資料儲存!J4 -> 0 | J8: 33 | K8: =資料儲存!D124 -> 0 | L8: =資料儲存!E124 -> 0 | M8: =資料儲存!F124 -> 0 | N8: =資料儲存!G124 -> 0 | O8: =資料儲存!H124 -> 0 | P8: =資料儲存!I124 -> 0 | Q8: =資料儲存!J124 -> 0 | S8: 33 | T8: =資料儲存!D244 -> 0 | U8: =資料儲存!E244 -> 0 | V8: =資料儲存!F244 -> 0 | W8: =資料儲存!G244 -> 0 | X8: =資料儲存!H244 -> 0 | Y8: =資料儲存!I244 -> 0 | Z8: =資料儲存!J244 -> 0 | AB8: 33 | AC8: =資料儲存!D364 -> 0 | AD8: =資料儲存!E364 -> 0 | AE8: =資料儲存!F364 -> 0 | AF8: =資料儲存!G364 -> 0 | AG8: =資料儲存!H364 -> 0 | AH8: =資料儲存!I364 -> 0 | AI8: =資料儲存!J364 -> 0 | AK8: 33 | AL8: =資料儲存!D484 -> 0 | AM8: =資料儲存!E484 -> 0 | AN8: =資料儲存!F484 -> 0 | AO8: =資料儲存!G484 -> 0 | AP8: =資料儲存!H484 -> 0 | AQ8: =資料儲存!I484 -> 0 | AR8: =資料儲存!J484 -> 0 | AT8: 33 | AU8: =資料儲存!D604 -> 0 | AV8: =資料儲存!E604 -> 0 | AW8: =資料儲存!F604 -> 0 | AX8: =資料儲存!G604 -> 0 | AY8: =資料儲存!H604 -> 0 | AZ8: =資料儲存!I604 -> 0 | BA8: =資料儲存!J604 -> 0
A9: 34 | B9: =資料儲存!D5 -> 0 | C9: =資料儲存!E5 -> 0 | D9: =資料儲存!F5 -> 0 | E9: =資料儲存!G5 -> 0 | F9: =資料儲存!H5 -> 0 | G9: =資料儲存!I5 -> 0 | H9: =資料儲存!J5 -> 0 | J9: 34 | K9: =資料儲存!D125 -> 0 | L9: =資料儲存!E125 -> 0 | M9: =資料儲存!F125 -> 0 | N9: =資料儲存!G125 -> 0 | O9: =資料儲存!H125 -> 0 | P9: =資料儲存!I125 -> 0 | Q9: =資料儲存!J125 -> 0 | S9: 34 | T9: =資料儲存!D245 -> 0 | U9: =資料儲存!E245 -> 0 | V9: =資料儲存!F245 -> 0 | W9: =資料儲存!G245 -> 0 | X9: =資料儲存!H245 -> 0 | Y9: =資料儲存!I245 -> 0 | Z9: =資料儲存!J245 -> 0 | AB9: 34 | AC9: =資料儲存!D365 -> 0 | AD9: =資料儲存!E365 -> 0 | AE9: =資料儲存!F365 -> 0 | AF9: =資料儲存!G365 -> 0 | AG9: =資料儲存!H365 -> 0 | AH9: =資料儲存!I365 -> 0 | AI9: =資料儲存!J365 -> 0 | AK9: 34 | AL9: =資料儲存!D485 -> 0 | AM9: =資料儲存!E485 -> 0 | AN9: =資料儲存!F485 -> 0 | AO9: =資料儲存!G485 -> 0 | AP9: =資料儲存!H485 -> 0 | AQ9: =資料儲存!I485 -> 0 | AR9: =資料儲存!J485 -> 0 | AT9: 34 | AU9: =資料儲存!D605 -> 0 | AV9: =資料儲存!E605 -> 0 | AW9: =資料儲存!F605 -> 0 | AX9: =資料儲存!G605 -> 0 | AY9: =資料儲存!H605 -> 0 | AZ9: =資料儲存!I605 -> 0 | BA9: =資料儲存!J605 -> 0
A10: 35 | B10: =資料儲存!D6 -> 0 | C10: =資料儲存!E6 -> 0 | D10: =資料儲存!F6 -> 0 | E10: =資料儲存!G6 -> 0 | F10: =資料儲存!H6 -> 0 | G10: =資料儲存!I6 -> 0 | H10: =資料儲存!J6 -> 0 | J10: 35 | K10: =資料儲存!D126 -> 0 | L10: =資料儲存!E126 -> 0 | M10: =資料儲存!F126 -> 0 | N10: =資料儲存!G126 -> 0 | O10: =資料儲存!H126 -> 0 | P10: =資料儲存!I126 -> 0 | Q10: =資料儲存!J126 -> 0 | S10: 35 | T10: =資料儲存!D246 -> 0 | U10: =資料儲存!E246 -> 0 | V10: =資料儲存!F246 -> 0 | W10: =資料儲存!G246 -> 0 | X10: =資料儲存!H246 -> 0 | Y10: =資料儲存!I246 -> 0 | Z10: =資料儲存!J246 -> 0 | AB10: 35 | AC10: =資料儲存!D366 -> 0 | AD10: =資料儲存!E366 -> 0 | AE10: =資料儲存!F366 -> 0 | AF10: =資料儲存!G366 -> 0 | AG10: =資料儲存!H366 -> 0 | AH10: =資料儲存!I366 -> 0 | AI10: =資料儲存!J366 -> 0 | AK10: 35 | AL10: =資料儲存!D486 -> 0 | AM10: =資料儲存!E486 -> 0 | AN10: =資料儲存!F486 -> 0 | AO10: =資料儲存!G486 -> 0 | AP10: =資料儲存!H486 -> 0 | AQ10: =資料儲存!I486 -> 0 | AR10: =資料儲存!J486 -> 0 | AT10: 35 | AU10: =資料儲存!D606 -> 0 | AV10: =資料儲存!E606 -> 0 | AW10: =資料儲存!F606 -> 0 | AX10: =資料儲存!G606 -> 0 | AY10: =資料儲存!H606 -> 0 | AZ10: =資料儲存!I606 -> 0 | BA10: =資料儲存!J606 -> 0
A11: 36 | B11: =資料儲存!D7 -> 0 | C11: =資料儲存!E7 -> 0 | D11: =資料儲存!F7 -> 0 | E11: =資料儲存!G7 -> 0 | F11: =資料儲存!H7 -> 0 | G11: =資料儲存!I7 -> 0 | H11: =資料儲存!J7 -> 0 | J11: 36 | K11: =資料儲存!D127 -> 0 | L11: =資料儲存!E127 -> 0 | M11: =資料儲存!F127 -> 0 | N11: =資料儲存!G127 -> 0 | O11: =資料儲存!H127 -> 0 | P11: =資料儲存!I127 -> 0 | Q11: =資料儲存!J127 -> 0 | S11: 36 | T11: =資料儲存!D247 -> 0 | U11: =資料儲存!E247 -> 0 | V11: =資料儲存!F247 -> 0 | W11: =資料儲存!G247 -> 0 | X11: =資料儲存!H247 -> 0 | Y11: =資料儲存!I247 -> 0 | Z11: =資料儲存!J247 -> 0 | AB11: 36 | AC11: =資料儲存!D367 -> 0 | AD11: =資料儲存!E367 -> 0 | AE11: =資料儲存!F367 -> 0 | AF11: =資料儲存!G367 -> 0 | AG11: =資料儲存!H367 -> 0 | AH11: =資料儲存!I367 -> 0 | AI11: =資料儲存!J367 -> 0 | AK11: 36 | AL11: =資料儲存!D487 -> 0 | AM11: =資料儲存!E487 -> 0 | AN11: =資料儲存!F487 -> 0 | AO11: =資料儲存!G487 -> 0 | AP11: =資料儲存!H487 -> 0 | AQ11: =資料儲存!I487 -> 0 | AR11: =資料儲存!J487 -> 0 | AT11: 36 | AU11: =資料儲存!D607 -> 0 | AV11: =資料儲存!E607 -> 0 | AW11: =資料儲存!F607 -> 0 | AX11: =資料儲存!G607 -> 0 | AY11: =資料儲存!H607 -> 0 | AZ11: =資料儲存!I607 -> 0 | BA11: =資料儲存!J607 -> 0
A12: 37 | B12: =資料儲存!D8 -> 0 | C12: =資料儲存!E8 -> 0 | D12: =資料儲存!F8 -> 0 | E12: =資料儲存!G8 -> 0 | F12: =資料儲存!H8 -> 0 | G12: =資料儲存!I8 -> 0 | H12: =資料儲存!J8 -> 0 | J12: 37 | K12: =資料儲存!D128 -> 0 | L12: =資料儲存!E128 -> 0 | M12: =資料儲存!F128 -> 0 | N12: =資料儲存!G128 -> 0 | O12: =資料儲存!H128 -> 0 | P12: =資料儲存!I128 -> 0 | Q12: =資料儲存!J128 -> 0 | S12: 37 | T12: =資料儲存!D248 -> 0 | U12: =資料儲存!E248 -> 0 | V12: =資料儲存!F248 -> 0 | W12: =資料儲存!G248 -> 0 | X12: =資料儲存!H248 -> 0 | Y12: =資料儲存!I248 -> 0 | Z12: =資料儲存!J248 -> 0 | AB12: 37 | AC12: =資料儲存!D368 -> 0 | AD12: =資料儲存!E368 -> 0 | AE12: =資料儲存!F368 -> 0 | AF12: =資料儲存!G368 -> 0 | AG12: =資料儲存!H368 -> 0 | AH12: =資料儲存!I368 -> 0 | AI12: =資料儲存!J368 -> 0 | AK12: 37 | AL12: =資料儲存!D488 -> 0 | AM12: =資料儲存!E488 -> 0 | AN12: =資料儲存!F488 -> 0 | AO12: =資料儲存!G488 -> 0 | AP12: =資料儲存!H488 -> 0 | AQ12: =資料儲存!I488 -> 0 | AR12: =資料儲存!J488 -> 0 | AT12: 37 | AU12: =資料儲存!D608 -> 0 | AV12: =資料儲存!E608 -> 0 | AW12: =資料儲存!F608 -> 0 | AX12: =資料儲存!G608 -> 0 | AY12: =資料儲存!H608 -> 0 | AZ12: =資料儲存!I608 -> 0 | BA12: =資料儲存!J608 -> 0
A13: 38 | B13: =資料儲存!D9 -> 0 | C13: =資料儲存!E9 -> 0 | D13: =資料儲存!F9 -> 0 | E13: =資料儲存!G9 -> 0 | F13: =資料儲存!H9 -> 0 | G13: =資料儲存!I9 -> 0 | H13: =資料儲存!J9 -> 0 | J13: 38 | K13: =資料儲存!D129 -> 0 | L13: =資料儲存!E129 -> 0 | M13: =資料儲存!F129 -> 0 | N13: =資料儲存!G129 -> 0 | O13: =資料儲存!H129 -> 0 | P13: =資料儲存!I129 -> 0 | Q13: =資料儲存!J129 -> 0 | S13: 38 | T13: =資料儲存!D249 -> 0 | U13: =資料儲存!E249 -> 0 | V13: =資料儲存!F249 -> 0 | W13: =資料儲存!G249 -> 0 | X13: =資料儲存!H249 -> 0 | Y13: =資料儲存!I249 -> 0 | Z13: =資料儲存!J249 -> 0 | AB13: 38 | AC13: =資料儲存!D369 -> 0 | AD13: =資料儲存!E369 -> 0 | AE13: =資料儲存!F369 -> 0 | AF13: =資料儲存!G369 -> 0 | AG13: =資料儲存!H369 -> 0 | AH13: =資料儲存!I369 -> 0 | AI13: =資料儲存!J369 -> 0 | AK13: 38 | AL13: =資料儲存!D489 -> 0 | AM13: =資料儲存!E489 -> 0 | AN13: =資料儲存!F489 -> 0 | AO13: =資料儲存!G489 -> 0 | AP13: =資料儲存!H489 -> 0 | AQ13: =資料儲存!I489 -> 0 | AR13: =資料儲存!J489 -> 0 | AT13: 38 | AU13: =資料儲存!D609 -> 0 | AV13: =資料儲存!E609 -> 0 | AW13: =資料儲存!F609 -> 0 | AX13: =資料儲存!G609 -> 0 | AY13: =資料儲存!H609 -> 0 | AZ13: =資料儲存!I609 -> 0 | BA13: =資料儲存!J609 -> 0
A14: 39 | B14: =資料儲存!D10 -> 0 | C14: =資料儲存!E10 -> 0 | D14: =資料儲存!F10 -> 0 | E14: =資料儲存!G10 -> 0 | F14: =資料儲存!H10 -> 0 | G14: =資料儲存!I10 -> 0 | H14: =資料儲存!J10 -> 0 | J14: 39 | K14: =資料儲存!D130 -> 0 | L14: =資料儲存!E130 -> 0 | M14: =資料儲存!F130 -> 0 | N14: =資料儲存!G130 -> 0 | O14: =資料儲存!H130 -> 0 | P14: =資料儲存!I130 -> 0 | Q14: =資料儲存!J130 -> 0 | S14: 39 | T14: =資料儲存!D250 -> 0 | U14: =資料儲存!E250 -> 0 | V14: =資料儲存!F250 -> 0 | W14: =資料儲存!G250 -> 0 | X14: =資料儲存!H250 -> 0 | Y14: =資料儲存!I250 -> 0 | Z14: =資料儲存!J250 -> 0 | AB14: 39 | AC14: =資料儲存!D370 -> 0 | AD14: =資料儲存!E370 -> 0 | AE14: =資料儲存!F370 -> 0 | AF14: =資料儲存!G370 -> 0 | AG14: =資料儲存!H370 -> 0 | AH14: =資料儲存!I370 -> 0 | AI14: =資料儲存!J370 -> 0 | AK14: 39 | AL14: =資料儲存!D490 -> 0 | AM14: =資料儲存!E490 -> 0 | AN14: =資料儲存!F490 -> 0 | AO14: =資料儲存!G490 -> 0 | AP14: =資料儲存!H490 -> 0 | AQ14: =資料儲存!I490 -> 0 | AR14: =資料儲存!J490 -> 0 | AT14: 39 | AU14: =資料儲存!D610 -> 0 | AV14: =資料儲存!E610 -> 0 | AW14: =資料儲存!F610 -> 0 | AX14: =資料儲存!G610 -> 0 | AY14: =資料儲存!H610 -> 0 | AZ14: =資料儲存!I610 -> 0 | BA14: =資料儲存!J610 -> 0
A15: 40 | B15: =資料儲存!D11 -> 0 | C15: =資料儲存!E11 -> 0 | D15: =資料儲存!F11 -> 0 | E15: =資料儲存!G11 -> 0 | F15: =資料儲存!H11 -> 0 | G15: =資料儲存!I11 -> 0 | H15: =資料儲存!J11 -> 0 | J15: 40 | K15: =資料儲存!D131 -> 0 | L15: =資料儲存!E131 -> 0 | M15: =資料儲存!F131 -> 0 | N15: =資料儲存!G131 -> 0 | O15: =資料儲存!H131 -> 0 | P15: =資料儲存!I131 -> 0 | Q15: =資料儲存!J131 -> 0 | S15: 40 | T15: =資料儲存!D251 -> 0 | U15: =資料儲存!E251 -> 0 | V15: =資料儲存!F251 -> 0 | W15: =資料儲存!G251 -> 0 | X15: =資料儲存!H251 -> 0 | Y15: =資料儲存!I251 -> 0 | Z15: =資料儲存!J251 -> 0 | AB15: 40 | AC15: =資料儲存!D371 -> 0 | AD15: =資料儲存!E371 -> 0 | AE15: =資料儲存!F371 -> 0 | AF15: =資料儲存!G371 -> 0 | AG15: =資料儲存!H371 -> 0 | AH15: =資料儲存!I371 -> 0 | AI15: =資料儲存!J371 -> 0 | AK15: 40 | AL15: =資料儲存!D491 -> 0 | AM15: =資料儲存!E491 -> 0 | AN15: =資料儲存!F491 -> 0 | AO15: =資料儲存!G491 -> 0 | AP15: =資料儲存!H491 -> 0 | AQ15: =資料儲存!I491 -> 0 | AR15: =資料儲存!J491 -> 0 | AT15: 40 | AU15: =資料儲存!D611 -> 0 | AV15: =資料儲存!E611 -> 0 | AW15: =資料儲存!F611 -> 0 | AX15: =資料儲存!G611 -> 0 | AY15: =資料儲存!H611 -> 0 | AZ15: =資料儲存!I611 -> 0 | BA15: =資料儲存!J611 -> 0
A16: 41 | B16: =資料儲存!D12 -> 0 | C16: =資料儲存!E12 -> 0 | D16: =資料儲存!F12 -> 0 | E16: =資料儲存!G12 -> 0 | F16: =資料儲存!H12 -> 0 | G16: =資料儲存!I12 -> 0 | H16: =資料儲存!J12 -> 0 | J16: 41 | K16: =資料儲存!D132 -> 0 | L16: =資料儲存!E132 -> 0 | M16: =資料儲存!F132 -> 0 | N16: =資料儲存!G132 -> 0 | O16: =資料儲存!H132 -> 0 | P16: =資料儲存!I132 -> 0 | Q16: =資料儲存!J132 -> 0 | S16: 41 | T16: =資料儲存!D252 -> 0 | U16: =資料儲存!E252 -> 0 | V16: =資料儲存!F252 -> 0 | W16: =資料儲存!G252 -> 0 | X16: =資料儲存!H252 -> 0 | Y16: =資料儲存!I252 -> 0 | Z16: =資料儲存!J252 -> 0 | AB16: 41 | AC16: =資料儲存!D372 -> 0 | AD16: =資料儲存!E372 -> 0 | AE16: =資料儲存!F372 -> 0 | AF16: =資料儲存!G372 -> 0 | AG16: =資料儲存!H372 -> 0 | AH16: =資料儲存!I372 -> 0 | AI16: =資料儲存!J372 -> 0 | AK16: 41 | AL16: =資料儲存!D492 -> 0 | AM16: =資料儲存!E492 -> 0 | AN16: =資料儲存!F492 -> 0 | AO16: =資料儲存!G492 -> 0 | AP16: =資料儲存!H492 -> 0 | AQ16: =資料儲存!I492 -> 0 | AR16: =資料儲存!J492 -> 0 | AT16: 41 | AU16: =資料儲存!D612 -> 0 | AV16: =資料儲存!E612 -> 0 | AW16: =資料儲存!F612 -> 0 | AX16: =資料儲存!G612 -> 0 | AY16: =資料儲存!H612 -> 0 | AZ16: =資料儲存!I612 -> 0 | BA16: =資料儲存!J612 -> 0
A17: 42 | B17: =資料儲存!D13 -> 0 | C17: =資料儲存!E13 -> 0 | D17: =資料儲存!F13 -> 0 | E17: =資料儲存!G13 -> 0 | F17: =資料儲存!H13 -> 0 | G17: =資料儲存!I13 -> 0 | H17: =資料儲存!J13 -> 0 | J17: 42 | K17: =資料儲存!D133 -> 0 | L17: =資料儲存!E133 -> 0 | M17: =資料儲存!F133 -> 0 | N17: =資料儲存!G133 -> 0 | O17: =資料儲存!H133 -> 0 | P17: =資料儲存!I133 -> 0 | Q17: =資料儲存!J133 -> 0 | S17: 42 | T17: =資料儲存!D253 -> 0 | U17: =資料儲存!E253 -> 0 | V17: =資料儲存!F253 -> 0 | W17: =資料儲存!G253 -> 0 | X17: =資料儲存!H253 -> 0 | Y17: =資料儲存!I253 -> 0 | Z17: =資料儲存!J253 -> 0 | AB17: 42 | AC17: =資料儲存!D373 -> 0 | AD17: =資料儲存!E373 -> 0 | AE17: =資料儲存!F373 -> 0 | AF17: =資料儲存!G373 -> 0 | AG17: =資料儲存!H373 -> 0 | AH17: =資料儲存!I373 -> 0 | AI17: =資料儲存!J373 -> 0 | AK17: 42 | AL17: =資料儲存!D493 -> 0 | AM17: =資料儲存!E493 -> 0 | AN17: =資料儲存!F493 -> 0 | AO17: =資料儲存!G493 -> 0 | AP17: =資料儲存!H493 -> 0 | AQ17: =資料儲存!I493 -> 0 | AR17: =資料儲存!J493 -> 0 | AT17: 42 | AU17: =資料儲存!D613 -> 0 | AV17: =資料儲存!E613 -> 0 | AW17: =資料儲存!F613 -> 0 | AX17: =資料儲存!G613 -> 0 | AY17: =資料儲存!H613 -> 0 | AZ17: =資料儲存!I613 -> 0 | BA17: =資料儲存!J613 -> 0
... A20: 45 | B20: =資料儲存!D16 -> 0 | C20: =資料儲存!E16 -> 0 | D20: =資料儲存!F16 -> 0 | E20: =資料儲存!G16 -> 0 | F20: =資料儲存!H16 -> 0 | G20: =資料儲存!I16 -> 0 | H20: =資料儲存!J16 -> 0 | J20: 45 | K20: =資料儲存!D136 -> 0 | L20: =資料儲存!E136 -> 0 | M20: =資料儲存!F136 -> 0 | N20: =資料儲存!G136 -> 0 | O20: =資料儲存!H136 -> 0 | P20: =資料儲存!I136 -> 0 | Q20: =資料儲存!J136 -> 0 | S20: 45 | T20: =資料儲存!D256 -> 0 | U20: =資料儲存!E256 -> 0 | V20: =資料儲存!F256 -> 0 | W20: =資料儲存!G256 -> 0 | X20: =資料儲存!H256 -> 0 | Y20: =資料儲存!I256 -> 0 | Z20: =資料儲存!J256 -> 0 | AB20: 45 | AC20: =資料儲存!D376 -> 0 | AD20: =資料儲存!E376 -> 0 | AE20: =資料儲存!F376 -> 0 | AF20: =資料儲存!G376 -> 0 | AG20: =資料儲存!H376 -> 0 | AH20: =資料儲存!I376 -> 0 | AI20: =資料儲存!J376 -> 0 | AK20: 45 | AL20: =資料儲存!D496 -> 0 | AM20: =資料儲存!E496 -> 0 | AN20: =資料儲存!F496 -> 0 | AO20: =資料儲存!G496 -> 0 | AP20: =資料儲存!H496 -> 0 | AQ20: =資料儲存!I496 -> 0 | AR20: =資料儲存!J496 -> 0 | AT20: 45 | AU20: =資料儲存!D616 -> 0 | AV20: =資料儲存!E616 -> 0 | AW20: =資料儲存!F616 -> 0 | AX20: =資料儲存!G616 -> 0 | AY20: =資料儲存!H616 -> 0 | AZ20: =資料儲存!I616 -> 0 | BA20: =資料儲存!J616 -> 0
A21: 總 計 | B21: =SUM(B6:E20) -> 0 | F21: =F20 -> 0 | G21: =G20 -> 0 | H21: =H20 -> 0 | J21: 總 計 | K21: =SUM(K6:N20) -> 0 | O21: =O20 -> 0 | P21: =P20 -> 0 | Q21: =Q20 -> 0 | S21: 總 計 | T21: =SUM(T6:W20) -> 0 | X21: =X20 -> 0 | Y21: =Y20 -> 0 | Z21: =Z20 -> 0 | AB21: 總 計 | AC21: =SUM(AC6:AF20) -> 0 | AG21: =AG20 -> 0 | AH21: =AH20 -> 0 | AI21: =AI20 -> 0 | AK21: 總 計 | AL21: =SUM(AL6:AO20) -> 0 | AP21: =AP20 -> 0 | AQ21: =AQ20 -> 0 | AR21: =AR20 -> 0 | AT21: 總 計 | AU21: =SUM(AU6:AX20) -> 0 | AY21: =AY20 -> 0 | AZ21: =AZ20 -> 0 | BA21: =BA20 -> 0
A22: 06:45~07:00 | J22: 06:45~07:00 | S22: 06:45~07:00 | AB22: 06:45~07:00 | AK22: 06:45~07:00 | AT22: 06:45~07:00
A23: 開始時刻 | B23: 停車在臨近車道上的車輛總數 | F23: 臨近車道上的流量 | J23: 開始時刻 | K23: 停車在臨近車道上的車輛總數 | O23: 臨近車道上的流量 | S23: 開始時刻 | T23: 停車在臨近車道上的車輛總數 | X23: 臨近車道上的流量 | AB23: 開始時刻 | AC23: 停車在臨近車道上的車輛總數 | AG23: 臨近車道上的流量 | AK23: 開始時刻 | AL23: 停車在臨近車道上的車輛總數 | AP23: 臨近車道上的流量 | AT23: 開始時刻 | AU23: 停車在臨近車道上的車輛總數 | AY23: 臨近車道上的流量
A24: 0.28125 | B24: 0秒 | C24: 15秒 | D24: 30秒 | E24: 45秒 | F24: 總數 | G24: 未受阻 | H24: 受阻 | J24: 0.28125 | K24: 0秒 | L24: 15秒 | M24: 30秒 | N24: 45秒 | O24: 總數 | P24: 未受阻 | Q24: 受阻 | S24: 0.28125 | T24: 0秒 | U24: 15秒 | V24: 30秒 | W24: 45秒 | X24: 總數 | Y24: 未受阻 | Z24: 受阻 | AB24: 0.28125 | AC24: 0秒 | AD24: 15秒 | AE24: 30秒 | AF24: 45秒 | AG24: 總數 | AH24: 未受阻 | AI24: 受阻 | AK24: 0.28125 | AL24: 0秒 | AM24: 15秒 | AN24: 30秒 | AO24: 45秒 | AP24: 總數 | AQ24: 未受阻 | AR24: 受阻 | AT24: 0.28125 | AU24: 0秒 | AV24: 15秒 | AW24: 30秒 | AX24: 45秒 | AY24: 總數 | AZ24: 未受阻 | BA24: 受阻
A25: 46 | B25: =資料儲存!D17 -> 0 | C25: =資料儲存!E17 -> 0 | D25: =資料儲存!F17 -> 0 | E25: =資料儲存!G17 -> 0 | F25: =資料儲存!H17 -> 0 | G25: =資料儲存!I17 -> 0 | H25: =資料儲存!J17 -> 0 | J25: 46 | K25: =資料儲存!D137 -> 0 | L25: =資料儲存!E137 -> 0 | M25: =資料儲存!F137 -> 0 | N25: =資料儲存!G137 -> 0 | O25: =資料儲存!H137 -> 0 | P25: =資料儲存!I137 -> 0 | Q25: =資料儲存!J137 -> 0 | S25: 46 | T25: =資料儲存!D257 -> 0 | U25: =資料儲存!E257 -> 0 | V25: =資料儲存!F257 -> 0 | W25: =資料儲存!G257 -> 0 | X25: =資料儲存!H257 -> 0 | Y25: =資料儲存!I257 -> 0 | Z25: =資料儲存!J257 -> 0 | AB25: 46 | AC25: =資料儲存!D377 -> 0 | AD25: =資料儲存!E377 -> 0 | AE25: =資料儲存!F377 -> 0 | AF25: =資料儲存!G377 -> 0 | AG25: =資料儲存!H377 -> 0 | AH25: =資料儲存!I377 -> 0 | AI25: =資料儲存!J377 -> 0 | AK25: 46 | AL25: =資料儲存!D497 -> 0 | AM25: =資料儲存!E497 -> 0 | AN25: =資料儲存!F497 -> 0 | AO25: =資料儲存!G497 -> 0 | AP25: =資料儲存!H497 -> 0 | AQ25: =資料儲存!I497 -> 0 | AR25: =資料儲存!J497 -> 0 | AT25: 46 | AU25: =資料儲存!D617 -> 0 | AV25: =資料儲存!E617 -> 0 | AW25: =資料儲存!F617 -> 0 | AX25: =資料儲存!G617 -> 0 | AY25: =資料儲存!H617 -> 0 | AZ25: =資料儲存!I617 -> 0 | BA25: =資料儲存!J617 -> 0
A26: 47 | B26: =資料儲存!D18 -> 0 | C26: =資料儲存!E18 -> 0 | D26: =資料儲存!F18 -> 0 | E26: =資料儲存!G18 -> 0 | F26: =資料儲存!H18 -> 0 | G26: =資料儲存!I18 -> 0 | H26: =資料儲存!J18 -> 0 | J26: 47 | K26: =資料儲存!D138 -> 0 | L26: =資料儲存!E138 -> 0 | M26: =資料儲存!F138 -> 0 | N26: =資料儲存!G138 -> 0 | O26: =資料儲存!H138 -> 0 | P26: =資料儲存!I138 -> 0 | Q26: =資料儲存!J138 -> 0 | S26: 47 | T26: =資料儲存!D258 -> 0 | U26: =資料儲存!E258 -> 0 | V26: =資料儲存!F258 -> 0 | W26: =資料儲存!G258 -> 0 | X26: =資料儲存!H258 -> 0 | Y26: =資料儲存!I258 -> 0 | Z26: =資料儲存!J258 -> 0 | AB26: 47 | AC26: =資料儲存!D378 -> 0 | AD26: =資料儲存!E378 -> 0 | AE26: =資料儲存!F378 -> 0 | AF26: =資料儲存!G378 -> 0 | AG26: =資料儲存!H378 -> 0 | AH26: =資料儲存!I378 -> 0 | AI26: =資料儲存!J378 -> 0 | AK26: 47 | AL26: =資料儲存!D498 -> 0 | AM26: =資料儲存!E498 -> 0 | AN26: =資料儲存!F498 -> 0 | AO26: =資料儲存!G498 -> 0 | AP26: =資料儲存!H498 -> 0 | AQ26: =資料儲存!I498 -> 0 | AR26: =資料儲存!J498 -> 0 | AT26: 47 | AU26: =資料儲存!D618 -> 0 | AV26: =資料儲存!E618 -> 0 | AW26: =資料儲存!F618 -> 0 | AX26: =資料儲存!G618 -> 0 | AY26: =資料儲存!H618 -> 0 | AZ26: =資料儲存!I618 -> 0 | BA26: =資料儲存!J618 -> 0
A27: 48 | B27: =資料儲存!D19 -> 0 | C27: =資料儲存!E19 -> 0 | D27: =資料儲存!F19 -> 0 | E27: =資料儲存!G19 -> 0 | F27: =資料儲存!H19 -> 0 | G27: =資料儲存!I19 -> 0 | H27: =資料儲存!J19 -> 0 | J27: 48 | K27: =資料儲存!D139 -> 0 | L27: =資料儲存!E139 -> 0 | M27: =資料儲存!F139 -> 0 | N27: =資料儲存!G139 -> 0 | O27: =資料儲存!H139 -> 0 | P27: =資料儲存!I139 -> 0 | Q27: =資料儲存!J139 -> 0 | S27: 48 | T27: =資料儲存!D259 -> 0 | U27: =資料儲存!E259 -> 0 | V27: =資料儲存!F259 -> 0 | W27: =資料儲存!G259 -> 0 | X27: =資料儲存!H259 -> 0 | Y27: =資料儲存!I259 -> 0 | Z27: =資料儲存!J259 -> 0 | AB27: 48 | AC27: =資料儲存!D379 -> 0 | AD27: =資料儲存!E379 -> 0 | AE27: =資料儲存!F379 -> 0 | AF27: =資料儲存!G379 -> 0 | AG27: =資料儲存!H379 -> 0 | AH27: =資料儲存!I379 -> 0 | AI27: =資料儲存!J379 -> 0 | AK27: 48 | AL27: =資料儲存!D499 -> 0 | AM27: =資料儲存!E499 -> 0 | AN27: =資料儲存!F499 -> 0 | AO27: =資料儲存!G499 -> 0 | AP27: =資料儲存!H499 -> 0 | AQ27: =資料儲存!I499 -> 0 | AR27: =資料儲存!J499 -> 0 | AT27: 48 | AU27: =資料儲存!D619 -> 0 | AV27: =資料儲存!E619 -> 0 | AW27: =資料儲存!F619 -> 0 | AX27: =資料儲存!G619 -> 0 | AY27: =資料儲存!H619 -> 0 | AZ27: =資料儲存!I619 -> 0 | BA27: =資料儲存!J619 -> 0
A28: 49 | B28: =資料儲存!D20 -> 0 | C28: =資料儲存!E20 -> 0 | D28: =資料儲存!F20 -> 0 | E28: =資料儲存!G20 -> 0 | F28: =資料儲存!H20 -> 0 | G28: =資料儲存!I20 -> 0 | H28: =資料儲存!J20 -> 0 | J28: 49 | K28: =資料儲存!D140 -> 0 | L28: =資料儲存!E140 -> 0 | M28: =資料儲存!F140 -> 0 | N28: =資料儲存!G140 -> 0 | O28: =資料儲存!H140 -> 0 | P28: =資料儲存!I140 -> 0 | Q28: =資料儲存!J140 -> 0 | S28: 49 | T28: =資料儲存!D260 -> 0 | U28: =資料儲存!E260 -> 0 | V28: =資料儲存!F260 -> 0 | W28: =資料儲存!G260 -> 0 | X28: =資料儲存!H260 -> 0 | Y28: =資料儲存!I260 -> 0 | Z28: =資料儲存!J260 -> 0 | AB28: 49 | AC28: =資料儲存!D380 -> 0 | AD28: =資料儲存!E380 -> 0 | AE28: =資料儲存!F380 -> 0 | AF28: =資料儲存!G380 -> 0 | AG28: =資料儲存!H380 -> 0 | AH28: =資料儲存!I380 -> 0 | AI28: =資料儲存!J380 -> 0 | AK28: 49 | AL28: =資料儲存!D500 -> 0 | AM28: =資料儲存!E500 -> 0 | AN28: =資料儲存!F500 -> 0 | AO28: =資料儲存!G500 -> 0 | AP28: =資料儲存!H500 -> 0 | AQ28: =資料儲存!I500 -> 0 | AR28: =資料儲存!J500 -> 0 | AT28: 49 | AU28: =資料儲存!D620 -> 0 | AV28: =資料儲存!E620 -> 0 | AW28: =資料儲存!F620 -> 0 | AX28: =資料儲存!G620 -> 0 | AY28: =資料儲存!H620 -> 0 | AZ28: =資料儲存!I620 -> 0 | BA28: =資料儲存!J620 -> 0
A29: 50 | B29: =資料儲存!D21 -> 0 | C29: =資料儲存!E21 -> 0 | D29: =資料儲存!F21 -> 0 | E29: =資料儲存!G21 -> 0 | F29: =資料儲存!H21 -> 0 | G29: =資料儲存!I21 -> 0 | H29: =資料儲存!J21 -> 0 | J29: 50 | K29: =資料儲存!D141 -> 0 | L29: =資料儲存!E141 -> 0 | M29: =資料儲存!F141 -> 0 | N29: =資料儲存!G141 -> 0 | O29: =資料儲存!H141 -> 0 | P29: =資料儲存!I141 -> 0 | Q29: =資料儲存!J141 -> 0 | S29: 50 | T29: =資料儲存!D261 -> 0 | U29: =資料儲存!E261 -> 0 | V29: =資料儲存!F261 -> 0 | W29: =資料儲存!G261 -> 0 | X29: =資料儲存!H261 -> 0 | Y29: =資料儲存!I261 -> 0 | Z29: =資料儲存!J261 -> 0 | AB29: 50 | AC29: =資料儲存!D381 -> 0 | AD29: =資料儲存!E381 -> 0 | AE29: =資料儲存!F381 -> 0 | AF29: =資料儲存!G381 -> 0 | AG29: =資料儲存!H381 -> 0 | AH29: =資料儲存!I381 -> 0 | AI29: =資料儲存!J381 -> 0 | AK29: 50 | AL29: =資料儲存!D501 -> 0 | AM29: =資料儲存!E501 -> 0 | AN29: =資料儲存!F501 -> 0 | AO29: =資料儲存!G501 -> 0 | AP29: =資料儲存!H501 -> 0 | AQ29: =資料儲存!I501 -> 0 | AR29: =資料儲存!J501 -> 0 | AT29: 50 | AU29: =資料儲存!D621 -> 0 | AV29: =資料儲存!E621 -> 0 | AW29: =資料儲存!F621 -> 0 | AX29: =資料儲存!G621 -> 0 | AY29: =資料儲存!H621 -> 0 | AZ29: =資料儲存!I621 -> 0 | BA29: =資料儲存!J621 -> 0
A30: 51 | B30: =資料儲存!D22 -> 0 | C30: =資料儲存!E22 -> 0 | D30: =資料儲存!F22 -> 0 | E30: =資料儲存!G22 -> 0 | F30: =資料儲存!H22 -> 0 | G30: =資料儲存!I22 -> 0 | H30: =資料儲存!J22 -> 0 | J30: 51 | K30: =資料儲存!D142 -> 0 | L30: =資料儲存!E142 -> 0 | M30: =資料儲存!F142 -> 0 | N30: =資料儲存!G142 -> 0 | O30: =資料儲存!H142 -> 0 | P30: =資料儲存!I142 -> 0 | Q30: =資料儲存!J142 -> 0 | S30: 51 | T30: =資料儲存!D262 -> 0 | U30: =資料儲存!E262 -> 0 | V30: =資料儲存!F262 -> 0 | W30: =資料儲存!G262 -> 0 | X30: =資料儲存!H262 -> 0 | Y30: =資料儲存!I262 -> 0 | Z30: =資料儲存!J262 -> 0 | AB30: 51 | AC30: =資料儲存!D382 -> 0 | AD30: =資料儲存!E382 -> 0 | AE30: =資料儲存!F382 -> 0 | AF30: =資料儲存!G382 -> 0 | AG30: =資料儲存!H382 -> 0 | AH30: =資料儲存!I382 -> 0 | AI30: =資料儲存!J382 -> 0 | AK30: 51 | AL30: =資料儲存!D502 -> 0 | AM30: =資料儲存!E502 -> 0 | AN30: =資料儲存!F502 -> 0 | AO30: =資料儲存!G502 -> 0 | AP30: =資料儲存!H502 -> 0 | AQ30: =資料儲存!I502 -> 0 | AR30: =資料儲存!J502 -> 0 | AT30: 51 | AU30: =資料儲存!D622 -> 0 | AV30: =資料儲存!E622 -> 0 | AW30: =資料儲存!F622 -> 0 | AX30: =資料儲存!G622 -> 0 | AY30: =資料儲存!H622 -> 0 | AZ30: =資料儲存!I622 -> 0 | BA30: =資料儲存!J622 -> 0
A31: 52 | B31: =資料儲存!D23 -> 0 | C31: =資料儲存!E23 -> 0 | D31: =資料儲存!F23 -> 0 | E31: =資料儲存!G23 -> 0 | F31: =資料儲存!H23 -> 0 | G31: =資料儲存!I23 -> 0 | H31: =資料儲存!J23 -> 0 | J31: 52 | K31: =資料儲存!D143 -> 0 | L31: =資料儲存!E143 -> 0 | M31: =資料儲存!F143 -> 0 | N31: =資料儲存!G143 -> 0 | O31: =資料儲存!H143 -> 0 | P31: =資料儲存!I143 -> 0 | Q31: =資料儲存!J143 -> 0 | S31: 52 | T31: =資料儲存!D263 -> 0 | U31: =資料儲存!E263 -> 0 | V31: =資料儲存!F263 -> 0 | W31: =資料儲存!G263 -> 0 | X31: =資料儲存!H263 -> 0 | Y31: =資料儲存!I263 -> 0 | Z31: =資料儲存!J263 -> 0 | AB31: 52 | AC31: =資料儲存!D383 -> 0 | AD31: =資料儲存!E383 -> 0 | AE31: =資料儲存!F383 -> 0 | AF31: =資料儲存!G383 -> 0 | AG31: =資料儲存!H383 -> 0 | AH31: =資料儲存!I383 -> 0 | AI31: =資料儲存!J383 -> 0 | AK31: 52 | AL31: =資料儲存!D503 -> 0 | AM31: =資料儲存!E503 -> 0 | AN31: =資料儲存!F503 -> 0 | AO31: =資料儲存!G503 -> 0 | AP31: =資料儲存!H503 -> 0 | AQ31: =資料儲存!I503 -> 0 | AR31: =資料儲存!J503 -> 0 | AT31: 52 | AU31: =資料儲存!D623 -> 0 | AV31: =資料儲存!E623 -> 0 | AW31: =資料儲存!F623 -> 0 | AX31: =資料儲存!G623 -> 0 | AY31: =資料儲存!H623 -> 0 | AZ31: =資料儲存!I623 -> 0 | BA31: =資料儲存!J623 -> 0
A32: 53 | B32: =資料儲存!D24 -> 0 | C32: =資料儲存!E24 -> 0 | D32: =資料儲存!F24 -> 0 | E32: =資料儲存!G24 -> 0 | F32: =資料儲存!H24 -> 0 | G32: =資料儲存!I24 -> 0 | H32: =資料儲存!J24 -> 0 | J32: 53 | K32: =資料儲存!D144 -> 0 | L32: =資料儲存!E144 -> 0 | M32: =資料儲存!F144 -> 0 | N32: =資料儲存!G144 -> 0 | O32: =資料儲存!H144 -> 0 | P32: =資料儲存!I144 -> 0 | Q32: =資料儲存!J144 -> 0 | S32: 53 | T32: =資料儲存!D264 -> 0 | U32: =資料儲存!E264 -> 0 | V32: =資料儲存!F264 -> 0 | W32: =資料儲存!G264 -> 0 | X32: =資料儲存!H264 -> 0 | Y32: =資料儲存!I264 -> 0 | Z32: =資料儲存!J264 -> 0 | AB32: 53 | AC32: =資料儲存!D384 -> 0 | AD32: =資料儲存!E384 -> 0 | AE32: =資料儲存!F384 -> 0 | AF32: =資料儲存!G384 -> 0 | AG32: =資料儲存!H384 -> 0 | AH32: =資料儲存!I384 -> 0 | AI32: =資料儲存!J384 -> 0 | AK32: 53 | AL32: =資料儲存!D504 -> 0 | AM32: =資料儲存!E504 -> 0 | AN32: =資料儲存!F504 -> 0 | AO32: =資料儲存!G504 -> 0 | AP32: =資料儲存!H504 -> 0 | AQ32: =資料儲存!I504 -> 0 | AR32: =資料儲存!J504 -> 0 | AT32: 53 | AU32: =資料儲存!D624 -> 0 | AV32: =資料儲存!E624 -> 0 | AW32: =資料儲存!F624 -> 0 | AX32: =資料儲存!G624 -> 0 | AY32: =資料儲存!H624 -> 0 | AZ32: =資料儲存!I624 -> 0 | BA32: =資料儲存!J624 -> 0
A33: 54 | B33: =資料儲存!D25 -> 0 | C33: =資料儲存!E25 -> 0 | D33: =資料儲存!F25 -> 0 | E33: =資料儲存!G25 -> 0 | F33: =資料儲存!H25 -> 0 | G33: =資料儲存!I25 -> 0 | H33: =資料儲存!J25 -> 0 | J33: 54 | K33: =資料儲存!D145 -> 0 | L33: =資料儲存!E145 -> 0 | M33: =資料儲存!F145 -> 0 | N33: =資料儲存!G145 -> 0 | O33: =資料儲存!H145 -> 0 | P33: =資料儲存!I145 -> 0 | Q33: =資料儲存!J145 -> 0 | S33: 54 | T33: =資料儲存!D265 -> 0 | U33: =資料儲存!E265 -> 0 | V33: =資料儲存!F265 -> 0 | W33: =資料儲存!G265 -> 0 | X33: =資料儲存!H265 -> 0 | Y33: =資料儲存!I265 -> 0 | Z33: =資料儲存!J265 -> 0 | AB33: 54 | AC33: =資料儲存!D385 -> 0 | AD33: =資料儲存!E385 -> 0 | AE33: =資料儲存!F385 -> 0 | AF33: =資料儲存!G385 -> 0 | AG33: =資料儲存!H385 -> 0 | AH33: =資料儲存!I385 -> 0 | AI33: =資料儲存!J385 -> 0 | AK33: 54 | AL33: =資料儲存!D505 -> 0 | AM33: =資料儲存!E505 -> 0 | AN33: =資料儲存!F505 -> 0 | AO33: =資料儲存!G505 -> 0 | AP33: =資料儲存!H505 -> 0 | AQ33: =資料儲存!I505 -> 0 | AR33: =資料儲存!J505 -> 0 | AT33: 54 | AU33: =資料儲存!D625 -> 0 | AV33: =資料儲存!E625 -> 0 | AW33: =資料儲存!F625 -> 0 | AX33: =資料儲存!G625 -> 0 | AY33: =資料儲存!H625 -> 0 | AZ33: =資料儲存!I625 -> 0 | BA33: =資料儲存!J625 -> 0
A34: 55 | B34: =資料儲存!D26 -> 0 | C34: =資料儲存!E26 -> 0 | D34: =資料儲存!F26 -> 0 | E34: =資料儲存!G26 -> 0 | F34: =資料儲存!H26 -> 0 | G34: =資料儲存!I26 -> 0 | H34: =資料儲存!J26 -> 0 | J34: 55 | K34: =資料儲存!D146 -> 0 | L34: =資料儲存!E146 -> 0 | M34: =資料儲存!F146 -> 0 | N34: =資料儲存!G146 -> 0 | O34: =資料儲存!H146 -> 0 | P34: =資料儲存!I146 -> 0 | Q34: =資料儲存!J146 -> 0 | S34: 55 | T34: =資料儲存!D266 -> 0 | U34: =資料儲存!E266 -> 0 | V34: =資料儲存!F266 -> 0 | W34: =資料儲存!G266 -> 0 | X34: =資料儲存!H266 -> 0 | Y34: =資料儲存!I266 -> 0 | Z34: =資料儲存!J266 -> 0 | AB34: 55 | AC34: =資料儲存!D386 -> 0 | AD34: =資料儲存!E386 -> 0 | AE34: =資料儲存!F386 -> 0 | AF34: =資料儲存!G386 -> 0 | AG34: =資料儲存!H386 -> 0 | AH34: =資料儲存!I386 -> 0 | AI34: =資料儲存!J386 -> 0 | AK34: 55 | AL34: =資料儲存!D506 -> 0 | AM34: =資料儲存!E506 -> 0 | AN34: =資料儲存!F506 -> 0 | AO34: =資料儲存!G506 -> 0 | AP34: =資料儲存!H506 -> 0 | AQ34: =資料儲存!I506 -> 0 | AR34: =資料儲存!J506 -> 0 | AT34: 55 | AU34: =資料儲存!D626 -> 0 | AV34: =資料儲存!E626 -> 0 | AW34: =資料儲存!F626 -> 0 | AX34: =資料儲存!G626 -> 0 | AY34: =資料儲存!H626 -> 0 | AZ34: =資料儲存!I626 -> 0 | BA34: =資料儲存!J626 -> 0
A35: 56 | B35: =資料儲存!D27 -> 0 | C35: =資料儲存!E27 -> 0 | D35: =資料儲存!F27 -> 0 | E35: =資料儲存!G27 -> 0 | F35: =資料儲存!H27 -> 0 | G35: =資料儲存!I27 -> 0 | H35: =資料儲存!J27 -> 0 | J35: 56 | K35: =資料儲存!D147 -> 0 | L35: =資料儲存!E147 -> 0 | M35: =資料儲存!F147 -> 0 | N35: =資料儲存!G147 -> 0 | O35: =資料儲存!H147 -> 0 | P35: =資料儲存!I147 -> 0 | Q35: =資料儲存!J147 -> 0 | S35: 56 | T35: =資料儲存!D267 -> 0 | U35: =資料儲存!E267 -> 0 | V35: =資料儲存!F267 -> 0 | W35: =資料儲存!G267 -> 0 | X35: =資料儲存!H267 -> 0 | Y35: =資料儲存!I267 -> 0 | Z35: =資料儲存!J267 -> 0 | AB35: 56 | AC35: =資料儲存!D387 -> 0 | AD35: =資料儲存!E387 -> 0 | AE35: =資料儲存!F387 -> 0 | AF35: =資料儲存!G387 -> 0 | AG35: =資料儲存!H387 -> 0 | AH35: =資料儲存!I387 -> 0 | AI35: =資料儲存!J387 -> 0 | AK35: 56 | AL35: =資料儲存!D507 -> 0 | AM35: =資料儲存!E507 -> 0 | AN35: =資料儲存!F507 -> 0 | AO35: =資料儲存!G507 -> 0 | AP35: =資料儲存!H507 -> 0 | AQ35: =資料儲存!I507 -> 0 | AR35: =資料儲存!J507 -> 0 | AT35: 56 | AU35: =資料儲存!D627 -> 0 | AV35: =資料儲存!E627 -> 0 | AW35: =資料儲存!F627 -> 0 | AX35: =資料儲存!G627 -> 0 | AY35: =資料儲存!H627 -> 0 | AZ35: =資料儲存!I627 -> 0 | BA35: =資料儲存!J627 -> 0
A36: 57 | B36: =資料儲存!D28 -> 0 | C36: =資料儲存!E28 -> 0 | D36: =資料儲存!F28 -> 0 | E36: =資料儲存!G28 -> 0 | F36: =資料儲存!H28 -> 0 | G36: =資料儲存!I28 -> 0 | H36: =資料儲存!J28 -> 0 | J36: 57 | K36: =資料儲存!D148 -> 0 | L36: =資料儲存!E148 -> 0 | M36: =資料儲存!F148 -> 0 | N36: =資料儲存!G148 -> 0 | O36: =資料儲存!H148 -> 0 | P36: =資料儲存!I148 -> 0 | Q36: =資料儲存!J148 -> 0 | S36: 57 | T36: =資料儲存!D268 -> 0 | U36: =資料儲存!E268 -> 0 | V36: =資料儲存!F268 -> 0 | W36: =資料儲存!G268 -> 0 | X36: =資料儲存!H268 -> 0 | Y36: =資料儲存!I268 -> 0 | Z36: =資料儲存!J268 -> 0 | AB36: 57 | AC36: =資料儲存!D388 -> 0 | AD36: =資料儲存!E388 -> 0 | AE36: =資料儲存!F388 -> 0 | AF36: =資料儲存!G388 -> 0 | AG36: =資料儲存!H388 -> 0 | AH36: =資料儲存!I388 -> 0 | AI36: =資料儲存!J388 -> 0 | AK36: 57 | AL36: =資料儲存!D508 -> 0 | AM36: =資料儲存!E508 -> 0 | AN36: =資料儲存!F508 -> 0 | AO36: =資料儲存!G508 -> 0 | AP36: =資料儲存!H508 -> 0 | AQ36: =資料儲存!I508 -> 0 | AR36: =資料儲存!J508 -> 0 | AT36: 57 | AU36: =資料儲存!D628 -> 0 | AV36: =資料儲存!E628 -> 0 | AW36: =資料儲存!F628 -> 0 | AX36: =資料儲存!G628 -> 0 | AY36: =資料儲存!H628 -> 0 | AZ36: =資料儲存!I628 -> 0 | BA36: =資料儲存!J628 -> 0
... A39: 60 | B39: =資料儲存!D31 -> 0 | C39: =資料儲存!E31 -> 0 | D39: =資料儲存!F31 -> 0 | E39: =資料儲存!G31 -> 0 | F39: =資料儲存!H31 -> 0 | G39: =資料儲存!I31 -> 0 | H39: =資料儲存!J31 -> 0 | J39: 60 | K39: =資料儲存!D151 -> 0 | L39: =資料儲存!E151 -> 0 | M39: =資料儲存!F151 -> 0 | N39: =資料儲存!G151 -> 0 | O39: =資料儲存!H151 -> 0 | P39: =資料儲存!I151 -> 0 | Q39: =資料儲存!J151 -> 0 | S39: 60 | T39: =資料儲存!D271 -> 0 | U39: =資料儲存!E271 -> 0 | V39: =資料儲存!F271 -> 0 | W39: =資料儲存!G271 -> 0 | X39: =資料儲存!H271 -> 0 | Y39: =資料儲存!I271 -> 0 | Z39: =資料儲存!J271 -> 0 | AB39: 60 | AC39: =資料儲存!D391 -> 0 | AD39: =資料儲存!E391 -> 0 | AE39: =資料儲存!F391 -> 0 | AF39: =資料儲存!G391 -> 0 | AG39: =資料儲存!H391 -> 0 | AH39: =資料儲存!I391 -> 0 | AI39: =資料儲存!J391 -> 0 | AK39: 60 | AL39: =資料儲存!D511 -> 0 | AM39: =資料儲存!E511 -> 0 | AN39: =資料儲存!F511 -> 0 | AO39: =資料儲存!G511 -> 0 | AP39: =資料儲存!H511 -> 0 | AQ39: =資料儲存!I511 -> 0 | AR39: =資料儲存!J511 -> 0 | AT39: 60 | AU39: =資料儲存!D631 -> 0 | AV39: =資料儲存!E631 -> 0 | AW39: =資料儲存!F631 -> 0 | AX39: =資料儲存!G631 -> 0 | AY39: =資料儲存!H631 -> 0 | AZ39: =資料儲存!I631 -> 0 | BA39: =資料儲存!J631 -> 0
A40: 總 計 | B40: =SUM(B25:E39) -> 0 | F40: =F39 -> 0 | G40: =G39 -> 0 | H40: =H39 -> 0 | J40: 總 計 | K40: =SUM(K25:N39) -> 0 | O40: =O39 -> 0 | P40: =P39 -> 0 | Q40: =Q39 -> 0 | S40: 總 計 | T40: =SUM(T25:W39) -> 0 | X40: =X39 -> 0 | Y40: =Y39 -> 0 | Z40: =Z39 -> 0 | AB40: 總 計 | AC40: =SUM(AC25:AF39) -> 0 | AG40: =AG39 -> 0 | AH40: =AH39 -> 0 | AI40: =AI39 -> 0 | AK40: 總 計 | AL40: =SUM(AL25:AO39) -> 0 | AP40: =AP39 -> 0 | AQ40: =AQ39 -> 0 | AR40: =AR39 -> 0 | AT40: 總 計 | AU40: =SUM(AU25:AX39) -> 0 | AY40: =AY39 -> 0 | AZ40: =AZ39 -> 0 | BA40: =BA39 -> 0
A41: 07:00~07:15 | J41: 07:00~07:15 | S41: 07:00~07:15 | AB41: 07:00~07:15 | AK41: 07:00~07:15 | AT41: 07:00~07:15
A42: 開始時刻 | B42: 停車在臨近車道上的車輛總數 | F42: 臨近車道上的流量 | J42: 開始時刻 | K42: 停車在臨近車道上的車輛總數 | O42: 臨近車道上的流量 | S42: 開始時刻 | T42: 停車在臨近車道上的車輛總數 | X42: 臨近車道上的流量 | AB42: 開始時刻 | AC42: 停車在臨近車道上的車輛總數 | AG42: 臨近車道上的流量 | AK42: 開始時刻 | AL42: 停車在臨近車道上的車輛總數 | AP42: 臨近車道上的流量 | AT42: 開始時刻 | AU42: 停車在臨近車道上的車輛總數 | AY42: 臨近車道上的流量
A43: 07:00 | B43: 0秒 | C43: 15秒 | D43: 30秒 | E43: 45秒 | F43: 總數 | G43: 未受阻 | H43: 受阻 | J43: 07:00 | K43: 0秒 | L43: 15秒 | M43: 30秒 | N43: 45秒 | O43: 總數 | P43: 未受阻 | Q43: 受阻 | S43: 07:00 | T43: 0秒 | U43: 15秒 | V43: 30秒 | W43: 45秒 | X43: 總數 | Y43: 未受阻 | Z43: 受阻 | AB43: 07:00 | AC43: 0秒 | AD43: 15秒 | AE43: 30秒 | AF43: 45秒 | AG43: 總數 | AH43: 未受阻 | AI43: 受阻 | AK43: 07:00 | AL43: 0秒 | AM43: 15秒 | AN43: 30秒 | AO43: 45秒 | AP43: 總數 | AQ43: 未受阻 | AR43: 受阻 | AT43: 07:00 | AU43: 0秒 | AV43: 15秒 | AW43: 30秒 | AX43: 45秒 | AY43: 總數 | AZ43: 未受阻 | BA43: 受阻
A44: 1 | B44: =資料儲存!D32 -> 0 | C44: =資料儲存!E32 -> 0 | D44: =資料儲存!F32 -> 0 | E44: =資料儲存!G32 -> 0 | F44: =資料儲存!H32 -> 0 | G44: =資料儲存!I32 -> 0 | H44: =資料儲存!J32 -> 0 | J44: 1 | K44: =資料儲存!D152 -> 0 | L44: =資料儲存!E152 -> 0 | M44: =資料儲存!F152 -> 0 | N44: =資料儲存!G152 -> 0 | O44: =資料儲存!H152 -> 0 | P44: =資料儲存!I152 -> 0 | Q44: =資料儲存!J152 -> 0 | S44: 1 | T44: =資料儲存!D272 -> 0 | U44: =資料儲存!E272 -> 0 | V44: =資料儲存!F272 -> 0 | W44: =資料儲存!G272 -> 0 | X44: =資料儲存!H272 -> 0 | Y44: =資料儲存!I272 -> 0 | Z44: =資料儲存!J272 -> 0 | AB44: 1 | AC44: =資料儲存!D392 -> 0 | AD44: =資料儲存!E392 -> 0 | AE44: =資料儲存!F392 -> 0 | AF44: =資料儲存!G392 -> 0 | AG44: =資料儲存!H392 -> 0 | AH44: =資料儲存!I392 -> 0 | AI44: =資料儲存!J392 -> 0 | AK44: 1 | AL44: =資料儲存!D512 -> 0 | AM44: =資料儲存!E512 -> 0 | AN44: =資料儲存!F512 -> 0 | AO44: =資料儲存!G512 -> 0 | AP44: =資料儲存!H512 -> 0 | AQ44: =資料儲存!I512 -> 0 | AR44: =資料儲存!J512 -> 0 | AT44: 1 | AU44: =資料儲存!D632 -> 0 | AV44: =資料儲存!E632 -> 0 | AW44: =資料儲存!F632 -> 0 | AX44: =資料儲存!G632 -> 0 | AY44: =資料儲存!H632 -> 0 | AZ44: =資料儲存!I632 -> 0 | BA44: =資料儲存!J632 -> 0
A45: 2 | B45: =資料儲存!D33 -> 0 | C45: =資料儲存!E33 -> 0 | D45: =資料儲存!F33 -> 0 | E45: =資料儲存!G33 -> 0 | F45: =資料儲存!H33 -> 0 | G45: =資料儲存!I33 -> 0 | H45: =資料儲存!J33 -> 0 | J45: 2 | K45: =資料儲存!D153 -> 0 | L45: =資料儲存!E153 -> 0 | M45: =資料儲存!F153 -> 0 | N45: =資料儲存!G153 -> 0 | O45: =資料儲存!H153 -> 0 | P45: =資料儲存!I153 -> 0 | Q45: =資料儲存!J153 -> 0 | S45: 2 | T45: =資料儲存!D273 -> 0 | U45: =資料儲存!E273 -> 0 | V45: =資料儲存!F273 -> 0 | W45: =資料儲存!G273 -> 0 | X45: =資料儲存!H273 -> 0 | Y45: =資料儲存!I273 -> 0 | Z45: =資料儲存!J273 -> 0 | AB45: 2 | AC45: =資料儲存!D393 -> 0 | AD45: =資料儲存!E393 -> 0 | AE45: =資料儲存!F393 -> 0 | AF45: =資料儲存!G393 -> 0 | AG45: =資料儲存!H393 -> 0 | AH45: =資料儲存!I393 -> 0 | AI45: =資料儲存!J393 -> 0 | AK45: 2 | AL45: =資料儲存!D513 -> 0 | AM45: =資料儲存!E513 -> 0 | AN45: =資料儲存!F513 -> 0 | AO45: =資料儲存!G513 -> 0 | AP45: =資料儲存!H513 -> 0 | AQ45: =資料儲存!I513 -> 0 | AR45: =資料儲存!J513 -> 0 | AT45: 2 | AU45: =資料儲存!D633 -> 0 | AV45: =資料儲存!E633 -> 0 | AW45: =資料儲存!F633 -> 0 | AX45: =資料儲存!G633 -> 0 | AY45: =資料儲存!H633 -> 0 | AZ45: =資料儲存!I633 -> 0 | BA45: =資料儲存!J633 -> 0
A46: 3 | B46: =資料儲存!D34 -> 0 | C46: =資料儲存!E34 -> 0 | D46: =資料儲存!F34 -> 0 | E46: =資料儲存!G34 -> 0 | F46: =資料儲存!H34 -> 0 | G46: =資料儲存!I34 -> 0 | H46: =資料儲存!J34 -> 0 | J46: 3 | K46: =資料儲存!D154 -> 0 | L46: =資料儲存!E154 -> 0 | M46: =資料儲存!F154 -> 0 | N46: =資料儲存!G154 -> 0 | O46: =資料儲存!H154 -> 0 | P46: =資料儲存!I154 -> 0 | Q46: =資料儲存!J154 -> 0 | S46: 3 | T46: =資料儲存!D274 -> 0 | U46: =資料儲存!E274 -> 0 | V46: =資料儲存!F274 -> 0 | W46: =資料儲存!G274 -> 0 | X46: =資料儲存!H274 -> 0 | Y46: =資料儲存!I274 -> 0 | Z46: =資料儲存!J274 -> 0 | AB46: 3 | AC46: =資料儲存!D394 -> 0 | AD46: =資料儲存!E394 -> 0 | AE46: =資料儲存!F394 -> 0 | AF46: =資料儲存!G394 -> 0 | AG46: =資料儲存!H394 -> 0 | AH46: =資料儲存!I394 -> 0 | AI46: =資料儲存!J394 -> 0 | AK46: 3 | AL46: =資料儲存!D514 -> 0 | AM46: =資料儲存!E514 -> 0 | AN46: =資料儲存!F514 -> 0 | AO46: =資料儲存!G514 -> 0 | AP46: =資料儲存!H514 -> 0 | AQ46: =資料儲存!I514 -> 0 | AR46: =資料儲存!J514 -> 0 | AT46: 3 | AU46: =資料儲存!D634 -> 0 | AV46: =資料儲存!E634 -> 0 | AW46: =資料儲存!F634 -> 0 | AX46: =資料儲存!G634 -> 0 | AY46: =資料儲存!H634 -> 0 | AZ46: =資料儲存!I634 -> 0 | BA46: =資料儲存!J634 -> 0
A47: 4 | B47: =資料儲存!D35 -> 0 | C47: =資料儲存!E35 -> 0 | D47: =資料儲存!F35 -> 0 | E47: =資料儲存!G35 -> 0 | F47: =資料儲存!H35 -> 0 | G47: =資料儲存!I35 -> 0 | H47: =資料儲存!J35 -> 0 | J47: 4 | K47: =資料儲存!D155 -> 0 | L47: =資料儲存!E155 -> 0 | M47: =資料儲存!F155 -> 0 | N47: =資料儲存!G155 -> 0 | O47: =資料儲存!H155 -> 0 | P47: =資料儲存!I155 -> 0 | Q47: =資料儲存!J155 -> 0 | S47: 4 | T47: =資料儲存!D275 -> 0 | U47: =資料儲存!E275 -> 0 | V47: =資料儲存!F275 -> 0 | W47: =資料儲存!G275 -> 0 | X47: =資料儲存!H275 -> 0 | Y47: =資料儲存!I275 -> 0 | Z47: =資料儲存!J275 -> 0 | AB47: 4 | AC47: =資料儲存!D395 -> 0 | AD47: =資料儲存!E395 -> 0 | AE47: =資料儲存!F395 -> 0 | AF47: =資料儲存!G395 -> 0 | AG47: =資料儲存!H395 -> 0 | AH47: =資料儲存!I395 -> 0 | AI47: =資料儲存!J395 -> 0 | AK47: 4 | AL47: =資料儲存!D515 -> 0 | AM47: =資料儲存!E515 -> 0 | AN47: =資料儲存!F515 -> 0 | AO47: =資料儲存!G515 -> 0 | AP47: =資料儲存!H515 -> 0 | AQ47: =資料儲存!I515 -> 0 | AR47: =資料儲存!J515 -> 0 | AT47: 4 | AU47: =資料儲存!D635 -> 0 | AV47: =資料儲存!E635 -> 0 | AW47: =資料儲存!F635 -> 0 | AX47: =資料儲存!G635 -> 0 | AY47: =資料儲存!H635 -> 0 | AZ47: =資料儲存!I635 -> 0 | BA47: =資料儲存!J635 -> 0
A48: 5 | B48: =資料儲存!D36 -> 0 | C48: =資料儲存!E36 -> 0 | D48: =資料儲存!F36 -> 0 | E48: =資料儲存!G36 -> 0 | F48: =資料儲存!H36 -> 0 | G48: =資料儲存!I36 -> 0 | H48: =資料儲存!J36 -> 0 | J48: 5 | K48: =資料儲存!D156 -> 0 | L48: =資料儲存!E156 -> 0 | M48: =資料儲存!F156 -> 0 | N48: =資料儲存!G156 -> 0 | O48: =資料儲存!H156 -> 0 | P48: =資料儲存!I156 -> 0 | Q48: =資料儲存!J156 -> 0 | S48: 5 | T48: =資料儲存!D276 -> 0 | U48: =資料儲存!E276 -> 0 | V48: =資料儲存!F276 -> 0 | W48: =資料儲存!G276 -> 0 | X48: =資料儲存!H276 -> 0 | Y48: =資料儲存!I276 -> 0 | Z48: =資料儲存!J276 -> 0 | AB48: 5 | AC48: =資料儲存!D396 -> 0 | AD48: =資料儲存!E396 -> 0 | AE48: =資料儲存!F396 -> 0 | AF48: =資料儲存!G396 -> 0 | AG48: =資料儲存!H396 -> 0 | AH48: =資料儲存!I396 -> 0 | AI48: =資料儲存!J396 -> 0 | AK48: 5 | AL48: =資料儲存!D516 -> 0 | AM48: =資料儲存!E516 -> 0 | AN48: =資料儲存!F516 -> 0 | AO48: =資料儲存!G516 -> 0 | AP48: =資料儲存!H516 -> 0 | AQ48: =資料儲存!I516 -> 0 | AR48: =資料儲存!J516 -> 0 | AT48: 5 | AU48: =資料儲存!D636 -> 0 | AV48: =資料儲存!E636 -> 0 | AW48: =資料儲存!F636 -> 0 | AX48: =資料儲存!G636 -> 0 | AY48: =資料儲存!H636 -> 0 | AZ48: =資料儲存!I636 -> 0 | BA48: =資料儲存!J636 -> 0
A49: 6 | B49: =資料儲存!D37 -> 0 | C49: =資料儲存!E37 -> 0 | D49: =資料儲存!F37 -> 0 | E49: =資料儲存!G37 -> 0 | F49: =資料儲存!H37 -> 0 | G49: =資料儲存!I37 -> 0 | H49: =資料儲存!J37 -> 0 | J49: 6 | K49: =資料儲存!D157 -> 0 | L49: =資料儲存!E157 -> 0 | M49: =資料儲存!F157 -> 0 | N49: =資料儲存!G157 -> 0 | O49: =資料儲存!H157 -> 0 | P49: =資料儲存!I157 -> 0 | Q49: =資料儲存!J157 -> 0 | S49: 6 | T49: =資料儲存!D277 -> 0 | U49: =資料儲存!E277 -> 0 | V49: =資料儲存!F277 -> 0 | W49: =資料儲存!G277 -> 0 | X49: =資料儲存!H277 -> 0 | Y49: =資料儲存!I277 -> 0 | Z49: =資料儲存!J277 -> 0 | AB49: 6 | AC49: =資料儲存!D397 -> 0 | AD49: =資料儲存!E397 -> 0 | AE49: =資料儲存!F397 -> 0 | AF49: =資料儲存!G397 -> 0 | AG49: =資料儲存!H397 -> 0 | AH49: =資料儲存!I397 -> 0 | AI49: =資料儲存!J397 -> 0 | AK49: 6 | AL49: =資料儲存!D517 -> 0 | AM49: =資料儲存!E517 -> 0 | AN49: =資料儲存!F517 -> 0 | AO49: =資料儲存!G517 -> 0 | AP49: =資料儲存!H517 -> 0 | AQ49: =資料儲存!I517 -> 0 | AR49: =資料儲存!J517 -> 0 | AT49: 6 | AU49: =資料儲存!D637 -> 0 | AV49: =資料儲存!E637 -> 0 | AW49: =資料儲存!F637 -> 0 | AX49: =資料儲存!G637 -> 0 | AY49: =資料儲存!H637 -> 0 | AZ49: =資料儲存!I637 -> 0 | BA49: =資料儲存!J637 -> 0
A50: 7 | B50: =資料儲存!D38 -> 0 | C50: =資料儲存!E38 -> 0 | D50: =資料儲存!F38 -> 0 | E50: =資料儲存!G38 -> 0 | F50: =資料儲存!H38 -> 0 | G50: =資料儲存!I38 -> 0 | H50: =資料儲存!J38 -> 0 | J50: 7 | K50: =資料儲存!D158 -> 0 | L50: =資料儲存!E158 -> 0 | M50: =資料儲存!F158 -> 0 | N50: =資料儲存!G158 -> 0 | O50: =資料儲存!H158 -> 0 | P50: =資料儲存!I158 -> 0 | Q50: =資料儲存!J158 -> 0 | S50: 7 | T50: =資料儲存!D278 -> 0 | U50: =資料儲存!E278 -> 0 | V50: =資料儲存!F278 -> 0 | W50: =資料儲存!G278 -> 0 | X50: =資料儲存!H278 -> 0 | Y50: =資料儲存!I278 -> 0 | Z50: =資料儲存!J278 -> 0 | AB50: 7 | AC50: =資料儲存!D398 -> 0 | AD50: =資料儲存!E398 -> 0 | AE50: =資料儲存!F398 -> 0 | AF50: =資料儲存!G398 -> 0 | AG50: =資料儲存!H398 -> 0 | AH50: =資料儲存!I398 -> 0 | AI50: =資料儲存!J398 -> 0 | AK50: 7 | AL50: =資料儲存!D518 -> 0 | AM50: =資料儲存!E518 -> 0 | AN50: =資料儲存!F518 -> 0 | AO50: =資料儲存!G518 -> 0 | AP50: =資料儲存!H518 -> 0 | AQ50: =資料儲存!I518 -> 0 | AR50: =資料儲存!J518 -> 0 | AT50: 7 | AU50: =資料儲存!D638 -> 0 | AV50: =資料儲存!E638 -> 0 | AW50: =資料儲存!F638 -> 0 | AX50: =資料儲存!G638 -> 0 | AY50: =資料儲存!H638 -> 0 | AZ50: =資料儲存!I638 -> 0 | BA50: =資料儲存!J638 -> 0
A51: 8 | B51: =資料儲存!D39 -> 0 | C51: =資料儲存!E39 -> 0 | D51: =資料儲存!F39 -> 0 | E51: =資料儲存!G39 -> 0 | F51: =資料儲存!H39 -> 0 | G51: =資料儲存!I39 -> 0 | H51: =資料儲存!J39 -> 0 | J51: 8 | K51: =資料儲存!D159 -> 0 | L51: =資料儲存!E159 -> 0 | M51: =資料儲存!F159 -> 0 | N51: =資料儲存!G159 -> 0 | O51: =資料儲存!H159 -> 0 | P51: =資料儲存!I159 -> 0 | Q51: =資料儲存!J159 -> 0 | S51: 8 | T51: =資料儲存!D279 -> 0 | U51: =資料儲存!E279 -> 0 | V51: =資料儲存!F279 -> 0 | W51: =資料儲存!G279 -> 0 | X51: =資料儲存!H279 -> 0 | Y51: =資料儲存!I279 -> 0 | Z51: =資料儲存!J279 -> 0 | AB51: 8 | AC51: =資料儲存!D399 -> 0 | AD51: =資料儲存!E399 -> 0 | AE51: =資料儲存!F399 -> 0 | AF51: =資料儲存!G399 -> 0 | AG51: =資料儲存!H399 -> 0 | AH51: =資料儲存!I399 -> 0 | AI51: =資料儲存!J399 -> 0 | AK51: 8 | AL51: =資料儲存!D519 -> 0 | AM51: =資料儲存!E519 -> 0 | AN51: =資料儲存!F519 -> 0 | AO51: =資料儲存!G519 -> 0 | AP51: =資料儲存!H519 -> 0 | AQ51: =資料儲存!I519 -> 0 | AR51: =資料儲存!J519 -> 0 | AT51: 8 | AU51: =資料儲存!D639 -> 0 | AV51: =資料儲存!E639 -> 0 | AW51: =資料儲存!F639 -> 0 | AX51: =資料儲存!G639 -> 0 | AY51: =資料儲存!H639 -> 0 | AZ51: =資料儲存!I639 -> 0 | BA51: =資料儲存!J639 -> 0
A52: 9 | B52: =資料儲存!D40 -> 0 | C52: =資料儲存!E40 -> 0 | D52: =資料儲存!F40 -> 0 | E52: =資料儲存!G40 -> 0 | F52: =資料儲存!H40 -> 0 | G52: =資料儲存!I40 -> 0 | H52: =資料儲存!J40 -> 0 | J52: 9 | K52: =資料儲存!D160 -> 0 | L52: =資料儲存!E160 -> 0 | M52: =資料儲存!F160 -> 0 | N52: =資料儲存!G160 -> 0 | O52: =資料儲存!H160 -> 0 | P52: =資料儲存!I160 -> 0 | Q52: =資料儲存!J160 -> 0 | S52: 9 | T52: =資料儲存!D280 -> 0 | U52: =資料儲存!E280 -> 0 | V52: =資料儲存!F280 -> 0 | W52: =資料儲存!G280 -> 0 | X52: =資料儲存!H280 -> 0 | Y52: =資料儲存!I280 -> 0 | Z52: =資料儲存!J280 -> 0 | AB52: 9 | AC52: =資料儲存!D400 -> 0 | AD52: =資料儲存!E400 -> 0 | AE52: =資料儲存!F400 -> 0 | AF52: =資料儲存!G400 -> 0 | AG52: =資料儲存!H400 -> 0 | AH52: =資料儲存!I400 -> 0 | AI52: =資料儲存!J400 -> 0 | AK52: 9 | AL52: =資料儲存!D520 -> 0 | AM52: =資料儲存!E520 -> 0 | AN52: =資料儲存!F520 -> 0 | AO52: =資料儲存!G520 -> 0 | AP52: =資料儲存!H520 -> 0 | AQ52: =資料儲存!I520 -> 0 | AR52: =資料儲存!J520 -> 0 | AT52: 9 | AU52: =資料儲存!D640 -> 0 | AV52: =資料儲存!E640 -> 0 | AW52: =資料儲存!F640 -> 0 | AX52: =資料儲存!G640 -> 0 | AY52: =資料儲存!H640 -> 0 | AZ52: =資料儲存!I640 -> 0 | BA52: =資料儲存!J640 -> 0
A53: 10 | B53: =資料儲存!D41 -> 0 | C53: =資料儲存!E41 -> 0 | D53: =資料儲存!F41 -> 0 | E53: =資料儲存!G41 -> 0 | F53: =資料儲存!H41 -> 0 | G53: =資料儲存!I41 -> 0 | H53: =資料儲存!J41 -> 0 | J53: 10 | K53: =資料儲存!D161 -> 0 | L53: =資料儲存!E161 -> 0 | M53: =資料儲存!F161 -> 0 | N53: =資料儲存!G161 -> 0 | O53: =資料儲存!H161 -> 0 | P53: =資料儲存!I161 -> 0 | Q53: =資料儲存!J161 -> 0 | S53: 10 | T53: =資料儲存!D281 -> 0 | U53: =資料儲存!E281 -> 0 | V53: =資料儲存!F281 -> 0 | W53: =資料儲存!G281 -> 0 | X53: =資料儲存!H281 -> 0 | Y53: =資料儲存!I281 -> 0 | Z53: =資料儲存!J281 -> 0 | AB53: 10 | AC53: =資料儲存!D401 -> 0 | AD53: =資料儲存!E401 -> 0 | AE53: =資料儲存!F401 -> 0 | AF53: =資料儲存!G401 -> 0 | AG53: =資料儲存!H401 -> 0 | AH53: =資料儲存!I401 -> 0 | AI53: =資料儲存!J401 -> 0 | AK53: 10 | AL53: =資料儲存!D521 -> 0 | AM53: =資料儲存!E521 -> 0 | AN53: =資料儲存!F521 -> 0 | AO53: =資料儲存!G521 -> 0 | AP53: =資料儲存!H521 -> 0 | AQ53: =資料儲存!I521 -> 0 | AR53: =資料儲存!J521 -> 0 | AT53: 10 | AU53: =資料儲存!D641 -> 0 | AV53: =資料儲存!E641 -> 0 | AW53: =資料儲存!F641 -> 0 | AX53: =資料儲存!G641 -> 0 | AY53: =資料儲存!H641 -> 0 | AZ53: =資料儲存!I641 -> 0 | BA53: =資料儲存!J641 -> 0
A54: 11 | B54: =資料儲存!D42 -> 0 | C54: =資料儲存!E42 -> 0 | D54: =資料儲存!F42 -> 0 | E54: =資料儲存!G42 -> 0 | F54: =資料儲存!H42 -> 0 | G54: =資料儲存!I42 -> 0 | H54: =資料儲存!J42 -> 0 | J54: 11 | K54: =資料儲存!D162 -> 0 | L54: =資料儲存!E162 -> 0 | M54: =資料儲存!F162 -> 0 | N54: =資料儲存!G162 -> 0 | O54: =資料儲存!H162 -> 0 | P54: =資料儲存!I162 -> 0 | Q54: =資料儲存!J162 -> 0 | S54: 11 | T54: =資料儲存!D282 -> 0 | U54: =資料儲存!E282 -> 0 | V54: =資料儲存!F282 -> 0 | W54: =資料儲存!G282 -> 0 | X54: =資料儲存!H282 -> 0 | Y54: =資料儲存!I282 -> 0 | Z54: =資料儲存!J282 -> 0 | AB54: 11 | AC54: =資料儲存!D402 -> 0 | AD54: =資料儲存!E402 -> 0 | AE54: =資料儲存!F402 -> 0 | AF54: =資料儲存!G402 -> 0 | AG54: =資料儲存!H402 -> 0 | AH54: =資料儲存!I402 -> 0 | AI54: =資料儲存!J402 -> 0 | AK54: 11 | AL54: =資料儲存!D522 -> 0 | AM54: =資料儲存!E522 -> 0 | AN54: =資料儲存!F522 -> 0 | AO54: =資料儲存!G522 -> 0 | AP54: =資料儲存!H522 -> 0 | AQ54: =資料儲存!I522 -> 0 | AR54: =資料儲存!J522 -> 0 | AT54: 11 | AU54: =資料儲存!D642 -> 0 | AV54: =資料儲存!E642 -> 0 | AW54: =資料儲存!F642 -> 0 | AX54: =資料儲存!G642 -> 0 | AY54: =資料儲存!H642 -> 0 | AZ54: =資料儲存!I642 -> 0 | BA54: =資料儲存!J642 -> 0
A55: 12 | B55: =資料儲存!D43 -> 0 | C55: =資料儲存!E43 -> 0 | D55: =資料儲存!F43 -> 0 | E55: =資料儲存!G43 -> 0 | F55: =資料儲存!H43 -> 0 | G55: =資料儲存!I43 -> 0 | H55: =資料儲存!J43 -> 0 | J55: 12 | K55: =資料儲存!D163 -> 0 | L55: =資料儲存!E163 -> 0 | M55: =資料儲存!F163 -> 0 | N55: =資料儲存!G163 -> 0 | O55: =資料儲存!H163 -> 0 | P55: =資料儲存!I163 -> 0 | Q55: =資料儲存!J163 -> 0 | S55: 12 | T55: =資料儲存!D283 -> 0 | U55: =資料儲存!E283 -> 0 | V55: =資料儲存!F283 -> 0 | W55: =資料儲存!G283 -> 0 | X55: =資料儲存!H283 -> 0 | Y55: =資料儲存!I283 -> 0 | Z55: =資料儲存!J283 -> 0 | AB55: 12 | AC55: =資料儲存!D403 -> 0 | AD55: =資料儲存!E403 -> 0 | AE55: =資料儲存!F403 -> 0 | AF55: =資料儲存!G403 -> 0 | AG55: =資料儲存!H403 -> 0 | AH55: =資料儲存!I403 -> 0 | AI55: =資料儲存!J403 -> 0 | AK55: 12 | AL55: =資料儲存!D523 -> 0 | AM55: =資料儲存!E523 -> 0 | AN55: =資料儲存!F523 -> 0 | AO55: =資料儲存!G523 -> 0 | AP55: =資料儲存!H523 -> 0 | AQ55: =資料儲存!I523 -> 0 | AR55: =資料儲存!J523 -> 0 | AT55: 12 | AU55: =資料儲存!D643 -> 0 | AV55: =資料儲存!E643 -> 0 | AW55: =資料儲存!F643 -> 0 | AX55: =資料儲存!G643 -> 0 | AY55: =資料儲存!H643 -> 0 | AZ55: =資料儲存!I643 -> 0 | BA55: =資料儲存!J643 -> 0
... A58: 15 | B58: =資料儲存!D46 -> 0 | C58: =資料儲存!E46 -> 0 | D58: =資料儲存!F46 -> 0 | E58: =資料儲存!G46 -> 0 | F58: =資料儲存!H46 -> 0 | G58: =資料儲存!I46 -> 0 | H58: =資料儲存!J46 -> 0 | J58: 15 | K58: =資料儲存!D166 -> 0 | L58: =資料儲存!E166 -> 0 | M58: =資料儲存!F166 -> 0 | N58: =資料儲存!G166 -> 0 | O58: =資料儲存!H166 -> 0 | P58: =資料儲存!I166 -> 0 | Q58: =資料儲存!J166 -> 0 | S58: 15 | T58: =資料儲存!D286 -> 0 | U58: =資料儲存!E286 -> 0 | V58: =資料儲存!F286 -> 0 | W58: =資料儲存!G286 -> 0 | X58: =資料儲存!H286 -> 0 | Y58: =資料儲存!I286 -> 0 | Z58: =資料儲存!J286 -> 0 | AB58: 15 | AC58: =資料儲存!D406 -> 0 | AD58: =資料儲存!E406 -> 0 | AE58: =資料儲存!F406 -> 0 | AF58: =資料儲存!G406 -> 0 | AG58: =資料儲存!H406 -> 0 | AH58: =資料儲存!I406 -> 0 | AI58: =資料儲存!J406 -> 0 | AK58: 15 | AL58: =資料儲存!D526 -> 0 | AM58: =資料儲存!E526 -> 0 | AN58: =資料儲存!F526 -> 0 | AO58: =資料儲存!G526 -> 0 | AP58: =資料儲存!H526 -> 0 | AQ58: =資料儲存!I526 -> 0 | AR58: =資料儲存!J526 -> 0 | AT58: 15 | AU58: =資料儲存!D646 -> 0 | AV58: =資料儲存!E646 -> 0 | AW58: =資料儲存!F646 -> 0 | AX58: =資料儲存!G646 -> 0 | AY58: =資料儲存!H646 -> 0 | AZ58: =資料儲存!I646 -> 0 | BA58: =資料儲存!J646 -> 0
A59: 總 計 | B59: =SUM(B44:E58) -> 0 | F59: =F58 -> 0 | G59: =G58 -> 0 | H59: =H58 -> 0 | J59: 總 計 | K59: =SUM(K44:N58) -> 0 | O59: =O58 -> 0 | P59: =P58 -> 0 | Q59: =Q58 -> 0 | S59: 總 計 | T59: =SUM(T44:W58) -> 0 | X59: =X58 -> 0 | Y59: =Y58 -> 0 | Z59: =Z58 -> 0 | AB59: 總 計 | AC59: =SUM(AC44:AF58) -> 0 | AG59: =AG58 -> 0 | AH59: =AH58 -> 0 | AI59: =AI58 -> 0 | AK59: 總 計 | AL59: =SUM(AL44:AO58) -> 0 | AP59: =AP58 -> 0 | AQ59: =AQ58 -> 0 | AR59: =AR58 -> 0 | AT59: 總 計 | AU59: =SUM(AU44:AX58) -> 0 | AY59: =AY58 -> 0 | AZ59: =AZ58 -> 0 | BA59: =BA58 -> 0
A60: 07:15~07:30 | J60: 07:15~07:30 | S60: 07:15~07:30 | AB60: 07:15~07:30 | AK60: 07:15~07:30 | AT60: 07:15~07:30
A61: 開始時刻 | B61: 停車在臨近車道上的車輛總數 | F61: 臨近車道上的流量 | J61: 開始時刻 | K61: 停車在臨近車道上的車輛總數 | O61: 臨近車道上的流量 | S61: 開始時刻 | T61: 停車在臨近車道上的車輛總數 | X61: 臨近車道上的流量 | AB61: 開始時刻 | AC61: 停車在臨近車道上的車輛總數 | AG61: 臨近車道上的流量 | AK61: 開始時刻 | AL61: 停車在臨近車道上的車輛總數 | AP61: 臨近車道上的流量 | AT61: 開始時刻 | AU61: 停車在臨近車道上的車輛總數 | AY61: 臨近車道上的流量
A62: 07:15 | B62: 0秒 | C62: 15秒 | D62: 30秒 | E62: 45秒 | F62: 總數 | G62: 未受阻 | H62: 受阻 | J62: 07:15 | K62: 0秒 | L62: 15秒 | M62: 30秒 | N62: 45秒 | O62: 總數 | P62: 未受阻 | Q62: 受阻 | S62: 07:15 | T62: 0秒 | U62: 15秒 | V62: 30秒 | W62: 45秒 | X62: 總數 | Y62: 未受阻 | Z62: 受阻 | AB62: 07:15 | AC62: 0秒 | AD62: 15秒 | AE62: 30秒 | AF62: 45秒 | AG62: 總數 | AH62: 未受阻 | AI62: 受阻 | AK62: 07:15 | AL62: 0秒 | AM62: 15秒 | AN62: 30秒 | AO62: 45秒 | AP62: 總數 | AQ62: 未受阻 | AR62: 受阻 | AT62: 07:15 | AU62: 0秒 | AV62: 15秒 | AW62: 30秒 | AX62: 45秒 | AY62: 總數 | AZ62: 未受阻 | BA62: 受阻
A63: 16 | B63: =資料儲存!D47 -> 0 | C63: =資料儲存!E47 -> 0 | D63: =資料儲存!F47 -> 0 | E63: =資料儲存!G47 -> 0 | F63: =資料儲存!H47 -> 0 | G63: =資料儲存!I47 -> 0 | H63: =資料儲存!J47 -> 0 | J63: 16 | K63: =資料儲存!D167 -> 0 | L63: =資料儲存!E167 -> 0 | M63: =資料儲存!F167 -> 0 | N63: =資料儲存!G167 -> 0 | O63: =資料儲存!H167 -> 0 | P63: =資料儲存!I167 -> 0 | Q63: =資料儲存!J167 -> 0 | S63: 16 | T63: =資料儲存!D287 -> 0 | U63: =資料儲存!E287 -> 0 | V63: =資料儲存!F287 -> 0 | W63: =資料儲存!G287 -> 0 | X63: =資料儲存!H287 -> 0 | Y63: =資料儲存!I287 -> 0 | Z63: =資料儲存!J287 -> 0 | AB63: 16 | AC63: =資料儲存!D407 -> 0 | AD63: =資料儲存!E407 -> 0 | AE63: =資料儲存!F407 -> 0 | AF63: =資料儲存!G407 -> 0 | AG63: =資料儲存!H407 -> 0 | AH63: =資料儲存!I407 -> 0 | AI63: =資料儲存!J407 -> 0 | AK63: 16 | AL63: =資料儲存!D527 -> 0 | AM63: =資料儲存!E527 -> 0 | AN63: =資料儲存!F527 -> 0 | AO63: =資料儲存!G527 -> 0 | AP63: =資料儲存!H527 -> 0 | AQ63: =資料儲存!I527 -> 0 | AR63: =資料儲存!J527 -> 0 | AT63: 16 | AU63: =資料儲存!D647 -> 0 | AV63: =資料儲存!E647 -> 0 | AW63: =資料儲存!F647 -> 0 | AX63: =資料儲存!G647 -> 0 | AY63: =資料儲存!H647 -> 0 | AZ63: =資料儲存!I647 -> 0 | BA63: =資料儲存!J647 -> 0
A64: 17 | B64: =資料儲存!D48 -> 0 | C64: =資料儲存!E48 -> 0 | D64: =資料儲存!F48 -> 0 | E64: =資料儲存!G48 -> 0 | F64: =資料儲存!H48 -> 0 | G64: =資料儲存!I48 -> 0 | H64: =資料儲存!J48 -> 0 | J64: 17 | K64: =資料儲存!D168 -> 0 | L64: =資料儲存!E168 -> 0 | M64: =資料儲存!F168 -> 0 | N64: =資料儲存!G168 -> 0 | O64: =資料儲存!H168 -> 0 | P64: =資料儲存!I168 -> 0 | Q64: =資料儲存!J168 -> 0 | S64: 17 | T64: =資料儲存!D288 -> 0 | U64: =資料儲存!E288 -> 0 | V64: =資料儲存!F288 -> 0 | W64: =資料儲存!G288 -> 0 | X64: =資料儲存!H288 -> 0 | Y64: =資料儲存!I288 -> 0 | Z64: =資料儲存!J288 -> 0 | AB64: 17 | AC64: =資料儲存!D408 -> 0 | AD64: =資料儲存!E408 -> 0 | AE64: =資料儲存!F408 -> 0 | AF64: =資料儲存!G408 -> 0 | AG64: =資料儲存!H408 -> 0 | AH64: =資料儲存!I408 -> 0 | AI64: =資料儲存!J408 -> 0 | AK64: 17 | AL64: =資料儲存!D528 -> 0 | AM64: =資料儲存!E528 -> 0 | AN64: =資料儲存!F528 -> 0 | AO64: =資料儲存!G528 -> 0 | AP64: =資料儲存!H528 -> 0 | AQ64: =資料儲存!I528 -> 0 | AR64: =資料儲存!J528 -> 0 | AT64: 17 | AU64: =資料儲存!D648 -> 0 | AV64: =資料儲存!E648 -> 0 | AW64: =資料儲存!F648 -> 0 | AX64: =資料儲存!G648 -> 0 | AY64: =資料儲存!H648 -> 0 | AZ64: =資料儲存!I648 -> 0 | BA64: =資料儲存!J648 -> 0
A65: 18 | B65: =資料儲存!D49 -> 0 | C65: =資料儲存!E49 -> 0 | D65: =資料儲存!F49 -> 0 | E65: =資料儲存!G49 -> 0 | F65: =資料儲存!H49 -> 0 | G65: =資料儲存!I49 -> 0 | H65: =資料儲存!J49 -> 0 | J65: 18 | K65: =資料儲存!D169 -> 0 | L65: =資料儲存!E169 -> 0 | M65: =資料儲存!F169 -> 0 | N65: =資料儲存!G169 -> 0 | O65: =資料儲存!H169 -> 0 | P65: =資料儲存!I169 -> 0 | Q65: =資料儲存!J169 -> 0 | S65: 18 | T65: =資料儲存!D289 -> 0 | U65: =資料儲存!E289 -> 0 | V65: =資料儲存!F289 -> 0 | W65: =資料儲存!G289 -> 0 | X65: =資料儲存!H289 -> 0 | Y65: =資料儲存!I289 -> 0 | Z65: =資料儲存!J289 -> 0 | AB65: 18 | AC65: =資料儲存!D409 -> 0 | AD65: =資料儲存!E409 -> 0 | AE65: =資料儲存!F409 -> 0 | AF65: =資料儲存!G409 -> 0 | AG65: =資料儲存!H409 -> 0 | AH65: =資料儲存!I409 -> 0 | AI65: =資料儲存!J409 -> 0 | AK65: 18 | AL65: =資料儲存!D529 -> 0 | AM65: =資料儲存!E529 -> 0 | AN65: =資料儲存!F529 -> 0 | AO65: =資料儲存!G529 -> 0 | AP65: =資料儲存!H529 -> 0 | AQ65: =資料儲存!I529 -> 0 | AR65: =資料儲存!J529 -> 0 | AT65: 18 | AU65: =資料儲存!D649 -> 0 | AV65: =資料儲存!E649 -> 0 | AW65: =資料儲存!F649 -> 0 | AX65: =資料儲存!G649 -> 0 | AY65: =資料儲存!H649 -> 0 | AZ65: =資料儲存!I649 -> 0 | BA65: =資料儲存!J649 -> 0
A66: 19 | B66: =資料儲存!D50 -> 0 | C66: =資料儲存!E50 -> 0 | D66: =資料儲存!F50 -> 0 | E66: =資料儲存!G50 -> 0 | F66: =資料儲存!H50 -> 0 | G66: =資料儲存!I50 -> 0 | H66: =資料儲存!J50 -> 0 | J66: 19 | K66: =資料儲存!D170 -> 0 | L66: =資料儲存!E170 -> 0 | M66: =資料儲存!F170 -> 0 | N66: =資料儲存!G170 -> 0 | O66: =資料儲存!H170 -> 0 | P66: =資料儲存!I170 -> 0 | Q66: =資料儲存!J170 -> 0 | S66: 19 | T66: =資料儲存!D290 -> 0 | U66: =資料儲存!E290 -> 0 | V66: =資料儲存!F290 -> 0 | W66: =資料儲存!G290 -> 0 | X66: =資料儲存!H290 -> 0 | Y66: =資料儲存!I290 -> 0 | Z66: =資料儲存!J290 -> 0 | AB66: 19 | AC66: =資料儲存!D410 -> 0 | AD66: =資料儲存!E410 -> 0 | AE66: =資料儲存!F410 -> 0 | AF66: =資料儲存!G410 -> 0 | AG66: =資料儲存!H410 -> 0 | AH66: =資料儲存!I410 -> 0 | AI66: =資料儲存!J410 -> 0 | AK66: 19 | AL66: =資料儲存!D530 -> 0 | AM66: =資料儲存!E530 -> 0 | AN66: =資料儲存!F530 -> 0 | AO66: =資料儲存!G530 -> 0 | AP66: =資料儲存!H530 -> 0 | AQ66: =資料儲存!I530 -> 0 | AR66: =資料儲存!J530 -> 0 | AT66: 19 | AU66: =資料儲存!D650 -> 0 | AV66: =資料儲存!E650 -> 0 | AW66: =資料儲存!F650 -> 0 | AX66: =資料儲存!G650 -> 0 | AY66: =資料儲存!H650 -> 0 | AZ66: =資料儲存!I650 -> 0 | BA66: =資料儲存!J650 -> 0
A67: 20 | B67: =資料儲存!D51 -> 0 | C67: =資料儲存!E51 -> 0 | D67: =資料儲存!F51 -> 0 | E67: =資料儲存!G51 -> 0 | F67: =資料儲存!H51 -> 0 | G67: =資料儲存!I51 -> 0 | H67: =資料儲存!J51 -> 0 | J67: 20 | K67: =資料儲存!D171 -> 0 | L67: =資料儲存!E171 -> 0 | M67: =資料儲存!F171 -> 0 | N67: =資料儲存!G171 -> 0 | O67: =資料儲存!H171 -> 0 | P67: =資料儲存!I171 -> 0 | Q67: =資料儲存!J171 -> 0 | S67: 20 | T67: =資料儲存!D291 -> 0 | U67: =資料儲存!E291 -> 0 | V67: =資料儲存!F291 -> 0 | W67: =資料儲存!G291 -> 0 | X67: =資料儲存!H291 -> 0 | Y67: =資料儲存!I291 -> 0 | Z67: =資料儲存!J291 -> 0 | AB67: 20 | AC67: =資料儲存!D411 -> 0 | AD67: =資料儲存!E411 -> 0 | AE67: =資料儲存!F411 -> 0 | AF67: =資料儲存!G411 -> 0 | AG67: =資料儲存!H411 -> 0 | AH67: =資料儲存!I411 -> 0 | AI67: =資料儲存!J411 -> 0 | AK67: 20 | AL67: =資料儲存!D531 -> 0 | AM67: =資料儲存!E531 -> 0 | AN67: =資料儲存!F531 -> 0 | AO67: =資料儲存!G531 -> 0 | AP67: =資料儲存!H531 -> 0 | AQ67: =資料儲存!I531 -> 0 | AR67: =資料儲存!J531 -> 0 | AT67: 20 | AU67: =資料儲存!D651 -> 0 | AV67: =資料儲存!E651 -> 0 | AW67: =資料儲存!F651 -> 0 | AX67: =資料儲存!G651 -> 0 | AY67: =資料儲存!H651 -> 0 | AZ67: =資料儲存!I651 -> 0 | BA67: =資料儲存!J651 -> 0
A68: 21 | B68: =資料儲存!D52 -> 0 | C68: =資料儲存!E52 -> 0 | D68: =資料儲存!F52 -> 0 | E68: =資料儲存!G52 -> 0 | F68: =資料儲存!H52 -> 0 | G68: =資料儲存!I52 -> 0 | H68: =資料儲存!J52 -> 0 | J68: 21 | K68: =資料儲存!D172 -> 0 | L68: =資料儲存!E172 -> 0 | M68: =資料儲存!F172 -> 0 | N68: =資料儲存!G172 -> 0 | O68: =資料儲存!H172 -> 0 | P68: =資料儲存!I172 -> 0 | Q68: =資料儲存!J172 -> 0 | S68: 21 | T68: =資料儲存!D292 -> 0 | U68: =資料儲存!E292 -> 0 | V68: =資料儲存!F292 -> 0 | W68: =資料儲存!G292 -> 0 | X68: =資料儲存!H292 -> 0 | Y68: =資料儲存!I292 -> 0 | Z68: =資料儲存!J292 -> 0 | AB68: 21 | AC68: =資料儲存!D412 -> 0 | AD68: =資料儲存!E412 -> 0 | AE68: =資料儲存!F412 -> 0 | AF68: =資料儲存!G412 -> 0 | AG68: =資料儲存!H412 -> 0 | AH68: =資料儲存!I412 -> 0 | AI68: =資料儲存!J412 -> 0 | AK68: 21 | AL68: =資料儲存!D532 -> 0 | AM68: =資料儲存!E532 -> 0 | AN68: =資料儲存!F532 -> 0 | AO68: =資料儲存!G532 -> 0 | AP68: =資料儲存!H532 -> 0 | AQ68: =資料儲存!I532 -> 0 | AR68: =資料儲存!J532 -> 0 | AT68: 21 | AU68: =資料儲存!D652 -> 0 | AV68: =資料儲存!E652 -> 0 | AW68: =資料儲存!F652 -> 0 | AX68: =資料儲存!G652 -> 0 | AY68: =資料儲存!H652 -> 0 | AZ68: =資料儲存!I652 -> 0 | BA68: =資料儲存!J652 -> 0
A69: 22 | B69: =資料儲存!D53 -> 0 | C69: =資料儲存!E53 -> 0 | D69: =資料儲存!F53 -> 0 | E69: =資料儲存!G53 -> 0 | F69: =資料儲存!H53 -> 0 | G69: =資料儲存!I53 -> 0 | H69: =資料儲存!J53 -> 0 | J69: 22 | K69: =資料儲存!D173 -> 0 | L69: =資料儲存!E173 -> 0 | M69: =資料儲存!F173 -> 0 | N69: =資料儲存!G173 -> 0 | O69: =資料儲存!H173 -> 0 | P69: =資料儲存!I173 -> 0 | Q69: =資料儲存!J173 -> 0 | S69: 22 | T69: =資料儲存!D293 -> 0 | U69: =資料儲存!E293 -> 0 | V69: =資料儲存!F293 -> 0 | W69: =資料儲存!G293 -> 0 | X69: =資料儲存!H293 -> 0 | Y69: =資料儲存!I293 -> 0 | Z69: =資料儲存!J293 -> 0 | AB69: 22 | AC69: =資料儲存!D413 -> 0 | AD69: =資料儲存!E413 -> 0 | AE69: =資料儲存!F413 -> 0 | AF69: =資料儲存!G413 -> 0 | AG69: =資料儲存!H413 -> 0 | AH69: =資料儲存!I413 -> 0 | AI69: =資料儲存!J413 -> 0 | AK69: 22 | AL69: =資料儲存!D533 -> 0 | AM69: =資料儲存!E533 -> 0 | AN69: =資料儲存!F533 -> 0 | AO69: =資料儲存!G533 -> 0 | AP69: =資料儲存!H533 -> 0 | AQ69: =資料儲存!I533 -> 0 | AR69: =資料儲存!J533 -> 0 | AT69: 22 | AU69: =資料儲存!D653 -> 0 | AV69: =資料儲存!E653 -> 0 | AW69: =資料儲存!F653 -> 0 | AX69: =資料儲存!G653 -> 0 | AY69: =資料儲存!H653 -> 0 | AZ69: =資料儲存!I653 -> 0 | BA69: =資料儲存!J653 -> 0
A70: 23 | B70: =資料儲存!D54 -> 0 | C70: =資料儲存!E54 -> 0 | D70: =資料儲存!F54 -> 0 | E70: =資料儲存!G54 -> 0 | F70: =資料儲存!H54 -> 0 | G70: =資料儲存!I54 -> 0 | H70: =資料儲存!J54 -> 0 | J70: 23 | K70: =資料儲存!D174 -> 0 | L70: =資料儲存!E174 -> 0 | M70: =資料儲存!F174 -> 0 | N70: =資料儲存!G174 -> 0 | O70: =資料儲存!H174 -> 0 | P70: =資料儲存!I174 -> 0 | Q70: =資料儲存!J174 -> 0 | S70: 23 | T70: =資料儲存!D294 -> 0 | U70: =資料儲存!E294 -> 0 | V70: =資料儲存!F294 -> 0 | W70: =資料儲存!G294 -> 0 | X70: =資料儲存!H294 -> 0 | Y70: =資料儲存!I294 -> 0 | Z70: =資料儲存!J294 -> 0 | AB70: 23 | AC70: =資料儲存!D414 -> 0 | AD70: =資料儲存!E414 -> 0 | AE70: =資料儲存!F414 -> 0 | AF70: =資料儲存!G414 -> 0 | AG70: =資料儲存!H414 -> 0 | AH70: =資料儲存!I414 -> 0 | AI70: =資料儲存!J414 -> 0 | AK70: 23 | AL70: =資料儲存!D534 -> 0 | AM70: =資料儲存!E534 -> 0 | AN70: =資料儲存!F534 -> 0 | AO70: =資料儲存!G534 -> 0 | AP70: =資料儲存!H534 -> 0 | AQ70: =資料儲存!I534 -> 0 | AR70: =資料儲存!J534 -> 0 | AT70: 23 | AU70: =資料儲存!D654 -> 0 | AV70: =資料儲存!E654 -> 0 | AW70: =資料儲存!F654 -> 0 | AX70: =資料儲存!G654 -> 0 | AY70: =資料儲存!H654 -> 0 | AZ70: =資料儲存!I654 -> 0 | BA70: =資料儲存!J654 -> 0
A71: 24 | B71: =資料儲存!D55 -> 0 | C71: =資料儲存!E55 -> 0 | D71: =資料儲存!F55 -> 0 | E71: =資料儲存!G55 -> 0 | F71: =資料儲存!H55 -> 0 | G71: =資料儲存!I55 -> 0 | H71: =資料儲存!J55 -> 0 | J71: 24 | K71: =資料儲存!D175 -> 0 | L71: =資料儲存!E175 -> 0 | M71: =資料儲存!F175 -> 0 | N71: =資料儲存!G175 -> 0 | O71: =資料儲存!H175 -> 0 | P71: =資料儲存!I175 -> 0 | Q71: =資料儲存!J175 -> 0 | S71: 24 | T71: =資料儲存!D295 -> 0 | U71: =資料儲存!E295 -> 0 | V71: =資料儲存!F295 -> 0 | W71: =資料儲存!G295 -> 0 | X71: =資料儲存!H295 -> 0 | Y71: =資料儲存!I295 -> 0 | Z71: =資料儲存!J295 -> 0 | AB71: 24 | AC71: =資料儲存!D415 -> 0 | AD71: =資料儲存!E415 -> 0 | AE71: =資料儲存!F415 -> 0 | AF71: =資料儲存!G415 -> 0 | AG71: =資料儲存!H415 -> 0 | AH71: =資料儲存!I415 -> 0 | AI71: =資料儲存!J415 -> 0 | AK71: 24 | AL71: =資料儲存!D535 -> 0 | AM71: =資料儲存!E535 -> 0 | AN71: =資料儲存!F535 -> 0 | AO71: =資料儲存!G535 -> 0 | AP71: =資料儲存!H535 -> 0 | AQ71: =資料儲存!I535 -> 0 | AR71: =資料儲存!J535 -> 0 | AT71: 24 | AU71: =資料儲存!D655 -> 0 | AV71: =資料儲存!E655 -> 0 | AW71: =資料儲存!F655 -> 0 | AX71: =資料儲存!G655 -> 0 | AY71: =資料儲存!H655 -> 0 | AZ71: =資料儲存!I655 -> 0 | BA71: =資料儲存!J655 -> 0
A72: 25 | B72: =資料儲存!D56 -> 0 | C72: =資料儲存!E56 -> 0 | D72: =資料儲存!F56 -> 0 | E72: =資料儲存!G56 -> 0 | F72: =資料儲存!H56 -> 0 | G72: =資料儲存!I56 -> 0 | H72: =資料儲存!J56 -> 0 | J72: 25 | K72: =資料儲存!D176 -> 0 | L72: =資料儲存!E176 -> 0 | M72: =資料儲存!F176 -> 0 | N72: =資料儲存!G176 -> 0 | O72: =資料儲存!H176 -> 0 | P72: =資料儲存!I176 -> 0 | Q72: =資料儲存!J176 -> 0 | S72: 25 | T72: =資料儲存!D296 -> 0 | U72: =資料儲存!E296 -> 0 | V72: =資料儲存!F296 -> 0 | W72: =資料儲存!G296 -> 0 | X72: =資料儲存!H296 -> 0 | Y72: =資料儲存!I296 -> 0 | Z72: =資料儲存!J296 -> 0 | AB72: 25 | AC72: =資料儲存!D416 -> 0 | AD72: =資料儲存!E416 -> 0 | AE72: =資料儲存!F416 -> 0 | AF72: =資料儲存!G416 -> 0 | AG72: =資料儲存!H416 -> 0 | AH72: =資料儲存!I416 -> 0 | AI72: =資料儲存!J416 -> 0 | AK72: 25 | AL72: =資料儲存!D536 -> 0 | AM72: =資料儲存!E536 -> 0 | AN72: =資料儲存!F536 -> 0 | AO72: =資料儲存!G536 -> 0 | AP72: =資料儲存!H536 -> 0 | AQ72: =資料儲存!I536 -> 0 | AR72: =資料儲存!J536 -> 0 | AT72: 25 | AU72: =資料儲存!D656 -> 0 | AV72: =資料儲存!E656 -> 0 | AW72: =資料儲存!F656 -> 0 | AX72: =資料儲存!G656 -> 0 | AY72: =資料儲存!H656 -> 0 | AZ72: =資料儲存!I656 -> 0 | BA72: =資料儲存!J656 -> 0
A73: 26 | B73: =資料儲存!D57 -> 0 | C73: =資料儲存!E57 -> 0 | D73: =資料儲存!F57 -> 0 | E73: =資料儲存!G57 -> 0 | F73: =資料儲存!H57 -> 0 | G73: =資料儲存!I57 -> 0 | H73: =資料儲存!J57 -> 0 | J73: 26 | K73: =資料儲存!D177 -> 0 | L73: =資料儲存!E177 -> 0 | M73: =資料儲存!F177 -> 0 | N73: =資料儲存!G177 -> 0 | O73: =資料儲存!H177 -> 0 | P73: =資料儲存!I177 -> 0 | Q73: =資料儲存!J177 -> 0 | S73: 26 | T73: =資料儲存!D297 -> 0 | U73: =資料儲存!E297 -> 0 | V73: =資料儲存!F297 -> 0 | W73: =資料儲存!G297 -> 0 | X73: =資料儲存!H297 -> 0 | Y73: =資料儲存!I297 -> 0 | Z73: =資料儲存!J297 -> 0 | AB73: 26 | AC73: =資料儲存!D417 -> 0 | AD73: =資料儲存!E417 -> 0 | AE73: =資料儲存!F417 -> 0 | AF73: =資料儲存!G417 -> 0 | AG73: =資料儲存!H417 -> 0 | AH73: =資料儲存!I417 -> 0 | AI73: =資料儲存!J417 -> 0 | AK73: 26 | AL73: =資料儲存!D537 -> 0 | AM73: =資料儲存!E537 -> 0 | AN73: =資料儲存!F537 -> 0 | AO73: =資料儲存!G537 -> 0 | AP73: =資料儲存!H537 -> 0 | AQ73: =資料儲存!I537 -> 0 | AR73: =資料儲存!J537 -> 0 | AT73: 26 | AU73: =資料儲存!D657 -> 0 | AV73: =資料儲存!E657 -> 0 | AW73: =資料儲存!F657 -> 0 | AX73: =資料儲存!G657 -> 0 | AY73: =資料儲存!H657 -> 0 | AZ73: =資料儲存!I657 -> 0 | BA73: =資料儲存!J657 -> 0
A74: 27 | B74: =資料儲存!D58 -> 0 | C74: =資料儲存!E58 -> 0 | D74: =資料儲存!F58 -> 0 | E74: =資料儲存!G58 -> 0 | F74: =資料儲存!H58 -> 0 | G74: =資料儲存!I58 -> 0 | H74: =資料儲存!J58 -> 0 | J74: 27 | K74: =資料儲存!D178 -> 0 | L74: =資料儲存!E178 -> 0 | M74: =資料儲存!F178 -> 0 | N74: =資料儲存!G178 -> 0 | O74: =資料儲存!H178 -> 0 | P74: =資料儲存!I178 -> 0 | Q74: =資料儲存!J178 -> 0 | S74: 27 | T74: =資料儲存!D298 -> 0 | U74: =資料儲存!E298 -> 0 | V74: =資料儲存!F298 -> 0 | W74: =資料儲存!G298 -> 0 | X74: =資料儲存!H298 -> 0 | Y74: =資料儲存!I298 -> 0 | Z74: =資料儲存!J298 -> 0 | AB74: 27 | AC74: =資料儲存!D418 -> 0 | AD74: =資料儲存!E418 -> 0 | AE74: =資料儲存!F418 -> 0 | AF74: =資料儲存!G418 -> 0 | AG74: =資料儲存!H418 -> 0 | AH74: =資料儲存!I418 -> 0 | AI74: =資料儲存!J418 -> 0 | AK74: 27 | AL74: =資料儲存!D538 -> 0 | AM74: =資料儲存!E538 -> 0 | AN74: =資料儲存!F538 -> 0 | AO74: =資料儲存!G538 -> 0 | AP74: =資料儲存!H538 -> 0 | AQ74: =資料儲存!I538 -> 0 | AR74: =資料儲存!J538 -> 0 | AT74: 27 | AU74: =資料儲存!D658 -> 0 | AV74: =資料儲存!E658 -> 0 | AW74: =資料儲存!F658 -> 0 | AX74: =資料儲存!G658 -> 0 | AY74: =資料儲存!H658 -> 0 | AZ74: =資料儲存!I658 -> 0 | BA74: =資料儲存!J658 -> 0
... A77: 30 | B77: =資料儲存!D61 -> 0 | C77: =資料儲存!E61 -> 0 | D77: =資料儲存!F61 -> 0 | E77: =資料儲存!G61 -> 0 | F77: =資料儲存!H61 -> 0 | G77: =資料儲存!I61 -> 0 | H77: =資料儲存!J61 -> 0 | J77: 30 | K77: =資料儲存!D181 -> 0 | L77: =資料儲存!E181 -> 0 | M77: =資料儲存!F181 -> 0 | N77: =資料儲存!G181 -> 0 | O77: =資料儲存!H181 -> 0 | P77: =資料儲存!I181 -> 0 | Q77: =資料儲存!J181 -> 0 | S77: 30 | T77: =資料儲存!D301 -> 0 | U77: =資料儲存!E301 -> 0 | V77: =資料儲存!F301 -> 0 | W77: =資料儲存!G301 -> 0 | X77: =資料儲存!H301 -> 0 | Y77: =資料儲存!I301 -> 0 | Z77: =資料儲存!J301 -> 0 | AB77: 30 | AC77: =資料儲存!D421 -> 0 | AD77: =資料儲存!E421 -> 0 | AE77: =資料儲存!F421 -> 0 | AF77: =資料儲存!G421 -> 0 | AG77: =資料儲存!H421 -> 0 | AH77: =資料儲存!I421 -> 0 | AI77: =資料儲存!J421 -> 0 | AK77: 30 | AL77: =資料儲存!D541 -> 0 | AM77: =資料儲存!E541 -> 0 | AN77: =資料儲存!F541 -> 0 | AO77: =資料儲存!G541 -> 0 | AP77: =資料儲存!H541 -> 0 | AQ77: =資料儲存!I541 -> 0 | AR77: =資料儲存!J541 -> 0 | AT77: 30 | AU77: =資料儲存!D661 -> 0 | AV77: =資料儲存!E661 -> 0 | AW77: =資料儲存!F661 -> 0 | AX77: =資料儲存!G661 -> 0 | AY77: =資料儲存!H661 -> 0 | AZ77: =資料儲存!I661 -> 0 | BA77: =資料儲存!J661 -> 0
A78: 總 計 | B78: =SUM(B63:E77) -> 0 | F78: =F77 -> 0 | G78: =G77 -> 0 | H78: =H77 -> 0 | J78: 總 計 | K78: =SUM(K63:N77) -> 0 | O78: =O77 -> 0 | P78: =P77 -> 0 | Q78: =Q77 -> 0 | S78: 總 計 | T78: =SUM(T63:W77) -> 0 | X78: =X77 -> 0 | Y78: =Y77 -> 0 | Z78: =Z77 -> 0 | AB78: 總 計 | AC78: =SUM(AC63:AF77) -> 0 | AG78: =AG77 -> 0 | AH78: =AH77 -> 0 | AI78: =AI77 -> 0 | AK78: 總 計 | AL78: =SUM(AL63:AO77) -> 0 | AP78: =AP77 -> 0 | AQ78: =AQ77 -> 0 | AR78: =AR77 -> 0 | AT78: 總 計 | AU78: =SUM(AU63:AX77) -> 0 | AY78: =AY77 -> 0 | AZ78: =AZ77 -> 0 | BA78: =BA77 -> 0
A79: 07:30~07:45 | J79: 07:30~07:45 | S79: 07:30~07:45 | AB79: 07:30~07:45 | AK79: 07:30~07:45 | AT79: 07:30~07:45
A80: 開始時刻 | B80: 停車在臨近車道上的車輛總數 | F80: 臨近車道上的流量 | J80: 開始時刻 | K80: 停車在臨近車道上的車輛總數 | O80: 臨近車道上的流量 | S80: 開始時刻 | T80: 停車在臨近車道上的車輛總數 | X80: 臨近車道上的流量 | AB80: 開始時刻 | AC80: 停車在臨近車道上的車輛總數 | AG80: 臨近車道上的流量 | AK80: 開始時刻 | AL80: 停車在臨近車道上的車輛總數 | AP80: 臨近車道上的流量 | AT80: 開始時刻 | AU80: 停車在臨近車道上的車輛總數 | AY80: 臨近車道上的流量
A81: 07:30 | B81: 0秒 | C81: 15秒 | D81: 30秒 | E81: 45秒 | F81: 總數 | G81: 未受阻 | H81: 受阻 | J81: 07:30 | K81: 0秒 | L81: 15秒 | M81: 30秒 | N81: 45秒 | O81: 總數 | P81: 未受阻 | Q81: 受阻 | S81: 07:30 | T81: 0秒 | U81: 15秒 | V81: 30秒 | W81: 45秒 | X81: 總數 | Y81: 未受阻 | Z81: 受阻 | AB81: 07:30 | AC81: 0秒 | AD81: 15秒 | AE81: 30秒 | AF81: 45秒 | AG81: 總數 | AH81: 未受阻 | AI81: 受阻 | AK81: 07:30 | AL81: 0秒 | AM81: 15秒 | AN81: 30秒 | AO81: 45秒 | AP81: 總數 | AQ81: 未受阻 | AR81: 受阻 | AT81: 07:30 | AU81: 0秒 | AV81: 15秒 | AW81: 30秒 | AX81: 45秒 | AY81: 總數 | AZ81: 未受阻 | BA81: 受阻
A82: 31 | B82: =資料儲存!D62 -> 0 | C82: =資料儲存!E62 -> 0 | D82: =資料儲存!F62 -> 0 | E82: =資料儲存!G62 -> 0 | F82: =資料儲存!H62 -> 0 | G82: =資料儲存!I62 -> 0 | H82: =資料儲存!J62 -> 0 | J82: 31 | K82: =資料儲存!D182 -> 0 | L82: =資料儲存!E182 -> 0 | M82: =資料儲存!F182 -> 0 | N82: =資料儲存!G182 -> 0 | O82: =資料儲存!H182 -> 0 | P82: =資料儲存!I182 -> 0 | Q82: =資料儲存!J182 -> 0 | S82: 31 | T82: =資料儲存!D302 -> 0 | U82: =資料儲存!E302 -> 0 | V82: =資料儲存!F302 -> 0 | W82: =資料儲存!G302 -> 0 | X82: =資料儲存!H302 -> 0 | Y82: =資料儲存!I302 -> 0 | Z82: =資料儲存!J302 -> 0 | AB82: 31 | AC82: =資料儲存!D422 -> 0 | AD82: =資料儲存!E422 -> 0 | AE82: =資料儲存!F422 -> 0 | AF82: =資料儲存!G422 -> 0 | AG82: =資料儲存!H422 -> 0 | AH82: =資料儲存!I422 -> 0 | AI82: =資料儲存!J422 -> 0 | AK82: 31 | AL82: =資料儲存!D542 -> 0 | AM82: =資料儲存!E542 -> 0 | AN82: =資料儲存!F542 -> 0 | AO82: =資料儲存!G542 -> 0 | AP82: =資料儲存!H542 -> 0 | AQ82: =資料儲存!I542 -> 0 | AR82: =資料儲存!J542 -> 0 | AT82: 31 | AU82: =資料儲存!D662 -> 0 | AV82: =資料儲存!E662 -> 0 | AW82: =資料儲存!F662 -> 0 | AX82: =資料儲存!G662 -> 0 | AY82: =資料儲存!H662 -> 0 | AZ82: =資料儲存!I662 -> 0 | BA82: =資料儲存!J662 -> 0
A83: 32 | B83: =資料儲存!D63 -> 0 | C83: =資料儲存!E63 -> 0 | D83: =資料儲存!F63 -> 0 | E83: =資料儲存!G63 -> 0 | F83: =資料儲存!H63 -> 0 | G83: =資料儲存!I63 -> 0 | H83: =資料儲存!J63 -> 0 | J83: 32 | K83: =資料儲存!D183 -> 0 | L83: =資料儲存!E183 -> 0 | M83: =資料儲存!F183 -> 0 | N83: =資料儲存!G183 -> 0 | O83: =資料儲存!H183 -> 0 | P83: =資料儲存!I183 -> 0 | Q83: =資料儲存!J183 -> 0 | S83: 32 | T83: =資料儲存!D303 -> 0 | U83: =資料儲存!E303 -> 0 | V83: =資料儲存!F303 -> 0 | W83: =資料儲存!G303 -> 0 | X83: =資料儲存!H303 -> 0 | Y83: =資料儲存!I303 -> 0 | Z83: =資料儲存!J303 -> 0 | AB83: 32 | AC83: =資料儲存!D423 -> 0 | AD83: =資料儲存!E423 -> 0 | AE83: =資料儲存!F423 -> 0 | AF83: =資料儲存!G423 -> 0 | AG83: =資料儲存!H423 -> 0 | AH83: =資料儲存!I423 -> 0 | AI83: =資料儲存!J423 -> 0 | AK83: 32 | AL83: =資料儲存!D543 -> 0 | AM83: =資料儲存!E543 -> 0 | AN83: =資料儲存!F543 -> 0 | AO83: =資料儲存!G543 -> 0 | AP83: =資料儲存!H543 -> 0 | AQ83: =資料儲存!I543 -> 0 | AR83: =資料儲存!J543 -> 0 | AT83: 32 | AU83: =資料儲存!D663 -> 0 | AV83: =資料儲存!E663 -> 0 | AW83: =資料儲存!F663 -> 0 | AX83: =資料儲存!G663 -> 0 | AY83: =資料儲存!H663 -> 0 | AZ83: =資料儲存!I663 -> 0 | BA83: =資料儲存!J663 -> 0
A84: 33 | B84: =資料儲存!D64 -> 0 | C84: =資料儲存!E64 -> 0 | D84: =資料儲存!F64 -> 0 | E84: =資料儲存!G64 -> 0 | F84: =資料儲存!H64 -> 0 | G84: =資料儲存!I64 -> 0 | H84: =資料儲存!J64 -> 0 | J84: 33 | K84: =資料儲存!D184 -> 0 | L84: =資料儲存!E184 -> 0 | M84: =資料儲存!F184 -> 0 | N84: =資料儲存!G184 -> 0 | O84: =資料儲存!H184 -> 0 | P84: =資料儲存!I184 -> 0 | Q84: =資料儲存!J184 -> 0 | S84: 33 | T84: =資料儲存!D304 -> 0 | U84: =資料儲存!E304 -> 0 | V84: =資料儲存!F304 -> 0 | W84: =資料儲存!G304 -> 0 | X84: =資料儲存!H304 -> 0 | Y84: =資料儲存!I304 -> 0 | Z84: =資料儲存!J304 -> 0 | AB84: 33 | AC84: =資料儲存!D424 -> 0 | AD84: =資料儲存!E424 -> 0 | AE84: =資料儲存!F424 -> 0 | AF84: =資料儲存!G424 -> 0 | AG84: =資料儲存!H424 -> 0 | AH84: =資料儲存!I424 -> 0 | AI84: =資料儲存!J424 -> 0 | AK84: 33 | AL84: =資料儲存!D544 -> 0 | AM84: =資料儲存!E544 -> 0 | AN84: =資料儲存!F544 -> 0 | AO84: =資料儲存!G544 -> 0 | AP84: =資料儲存!H544 -> 0 | AQ84: =資料儲存!I544 -> 0 | AR84: =資料儲存!J544 -> 0 | AT84: 33 | AU84: =資料儲存!D664 -> 0 | AV84: =資料儲存!E664 -> 0 | AW84: =資料儲存!F664 -> 0 | AX84: =資料儲存!G664 -> 0 | AY84: =資料儲存!H664 -> 0 | AZ84: =資料儲存!I664 -> 0 | BA84: =資料儲存!J664 -> 0
A85: 34 | B85: =資料儲存!D65 -> 0 | C85: =資料儲存!E65 -> 0 | D85: =資料儲存!F65 -> 0 | E85: =資料儲存!G65 -> 0 | F85: =資料儲存!H65 -> 0 | G85: =資料儲存!I65 -> 0 | H85: =資料儲存!J65 -> 0 | J85: 34 | K85: =資料儲存!D185 -> 0 | L85: =資料儲存!E185 -> 0 | M85: =資料儲存!F185 -> 0 | N85: =資料儲存!G185 -> 0 | O85: =資料儲存!H185 -> 0 | P85: =資料儲存!I185 -> 0 | Q85: =資料儲存!J185 -> 0 | S85: 34 | T85: =資料儲存!D305 -> 0 | U85: =資料儲存!E305 -> 0 | V85: =資料儲存!F305 -> 0 | W85: =資料儲存!G305 -> 0 | X85: =資料儲存!H305 -> 0 | Y85: =資料儲存!I305 -> 0 | Z85: =資料儲存!J305 -> 0 | AB85: 34 | AC85: =資料儲存!D425 -> 0 | AD85: =資料儲存!E425 -> 0 | AE85: =資料儲存!F425 -> 0 | AF85: =資料儲存!G425 -> 0 | AG85: =資料儲存!H425 -> 0 | AH85: =資料儲存!I425 -> 0 | AI85: =資料儲存!J425 -> 0 | AK85: 34 | AL85: =資料儲存!D545 -> 0 | AM85: =資料儲存!E545 -> 0 | AN85: =資料儲存!F545 -> 0 | AO85: =資料儲存!G545 -> 0 | AP85: =資料儲存!H545 -> 0 | AQ85: =資料儲存!I545 -> 0 | AR85: =資料儲存!J545 -> 0 | AT85: 34 | AU85: =資料儲存!D665 -> 0 | AV85: =資料儲存!E665 -> 0 | AW85: =資料儲存!F665 -> 0 | AX85: =資料儲存!G665 -> 0 | AY85: =資料儲存!H665 -> 0 | AZ85: =資料儲存!I665 -> 0 | BA85: =資料儲存!J665 -> 0
A86: 35 | B86: =資料儲存!D66 -> 0 | C86: =資料儲存!E66 -> 0 | D86: =資料儲存!F66 -> 0 | E86: =資料儲存!G66 -> 0 | F86: =資料儲存!H66 -> 0 | G86: =資料儲存!I66 -> 0 | H86: =資料儲存!J66 -> 0 | J86: 35 | K86: =資料儲存!D186 -> 0 | L86: =資料儲存!E186 -> 0 | M86: =資料儲存!F186 -> 0 | N86: =資料儲存!G186 -> 0 | O86: =資料儲存!H186 -> 0 | P86: =資料儲存!I186 -> 0 | Q86: =資料儲存!J186 -> 0 | S86: 35 | T86: =資料儲存!D306 -> 0 | U86: =資料儲存!E306 -> 0 | V86: =資料儲存!F306 -> 0 | W86: =資料儲存!G306 -> 0 | X86: =資料儲存!H306 -> 0 | Y86: =資料儲存!I306 -> 0 | Z86: =資料儲存!J306 -> 0 | AB86: 35 | AC86: =資料儲存!D426 -> 0 | AD86: =資料儲存!E426 -> 0 | AE86: =資料儲存!F426 -> 0 | AF86: =資料儲存!G426 -> 0 | AG86: =資料儲存!H426 -> 0 | AH86: =資料儲存!I426 -> 0 | AI86: =資料儲存!J426 -> 0 | AK86: 35 | AL86: =資料儲存!D546 -> 0 | AM86: =資料儲存!E546 -> 0 | AN86: =資料儲存!F546 -> 0 | AO86: =資料儲存!G546 -> 0 | AP86: =資料儲存!H546 -> 0 | AQ86: =資料儲存!I546 -> 0 | AR86: =資料儲存!J546 -> 0 | AT86: 35 | AU86: =資料儲存!D666 -> 0 | AV86: =資料儲存!E666 -> 0 | AW86: =資料儲存!F666 -> 0 | AX86: =資料儲存!G666 -> 0 | AY86: =資料儲存!H666 -> 0 | AZ86: =資料儲存!I666 -> 0 | BA86: =資料儲存!J666 -> 0
A87: 36 | B87: =資料儲存!D67 -> 0 | C87: =資料儲存!E67 -> 0 | D87: =資料儲存!F67 -> 0 | E87: =資料儲存!G67 -> 0 | F87: =資料儲存!H67 -> 0 | G87: =資料儲存!I67 -> 0 | H87: =資料儲存!J67 -> 0 | J87: 36 | K87: =資料儲存!D187 -> 0 | L87: =資料儲存!E187 -> 0 | M87: =資料儲存!F187 -> 0 | N87: =資料儲存!G187 -> 0 | O87: =資料儲存!H187 -> 0 | P87: =資料儲存!I187 -> 0 | Q87: =資料儲存!J187 -> 0 | S87: 36 | T87: =資料儲存!D307 -> 0 | U87: =資料儲存!E307 -> 0 | V87: =資料儲存!F307 -> 0 | W87: =資料儲存!G307 -> 0 | X87: =資料儲存!H307 -> 0 | Y87: =資料儲存!I307 -> 0 | Z87: =資料儲存!J307 -> 0 | AB87: 36 | AC87: =資料儲存!D427 -> 0 | AD87: =資料儲存!E427 -> 0 | AE87: =資料儲存!F427 -> 0 | AF87: =資料儲存!G427 -> 0 | AG87: =資料儲存!H427 -> 0 | AH87: =資料儲存!I427 -> 0 | AI87: =資料儲存!J427 -> 0 | AK87: 36 | AL87: =資料儲存!D547 -> 0 | AM87: =資料儲存!E547 -> 0 | AN87: =資料儲存!F547 -> 0 | AO87: =資料儲存!G547 -> 0 | AP87: =資料儲存!H547 -> 0 | AQ87: =資料儲存!I547 -> 0 | AR87: =資料儲存!J547 -> 0 | AT87: 36 | AU87: =資料儲存!D667 -> 0 | AV87: =資料儲存!E667 -> 0 | AW87: =資料儲存!F667 -> 0 | AX87: =資料儲存!G667 -> 0 | AY87: =資料儲存!H667 -> 0 | AZ87: =資料儲存!I667 -> 0 | BA87: =資料儲存!J667 -> 0
A88: 37 | B88: =資料儲存!D68 -> 0 | C88: =資料儲存!E68 -> 0 | D88: =資料儲存!F68 -> 0 | E88: =資料儲存!G68 -> 0 | F88: =資料儲存!H68 -> 0 | G88: =資料儲存!I68 -> 0 | H88: =資料儲存!J68 -> 0 | J88: 37 | K88: =資料儲存!D188 -> 0 | L88: =資料儲存!E188 -> 0 | M88: =資料儲存!F188 -> 0 | N88: =資料儲存!G188 -> 0 | O88: =資料儲存!H188 -> 0 | P88: =資料儲存!I188 -> 0 | Q88: =資料儲存!J188 -> 0 | S88: 37 | T88: =資料儲存!D308 -> 0 | U88: =資料儲存!E308 -> 0 | V88: =資料儲存!F308 -> 0 | W88: =資料儲存!G308 -> 0 | X88: =資料儲存!H308 -> 0 | Y88: =資料儲存!I308 -> 0 | Z88: =資料儲存!J308 -> 0 | AB88: 37 | AC88: =資料儲存!D428 -> 0 | AD88: =資料儲存!E428 -> 0 | AE88: =資料儲存!F428 -> 0 | AF88: =資料儲存!G428 -> 0 | AG88: =資料儲存!H428 -> 0 | AH88: =資料儲存!I428 -> 0 | AI88: =資料儲存!J428 -> 0 | AK88: 37 | AL88: =資料儲存!D548 -> 0 | AM88: =資料儲存!E548 -> 0 | AN88: =資料儲存!F548 -> 0 | AO88: =資料儲存!G548 -> 0 | AP88: =資料儲存!H548 -> 0 | AQ88: =資料儲存!I548 -> 0 | AR88: =資料儲存!J548 -> 0 | AT88: 37 | AU88: =資料儲存!D668 -> 0 | AV88: =資料儲存!E668 -> 0 | AW88: =資料儲存!F668 -> 0 | AX88: =資料儲存!G668 -> 0 | AY88: =資料儲存!H668 -> 0 | AZ88: =資料儲存!I668 -> 0 | BA88: =資料儲存!J668 -> 0
A89: 38 | B89: =資料儲存!D69 -> 0 | C89: =資料儲存!E69 -> 0 | D89: =資料儲存!F69 -> 0 | E89: =資料儲存!G69 -> 0 | F89: =資料儲存!H69 -> 0 | G89: =資料儲存!I69 -> 0 | H89: =資料儲存!J69 -> 0 | J89: 38 | K89: =資料儲存!D189 -> 0 | L89: =資料儲存!E189 -> 0 | M89: =資料儲存!F189 -> 0 | N89: =資料儲存!G189 -> 0 | O89: =資料儲存!H189 -> 0 | P89: =資料儲存!I189 -> 0 | Q89: =資料儲存!J189 -> 0 | S89: 38 | T89: =資料儲存!D309 -> 0 | U89: =資料儲存!E309 -> 0 | V89: =資料儲存!F309 -> 0 | W89: =資料儲存!G309 -> 0 | X89: =資料儲存!H309 -> 0 | Y89: =資料儲存!I309 -> 0 | Z89: =資料儲存!J309 -> 0 | AB89: 38 | AC89: =資料儲存!D429 -> 0 | AD89: =資料儲存!E429 -> 0 | AE89: =資料儲存!F429 -> 0 | AF89: =資料儲存!G429 -> 0 | AG89: =資料儲存!H429 -> 0 | AH89: =資料儲存!I429 -> 0 | AI89: =資料儲存!J429 -> 0 | AK89: 38 | AL89: =資料儲存!D549 -> 0 | AM89: =資料儲存!E549 -> 0 | AN89: =資料儲存!F549 -> 0 | AO89: =資料儲存!G549 -> 0 | AP89: =資料儲存!H549 -> 0 | AQ89: =資料儲存!I549 -> 0 | AR89: =資料儲存!J549 -> 0 | AT89: 38 | AU89: =資料儲存!D669 -> 0 | AV89: =資料儲存!E669 -> 0 | AW89: =資料儲存!F669 -> 0 | AX89: =資料儲存!G669 -> 0 | AY89: =資料儲存!H669 -> 0 | AZ89: =資料儲存!I669 -> 0 | BA89: =資料儲存!J669 -> 0
A90: 39 | B90: =資料儲存!D70 -> 0 | C90: =資料儲存!E70 -> 0 | D90: =資料儲存!F70 -> 0 | E90: =資料儲存!G70 -> 0 | F90: =資料儲存!H70 -> 0 | G90: =資料儲存!I70 -> 0 | H90: =資料儲存!J70 -> 0 | J90: 39 | K90: =資料儲存!D190 -> 0 | L90: =資料儲存!E190 -> 0 | M90: =資料儲存!F190 -> 0 | N90: =資料儲存!G190 -> 0 | O90: =資料儲存!H190 -> 0 | P90: =資料儲存!I190 -> 0 | Q90: =資料儲存!J190 -> 0 | S90: 39 | T90: =資料儲存!D310 -> 0 | U90: =資料儲存!E310 -> 0 | V90: =資料儲存!F310 -> 0 | W90: =資料儲存!G310 -> 0 | X90: =資料儲存!H310 -> 0 | Y90: =資料儲存!I310 -> 0 | Z90: =資料儲存!J310 -> 0 | AB90: 39 | AC90: =資料儲存!D430 -> 0 | AD90: =資料儲存!E430 -> 0 | AE90: =資料儲存!F430 -> 0 | AF90: =資料儲存!G430 -> 0 | AG90: =資料儲存!H430 -> 0 | AH90: =資料儲存!I430 -> 0 | AI90: =資料儲存!J430 -> 0 | AK90: 39 | AL90: =資料儲存!D550 -> 0 | AM90: =資料儲存!E550 -> 0 | AN90: =資料儲存!F550 -> 0 | AO90: =資料儲存!G550 -> 0 | AP90: =資料儲存!H550 -> 0 | AQ90: =資料儲存!I550 -> 0 | AR90: =資料儲存!J550 -> 0 | AT90: 39 | AU90: =資料儲存!D670 -> 0 | AV90: =資料儲存!E670 -> 0 | AW90: =資料儲存!F670 -> 0 | AX90: =資料儲存!G670 -> 0 | AY90: =資料儲存!H670 -> 0 | AZ90: =資料儲存!I670 -> 0 | BA90: =資料儲存!J670 -> 0
A91: 40 | B91: =資料儲存!D71 -> 0 | C91: =資料儲存!E71 -> 0 | D91: =資料儲存!F71 -> 0 | E91: =資料儲存!G71 -> 0 | F91: =資料儲存!H71 -> 0 | G91: =資料儲存!I71 -> 0 | H91: =資料儲存!J71 -> 0 | J91: 40 | K91: =資料儲存!D191 -> 0 | L91: =資料儲存!E191 -> 0 | M91: =資料儲存!F191 -> 0 | N91: =資料儲存!G191 -> 0 | O91: =資料儲存!H191 -> 0 | P91: =資料儲存!I191 -> 0 | Q91: =資料儲存!J191 -> 0 | S91: 40 | T91: =資料儲存!D311 -> 0 | U91: =資料儲存!E311 -> 0 | V91: =資料儲存!F311 -> 0 | W91: =資料儲存!G311 -> 0 | X91: =資料儲存!H311 -> 0 | Y91: =資料儲存!I311 -> 0 | Z91: =資料儲存!J311 -> 0 | AB91: 40 | AC91: =資料儲存!D431 -> 0 | AD91: =資料儲存!E431 -> 0 | AE91: =資料儲存!F431 -> 0 | AF91: =資料儲存!G431 -> 0 | AG91: =資料儲存!H431 -> 0 | AH91: =資料儲存!I431 -> 0 | AI91: =資料儲存!J431 -> 0 | AK91: 40 | AL91: =資料儲存!D551 -> 0 | AM91: =資料儲存!E551 -> 0 | AN91: =資料儲存!F551 -> 0 | AO91: =資料儲存!G551 -> 0 | AP91: =資料儲存!H551 -> 0 | AQ91: =資料儲存!I551 -> 0 | AR91: =資料儲存!J551 -> 0 | AT91: 40 | AU91: =資料儲存!D671 -> 0 | AV91: =資料儲存!E671 -> 0 | AW91: =資料儲存!F671 -> 0 | AX91: =資料儲存!G671 -> 0 | AY91: =資料儲存!H671 -> 0 | AZ91: =資料儲存!I671 -> 0 | BA91: =資料儲存!J671 -> 0
A92: 41 | B92: =資料儲存!D72 -> 0 | C92: =資料儲存!E72 -> 0 | D92: =資料儲存!F72 -> 0 | E92: =資料儲存!G72 -> 0 | F92: =資料儲存!H72 -> 0 | G92: =資料儲存!I72 -> 0 | H92: =資料儲存!J72 -> 0 | J92: 41 | K92: =資料儲存!D192 -> 0 | L92: =資料儲存!E192 -> 0 | M92: =資料儲存!F192 -> 0 | N92: =資料儲存!G192 -> 0 | O92: =資料儲存!H192 -> 0 | P92: =資料儲存!I192 -> 0 | Q92: =資料儲存!J192 -> 0 | S92: 41 | T92: =資料儲存!D312 -> 0 | U92: =資料儲存!E312 -> 0 | V92: =資料儲存!F312 -> 0 | W92: =資料儲存!G312 -> 0 | X92: =資料儲存!H312 -> 0 | Y92: =資料儲存!I312 -> 0 | Z92: =資料儲存!J312 -> 0 | AB92: 41 | AC92: =資料儲存!D432 -> 0 | AD92: =資料儲存!E432 -> 0 | AE92: =資料儲存!F432 -> 0 | AF92: =資料儲存!G432 -> 0 | AG92: =資料儲存!H432 -> 0 | AH92: =資料儲存!I432 -> 0 | AI92: =資料儲存!J432 -> 0 | AK92: 41 | AL92: =資料儲存!D552 -> 0 | AM92: =資料儲存!E552 -> 0 | AN92: =資料儲存!F552 -> 0 | AO92: =資料儲存!G552 -> 0 | AP92: =資料儲存!H552 -> 0 | AQ92: =資料儲存!I552 -> 0 | AR92: =資料儲存!J552 -> 0 | AT92: 41 | AU92: =資料儲存!D672 -> 0 | AV92: =資料儲存!E672 -> 0 | AW92: =資料儲存!F672 -> 0 | AX92: =資料儲存!G672 -> 0 | AY92: =資料儲存!H672 -> 0 | AZ92: =資料儲存!I672 -> 0 | BA92: =資料儲存!J672 -> 0
A93: 42 | B93: =資料儲存!D73 -> 0 | C93: =資料儲存!E73 -> 0 | D93: =資料儲存!F73 -> 0 | E93: =資料儲存!G73 -> 0 | F93: =資料儲存!H73 -> 0 | G93: =資料儲存!I73 -> 0 | H93: =資料儲存!J73 -> 0 | J93: 42 | K93: =資料儲存!D193 -> 0 | L93: =資料儲存!E193 -> 0 | M93: =資料儲存!F193 -> 0 | N93: =資料儲存!G193 -> 0 | O93: =資料儲存!H193 -> 0 | P93: =資料儲存!I193 -> 0 | Q93: =資料儲存!J193 -> 0 | S93: 42 | T93: =資料儲存!D313 -> 0 | U93: =資料儲存!E313 -> 0 | V93: =資料儲存!F313 -> 0 | W93: =資料儲存!G313 -> 0 | X93: =資料儲存!H313 -> 0 | Y93: =資料儲存!I313 -> 0 | Z93: =資料儲存!J313 -> 0 | AB93: 42 | AC93: =資料儲存!D433 -> 0 | AD93: =資料儲存!E433 -> 0 | AE93: =資料儲存!F433 -> 0 | AF93: =資料儲存!G433 -> 0 | AG93: =資料儲存!H433 -> 0 | AH93: =資料儲存!I433 -> 0 | AI93: =資料儲存!J433 -> 0 | AK93: 42 | AL93: =資料儲存!D553 -> 0 | AM93: =資料儲存!E553 -> 0 | AN93: =資料儲存!F553 -> 0 | AO93: =資料儲存!G553 -> 0 | AP93: =資料儲存!H553 -> 0 | AQ93: =資料儲存!I553 -> 0 | AR93: =資料儲存!J553 -> 0 | AT93: 42 | AU93: =資料儲存!D673 -> 0 | AV93: =資料儲存!E673 -> 0 | AW93: =資料儲存!F673 -> 0 | AX93: =資料儲存!G673 -> 0 | AY93: =資料儲存!H673 -> 0 | AZ93: =資料儲存!I673 -> 0 | BA93: =資料儲存!J673 -> 0
... A96: 45 | B96: =資料儲存!D76 -> 0 | C96: =資料儲存!E76 -> 0 | D96: =資料儲存!F76 -> 0 | E96: =資料儲存!G76 -> 0 | F96: =資料儲存!H76 -> 0 | G96: =資料儲存!I76 -> 0 | H96: =資料儲存!J76 -> 0 | J96: 45 | K96: =資料儲存!D196 -> 0 | L96: =資料儲存!E196 -> 0 | M96: =資料儲存!F196 -> 0 | N96: =資料儲存!G196 -> 0 | O96: =資料儲存!H196 -> 0 | P96: =資料儲存!I196 -> 0 | Q96: =資料儲存!J196 -> 0 | S96: 45 | T96: =資料儲存!D316 -> 0 | U96: =資料儲存!E316 -> 0 | V96: =資料儲存!F316 -> 0 | W96: =資料儲存!G316 -> 0 | X96: =資料儲存!H316 -> 0 | Y96: =資料儲存!I316 -> 0 | Z96: =資料儲存!J316 -> 0 | AB96: 45 | AC96: =資料儲存!D436 -> 0 | AD96: =資料儲存!E436 -> 0 | AE96: =資料儲存!F436 -> 0 | AF96: =資料儲存!G436 -> 0 | AG96: =資料儲存!H436 -> 0 | AH96: =資料儲存!I436 -> 0 | AI96: =資料儲存!J436 -> 0 | AK96: 45 | AL96: =資料儲存!D556 -> 0 | AM96: =資料儲存!E556 -> 0 | AN96: =資料儲存!F556 -> 0 | AO96: =資料儲存!G556 -> 0 | AP96: =資料儲存!H556 -> 0 | AQ96: =資料儲存!I556 -> 0 | AR96: =資料儲存!J556 -> 0 | AT96: 45 | AU96: =資料儲存!D676 -> 0 | AV96: =資料儲存!E676 -> 0 | AW96: =資料儲存!F676 -> 0 | AX96: =資料儲存!G676 -> 0 | AY96: =資料儲存!H676 -> 0 | AZ96: =資料儲存!I676 -> 0 | BA96: =資料儲存!J676 -> 0
A97: 總 計 | B97: =SUM(B82:E96) -> 0 | F97: =F96 -> 0 | G97: =G96 -> 0 | H97: =H96 -> 0 | J97: 總 計 | K97: =SUM(K82:N96) -> 0 | O97: =O96 -> 0 | P97: =P96 -> 0 | Q97: =Q96 -> 0 | S97: 總 計 | T97: =SUM(T82:W96) -> 0 | X97: =X96 -> 0 | Y97: =Y96 -> 0 | Z97: =Z96 -> 0 | AB97: 總 計 | AC97: =SUM(AC82:AF96) -> 0 | AG97: =AG96 -> 0 | AH97: =AH96 -> 0 | AI97: =AI96 -> 0 | AK97: 總 計 | AL97: =SUM(AL82:AO96) -> 0 | AP97: =AP96 -> 0 | AQ97: =AQ96 -> 0 | AR97: =AR96 -> 0 | AT97: 總 計 | AU97: =SUM(AU82:AX96) -> 0 | AY97: =AY96 -> 0 | AZ97: =AZ96 -> 0 | BA97: =BA96 -> 0
A98: 07:45~08:00 | J98: 07:45~08:00 | S98: 07:45~08:00 | AB98: 07:45~08:00 | AK98: 07:45~08:00 | AT98: 07:45~08:00
A99: 開始時刻 | B99: 停車在臨近車道上的車輛總數 | F99: 臨近車道上的流量 | J99: 開始時刻 | K99: 停車在臨近車道上的車輛總數 | O99: 臨近車道上的流量 | S99: 開始時刻 | T99: 停車在臨近車道上的車輛總數 | X99: 臨近車道上的流量 | AB99: 開始時刻 | AC99: 停車在臨近車道上的車輛總數 | AG99: 臨近車道上的流量 | AK99: 開始時刻 | AL99: 停車在臨近車道上的車輛總數 | AP99: 臨近車道上的流量 | AT99: 開始時刻 | AU99: 停車在臨近車道上的車輛總數 | AY99: 臨近車道上的流量
A100: 07:45 | B100: 0秒 | C100: 15秒 | D100: 30秒 | E100: 45秒 | F100: 總數 | G100: 未受阻 | H100: 受阻 | J100: 07:45 | K100: 0秒 | L100: 15秒 | M100: 30秒 | N100: 45秒 | O100: 總數 | P100: 未受阻 | Q100: 受阻 | S100: 07:45 | T100: 0秒 | U100: 15秒 | V100: 30秒 | W100: 45秒 | X100: 總數 | Y100: 未受阻 | Z100: 受阻 | AB100: 07:45 | AC100: 0秒 | AD100: 15秒 | AE100: 30秒 | AF100: 45秒 | AG100: 總數 | AH100: 未受阻 | AI100: 受阻 | AK100: 07:45 | AL100: 0秒 | AM100: 15秒 | AN100: 30秒 | AO100: 45秒 | AP100: 總數 | AQ100: 未受阻 | AR100: 受阻 | AT100: 07:45 | AU100: 0秒 | AV100: 15秒 | AW100: 30秒 | AX100: 45秒 | AY100: 總數 | AZ100: 未受阻 | BA100: 受阻
A101: 46 | B101: =資料儲存!D77 -> 0 | C101: =資料儲存!E77 -> 0 | D101: =資料儲存!F77 -> 0 | E101: =資料儲存!G77 -> 0 | F101: =資料儲存!H77 -> 0 | G101: =資料儲存!I77 -> 0 | H101: =資料儲存!J77 -> 0 | J101: 46 | K101: =資料儲存!D197 -> 0 | L101: =資料儲存!E197 -> 0 | M101: =資料儲存!F197 -> 0 | N101: =資料儲存!G197 -> 0 | O101: =資料儲存!H197 -> 0 | P101: =資料儲存!I197 -> 0 | Q101: =資料儲存!J197 -> 0 | S101: 46 | T101: =資料儲存!D317 -> 0 | U101: =資料儲存!E317 -> 0 | V101: =資料儲存!F317 -> 0 | W101: =資料儲存!G317 -> 0 | X101: =資料儲存!H317 -> 0 | Y101: =資料儲存!I317 -> 0 | Z101: =資料儲存!J317 -> 0 | AB101: 46 | AC101: =資料儲存!D437 -> 0 | AD101: =資料儲存!E437 -> 0 | AE101: =資料儲存!F437 -> 0 | AF101: =資料儲存!G437 -> 0 | AG101: =資料儲存!H437 -> 0 | AH101: =資料儲存!I437 -> 0 | AI101: =資料儲存!J437 -> 0 | AK101: 46 | AL101: =資料儲存!D557 -> 0 | AM101: =資料儲存!E557 -> 0 | AN101: =資料儲存!F557 -> 0 | AO101: =資料儲存!G557 -> 0 | AP101: =資料儲存!H557 -> 0 | AQ101: =資料儲存!I557 -> 0 | AR101: =資料儲存!J557 -> 0 | AT101: 46 | AU101: =資料儲存!D677 -> 0 | AV101: =資料儲存!E677 -> 0 | AW101: =資料儲存!F677 -> 0 | AX101: =資料儲存!G677 -> 0 | AY101: =資料儲存!H677 -> 0 | AZ101: =資料儲存!I677 -> 0 | BA101: =資料儲存!J677 -> 0
A102: 47 | B102: =資料儲存!D78 -> 0 | C102: =資料儲存!E78 -> 0 | D102: =資料儲存!F78 -> 0 | E102: =資料儲存!G78 -> 0 | F102: =資料儲存!H78 -> 0 | G102: =資料儲存!I78 -> 0 | H102: =資料儲存!J78 -> 0 | J102: 47 | K102: =資料儲存!D198 -> 0 | L102: =資料儲存!E198 -> 0 | M102: =資料儲存!F198 -> 0 | N102: =資料儲存!G198 -> 0 | O102: =資料儲存!H198 -> 0 | P102: =資料儲存!I198 -> 0 | Q102: =資料儲存!J198 -> 0 | S102: 47 | T102: =資料儲存!D318 -> 0 | U102: =資料儲存!E318 -> 0 | V102: =資料儲存!F318 -> 0 | W102: =資料儲存!G318 -> 0 | X102: =資料儲存!H318 -> 0 | Y102: =資料儲存!I318 -> 0 | Z102: =資料儲存!J318 -> 0 | AB102: 47 | AC102: =資料儲存!D438 -> 0 | AD102: =資料儲存!E438 -> 0 | AE102: =資料儲存!F438 -> 0 | AF102: =資料儲存!G438 -> 0 | AG102: =資料儲存!H438 -> 0 | AH102: =資料儲存!I438 -> 0 | AI102: =資料儲存!J438 -> 0 | AK102: 47 | AL102: =資料儲存!D558 -> 0 | AM102: =資料儲存!E558 -> 0 | AN102: =資料儲存!F558 -> 0 | AO102: =資料儲存!G558 -> 0 | AP102: =資料儲存!H558 -> 0 | AQ102: =資料儲存!I558 -> 0 | AR102: =資料儲存!J558 -> 0 | AT102: 47 | AU102: =資料儲存!D678 -> 0 | AV102: =資料儲存!E678 -> 0 | AW102: =資料儲存!F678 -> 0 | AX102: =資料儲存!G678 -> 0 | AY102: =資料儲存!H678 -> 0 | AZ102: =資料儲存!I678 -> 0 | BA102: =資料儲存!J678 -> 0
A103: 48 | B103: =資料儲存!D79 -> 0 | C103: =資料儲存!E79 -> 0 | D103: =資料儲存!F79 -> 0 | E103: =資料儲存!G79 -> 0 | F103: =資料儲存!H79 -> 0 | G103: =資料儲存!I79 -> 0 | H103: =資料儲存!J79 -> 0 | J103: 48 | K103: =資料儲存!D199 -> 0 | L103: =資料儲存!E199 -> 0 | M103: =資料儲存!F199 -> 0 | N103: =資料儲存!G199 -> 0 | O103: =資料儲存!H199 -> 0 | P103: =資料儲存!I199 -> 0 | Q103: =資料儲存!J199 -> 0 | S103: 48 | T103: =資料儲存!D319 -> 0 | U103: =資料儲存!E319 -> 0 | V103: =資料儲存!F319 -> 0 | W103: =資料儲存!G319 -> 0 | X103: =資料儲存!H319 -> 0 | Y103: =資料儲存!I319 -> 0 | Z103: =資料儲存!J319 -> 0 | AB103: 48 | AC103: =資料儲存!D439 -> 0 | AD103: =資料儲存!E439 -> 0 | AE103: =資料儲存!F439 -> 0 | AF103: =資料儲存!G439 -> 0 | AG103: =資料儲存!H439 -> 0 | AH103: =資料儲存!I439 -> 0 | AI103: =資料儲存!J439 -> 0 | AK103: 48 | AL103: =資料儲存!D559 -> 0 | AM103: =資料儲存!E559 -> 0 | AN103: =資料儲存!F559 -> 0 | AO103: =資料儲存!G559 -> 0 | AP103: =資料儲存!H559 -> 0 | AQ103: =資料儲存!I559 -> 0 | AR103: =資料儲存!J559 -> 0 | AT103: 48 | AU103: =資料儲存!D679 -> 0 | AV103: =資料儲存!E679 -> 0 | AW103: =資料儲存!F679 -> 0 | AX103: =資料儲存!G679 -> 0 | AY103: =資料儲存!H679 -> 0 | AZ103: =資料儲存!I679 -> 0 | BA103: =資料儲存!J679 -> 0
A104: 49 | B104: =資料儲存!D80 -> 0 | C104: =資料儲存!E80 -> 0 | D104: =資料儲存!F80 -> 0 | E104: =資料儲存!G80 -> 0 | F104: =資料儲存!H80 -> 0 | G104: =資料儲存!I80 -> 0 | H104: =資料儲存!J80 -> 0 | J104: 49 | K104: =資料儲存!D200 -> 0 | L104: =資料儲存!E200 -> 0 | M104: =資料儲存!F200 -> 0 | N104: =資料儲存!G200 -> 0 | O104: =資料儲存!H200 -> 0 | P104: =資料儲存!I200 -> 0 | Q104: =資料儲存!J200 -> 0 | S104: 49 | T104: =資料儲存!D320 -> 0 | U104: =資料儲存!E320 -> 0 | V104: =資料儲存!F320 -> 0 | W104: =資料儲存!G320 -> 0 | X104: =資料儲存!H320 -> 0 | Y104: =資料儲存!I320 -> 0 | Z104: =資料儲存!J320 -> 0 | AB104: 49 | AC104: =資料儲存!D440 -> 0 | AD104: =資料儲存!E440 -> 0 | AE104: =資料儲存!F440 -> 0 | AF104: =資料儲存!G440 -> 0 | AG104: =資料儲存!H440 -> 0 | AH104: =資料儲存!I440 -> 0 | AI104: =資料儲存!J440 -> 0 | AK104: 49 | AL104: =資料儲存!D560 -> 0 | AM104: =資料儲存!E560 -> 0 | AN104: =資料儲存!F560 -> 0 | AO104: =資料儲存!G560 -> 0 | AP104: =資料儲存!H560 -> 0 | AQ104: =資料儲存!I560 -> 0 | AR104: =資料儲存!J560 -> 0 | AT104: 49 | AU104: =資料儲存!D680 -> 0 | AV104: =資料儲存!E680 -> 0 | AW104: =資料儲存!F680 -> 0 | AX104: =資料儲存!G680 -> 0 | AY104: =資料儲存!H680 -> 0 | AZ104: =資料儲存!I680 -> 0 | BA104: =資料儲存!J680 -> 0
A105: 50 | B105: =資料儲存!D81 -> 0 | C105: =資料儲存!E81 -> 0 | D105: =資料儲存!F81 -> 0 | E105: =資料儲存!G81 -> 0 | F105: =資料儲存!H81 -> 0 | G105: =資料儲存!I81 -> 0 | H105: =資料儲存!J81 -> 0 | J105: 50 | K105: =資料儲存!D201 -> 0 | L105: =資料儲存!E201 -> 0 | M105: =資料儲存!F201 -> 0 | N105: =資料儲存!G201 -> 0 | O105: =資料儲存!H201 -> 0 | P105: =資料儲存!I201 -> 0 | Q105: =資料儲存!J201 -> 0 | S105: 50 | T105: =資料儲存!D321 -> 0 | U105: =資料儲存!E321 -> 0 | V105: =資料儲存!F321 -> 0 | W105: =資料儲存!G321 -> 0 | X105: =資料儲存!H321 -> 0 | Y105: =資料儲存!I321 -> 0 | Z105: =資料儲存!J321 -> 0 | AB105: 50 | AC105: =資料儲存!D441 -> 0 | AD105: =資料儲存!E441 -> 0 | AE105: =資料儲存!F441 -> 0 | AF105: =資料儲存!G441 -> 0 | AG105: =資料儲存!H441 -> 0 | AH105: =資料儲存!I441 -> 0 | AI105: =資料儲存!J441 -> 0 | AK105: 50 | AL105: =資料儲存!D561 -> 0 | AM105: =資料儲存!E561 -> 0 | AN105: =資料儲存!F561 -> 0 | AO105: =資料儲存!G561 -> 0 | AP105: =資料儲存!H561 -> 0 | AQ105: =資料儲存!I561 -> 0 | AR105: =資料儲存!J561 -> 0 | AT105: 50 | AU105: =資料儲存!D681 -> 0 | AV105: =資料儲存!E681 -> 0 | AW105: =資料儲存!F681 -> 0 | AX105: =資料儲存!G681 -> 0 | AY105: =資料儲存!H681 -> 0 | AZ105: =資料儲存!I681 -> 0 | BA105: =資料儲存!J681 -> 0
A106: 51 | B106: =資料儲存!D82 -> 0 | C106: =資料儲存!E82 -> 0 | D106: =資料儲存!F82 -> 0 | E106: =資料儲存!G82 -> 0 | F106: =資料儲存!H82 -> 0 | G106: =資料儲存!I82 -> 0 | H106: =資料儲存!J82 -> 0 | J106: 51 | K106: =資料儲存!D202 -> 0 | L106: =資料儲存!E202 -> 0 | M106: =資料儲存!F202 -> 0 | N106: =資料儲存!G202 -> 0 | O106: =資料儲存!H202 -> 0 | P106: =資料儲存!I202 -> 0 | Q106: =資料儲存!J202 -> 0 | S106: 51 | T106: =資料儲存!D322 -> 0 | U106: =資料儲存!E322 -> 0 | V106: =資料儲存!F322 -> 0 | W106: =資料儲存!G322 -> 0 | X106: =資料儲存!H322 -> 0 | Y106: =資料儲存!I322 -> 0 | Z106: =資料儲存!J322 -> 0 | AB106: 51 | AC106: =資料儲存!D442 -> 0 | AD106: =資料儲存!E442 -> 0 | AE106: =資料儲存!F442 -> 0 | AF106: =資料儲存!G442 -> 0 | AG106: =資料儲存!H442 -> 0 | AH106: =資料儲存!I442 -> 0 | AI106: =資料儲存!J442 -> 0 | AK106: 51 | AL106: =資料儲存!D562 -> 0 | AM106: =資料儲存!E562 -> 0 | AN106: =資料儲存!F562 -> 0 | AO106: =資料儲存!G562 -> 0 | AP106: =資料儲存!H562 -> 0 | AQ106: =資料儲存!I562 -> 0 | AR106: =資料儲存!J562 -> 0 | AT106: 51 | AU106: =資料儲存!D682 -> 0 | AV106: =資料儲存!E682 -> 0 | AW106: =資料儲存!F682 -> 0 | AX106: =資料儲存!G682 -> 0 | AY106: =資料儲存!H682 -> 0 | AZ106: =資料儲存!I682 -> 0 | BA106: =資料儲存!J682 -> 0
A107: 52 | B107: =資料儲存!D83 -> 0 | C107: =資料儲存!E83 -> 0 | D107: =資料儲存!F83 -> 0 | E107: =資料儲存!G83 -> 0 | F107: =資料儲存!H83 -> 0 | G107: =資料儲存!I83 -> 0 | H107: =資料儲存!J83 -> 0 | J107: 52 | K107: =資料儲存!D203 -> 0 | L107: =資料儲存!E203 -> 0 | M107: =資料儲存!F203 -> 0 | N107: =資料儲存!G203 -> 0 | O107: =資料儲存!H203 -> 0 | P107: =資料儲存!I203 -> 0 | Q107: =資料儲存!J203 -> 0 | S107: 52 | T107: =資料儲存!D323 -> 0 | U107: =資料儲存!E323 -> 0 | V107: =資料儲存!F323 -> 0 | W107: =資料儲存!G323 -> 0 | X107: =資料儲存!H323 -> 0 | Y107: =資料儲存!I323 -> 0 | Z107: =資料儲存!J323 -> 0 | AB107: 52 | AC107: =資料儲存!D443 -> 0 | AD107: =資料儲存!E443 -> 0 | AE107: =資料儲存!F443 -> 0 | AF107: =資料儲存!G443 -> 0 | AG107: =資料儲存!H443 -> 0 | AH107: =資料儲存!I443 -> 0 | AI107: =資料儲存!J443 -> 0 | AK107: 52 | AL107: =資料儲存!D563 -> 0 | AM107: =資料儲存!E563 -> 0 | AN107: =資料儲存!F563 -> 0 | AO107: =資料儲存!G563 -> 0 | AP107: =資料儲存!H563 -> 0 | AQ107: =資料儲存!I563 -> 0 | AR107: =資料儲存!J563 -> 0 | AT107: 52 | AU107: =資料儲存!D683 -> 0 | AV107: =資料儲存!E683 -> 0 | AW107: =資料儲存!F683 -> 0 | AX107: =資料儲存!G683 -> 0 | AY107: =資料儲存!H683 -> 0 | AZ107: =資料儲存!I683 -> 0 | BA107: =資料儲存!J683 -> 0
A108: 53 | B108: =資料儲存!D84 -> 0 | C108: =資料儲存!E84 -> 0 | D108: =資料儲存!F84 -> 0 | E108: =資料儲存!G84 -> 0 | F108: =資料儲存!H84 -> 0 | G108: =資料儲存!I84 -> 0 | H108: =資料儲存!J84 -> 0 | J108: 53 | K108: =資料儲存!D204 -> 0 | L108: =資料儲存!E204 -> 0 | M108: =資料儲存!F204 -> 0 | N108: =資料儲存!G204 -> 0 | O108: =資料儲存!H204 -> 0 | P108: =資料儲存!I204 -> 0 | Q108: =資料儲存!J204 -> 0 | S108: 53 | T108: =資料儲存!D324 -> 0 | U108: =資料儲存!E324 -> 0 | V108: =資料儲存!F324 -> 0 | W108: =資料儲存!G324 -> 0 | X108: =資料儲存!H324 -> 0 | Y108: =資料儲存!I324 -> 0 | Z108: =資料儲存!J324 -> 0 | AB108: 53 | AC108: =資料儲存!D444 -> 0 | AD108: =資料儲存!E444 -> 0 | AE108: =資料儲存!F444 -> 0 | AF108: =資料儲存!G444 -> 0 | AG108: =資料儲存!H444 -> 0 | AH108: =資料儲存!I444 -> 0 | AI108: =資料儲存!J444 -> 0 | AK108: 53 | AL108: =資料儲存!D564 -> 0 | AM108: =資料儲存!E564 -> 0 | AN108: =資料儲存!F564 -> 0 | AO108: =資料儲存!G564 -> 0 | AP108: =資料儲存!H564 -> 0 | AQ108: =資料儲存!I564 -> 0 | AR108: =資料儲存!J564 -> 0 | AT108: 53 | AU108: =資料儲存!D684 -> 0 | AV108: =資料儲存!E684 -> 0 | AW108: =資料儲存!F684 -> 0 | AX108: =資料儲存!G684 -> 0 | AY108: =資料儲存!H684 -> 0 | AZ108: =資料儲存!I684 -> 0 | BA108: =資料儲存!J684 -> 0
A109: 54 | B109: =資料儲存!D85 -> 0 | C109: =資料儲存!E85 -> 0 | D109: =資料儲存!F85 -> 0 | E109: =資料儲存!G85 -> 0 | F109: =資料儲存!H85 -> 0 | G109: =資料儲存!I85 -> 0 | H109: =資料儲存!J85 -> 0 | J109: 54 | K109: =資料儲存!D205 -> 0 | L109: =資料儲存!E205 -> 0 | M109: =資料儲存!F205 -> 0 | N109: =資料儲存!G205 -> 0 | O109: =資料儲存!H205 -> 0 | P109: =資料儲存!I205 -> 0 | Q109: =資料儲存!J205 -> 0 | S109: 54 | T109: =資料儲存!D325 -> 0 | U109: =資料儲存!E325 -> 0 | V109: =資料儲存!F325 -> 0 | W109: =資料儲存!G325 -> 0 | X109: =資料儲存!H325 -> 0 | Y109: =資料儲存!I325 -> 0 | Z109: =資料儲存!J325 -> 0 | AB109: 54 | AC109: =資料儲存!D445 -> 0 | AD109: =資料儲存!E445 -> 0 | AE109: =資料儲存!F445 -> 0 | AF109: =資料儲存!G445 -> 0 | AG109: =資料儲存!H445 -> 0 | AH109: =資料儲存!I445 -> 0 | AI109: =資料儲存!J445 -> 0 | AK109: 54 | AL109: =資料儲存!D565 -> 0 | AM109: =資料儲存!E565 -> 0 | AN109: =資料儲存!F565 -> 0 | AO109: =資料儲存!G565 -> 0 | AP109: =資料儲存!H565 -> 0 | AQ109: =資料儲存!I565 -> 0 | AR109: =資料儲存!J565 -> 0 | AT109: 54 | AU109: =資料儲存!D685 -> 0 | AV109: =資料儲存!E685 -> 0 | AW109: =資料儲存!F685 -> 0 | AX109: =資料儲存!G685 -> 0 | AY109: =資料儲存!H685 -> 0 | AZ109: =資料儲存!I685 -> 0 | BA109: =資料儲存!J685 -> 0
A110: 55 | B110: =資料儲存!D86 -> 0 | C110: =資料儲存!E86 -> 0 | D110: =資料儲存!F86 -> 0 | E110: =資料儲存!G86 -> 0 | F110: =資料儲存!H86 -> 0 | G110: =資料儲存!I86 -> 0 | H110: =資料儲存!J86 -> 0 | J110: 55 | K110: =資料儲存!D206 -> 0 | L110: =資料儲存!E206 -> 0 | M110: =資料儲存!F206 -> 0 | N110: =資料儲存!G206 -> 0 | O110: =資料儲存!H206 -> 0 | P110: =資料儲存!I206 -> 0 | Q110: =資料儲存!J206 -> 0 | S110: 55 | T110: =資料儲存!D326 -> 0 | U110: =資料儲存!E326 -> 0 | V110: =資料儲存!F326 -> 0 | W110: =資料儲存!G326 -> 0 | X110: =資料儲存!H326 -> 0 | Y110: =資料儲存!I326 -> 0 | Z110: =資料儲存!J326 -> 0 | AB110: 55 | AC110: =資料儲存!D446 -> 0 | AD110: =資料儲存!E446 -> 0 | AE110: =資料儲存!F446 -> 0 | AF110: =資料儲存!G446 -> 0 | AG110: =資料儲存!H446 -> 0 | AH110: =資料儲存!I446 -> 0 | AI110: =資料儲存!J446 -> 0 | AK110: 55 | AL110: =資料儲存!D566 -> 0 | AM110: =資料儲存!E566 -> 0 | AN110: =資料儲存!F566 -> 0 | AO110: =資料儲存!G566 -> 0 | AP110: =資料儲存!H566 -> 0 | AQ110: =資料儲存!I566 -> 0 | AR110: =資料儲存!J566 -> 0 | AT110: 55 | AU110: =資料儲存!D686 -> 0 | AV110: =資料儲存!E686 -> 0 | AW110: =資料儲存!F686 -> 0 | AX110: =資料儲存!G686 -> 0 | AY110: =資料儲存!H686 -> 0 | AZ110: =資料儲存!I686 -> 0 | BA110: =資料儲存!J686 -> 0
...

Sheet 假日(16-20)
A1: =基本資料!L11 -> 假日(16-20) | J1: =基本資料!L11 -> 假日(16-20) | S1: =基本資料!L11 -> 假日(16-20) | AB1: =基本資料!L11 -> 假日(16-20) | AK1: =基本資料!L11 -> 假日(16-20) | AT1: =基本資料!L11 -> 假日(16-20)
A2: =CONCATENATE(基本資料!B18,"方向：",基本資料!B19,基本資料!B20) -> A方向： | J2: =CONCATENATE(基本資料!C18,"方向：",基本資料!C19,基本資料!C20) -> B方向： | S2: =CONCATENATE(基本資料!D18,"方向：",基本資料!D19,基本資料!D20) -> C方向： | AB2: =CONCATENATE(基本資料!E18,"方向：",基本資料!E19,基本資料!E20) -> D方向： | AK2: =CONCATENATE(基本資料!F18,"方向：",基本資料!F19,基本資料!F20) -> E方向： | AT2: =CONCATENATE(基本資料!G18,"方向：",基本資料!G19,基本資料!G20) -> F方向：
A3: 16:00~16:15 | J3: 16:00~16:15 | S3: 16:00~16:15 | AB3: 16:00~16:15 | AK3: 16:00~16:15 | AT3: 16:00~16:15
A4: 開始時刻 | B4: 停車在臨近車道上的車輛總數 | F4: 臨近車道上的流量 | J4: 開始時刻 | K4: 停車在臨近車道上的車輛總數 | O4: 臨近車道上的流量 | S4: 開始時刻 | T4: 停車在臨近車道上的車輛總數 | X4: 臨近車道上的流量 | AB4: 開始時刻 | AC4: 停車在臨近車道上的車輛總數 | AG4: 臨近車道上的流量 | AK4: 開始時刻 | AL4: 停車在臨近車道上的車輛總數 | AP4: 臨近車道上的流量 | AT4: 開始時刻 | AU4: 停車在臨近車道上的車輛總數 | AY4: 臨近車道上的流量
A5: 0.66666667 | B5: 0秒 | C5: 15秒 | D5: 30秒 | E5: 45秒 | F5: 總數 | G5: 未受阻 | H5: 受阻 | J5: 0.66666667 | K5: 0秒 | L5: 15秒 | M5: 30秒 | N5: 45秒 | O5: 總數 | P5: 未受阻 | Q5: 受阻 | S5: 0.66666667 | T5: 0秒 | U5: 15秒 | V5: 30秒 | W5: 45秒 | X5: 總數 | Y5: 未受阻 | Z5: 受阻 | AB5: 0.66666667 | AC5: 0秒 | AD5: 15秒 | AE5: 30秒 | AF5: 45秒 | AG5: 總數 | AH5: 未受阻 | AI5: 受阻 | AK5: 0.66666667 | AL5: 0秒 | AM5: 15秒 | AN5: 30秒 | AO5: 45秒 | AP5: 總數 | AQ5: 未受阻 | AR5: 受阻 | AT5: 0.66666667 | AU5: 0秒 | AV5: 15秒 | AW5: 30秒 | AX5: 45秒 | AY5: 總數 | AZ5: 未受阻 | BA5: 受阻
A6: 1 | B6: =資料儲存!D6122 -> 0 | C6: =資料儲存!E6122 -> 0 | D6: =資料儲存!F6122 -> 0 | E6: =資料儲存!G6122 -> 0 | F6: =資料儲存!H6122 -> 0 | G6: =資料儲存!I6122 -> 0 | H6: =資料儲存!J6122 -> 0 | J6: 1 | K6: =資料儲存!D6362 -> 0 | L6: =資料儲存!E6362 -> 0 | M6: =資料儲存!F6362 -> 0 | N6: =資料儲存!G6362 -> 0 | O6: =資料儲存!H6362 -> 0 | P6: =資料儲存!I6362 -> 0 | Q6: =資料儲存!J6362 -> 0 | S6: 1 | T6: =資料儲存!D6602 -> 0 | U6: =資料儲存!E6602 -> 0 | V6: =資料儲存!F6602 -> 0 | W6: =資料儲存!G6602 -> 0 | X6: =資料儲存!H6602 -> 0 | Y6: =資料儲存!I6602 -> 0 | Z6: =資料儲存!J6602 -> 0 | AB6: 1 | AC6: =資料儲存!D6842 -> 0 | AD6: =資料儲存!E6842 -> 0 | AE6: =資料儲存!F6842 -> 0 | AF6: =資料儲存!G6842 -> 0 | AG6: =資料儲存!H6842 -> 0 | AH6: =資料儲存!I6842 -> 0 | AI6: =資料儲存!J6842 -> 0 | AK6: 1 | AL6: =資料儲存!D7082 -> 0 | AM6: =資料儲存!E7082 -> 0 | AN6: =資料儲存!F7082 -> 0 | AO6: =資料儲存!G7082 -> 0 | AP6: =資料儲存!H7082 -> 0 | AQ6: =資料儲存!I7082 -> 0 | AR6: =資料儲存!J7082 -> 0 | AT6: 1 | AU6: =資料儲存!D7322 -> 0 | AV6: =資料儲存!E7322 -> 0 | AW6: =資料儲存!F7322 -> 0 | AX6: =資料儲存!G7322 -> 0 | AY6: =資料儲存!H7322 -> 0 | AZ6: =資料儲存!I7322 -> 0 | BA6: =資料儲存!J7322 -> 0
A7: 2 | B7: =資料儲存!D6123 -> 0 | C7: =資料儲存!E6123 -> 0 | D7: =資料儲存!F6123 -> 0 | E7: =資料儲存!G6123 -> 0 | F7: =資料儲存!H6123 -> 0 | G7: =資料儲存!I6123 -> 0 | H7: =資料儲存!J6123 -> 0 | J7: 2 | K7: =資料儲存!D6363 -> 0 | L7: =資料儲存!E6363 -> 0 | M7: =資料儲存!F6363 -> 0 | N7: =資料儲存!G6363 -> 0 | O7: =資料儲存!H6363 -> 0 | P7: =資料儲存!I6363 -> 0 | Q7: =資料儲存!J6363 -> 0 | S7: 2 | T7: =資料儲存!D6603 -> 0 | U7: =資料儲存!E6603 -> 0 | V7: =資料儲存!F6603 -> 0 | W7: =資料儲存!G6603 -> 0 | X7: =資料儲存!H6603 -> 0 | Y7: =資料儲存!I6603 -> 0 | Z7: =資料儲存!J6603 -> 0 | AB7: 2 | AC7: =資料儲存!D6843 -> 0 | AD7: =資料儲存!E6843 -> 0 | AE7: =資料儲存!F6843 -> 0 | AF7: =資料儲存!G6843 -> 0 | AG7: =資料儲存!H6843 -> 0 | AH7: =資料儲存!I6843 -> 0 | AI7: =資料儲存!J6843 -> 0 | AK7: 2 | AL7: =資料儲存!D7083 -> 0 | AM7: =資料儲存!E7083 -> 0 | AN7: =資料儲存!F7083 -> 0 | AO7: =資料儲存!G7083 -> 0 | AP7: =資料儲存!H7083 -> 0 | AQ7: =資料儲存!I7083 -> 0 | AR7: =資料儲存!J7083 -> 0 | AT7: 2 | AU7: =資料儲存!D7323 -> 0 | AV7: =資料儲存!E7323 -> 0 | AW7: =資料儲存!F7323 -> 0 | AX7: =資料儲存!G7323 -> 0 | AY7: =資料儲存!H7323 -> 0 | AZ7: =資料儲存!I7323 -> 0 | BA7: =資料儲存!J7323 -> 0
A8: 3 | B8: =資料儲存!D6124 -> 0 | C8: =資料儲存!E6124 -> 0 | D8: =資料儲存!F6124 -> 0 | E8: =資料儲存!G6124 -> 0 | F8: =資料儲存!H6124 -> 0 | G8: =資料儲存!I6124 -> 0 | H8: =資料儲存!J6124 -> 0 | J8: 3 | K8: =資料儲存!D6364 -> 0 | L8: =資料儲存!E6364 -> 0 | M8: =資料儲存!F6364 -> 0 | N8: =資料儲存!G6364 -> 0 | O8: =資料儲存!H6364 -> 0 | P8: =資料儲存!I6364 -> 0 | Q8: =資料儲存!J6364 -> 0 | S8: 3 | T8: =資料儲存!D6604 -> 0 | U8: =資料儲存!E6604 -> 0 | V8: =資料儲存!F6604 -> 0 | W8: =資料儲存!G6604 -> 0 | X8: =資料儲存!H6604 -> 0 | Y8: =資料儲存!I6604 -> 0 | Z8: =資料儲存!J6604 -> 0 | AB8: 3 | AC8: =資料儲存!D6844 -> 0 | AD8: =資料儲存!E6844 -> 0 | AE8: =資料儲存!F6844 -> 0 | AF8: =資料儲存!G6844 -> 0 | AG8: =資料儲存!H6844 -> 0 | AH8: =資料儲存!I6844 -> 0 | AI8: =資料儲存!J6844 -> 0 | AK8: 3 | AL8: =資料儲存!D7084 -> 0 | AM8: =資料儲存!E7084 -> 0 | AN8: =資料儲存!F7084 -> 0 | AO8: =資料儲存!G7084 -> 0 | AP8: =資料儲存!H7084 -> 0 | AQ8: =資料儲存!I7084 -> 0 | AR8: =資料儲存!J7084 -> 0 | AT8: 3 | AU8: =資料儲存!D7324 -> 0 | AV8: =資料儲存!E7324 -> 0 | AW8: =資料儲存!F7324 -> 0 | AX8: =資料儲存!G7324 -> 0 | AY8: =資料儲存!H7324 -> 0 | AZ8: =資料儲存!I7324 -> 0 | BA8: =資料儲存!J7324 -> 0
A9: 4 | B9: =資料儲存!D6125 -> 0 | C9: =資料儲存!E6125 -> 0 | D9: =資料儲存!F6125 -> 0 | E9: =資料儲存!G6125 -> 0 | F9: =資料儲存!H6125 -> 0 | G9: =資料儲存!I6125 -> 0 | H9: =資料儲存!J6125 -> 0 | J9: 4 | K9: =資料儲存!D6365 -> 0 | L9: =資料儲存!E6365 -> 0 | M9: =資料儲存!F6365 -> 0 | N9: =資料儲存!G6365 -> 0 | O9: =資料儲存!H6365 -> 0 | P9: =資料儲存!I6365 -> 0 | Q9: =資料儲存!J6365 -> 0 | S9: 4 | T9: =資料儲存!D6605 -> 0 | U9: =資料儲存!E6605 -> 0 | V9: =資料儲存!F6605 -> 0 | W9: =資料儲存!G6605 -> 0 | X9: =資料儲存!H6605 -> 0 | Y9: =資料儲存!I6605 -> 0 | Z9: =資料儲存!J6605 -> 0 | AB9: 4 | AC9: =資料儲存!D6845 -> 0 | AD9: =資料儲存!E6845 -> 0 | AE9: =資料儲存!F6845 -> 0 | AF9: =資料儲存!G6845 -> 0 | AG9: =資料儲存!H6845 -> 0 | AH9: =資料儲存!I6845 -> 0 | AI9: =資料儲存!J6845 -> 0 | AK9: 4 | AL9: =資料儲存!D7085 -> 0 | AM9: =資料儲存!E7085 -> 0 | AN9: =資料儲存!F7085 -> 0 | AO9: =資料儲存!G7085 -> 0 | AP9: =資料儲存!H7085 -> 0 | AQ9: =資料儲存!I7085 -> 0 | AR9: =資料儲存!J7085 -> 0 | AT9: 4 | AU9: =資料儲存!D7325 -> 0 | AV9: =資料儲存!E7325 -> 0 | AW9: =資料儲存!F7325 -> 0 | AX9: =資料儲存!G7325 -> 0 | AY9: =資料儲存!H7325 -> 0 | AZ9: =資料儲存!I7325 -> 0 | BA9: =資料儲存!J7325 -> 0
A10: 5 | B10: =資料儲存!D6126 -> 0 | C10: =資料儲存!E6126 -> 0 | D10: =資料儲存!F6126 -> 0 | E10: =資料儲存!G6126 -> 0 | F10: =資料儲存!H6126 -> 0 | G10: =資料儲存!I6126 -> 0 | H10: =資料儲存!J6126 -> 0 | J10: 5 | K10: =資料儲存!D6366 -> 0 | L10: =資料儲存!E6366 -> 0 | M10: =資料儲存!F6366 -> 0 | N10: =資料儲存!G6366 -> 0 | O10: =資料儲存!H6366 -> 0 | P10: =資料儲存!I6366 -> 0 | Q10: =資料儲存!J6366 -> 0 | S10: 5 | T10: =資料儲存!D6606 -> 0 | U10: =資料儲存!E6606 -> 0 | V10: =資料儲存!F6606 -> 0 | W10: =資料儲存!G6606 -> 0 | X10: =資料儲存!H6606 -> 0 | Y10: =資料儲存!I6606 -> 0 | Z10: =資料儲存!J6606 -> 0 | AB10: 5 | AC10: =資料儲存!D6846 -> 0 | AD10: =資料儲存!E6846 -> 0 | AE10: =資料儲存!F6846 -> 0 | AF10: =資料儲存!G6846 -> 0 | AG10: =資料儲存!H6846 -> 0 | AH10: =資料儲存!I6846 -> 0 | AI10: =資料儲存!J6846 -> 0 | AK10: 5 | AL10: =資料儲存!D7086 -> 0 | AM10: =資料儲存!E7086 -> 0 | AN10: =資料儲存!F7086 -> 0 | AO10: =資料儲存!G7086 -> 0 | AP10: =資料儲存!H7086 -> 0 | AQ10: =資料儲存!I7086 -> 0 | AR10: =資料儲存!J7086 -> 0 | AT10: 5 | AU10: =資料儲存!D7326 -> 0 | AV10: =資料儲存!E7326 -> 0 | AW10: =資料儲存!F7326 -> 0 | AX10: =資料儲存!G7326 -> 0 | AY10: =資料儲存!H7326 -> 0 | AZ10: =資料儲存!I7326 -> 0 | BA10: =資料儲存!J7326 -> 0
A11: 6 | B11: =資料儲存!D6127 -> 0 | C11: =資料儲存!E6127 -> 0 | D11: =資料儲存!F6127 -> 0 | E11: =資料儲存!G6127 -> 0 | F11: =資料儲存!H6127 -> 0 | G11: =資料儲存!I6127 -> 0 | H11: =資料儲存!J6127 -> 0 | J11: 6 | K11: =資料儲存!D6367 -> 0 | L11: =資料儲存!E6367 -> 0 | M11: =資料儲存!F6367 -> 0 | N11: =資料儲存!G6367 -> 0 | O11: =資料儲存!H6367 -> 0 | P11: =資料儲存!I6367 -> 0 | Q11: =資料儲存!J6367 -> 0 | S11: 6 | T11: =資料儲存!D6607 -> 0 | U11: =資料儲存!E6607 -> 0 | V11: =資料儲存!F6607 -> 0 | W11: =資料儲存!G6607 -> 0 | X11: =資料儲存!H6607 -> 0 | Y11: =資料儲存!I6607 -> 0 | Z11: =資料儲存!J6607 -> 0 | AB11: 6 | AC11: =資料儲存!D6847 -> 0 | AD11: =資料儲存!E6847 -> 0 | AE11: =資料儲存!F6847 -> 0 | AF11: =資料儲存!G6847 -> 0 | AG11: =資料儲存!H6847 -> 0 | AH11: =資料儲存!I6847 -> 0 | AI11: =資料儲存!J6847 -> 0 | AK11: 6 | AL11: =資料儲存!D7087 -> 0 | AM11: =資料儲存!E7087 -> 0 | AN11: =資料儲存!F7087 -> 0 | AO11: =資料儲存!G7087 -> 0 | AP11: =資料儲存!H7087 -> 0 | AQ11: =資料儲存!I7087 -> 0 | AR11: =資料儲存!J7087 -> 0 | AT11: 6 | AU11: =資料儲存!D7327 -> 0 | AV11: =資料儲存!E7327 -> 0 | AW11: =資料儲存!F7327 -> 0 | AX11: =資料儲存!G7327 -> 0 | AY11: =資料儲存!H7327 -> 0 | AZ11: =資料儲存!I7327 -> 0 | BA11: =資料儲存!J7327 -> 0
A12: 7 | B12: =資料儲存!D6128 -> 0 | C12: =資料儲存!E6128 -> 0 | D12: =資料儲存!F6128 -> 0 | E12: =資料儲存!G6128 -> 0 | F12: =資料儲存!H6128 -> 0 | G12: =資料儲存!I6128 -> 0 | H12: =資料儲存!J6128 -> 0 | J12: 7 | K12: =資料儲存!D6368 -> 0 | L12: =資料儲存!E6368 -> 0 | M12: =資料儲存!F6368 -> 0 | N12: =資料儲存!G6368 -> 0 | O12: =資料儲存!H6368 -> 0 | P12: =資料儲存!I6368 -> 0 | Q12: =資料儲存!J6368 -> 0 | S12: 7 | T12: =資料儲存!D6608 -> 0 | U12: =資料儲存!E6608 -> 0 | V12: =資料儲存!F6608 -> 0 | W12: =資料儲存!G6608 -> 0 | X12: =資料儲存!H6608 -> 0 | Y12: =資料儲存!I6608 -> 0 | Z12: =資料儲存!J6608 -> 0 | AB12: 7 | AC12: =資料儲存!D6848 -> 0 | AD12: =資料儲存!E6848 -> 0 | AE12: =資料儲存!F6848 -> 0 | AF12: =資料儲存!G6848 -> 0 | AG12: =資料儲存!H6848 -> 0 | AH12: =資料儲存!I6848 -> 0 | AI12: =資料儲存!J6848 -> 0 | AK12: 7 | AL12: =資料儲存!D7088 -> 0 | AM12: =資料儲存!E7088 -> 0 | AN12: =資料儲存!F7088 -> 0 | AO12: =資料儲存!G7088 -> 0 | AP12: =資料儲存!H7088 -> 0 | AQ12: =資料儲存!I7088 -> 0 | AR12: =資料儲存!J7088 -> 0 | AT12: 7 | AU12: =資料儲存!D7328 -> 0 | AV12: =資料儲存!E7328 -> 0 | AW12: =資料儲存!F7328 -> 0 | AX12: =資料儲存!G7328 -> 0 | AY12: =資料儲存!H7328 -> 0 | AZ12: =資料儲存!I7328 -> 0 | BA12: =資料儲存!J7328 -> 0
A13: 8 | B13: =資料儲存!D6129 -> 0 | C13: =資料儲存!E6129 -> 0 | D13: =資料儲存!F6129 -> 0 | E13: =資料儲存!G6129 -> 0 | F13: =資料儲存!H6129 -> 0 | G13: =資料儲存!I6129 -> 0 | H13: =資料儲存!J6129 -> 0 | J13: 8 | K13: =資料儲存!D6369 -> 0 | L13: =資料儲存!E6369 -> 0 | M13: =資料儲存!F6369 -> 0 | N13: =資料儲存!G6369 -> 0 | O13: =資料儲存!H6369 -> 0 | P13: =資料儲存!I6369 -> 0 | Q13: =資料儲存!J6369 -> 0 | S13: 8 | T13: =資料儲存!D6609 -> 0 | U13: =資料儲存!E6609 -> 0 | V13: =資料儲存!F6609 -> 0 | W13: =資料儲存!G6609 -> 0 | X13: =資料儲存!H6609 -> 0 | Y13: =資料儲存!I6609 -> 0 | Z13: =資料儲存!J6609 -> 0 | AB13: 8 | AC13: =資料儲存!D6849 -> 0 | AD13: =資料儲存!E6849 -> 0 | AE13: =資料儲存!F6849 -> 0 | AF13: =資料儲存!G6849 -> 0 | AG13: =資料儲存!H6849 -> 0 | AH13: =資料儲存!I6849 -> 0 | AI13: =資料儲存!J6849 -> 0 | AK13: 8 | AL13: =資料儲存!D7089 -> 0 | AM13: =資料儲存!E7089 -> 0 | AN13: =資料儲存!F7089 -> 0 | AO13: =資料儲存!G7089 -> 0 | AP13: =資料儲存!H7089 -> 0 | AQ13: =資料儲存!I7089 -> 0 | AR13: =資料儲存!J7089 -> 0 | AT13: 8 | AU13: =資料儲存!D7329 -> 0 | AV13: =資料儲存!E7329 -> 0 | AW13: =資料儲存!F7329 -> 0 | AX13: =資料儲存!G7329 -> 0 | AY13: =資料儲存!H7329 -> 0 | AZ13: =資料儲存!I7329 -> 0 | BA13: =資料儲存!J7329 -> 0
A14: 9 | B14: =資料儲存!D6130 -> 0 | C14: =資料儲存!E6130 -> 0 | D14: =資料儲存!F6130 -> 0 | E14: =資料儲存!G6130 -> 0 | F14: =資料儲存!H6130 -> 0 | G14: =資料儲存!I6130 -> 0 | H14: =資料儲存!J6130 -> 0 | J14: 9 | K14: =資料儲存!D6370 -> 0 | L14: =資料儲存!E6370 -> 0 | M14: =資料儲存!F6370 -> 0 | N14: =資料儲存!G6370 -> 0 | O14: =資料儲存!H6370 -> 0 | P14: =資料儲存!I6370 -> 0 | Q14: =資料儲存!J6370 -> 0 | S14: 9 | T14: =資料儲存!D6610 -> 0 | U14: =資料儲存!E6610 -> 0 | V14: =資料儲存!F6610 -> 0 | W14: =資料儲存!G6610 -> 0 | X14: =資料儲存!H6610 -> 0 | Y14: =資料儲存!I6610 -> 0 | Z14: =資料儲存!J6610 -> 0 | AB14: 9 | AC14: =資料儲存!D6850 -> 0 | AD14: =資料儲存!E6850 -> 0 | AE14: =資料儲存!F6850 -> 0 | AF14: =資料儲存!G6850 -> 0 | AG14: =資料儲存!H6850 -> 0 | AH14: =資料儲存!I6850 -> 0 | AI14: =資料儲存!J6850 -> 0 | AK14: 9 | AL14: =資料儲存!D7090 -> 0 | AM14: =資料儲存!E7090 -> 0 | AN14: =資料儲存!F7090 -> 0 | AO14: =資料儲存!G7090 -> 0 | AP14: =資料儲存!H7090 -> 0 | AQ14: =資料儲存!I7090 -> 0 | AR14: =資料儲存!J7090 -> 0 | AT14: 9 | AU14: =資料儲存!D7330 -> 0 | AV14: =資料儲存!E7330 -> 0 | AW14: =資料儲存!F7330 -> 0 | AX14: =資料儲存!G7330 -> 0 | AY14: =資料儲存!H7330 -> 0 | AZ14: =資料儲存!I7330 -> 0 | BA14: =資料儲存!J7330 -> 0
A15: 10 | B15: =資料儲存!D6131 -> 0 | C15: =資料儲存!E6131 -> 0 | D15: =資料儲存!F6131 -> 0 | E15: =資料儲存!G6131 -> 0 | F15: =資料儲存!H6131 -> 0 | G15: =資料儲存!I6131 -> 0 | H15: =資料儲存!J6131 -> 0 | J15: 10 | K15: =資料儲存!D6371 -> 0 | L15: =資料儲存!E6371 -> 0 | M15: =資料儲存!F6371 -> 0 | N15: =資料儲存!G6371 -> 0 | O15: =資料儲存!H6371 -> 0 | P15: =資料儲存!I6371 -> 0 | Q15: =資料儲存!J6371 -> 0 | S15: 10 | T15: =資料儲存!D6611 -> 0 | U15: =資料儲存!E6611 -> 0 | V15: =資料儲存!F6611 -> 0 | W15: =資料儲存!G6611 -> 0 | X15: =資料儲存!H6611 -> 0 | Y15: =資料儲存!I6611 -> 0 | Z15: =資料儲存!J6611 -> 0 | AB15: 10 | AC15: =資料儲存!D6851 -> 0 | AD15: =資料儲存!E6851 -> 0 | AE15: =資料儲存!F6851 -> 0 | AF15: =資料儲存!G6851 -> 0 | AG15: =資料儲存!H6851 -> 0 | AH15: =資料儲存!I6851 -> 0 | AI15: =資料儲存!J6851 -> 0 | AK15: 10 | AL15: =資料儲存!D7091 -> 0 | AM15: =資料儲存!E7091 -> 0 | AN15: =資料儲存!F7091 -> 0 | AO15: =資料儲存!G7091 -> 0 | AP15: =資料儲存!H7091 -> 0 | AQ15: =資料儲存!I7091 -> 0 | AR15: =資料儲存!J7091 -> 0 | AT15: 10 | AU15: =資料儲存!D7331 -> 0 | AV15: =資料儲存!E7331 -> 0 | AW15: =資料儲存!F7331 -> 0 | AX15: =資料儲存!G7331 -> 0 | AY15: =資料儲存!H7331 -> 0 | AZ15: =資料儲存!I7331 -> 0 | BA15: =資料儲存!J7331 -> 0
A16: 11 | B16: =資料儲存!D6132 -> 0 | C16: =資料儲存!E6132 -> 0 | D16: =資料儲存!F6132 -> 0 | E16: =資料儲存!G6132 -> 0 | F16: =資料儲存!H6132 -> 0 | G16: =資料儲存!I6132 -> 0 | H16: =資料儲存!J6132 -> 0 | J16: 11 | K16: =資料儲存!D6372 -> 0 | L16: =資料儲存!E6372 -> 0 | M16: =資料儲存!F6372 -> 0 | N16: =資料儲存!G6372 -> 0 | O16: =資料儲存!H6372 -> 0 | P16: =資料儲存!I6372 -> 0 | Q16: =資料儲存!J6372 -> 0 | S16: 11 | T16: =資料儲存!D6612 -> 0 | U16: =資料儲存!E6612 -> 0 | V16: =資料儲存!F6612 -> 0 | W16: =資料儲存!G6612 -> 0 | X16: =資料儲存!H6612 -> 0 | Y16: =資料儲存!I6612 -> 0 | Z16: =資料儲存!J6612 -> 0 | AB16: 11 | AC16: =資料儲存!D6852 -> 0 | AD16: =資料儲存!E6852 -> 0 | AE16: =資料儲存!F6852 -> 0 | AF16: =資料儲存!G6852 -> 0 | AG16: =資料儲存!H6852 -> 0 | AH16: =資料儲存!I6852 -> 0 | AI16: =資料儲存!J6852 -> 0 | AK16: 11 | AL16: =資料儲存!D7092 -> 0 | AM16: =資料儲存!E7092 -> 0 | AN16: =資料儲存!F7092 -> 0 | AO16: =資料儲存!G7092 -> 0 | AP16: =資料儲存!H7092 -> 0 | AQ16: =資料儲存!I7092 -> 0 | AR16: =資料儲存!J7092 -> 0 | AT16: 11 | AU16: =資料儲存!D7332 -> 0 | AV16: =資料儲存!E7332 -> 0 | AW16: =資料儲存!F7332 -> 0 | AX16: =資料儲存!G7332 -> 0 | AY16: =資料儲存!H7332 -> 0 | AZ16: =資料儲存!I7332 -> 0 | BA16: =資料儲存!J7332 -> 0
A17: 12 | B17: =資料儲存!D6133 -> 0 | C17: =資料儲存!E6133 -> 0 | D17: =資料儲存!F6133 -> 0 | E17: =資料儲存!G6133 -> 0 | F17: =資料儲存!H6133 -> 0 | G17: =資料儲存!I6133 -> 0 | H17: =資料儲存!J6133 -> 0 | J17: 12 | K17: =資料儲存!D6373 -> 0 | L17: =資料儲存!E6373 -> 0 | M17: =資料儲存!F6373 -> 0 | N17: =資料儲存!G6373 -> 0 | O17: =資料儲存!H6373 -> 0 | P17: =資料儲存!I6373 -> 0 | Q17: =資料儲存!J6373 -> 0 | S17: 12 | T17: =資料儲存!D6613 -> 0 | U17: =資料儲存!E6613 -> 0 | V17: =資料儲存!F6613 -> 0 | W17: =資料儲存!G6613 -> 0 | X17: =資料儲存!H6613 -> 0 | Y17: =資料儲存!I6613 -> 0 | Z17: =資料儲存!J6613 -> 0 | AB17: 12 | AC17: =資料儲存!D6853 -> 0 | AD17: =資料儲存!E6853 -> 0 | AE17: =資料儲存!F6853 -> 0 | AF17: =資料儲存!G6853 -> 0 | AG17: =資料儲存!H6853 -> 0 | AH17: =資料儲存!I6853 -> 0 | AI17: =資料儲存!J6853 -> 0 | AK17: 12 | AL17: =資料儲存!D7093 -> 0 | AM17: =資料儲存!E7093 -> 0 | AN17: =資料儲存!F7093 -> 0 | AO17: =資料儲存!G7093 -> 0 | AP17: =資料儲存!H7093 -> 0 | AQ17: =資料儲存!I7093 -> 0 | AR17: =資料儲存!J7093 -> 0 | AT17: 12 | AU17: =資料儲存!D7333 -> 0 | AV17: =資料儲存!E7333 -> 0 | AW17: =資料儲存!F7333 -> 0 | AX17: =資料儲存!G7333 -> 0 | AY17: =資料儲存!H7333 -> 0 | AZ17: =資料儲存!I7333 -> 0 | BA17: =資料儲存!J7333 -> 0
... A20: 15 | B20: =資料儲存!D6136 -> 0 | C20: =資料儲存!E6136 -> 0 | D20: =資料儲存!F6136 -> 0 | E20: =資料儲存!G6136 -> 0 | F20: =資料儲存!H6136 -> 0 | G20: =資料儲存!I6136 -> 0 | H20: =資料儲存!J6136 -> 0 | J20: 15 | K20: =資料儲存!D6376 -> 0 | L20: =資料儲存!E6376 -> 0 | M20: =資料儲存!F6376 -> 0 | N20: =資料儲存!G6376 -> 0 | O20: =資料儲存!H6376 -> 0 | P20: =資料儲存!I6376 -> 0 | Q20: =資料儲存!J6376 -> 0 | S20: 15 | T20: =資料儲存!D6616 -> 0 | U20: =資料儲存!E6616 -> 0 | V20: =資料儲存!F6616 -> 0 | W20: =資料儲存!G6616 -> 0 | X20: =資料儲存!H6616 -> 0 | Y20: =資料儲存!I6616 -> 0 | Z20: =資料儲存!J6616 -> 0 | AB20: 15 | AC20: =資料儲存!D6856 -> 0 | AD20: =資料儲存!E6856 -> 0 | AE20: =資料儲存!F6856 -> 0 | AF20: =資料儲存!G6856 -> 0 | AG20: =資料儲存!H6856 -> 0 | AH20: =資料儲存!I6856 -> 0 | AI20: =資料儲存!J6856 -> 0 | AK20: 15 | AL20: =資料儲存!D7096 -> 0 | AM20: =資料儲存!E7096 -> 0 | AN20: =資料儲存!F7096 -> 0 | AO20: =資料儲存!G7096 -> 0 | AP20: =資料儲存!H7096 -> 0 | AQ20: =資料儲存!I7096 -> 0 | AR20: =資料儲存!J7096 -> 0 | AT20: 15 | AU20: =資料儲存!D7336 -> 0 | AV20: =資料儲存!E7336 -> 0 | AW20: =資料儲存!F7336 -> 0 | AX20: =資料儲存!G7336 -> 0 | AY20: =資料儲存!H7336 -> 0 | AZ20: =資料儲存!I7336 -> 0 | BA20: =資料儲存!J7336 -> 0
A21: 總 計 | B21: =SUM(B6:E20) -> 0 | F21: =F20 -> 0 | G21: =G20 -> 0 | H21: =H20 -> 0 | J21: 總 計 | K21: =SUM(K6:N20) -> 0 | O21: =O20 -> 0 | P21: =P20 -> 0 | Q21: =Q20 -> 0 | S21: 總 計 | T21: =SUM(T6:W20) -> 0 | X21: =X20 -> 0 | Y21: =Y20 -> 0 | Z21: =Z20 -> 0 | AB21: 總 計 | AC21: =SUM(AC6:AF20) -> 0 | AG21: =AG20 -> 0 | AH21: =AH20 -> 0 | AI21: =AI20 -> 0 | AK21: 總 計 | AL21: =SUM(AL6:AO20) -> 0 | AP21: =AP20 -> 0 | AQ21: =AQ20 -> 0 | AR21: =AR20 -> 0 | AT21: 總 計 | AU21: =SUM(AU6:AX20) -> 0 | AY21: =AY20 -> 0 | AZ21: =AZ20 -> 0 | BA21: =BA20 -> 0
A22: 16:15~16:30 | J22: 16:15~16:30 | S22: 16:15~16:30 | AB22: 16:15~16:30 | AK22: 16:15~16:30 | AT22: 16:15~16:30
A23: 開始時刻 | B23: 停車在臨近車道上的車輛總數 | F23: 臨近車道上的流量 | J23: 開始時刻 | K23: 停車在臨近車道上的車輛總數 | O23: 臨近車道上的流量 | S23: 開始時刻 | T23: 停車在臨近車道上的車輛總數 | X23: 臨近車道上的流量 | AB23: 開始時刻 | AC23: 停車在臨近車道上的車輛總數 | AG23: 臨近車道上的流量 | AK23: 開始時刻 | AL23: 停車在臨近車道上的車輛總數 | AP23: 臨近車道上的流量 | AT23: 開始時刻 | AU23: 停車在臨近車道上的車輛總數 | AY23: 臨近車道上的流量
A24: 0.67708333 | B24: 0秒 | C24: 15秒 | D24: 30秒 | E24: 45秒 | F24: 總數 | G24: 未受阻 | H24: 受阻 | J24: 0.67708333 | K24: 0秒 | L24: 15秒 | M24: 30秒 | N24: 45秒 | O24: 總數 | P24: 未受阻 | Q24: 受阻 | S24: 0.67708333 | T24: 0秒 | U24: 15秒 | V24: 30秒 | W24: 45秒 | X24: 總數 | Y24: 未受阻 | Z24: 受阻 | AB24: 0.67708333 | AC24: 0秒 | AD24: 15秒 | AE24: 30秒 | AF24: 45秒 | AG24: 總數 | AH24: 未受阻 | AI24: 受阻 | AK24: 0.67708333 | AL24: 0秒 | AM24: 15秒 | AN24: 30秒 | AO24: 45秒 | AP24: 總數 | AQ24: 未受阻 | AR24: 受阻 | AT24: 0.67708333 | AU24: 0秒 | AV24: 15秒 | AW24: 30秒 | AX24: 45秒 | AY24: 總數 | AZ24: 未受阻 | BA24: 受阻
A25: 16 | B25: =資料儲存!D6137 -> 0 | C25: =資料儲存!E6137 -> 0 | D25: =資料儲存!F6137 -> 0 | E25: =資料儲存!G6137 -> 0 | F25: =資料儲存!H6137 -> 0 | G25: =資料儲存!I6137 -> 0 | H25: =資料儲存!J6137 -> 0 | J25: 16 | K25: =資料儲存!D6377 -> 0 | L25: =資料儲存!E6377 -> 0 | M25: =資料儲存!F6377 -> 0 | N25: =資料儲存!G6377 -> 0 | O25: =資料儲存!H6377 -> 0 | P25: =資料儲存!I6377 -> 0 | Q25: =資料儲存!J6377 -> 0 | S25: 16 | T25: =資料儲存!D6617 -> 0 | U25: =資料儲存!E6617 -> 0 | V25: =資料儲存!F6617 -> 0 | W25: =資料儲存!G6617 -> 0 | X25: =資料儲存!H6617 -> 0 | Y25: =資料儲存!I6617 -> 0 | Z25: =資料儲存!J6617 -> 0 | AB25: 16 | AC25: =資料儲存!D6857 -> 0 | AD25: =資料儲存!E6857 -> 0 | AE25: =資料儲存!F6857 -> 0 | AF25: =資料儲存!G6857 -> 0 | AG25: =資料儲存!H6857 -> 0 | AH25: =資料儲存!I6857 -> 0 | AI25: =資料儲存!J6857 -> 0 | AK25: 16 | AL25: =資料儲存!D7097 -> 0 | AM25: =資料儲存!E7097 -> 0 | AN25: =資料儲存!F7097 -> 0 | AO25: =資料儲存!G7097 -> 0 | AP25: =資料儲存!H7097 -> 0 | AQ25: =資料儲存!I7097 -> 0 | AR25: =資料儲存!J7097 -> 0 | AT25: 16 | AU25: =資料儲存!D7337 -> 0 | AV25: =資料儲存!E7337 -> 0 | AW25: =資料儲存!F7337 -> 0 | AX25: =資料儲存!G7337 -> 0 | AY25: =資料儲存!H7337 -> 0 | AZ25: =資料儲存!I7337 -> 0 | BA25: =資料儲存!J7337 -> 0
A26: 17 | B26: =資料儲存!D6138 -> 0 | C26: =資料儲存!E6138 -> 0 | D26: =資料儲存!F6138 -> 0 | E26: =資料儲存!G6138 -> 0 | F26: =資料儲存!H6138 -> 0 | G26: =資料儲存!I6138 -> 0 | H26: =資料儲存!J6138 -> 0 | J26: 17 | K26: =資料儲存!D6378 -> 0 | L26: =資料儲存!E6378 -> 0 | M26: =資料儲存!F6378 -> 0 | N26: =資料儲存!G6378 -> 0 | O26: =資料儲存!H6378 -> 0 | P26: =資料儲存!I6378 -> 0 | Q26: =資料儲存!J6378 -> 0 | S26: 17 | T26: =資料儲存!D6618 -> 0 | U26: =資料儲存!E6618 -> 0 | V26: =資料儲存!F6618 -> 0 | W26: =資料儲存!G6618 -> 0 | X26: =資料儲存!H6618 -> 0 | Y26: =資料儲存!I6618 -> 0 | Z26: =資料儲存!J6618 -> 0 | AB26: 17 | AC26: =資料儲存!D6858 -> 0 | AD26: =資料儲存!E6858 -> 0 | AE26: =資料儲存!F6858 -> 0 | AF26: =資料儲存!G6858 -> 0 | AG26: =資料儲存!H6858 -> 0 | AH26: =資料儲存!I6858 -> 0 | AI26: =資料儲存!J6858 -> 0 | AK26: 17 | AL26: =資料儲存!D7098 -> 0 | AM26: =資料儲存!E7098 -> 0 | AN26: =資料儲存!F7098 -> 0 | AO26: =資料儲存!G7098 -> 0 | AP26: =資料儲存!H7098 -> 0 | AQ26: =資料儲存!I7098 -> 0 | AR26: =資料儲存!J7098 -> 0 | AT26: 17 | AU26: =資料儲存!D7338 -> 0 | AV26: =資料儲存!E7338 -> 0 | AW26: =資料儲存!F7338 -> 0 | AX26: =資料儲存!G7338 -> 0 | AY26: =資料儲存!H7338 -> 0 | AZ26: =資料儲存!I7338 -> 0 | BA26: =資料儲存!J7338 -> 0
A27: 18 | B27: =資料儲存!D6139 -> 0 | C27: =資料儲存!E6139 -> 0 | D27: =資料儲存!F6139 -> 0 | E27: =資料儲存!G6139 -> 0 | F27: =資料儲存!H6139 -> 0 | G27: =資料儲存!I6139 -> 0 | H27: =資料儲存!J6139 -> 0 | J27: 18 | K27: =資料儲存!D6379 -> 0 | L27: =資料儲存!E6379 -> 0 | M27: =資料儲存!F6379 -> 0 | N27: =資料儲存!G6379 -> 0 | O27: =資料儲存!H6379 -> 0 | P27: =資料儲存!I6379 -> 0 | Q27: =資料儲存!J6379 -> 0 | S27: 18 | T27: =資料儲存!D6619 -> 0 | U27: =資料儲存!E6619 -> 0 | V27: =資料儲存!F6619 -> 0 | W27: =資料儲存!G6619 -> 0 | X27: =資料儲存!H6619 -> 0 | Y27: =資料儲存!I6619 -> 0 | Z27: =資料儲存!J6619 -> 0 | AB27: 18 | AC27: =資料儲存!D6859 -> 0 | AD27: =資料儲存!E6859 -> 0 | AE27: =資料儲存!F6859 -> 0 | AF27: =資料儲存!G6859 -> 0 | AG27: =資料儲存!H6859 -> 0 | AH27: =資料儲存!I6859 -> 0 | AI27: =資料儲存!J6859 -> 0 | AK27: 18 | AL27: =資料儲存!D7099 -> 0 | AM27: =資料儲存!E7099 -> 0 | AN27: =資料儲存!F7099 -> 0 | AO27: =資料儲存!G7099 -> 0 | AP27: =資料儲存!H7099 -> 0 | AQ27: =資料儲存!I7099 -> 0 | AR27: =資料儲存!J7099 -> 0 | AT27: 18 | AU27: =資料儲存!D7339 -> 0 | AV27: =資料儲存!E7339 -> 0 | AW27: =資料儲存!F7339 -> 0 | AX27: =資料儲存!G7339 -> 0 | AY27: =資料儲存!H7339 -> 0 | AZ27: =資料儲存!I7339 -> 0 | BA27: =資料儲存!J7339 -> 0
A28: 19 | B28: =資料儲存!D6140 -> 0 | C28: =資料儲存!E6140 -> 0 | D28: =資料儲存!F6140 -> 0 | E28: =資料儲存!G6140 -> 0 | F28: =資料儲存!H6140 -> 0 | G28: =資料儲存!I6140 -> 0 | H28: =資料儲存!J6140 -> 0 | J28: 19 | K28: =資料儲存!D6380 -> 0 | L28: =資料儲存!E6380 -> 0 | M28: =資料儲存!F6380 -> 0 | N28: =資料儲存!G6380 -> 0 | O28: =資料儲存!H6380 -> 0 | P28: =資料儲存!I6380 -> 0 | Q28: =資料儲存!J6380 -> 0 | S28: 19 | T28: =資料儲存!D6620 -> 0 | U28: =資料儲存!E6620 -> 0 | V28: =資料儲存!F6620 -> 0 | W28: =資料儲存!G6620 -> 0 | X28: =資料儲存!H6620 -> 0 | Y28: =資料儲存!I6620 -> 0 | Z28: =資料儲存!J6620 -> 0 | AB28: 19 | AC28: =資料儲存!D6860 -> 0 | AD28: =資料儲存!E6860 -> 0 | AE28: =資料儲存!F6860 -> 0 | AF28: =資料儲存!G6860 -> 0 | AG28: =資料儲存!H6860 -> 0 | AH28: =資料儲存!I6860 -> 0 | AI28: =資料儲存!J6860 -> 0 | AK28: 19 | AL28: =資料儲存!D7100 -> 0 | AM28: =資料儲存!E7100 -> 0 | AN28: =資料儲存!F7100 -> 0 | AO28: =資料儲存!G7100 -> 0 | AP28: =資料儲存!H7100 -> 0 | AQ28: =資料儲存!I7100 -> 0 | AR28: =資料儲存!J7100 -> 0 | AT28: 19 | AU28: =資料儲存!D7340 -> 0 | AV28: =資料儲存!E7340 -> 0 | AW28: =資料儲存!F7340 -> 0 | AX28: =資料儲存!G7340 -> 0 | AY28: =資料儲存!H7340 -> 0 | AZ28: =資料儲存!I7340 -> 0 | BA28: =資料儲存!J7340 -> 0
A29: 20 | B29: =資料儲存!D6141 -> 0 | C29: =資料儲存!E6141 -> 0 | D29: =資料儲存!F6141 -> 0 | E29: =資料儲存!G6141 -> 0 | F29: =資料儲存!H6141 -> 0 | G29: =資料儲存!I6141 -> 0 | H29: =資料儲存!J6141 -> 0 | J29: 20 | K29: =資料儲存!D6381 -> 0 | L29: =資料儲存!E6381 -> 0 | M29: =資料儲存!F6381 -> 0 | N29: =資料儲存!G6381 -> 0 | O29: =資料儲存!H6381 -> 0 | P29: =資料儲存!I6381 -> 0 | Q29: =資料儲存!J6381 -> 0 | S29: 20 | T29: =資料儲存!D6621 -> 0 | U29: =資料儲存!E6621 -> 0 | V29: =資料儲存!F6621 -> 0 | W29: =資料儲存!G6621 -> 0 | X29: =資料儲存!H6621 -> 0 | Y29: =資料儲存!I6621 -> 0 | Z29: =資料儲存!J6621 -> 0 | AB29: 20 | AC29: =資料儲存!D6861 -> 0 | AD29: =資料儲存!E6861 -> 0 | AE29: =資料儲存!F6861 -> 0 | AF29: =資料儲存!G6861 -> 0 | AG29: =資料儲存!H6861 -> 0 | AH29: =資料儲存!I6861 -> 0 | AI29: =資料儲存!J6861 -> 0 | AK29: 20 | AL29: =資料儲存!D7101 -> 0 | AM29: =資料儲存!E7101 -> 0 | AN29: =資料儲存!F7101 -> 0 | AO29: =資料儲存!G7101 -> 0 | AP29: =資料儲存!H7101 -> 0 | AQ29: =資料儲存!I7101 -> 0 | AR29: =資料儲存!J7101 -> 0 | AT29: 20 | AU29: =資料儲存!D7341 -> 0 | AV29: =資料儲存!E7341 -> 0 | AW29: =資料儲存!F7341 -> 0 | AX29: =資料儲存!G7341 -> 0 | AY29: =資料儲存!H7341 -> 0 | AZ29: =資料儲存!I7341 -> 0 | BA29: =資料儲存!J7341 -> 0
A30: 21 | B30: =資料儲存!D6142 -> 0 | C30: =資料儲存!E6142 -> 0 | D30: =資料儲存!F6142 -> 0 | E30: =資料儲存!G6142 -> 0 | F30: =資料儲存!H6142 -> 0 | G30: =資料儲存!I6142 -> 0 | H30: =資料儲存!J6142 -> 0 | J30: 21 | K30: =資料儲存!D6382 -> 0 | L30: =資料儲存!E6382 -> 0 | M30: =資料儲存!F6382 -> 0 | N30: =資料儲存!G6382 -> 0 | O30: =資料儲存!H6382 -> 0 | P30: =資料儲存!I6382 -> 0 | Q30: =資料儲存!J6382 -> 0 | S30: 21 | T30: =資料儲存!D6622 -> 0 | U30: =資料儲存!E6622 -> 0 | V30: =資料儲存!F6622 -> 0 | W30: =資料儲存!G6622 -> 0 | X30: =資料儲存!H6622 -> 0 | Y30: =資料儲存!I6622 -> 0 | Z30: =資料儲存!J6622 -> 0 | AB30: 21 | AC30: =資料儲存!D6862 -> 0 | AD30: =資料儲存!E6862 -> 0 | AE30: =資料儲存!F6862 -> 0 | AF30: =資料儲存!G6862 -> 0 | AG30: =資料儲存!H6862 -> 0 | AH30: =資料儲存!I6862 -> 0 | AI30: =資料儲存!J6862 -> 0 | AK30: 21 | AL30: =資料儲存!D7102 -> 0 | AM30: =資料儲存!E7102 -> 0 | AN30: =資料儲存!F7102 -> 0 | AO30: =資料儲存!G7102 -> 0 | AP30: =資料儲存!H7102 -> 0 | AQ30: =資料儲存!I7102 -> 0 | AR30: =資料儲存!J7102 -> 0 | AT30: 21 | AU30: =資料儲存!D7342 -> 0 | AV30: =資料儲存!E7342 -> 0 | AW30: =資料儲存!F7342 -> 0 | AX30: =資料儲存!G7342 -> 0 | AY30: =資料儲存!H7342 -> 0 | AZ30: =資料儲存!I7342 -> 0 | BA30: =資料儲存!J7342 -> 0
A31: 22 | B31: =資料儲存!D6143 -> 0 | C31: =資料儲存!E6143 -> 0 | D31: =資料儲存!F6143 -> 0 | E31: =資料儲存!G6143 -> 0 | F31: =資料儲存!H6143 -> 0 | G31: =資料儲存!I6143 -> 0 | H31: =資料儲存!J6143 -> 0 | J31: 22 | K31: =資料儲存!D6383 -> 0 | L31: =資料儲存!E6383 -> 0 | M31: =資料儲存!F6383 -> 0 | N31: =資料儲存!G6383 -> 0 | O31: =資料儲存!H6383 -> 0 | P31: =資料儲存!I6383 -> 0 | Q31: =資料儲存!J6383 -> 0 | S31: 22 | T31: =資料儲存!D6623 -> 0 | U31: =資料儲存!E6623 -> 0 | V31: =資料儲存!F6623 -> 0 | W31: =資料儲存!G6623 -> 0 | X31: =資料儲存!H6623 -> 0 | Y31: =資料儲存!I6623 -> 0 | Z31: =資料儲存!J6623 -> 0 | AB31: 22 | AC31: =資料儲存!D6863 -> 0 | AD31: =資料儲存!E6863 -> 0 | AE31: =資料儲存!F6863 -> 0 | AF31: =資料儲存!G6863 -> 0 | AG31: =資料儲存!H6863 -> 0 | AH31: =資料儲存!I6863 -> 0 | AI31: =資料儲存!J6863 -> 0 | AK31: 22 | AL31: =資料儲存!D7103 -> 0 | AM31: =資料儲存!E7103 -> 0 | AN31: =資料儲存!F7103 -> 0 | AO31: =資料儲存!G7103 -> 0 | AP31: =資料儲存!H7103 -> 0 | AQ31: =資料儲存!I7103 -> 0 | AR31: =資料儲存!J7103 -> 0 | AT31: 22 | AU31: =資料儲存!D7343 -> 0 | AV31: =資料儲存!E7343 -> 0 | AW31: =資料儲存!F7343 -> 0 | AX31: =資料儲存!G7343 -> 0 | AY31: =資料儲存!H7343 -> 0 | AZ31: =資料儲存!I7343 -> 0 | BA31: =資料儲存!J7343 -> 0
A32: 23 | B32: =資料儲存!D6144 -> 0 | C32: =資料儲存!E6144 -> 0 | D32: =資料儲存!F6144 -> 0 | E32: =資料儲存!G6144 -> 0 | F32: =資料儲存!H6144 -> 0 | G32: =資料儲存!I6144 -> 0 | H32: =資料儲存!J6144 -> 0 | J32: 23 | K32: =資料儲存!D6384 -> 0 | L32: =資料儲存!E6384 -> 0 | M32: =資料儲存!F6384 -> 0 | N32: =資料儲存!G6384 -> 0 | O32: =資料儲存!H6384 -> 0 | P32: =資料儲存!I6384 -> 0 | Q32: =資料儲存!J6384 -> 0 | S32: 23 | T32: =資料儲存!D6624 -> 0 | U32: =資料儲存!E6624 -> 0 | V32: =資料儲存!F6624 -> 0 | W32: =資料儲存!G6624 -> 0 | X32: =資料儲存!H6624 -> 0 | Y32: =資料儲存!I6624 -> 0 | Z32: =資料儲存!J6624 -> 0 | AB32: 23 | AC32: =資料儲存!D6864 -> 0 | AD32: =資料儲存!E6864 -> 0 | AE32: =資料儲存!F6864 -> 0 | AF32: =資料儲存!G6864 -> 0 | AG32: =資料儲存!H6864 -> 0 | AH32: =資料儲存!I6864 -> 0 | AI32: =資料儲存!J6864 -> 0 | AK32: 23 | AL32: =資料儲存!D7104 -> 0 | AM32: =資料儲存!E7104 -> 0 | AN32: =資料儲存!F7104 -> 0 | AO32: =資料儲存!G7104 -> 0 | AP32: =資料儲存!H7104 -> 0 | AQ32: =資料儲存!I7104 -> 0 | AR32: =資料儲存!J7104 -> 0 | AT32: 23 | AU32: =資料儲存!D7344 -> 0 | AV32: =資料儲存!E7344 -> 0 | AW32: =資料儲存!F7344 -> 0 | AX32: =資料儲存!G7344 -> 0 | AY32: =資料儲存!H7344 -> 0 | AZ32: =資料儲存!I7344 -> 0 | BA32: =資料儲存!J7344 -> 0
A33: 24 | B33: =資料儲存!D6145 -> 0 | C33: =資料儲存!E6145 -> 0 | D33: =資料儲存!F6145 -> 0 | E33: =資料儲存!G6145 -> 0 | F33: =資料儲存!H6145 -> 0 | G33: =資料儲存!I6145 -> 0 | H33: =資料儲存!J6145 -> 0 | J33: 24 | K33: =資料儲存!D6385 -> 0 | L33: =資料儲存!E6385 -> 0 | M33: =資料儲存!F6385 -> 0 | N33: =資料儲存!G6385 -> 0 | O33: =資料儲存!H6385 -> 0 | P33: =資料儲存!I6385 -> 0 | Q33: =資料儲存!J6385 -> 0 | S33: 24 | T33: =資料儲存!D6625 -> 0 | U33: =資料儲存!E6625 -> 0 | V33: =資料儲存!F6625 -> 0 | W33: =資料儲存!G6625 -> 0 | X33: =資料儲存!H6625 -> 0 | Y33: =資料儲存!I6625 -> 0 | Z33: =資料儲存!J6625 -> 0 | AB33: 24 | AC33: =資料儲存!D6865 -> 0 | AD33: =資料儲存!E6865 -> 0 | AE33: =資料儲存!F6865 -> 0 | AF33: =資料儲存!G6865 -> 0 | AG33: =資料儲存!H6865 -> 0 | AH33: =資料儲存!I6865 -> 0 | AI33: =資料儲存!J6865 -> 0 | AK33: 24 | AL33: =資料儲存!D7105 -> 0 | AM33: =資料儲存!E7105 -> 0 | AN33: =資料儲存!F7105 -> 0 | AO33: =資料儲存!G7105 -> 0 | AP33: =資料儲存!H7105 -> 0 | AQ33: =資料儲存!I7105 -> 0 | AR33: =資料儲存!J7105 -> 0 | AT33: 24 | AU33: =資料儲存!D7345 -> 0 | AV33: =資料儲存!E7345 -> 0 | AW33: =資料儲存!F7345 -> 0 | AX33: =資料儲存!G7345 -> 0 | AY33: =資料儲存!H7345 -> 0 | AZ33: =資料儲存!I7345 -> 0 | BA33: =資料儲存!J7345 -> 0
A34: 25 | B34: =資料儲存!D6146 -> 0 | C34: =資料儲存!E6146 -> 0 | D34: =資料儲存!F6146 -> 0 | E34: =資料儲存!G6146 -> 0 | F34: =資料儲存!H6146 -> 0 | G34: =資料儲存!I6146 -> 0 | H34: =資料儲存!J6146 -> 0 | J34: 25 | K34: =資料儲存!D6386 -> 0 | L34: =資料儲存!E6386 -> 0 | M34: =資料儲存!F6386 -> 0 | N34: =資料儲存!G6386 -> 0 | O34: =資料儲存!H6386 -> 0 | P34: =資料儲存!I6386 -> 0 | Q34: =資料儲存!J6386 -> 0 | S34: 25 | T34: =資料儲存!D6626 -> 0 | U34: =資料儲存!E6626 -> 0 | V34: =資料儲存!F6626 -> 0 | W34: =資料儲存!G6626 -> 0 | X34: =資料儲存!H6626 -> 0 | Y34: =資料儲存!I6626 -> 0 | Z34: =資料儲存!J6626 -> 0 | AB34: 25 | AC34: =資料儲存!D6866 -> 0 | AD34: =資料儲存!E6866 -> 0 | AE34: =資料儲存!F6866 -> 0 | AF34: =資料儲存!G6866 -> 0 | AG34: =資料儲存!H6866 -> 0 | AH34: =資料儲存!I6866 -> 0 | AI34: =資料儲存!J6866 -> 0 | AK34: 25 | AL34: =資料儲存!D7106 -> 0 | AM34: =資料儲存!E7106 -> 0 | AN34: =資料儲存!F7106 -> 0 | AO34: =資料儲存!G7106 -> 0 | AP34: =資料儲存!H7106 -> 0 | AQ34: =資料儲存!I7106 -> 0 | AR34: =資料儲存!J7106 -> 0 | AT34: 25 | AU34: =資料儲存!D7346 -> 0 | AV34: =資料儲存!E7346 -> 0 | AW34: =資料儲存!F7346 -> 0 | AX34: =資料儲存!G7346 -> 0 | AY34: =資料儲存!H7346 -> 0 | AZ34: =資料儲存!I7346 -> 0 | BA34: =資料儲存!J7346 -> 0
A35: 26 | B35: =資料儲存!D6147 -> 0 | C35: =資料儲存!E6147 -> 0 | D35: =資料儲存!F6147 -> 0 | E35: =資料儲存!G6147 -> 0 | F35: =資料儲存!H6147 -> 0 | G35: =資料儲存!I6147 -> 0 | H35: =資料儲存!J6147 -> 0 | J35: 26 | K35: =資料儲存!D6387 -> 0 | L35: =資料儲存!E6387 -> 0 | M35: =資料儲存!F6387 -> 0 | N35: =資料儲存!G6387 -> 0 | O35: =資料儲存!H6387 -> 0 | P35: =資料儲存!I6387 -> 0 | Q35: =資料儲存!J6387 -> 0 | S35: 26 | T35: =資料儲存!D6627 -> 0 | U35: =資料儲存!E6627 -> 0 | V35: =資料儲存!F6627 -> 0 | W35: =資料儲存!G6627 -> 0 | X35: =資料儲存!H6627 -> 0 | Y35: =資料儲存!I6627 -> 0 | Z35: =資料儲存!J6627 -> 0 | AB35: 26 | AC35: =資料儲存!D6867 -> 0 | AD35: =資料儲存!E6867 -> 0 | AE35: =資料儲存!F6867 -> 0 | AF35: =資料儲存!G6867 -> 0 | AG35: =資料儲存!H6867 -> 0 | AH35: =資料儲存!I6867 -> 0 | AI35: =資料儲存!J6867 -> 0 | AK35: 26 | AL35: =資料儲存!D7107 -> 0 | AM35: =資料儲存!E7107 -> 0 | AN35: =資料儲存!F7107 -> 0 | AO35: =資料儲存!G7107 -> 0 | AP35: =資料儲存!H7107 -> 0 | AQ35: =資料儲存!I7107 -> 0 | AR35: =資料儲存!J7107 -> 0 | AT35: 26 | AU35: =資料儲存!D7347 -> 0 | AV35: =資料儲存!E7347 -> 0 | AW35: =資料儲存!F7347 -> 0 | AX35: =資料儲存!G7347 -> 0 | AY35: =資料儲存!H7347 -> 0 | AZ35: =資料儲存!I7347 -> 0 | BA35: =資料儲存!J7347 -> 0
A36: 27 | B36: =資料儲存!D6148 -> 0 | C36: =資料儲存!E6148 -> 0 | D36: =資料儲存!F6148 -> 0 | E36: =資料儲存!G6148 -> 0 | F36: =資料儲存!H6148 -> 0 | G36: =資料儲存!I6148 -> 0 | H36: =資料儲存!J6148 -> 0 | J36: 27 | K36: =資料儲存!D6388 -> 0 | L36: =資料儲存!E6388 -> 0 | M36: =資料儲存!F6388 -> 0 | N36: =資料儲存!G6388 -> 0 | O36: =資料儲存!H6388 -> 0 | P36: =資料儲存!I6388 -> 0 | Q36: =資料儲存!J6388 -> 0 | S36: 27 | T36: =資料儲存!D6628 -> 0 | U36: =資料儲存!E6628 -> 0 | V36: =資料儲存!F6628 -> 0 | W36: =資料儲存!G6628 -> 0 | X36: =資料儲存!H6628 -> 0 | Y36: =資料儲存!I6628 -> 0 | Z36: =資料儲存!J6628 -> 0 | AB36: 27 | AC36: =資料儲存!D6868 -> 0 | AD36: =資料儲存!E6868 -> 0 | AE36: =資料儲存!F6868 -> 0 | AF36: =資料儲存!G6868 -> 0 | AG36: =資料儲存!H6868 -> 0 | AH36: =資料儲存!I6868 -> 0 | AI36: =資料儲存!J6868 -> 0 | AK36: 27 | AL36: =資料儲存!D7108 -> 0 | AM36: =資料儲存!E7108 -> 0 | AN36: =資料儲存!F7108 -> 0 | AO36: =資料儲存!G7108 -> 0 | AP36: =資料儲存!H7108 -> 0 | AQ36: =資料儲存!I7108 -> 0 | AR36: =資料儲存!J7108 -> 0 | AT36: 27 | AU36: =資料儲存!D7348 -> 0 | AV36: =資料儲存!E7348 -> 0 | AW36: =資料儲存!F7348 -> 0 | AX36: =資料儲存!G7348 -> 0 | AY36: =資料儲存!H7348 -> 0 | AZ36: =資料儲存!I7348 -> 0 | BA36: =資料儲存!J7348 -> 0
... A39: 30 | B39: =資料儲存!D6151 -> 0 | C39: =資料儲存!E6151 -> 0 | D39: =資料儲存!F6151 -> 0 | E39: =資料儲存!G6151 -> 0 | F39: =資料儲存!H6151 -> 0 | G39: =資料儲存!I6151 -> 0 | H39: =資料儲存!J6151 -> 0 | J39: 30 | K39: =資料儲存!D6391 -> 0 | L39: =資料儲存!E6391 -> 0 | M39: =資料儲存!F6391 -> 0 | N39: =資料儲存!G6391 -> 0 | O39: =資料儲存!H6391 -> 0 | P39: =資料儲存!I6391 -> 0 | Q39: =資料儲存!J6391 -> 0 | S39: 30 | T39: =資料儲存!D6631 -> 0 | U39: =資料儲存!E6631 -> 0 | V39: =資料儲存!F6631 -> 0 | W39: =資料儲存!G6631 -> 0 | X39: =資料儲存!H6631 -> 0 | Y39: =資料儲存!I6631 -> 0 | Z39: =資料儲存!J6631 -> 0 | AB39: 30 | AC39: =資料儲存!D6871 -> 0 | AD39: =資料儲存!E6871 -> 0 | AE39: =資料儲存!F6871 -> 0 | AF39: =資料儲存!G6871 -> 0 | AG39: =資料儲存!H6871 -> 0 | AH39: =資料儲存!I6871 -> 0 | AI39: =資料儲存!J6871 -> 0 | AK39: 30 | AL39: =資料儲存!D7111 -> 0 | AM39: =資料儲存!E7111 -> 0 | AN39: =資料儲存!F7111 -> 0 | AO39: =資料儲存!G7111 -> 0 | AP39: =資料儲存!H7111 -> 0 | AQ39: =資料儲存!I7111 -> 0 | AR39: =資料儲存!J7111 -> 0 | AT39: 30 | AU39: =資料儲存!D7351 -> 0 | AV39: =資料儲存!E7351 -> 0 | AW39: =資料儲存!F7351 -> 0 | AX39: =資料儲存!G7351 -> 0 | AY39: =資料儲存!H7351 -> 0 | AZ39: =資料儲存!I7351 -> 0 | BA39: =資料儲存!J7351 -> 0
A40: 總 計 | B40: =SUM(B25:E39) -> 0 | F40: =F39 -> 0 | G40: =G39 -> 0 | H40: =H39 -> 0 | J40: 總 計 | K40: =SUM(K25:N39) -> 0 | O40: =O39 -> 0 | P40: =P39 -> 0 | Q40: =Q39 -> 0 | S40: 總 計 | T40: =SUM(T25:W39) -> 0 | X40: =X39 -> 0 | Y40: =Y39 -> 0 | Z40: =Z39 -> 0 | AB40: 總 計 | AC40: =SUM(AC25:AF39) -> 0 | AG40: =AG39 -> 0 | AH40: =AH39 -> 0 | AI40: =AI39 -> 0 | AK40: 總 計 | AT40: 總 計 | AU40: =SUM(AU25:AX39) -> 0 | AY40: =AY39 -> 0 | AZ40: =AZ39 -> 0 | BA40: =BA39 -> 0
A41: 16:30~16:45 | J41: 16:30~16:45 | S41: 16:30~16:45 | AB41: 16:30~16:45 | AK41: 16:30~16:45 | AT41: 16:30~16:45
A42: 開始時刻 | B42: 停車在臨近車道上的車輛總數 | F42: 臨近車道上的流量 | J42: 開始時刻 | K42: 停車在臨近車道上的車輛總數 | O42: 臨近車道上的流量 | S42: 開始時刻 | T42: 停車在臨近車道上的車輛總數 | X42: 臨近車道上的流量 | AB42: 開始時刻 | AC42: 停車在臨近車道上的車輛總數 | AG42: 臨近車道上的流量 | AK42: 開始時刻 | AL42: 停車在臨近車道上的車輛總數 | AP42: 臨近車道上的流量 | AT42: 開始時刻 | AU42: 停車在臨近車道上的車輛總數 | AY42: 臨近車道上的流量
A43: 0.6875 | B43: 0秒 | C43: 15秒 | D43: 30秒 | E43: 45秒 | F43: 總數 | G43: 未受阻 | H43: 受阻 | J43: 0.6875 | K43: 0秒 | L43: 15秒 | M43: 30秒 | N43: 45秒 | O43: 總數 | P43: 未受阻 | Q43: 受阻 | S43: 0.6875 | T43: 0秒 | U43: 15秒 | V43: 30秒 | W43: 45秒 | X43: 總數 | Y43: 未受阻 | Z43: 受阻 | AB43: 0.6875 | AC43: 0秒 | AD43: 15秒 | AE43: 30秒 | AF43: 45秒 | AG43: 總數 | AH43: 未受阻 | AI43: 受阻 | AK43: 0.6875 | AL43: 0秒 | AM43: 15秒 | AN43: 30秒 | AO43: 45秒 | AP43: 總數 | AQ43: 未受阻 | AR43: 受阻 | AT43: 0.6875 | AU43: 0秒 | AV43: 15秒 | AW43: 30秒 | AX43: 45秒 | AY43: 總數 | AZ43: 未受阻 | BA43: 受阻
A44: 31 | B44: =資料儲存!D6152 -> 0 | C44: =資料儲存!E6152 -> 0 | D44: =資料儲存!F6152 -> 0 | E44: =資料儲存!G6152 -> 0 | F44: =資料儲存!H6152 -> 0 | G44: =資料儲存!I6152 -> 0 | H44: =資料儲存!J6152 -> 0 | J44: 31 | K44: =資料儲存!D6392 -> 0 | L44: =資料儲存!E6392 -> 0 | M44: =資料儲存!F6392 -> 0 | N44: =資料儲存!G6392 -> 0 | O44: =資料儲存!H6392 -> 0 | P44: =資料儲存!I6392 -> 0 | Q44: =資料儲存!J6392 -> 0 | S44: 31 | T44: =資料儲存!D6632 -> 0 | U44: =資料儲存!E6632 -> 0 | V44: =資料儲存!F6632 -> 0 | W44: =資料儲存!G6632 -> 0 | X44: =資料儲存!H6632 -> 0 | Y44: =資料儲存!I6632 -> 0 | Z44: =資料儲存!J6632 -> 0 | AB44: 31 | AC44: =資料儲存!D6872 -> 0 | AD44: =資料儲存!E6872 -> 0 | AE44: =資料儲存!F6872 -> 0 | AF44: =資料儲存!G6872 -> 0 | AG44: =資料儲存!H6872 -> 0 | AH44: =資料儲存!I6872 -> 0 | AI44: =資料儲存!J6872 -> 0 | AK44: 31 | AL44: =資料儲存!D7112 -> 0 | AM44: =資料儲存!E7112 -> 0 | AN44: =資料儲存!F7112 -> 0 | AO44: =資料儲存!G7112 -> 0 | AP44: =資料儲存!H7112 -> 0 | AQ44: =資料儲存!I7112 -> 0 | AR44: =資料儲存!J7112 -> 0 | AT44: 31 | AU44: =資料儲存!D7352 -> 0 | AV44: =資料儲存!E7352 -> 0 | AW44: =資料儲存!F7352 -> 0 | AX44: =資料儲存!G7352 -> 0 | AY44: =資料儲存!H7352 -> 0 | AZ44: =資料儲存!I7352 -> 0 | BA44: =資料儲存!J7352 -> 0
A45: 32 | B45: =資料儲存!D6153 -> 0 | C45: =資料儲存!E6153 -> 0 | D45: =資料儲存!F6153 -> 0 | E45: =資料儲存!G6153 -> 0 | F45: =資料儲存!H6153 -> 0 | G45: =資料儲存!I6153 -> 0 | H45: =資料儲存!J6153 -> 0 | J45: 32 | K45: =資料儲存!D6393 -> 0 | L45: =資料儲存!E6393 -> 0 | M45: =資料儲存!F6393 -> 0 | N45: =資料儲存!G6393 -> 0 | O45: =資料儲存!H6393 -> 0 | P45: =資料儲存!I6393 -> 0 | Q45: =資料儲存!J6393 -> 0 | S45: 32 | T45: =資料儲存!D6633 -> 0 | U45: =資料儲存!E6633 -> 0 | V45: =資料儲存!F6633 -> 0 | W45: =資料儲存!G6633 -> 0 | X45: =資料儲存!H6633 -> 0 | Y45: =資料儲存!I6633 -> 0 | Z45: =資料儲存!J6633 -> 0 | AB45: 32 | AC45: =資料儲存!D6873 -> 0 | AD45: =資料儲存!E6873 -> 0 | AE45: =資料儲存!F6873 -> 0 | AF45: =資料儲存!G6873 -> 0 | AG45: =資料儲存!H6873 -> 0 | AH45: =資料儲存!I6873 -> 0 | AI45: =資料儲存!J6873 -> 0 | AK45: 32 | AL45: =資料儲存!D7113 -> 0 | AM45: =資料儲存!E7113 -> 0 | AN45: =資料儲存!F7113 -> 0 | AO45: =資料儲存!G7113 -> 0 | AP45: =資料儲存!H7113 -> 0 | AQ45: =資料儲存!I7113 -> 0 | AR45: =資料儲存!J7113 -> 0 | AT45: 32 | AU45: =資料儲存!D7353 -> 0 | AV45: =資料儲存!E7353 -> 0 | AW45: =資料儲存!F7353 -> 0 | AX45: =資料儲存!G7353 -> 0 | AY45: =資料儲存!H7353 -> 0 | AZ45: =資料儲存!I7353 -> 0 | BA45: =資料儲存!J7353 -> 0
A46: 33 | B46: =資料儲存!D6154 -> 0 | C46: =資料儲存!E6154 -> 0 | D46: =資料儲存!F6154 -> 0 | E46: =資料儲存!G6154 -> 0 | F46: =資料儲存!H6154 -> 0 | G46: =資料儲存!I6154 -> 0 | H46: =資料儲存!J6154 -> 0 | J46: 33 | K46: =資料儲存!D6394 -> 0 | L46: =資料儲存!E6394 -> 0 | M46: =資料儲存!F6394 -> 0 | N46: =資料儲存!G6394 -> 0 | O46: =資料儲存!H6394 -> 0 | P46: =資料儲存!I6394 -> 0 | Q46: =資料儲存!J6394 -> 0 | S46: 33 | T46: =資料儲存!D6634 -> 0 | U46: =資料儲存!E6634 -> 0 | V46: =資料儲存!F6634 -> 0 | W46: =資料儲存!G6634 -> 0 | X46: =資料儲存!H6634 -> 0 | Y46: =資料儲存!I6634 -> 0 | Z46: =資料儲存!J6634 -> 0 | AB46: 33 | AC46: =資料儲存!D6874 -> 0 | AD46: =資料儲存!E6874 -> 0 | AE46: =資料儲存!F6874 -> 0 | AF46: =資料儲存!G6874 -> 0 | AG46: =資料儲存!H6874 -> 0 | AH46: =資料儲存!I6874 -> 0 | AI46: =資料儲存!J6874 -> 0 | AK46: 33 | AL46: =資料儲存!D7114 -> 0 | AM46: =資料儲存!E7114 -> 0 | AN46: =資料儲存!F7114 -> 0 | AO46: =資料儲存!G7114 -> 0 | AP46: =資料儲存!H7114 -> 0 | AQ46: =資料儲存!I7114 -> 0 | AR46: =資料儲存!J7114 -> 0 | AT46: 33 | AU46: =資料儲存!D7354 -> 0 | AV46: =資料儲存!E7354 -> 0 | AW46: =資料儲存!F7354 -> 0 | AX46: =資料儲存!G7354 -> 0 | AY46: =資料儲存!H7354 -> 0 | AZ46: =資料儲存!I7354 -> 0 | BA46: =資料儲存!J7354 -> 0
A47: 34 | B47: =資料儲存!D6155 -> 0 | C47: =資料儲存!E6155 -> 0 | D47: =資料儲存!F6155 -> 0 | E47: =資料儲存!G6155 -> 0 | F47: =資料儲存!H6155 -> 0 | G47: =資料儲存!I6155 -> 0 | H47: =資料儲存!J6155 -> 0 | J47: 34 | K47: =資料儲存!D6395 -> 0 | L47: =資料儲存!E6395 -> 0 | M47: =資料儲存!F6395 -> 0 | N47: =資料儲存!G6395 -> 0 | O47: =資料儲存!H6395 -> 0 | P47: =資料儲存!I6395 -> 0 | Q47: =資料儲存!J6395 -> 0 | S47: 34 | T47: =資料儲存!D6635 -> 0 | U47: =資料儲存!E6635 -> 0 | V47: =資料儲存!F6635 -> 0 | W47: =資料儲存!G6635 -> 0 | X47: =資料儲存!H6635 -> 0 | Y47: =資料儲存!I6635 -> 0 | Z47: =資料儲存!J6635 -> 0 | AB47: 34 | AC47: =資料儲存!D6875 -> 0 | AD47: =資料儲存!E6875 -> 0 | AE47: =資料儲存!F6875 -> 0 | AF47: =資料儲存!G6875 -> 0 | AG47: =資料儲存!H6875 -> 0 | AH47: =資料儲存!I6875 -> 0 | AI47: =資料儲存!J6875 -> 0 | AK47: 34 | AL47: =資料儲存!D7115 -> 0 | AM47: =資料儲存!E7115 -> 0 | AN47: =資料儲存!F7115 -> 0 | AO47: =資料儲存!G7115 -> 0 | AP47: =資料儲存!H7115 -> 0 | AQ47: =資料儲存!I7115 -> 0 | AR47: =資料儲存!J7115 -> 0 | AT47: 34 | AU47: =資料儲存!D7355 -> 0 | AV47: =資料儲存!E7355 -> 0 | AW47: =資料儲存!F7355 -> 0 | AX47: =資料儲存!G7355 -> 0 | AY47: =資料儲存!H7355 -> 0 | AZ47: =資料儲存!I7355 -> 0 | BA47: =資料儲存!J7355 -> 0
A48: 35 | B48: =資料儲存!D6156 -> 0 | C48: =資料儲存!E6156 -> 0 | D48: =資料儲存!F6156 -> 0 | E48: =資料儲存!G6156 -> 0 | F48: =資料儲存!H6156 -> 0 | G48: =資料儲存!I6156 -> 0 | H48: =資料儲存!J6156 -> 0 | J48: 35 | K48: =資料儲存!D6396 -> 0 | L48: =資料儲存!E6396 -> 0 | M48: =資料儲存!F6396 -> 0 | N48: =資料儲存!G6396 -> 0 | O48: =資料儲存!H6396 -> 0 | P48: =資料儲存!I6396 -> 0 | Q48: =資料儲存!J6396 -> 0 | S48: 35 | T48: =資料儲存!D6636 -> 0 | U48: =資料儲存!E6636 -> 0 | V48: =資料儲存!F6636 -> 0 | W48: =資料儲存!G6636 -> 0 | X48: =資料儲存!H6636 -> 0 | Y48: =資料儲存!I6636 -> 0 | Z48: =資料儲存!J6636 -> 0 | AB48: 35 | AC48: =資料儲存!D6876 -> 0 | AD48: =資料儲存!E6876 -> 0 | AE48: =資料儲存!F6876 -> 0 | AF48: =資料儲存!G6876 -> 0 | AG48: =資料儲存!H6876 -> 0 | AH48: =資料儲存!I6876 -> 0 | AI48: =資料儲存!J6876 -> 0 | AK48: 35 | AL48: =資料儲存!D7116 -> 0 | AM48: =資料儲存!E7116 -> 0 | AN48: =資料儲存!F7116 -> 0 | AO48: =資料儲存!G7116 -> 0 | AP48: =資料儲存!H7116 -> 0 | AQ48: =資料儲存!I7116 -> 0 | AR48: =資料儲存!J7116 -> 0 | AT48: 35 | AU48: =資料儲存!D7356 -> 0 | AV48: =資料儲存!E7356 -> 0 | AW48: =資料儲存!F7356 -> 0 | AX48: =資料儲存!G7356 -> 0 | AY48: =資料儲存!H7356 -> 0 | AZ48: =資料儲存!I7356 -> 0 | BA48: =資料儲存!J7356 -> 0
A49: 36 | B49: =資料儲存!D6157 -> 0 | C49: =資料儲存!E6157 -> 0 | D49: =資料儲存!F6157 -> 0 | E49: =資料儲存!G6157 -> 0 | F49: =資料儲存!H6157 -> 0 | G49: =資料儲存!I6157 -> 0 | H49: =資料儲存!J6157 -> 0 | J49: 36 | K49: =資料儲存!D6397 -> 0 | L49: =資料儲存!E6397 -> 0 | M49: =資料儲存!F6397 -> 0 | N49: =資料儲存!G6397 -> 0 | O49: =資料儲存!H6397 -> 0 | P49: =資料儲存!I6397 -> 0 | Q49: =資料儲存!J6397 -> 0 | S49: 36 | T49: =資料儲存!D6637 -> 0 | U49: =資料儲存!E6637 -> 0 | V49: =資料儲存!F6637 -> 0 | W49: =資料儲存!G6637 -> 0 | X49: =資料儲存!H6637 -> 0 | Y49: =資料儲存!I6637 -> 0 | Z49: =資料儲存!J6637 -> 0 | AB49: 36 | AC49: =資料儲存!D6877 -> 0 | AD49: =資料儲存!E6877 -> 0 | AE49: =資料儲存!F6877 -> 0 | AF49: =資料儲存!G6877 -> 0 | AG49: =資料儲存!H6877 -> 0 | AH49: =資料儲存!I6877 -> 0 | AI49: =資料儲存!J6877 -> 0 | AK49: 36 | AL49: =資料儲存!D7117 -> 0 | AM49: =資料儲存!E7117 -> 0 | AN49: =資料儲存!F7117 -> 0 | AO49: =資料儲存!G7117 -> 0 | AP49: =資料儲存!H7117 -> 0 | AQ49: =資料儲存!I7117 -> 0 | AR49: =資料儲存!J7117 -> 0 | AT49: 36 | AU49: =資料儲存!D7357 -> 0 | AV49: =資料儲存!E7357 -> 0 | AW49: =資料儲存!F7357 -> 0 | AX49: =資料儲存!G7357 -> 0 | AY49: =資料儲存!H7357 -> 0 | AZ49: =資料儲存!I7357 -> 0 | BA49: =資料儲存!J7357 -> 0
A50: 37 | B50: =資料儲存!D6158 -> 0 | C50: =資料儲存!E6158 -> 0 | D50: =資料儲存!F6158 -> 0 | E50: =資料儲存!G6158 -> 0 | F50: =資料儲存!H6158 -> 0 | G50: =資料儲存!I6158 -> 0 | H50: =資料儲存!J6158 -> 0 | J50: 37 | K50: =資料儲存!D6398 -> 0 | L50: =資料儲存!E6398 -> 0 | M50: =資料儲存!F6398 -> 0 | N50: =資料儲存!G6398 -> 0 | O50: =資料儲存!H6398 -> 0 | P50: =資料儲存!I6398 -> 0 | Q50: =資料儲存!J6398 -> 0 | S50: 37 | T50: =資料儲存!D6638 -> 0 | U50: =資料儲存!E6638 -> 0 | V50: =資料儲存!F6638 -> 0 | W50: =資料儲存!G6638 -> 0 | X50: =資料儲存!H6638 -> 0 | Y50: =資料儲存!I6638 -> 0 | Z50: =資料儲存!J6638 -> 0 | AB50: 37 | AC50: =資料儲存!D6878 -> 0 | AD50: =資料儲存!E6878 -> 0 | AE50: =資料儲存!F6878 -> 0 | AF50: =資料儲存!G6878 -> 0 | AG50: =資料儲存!H6878 -> 0 | AH50: =資料儲存!I6878 -> 0 | AI50: =資料儲存!J6878 -> 0 | AK50: 37 | AL50: =資料儲存!D7118 -> 0 | AM50: =資料儲存!E7118 -> 0 | AN50: =資料儲存!F7118 -> 0 | AO50: =資料儲存!G7118 -> 0 | AP50: =資料儲存!H7118 -> 0 | AQ50: =資料儲存!I7118 -> 0 | AR50: =資料儲存!J7118 -> 0 | AT50: 37 | AU50: =資料儲存!D7358 -> 0 | AV50: =資料儲存!E7358 -> 0 | AW50: =資料儲存!F7358 -> 0 | AX50: =資料儲存!G7358 -> 0 | AY50: =資料儲存!H7358 -> 0 | AZ50: =資料儲存!I7358 -> 0 | BA50: =資料儲存!J7358 -> 0
A51: 38 | B51: =資料儲存!D6159 -> 0 | C51: =資料儲存!E6159 -> 0 | D51: =資料儲存!F6159 -> 0 | E51: =資料儲存!G6159 -> 0 | F51: =資料儲存!H6159 -> 0 | G51: =資料儲存!I6159 -> 0 | H51: =資料儲存!J6159 -> 0 | J51: 38 | K51: =資料儲存!D6399 -> 0 | L51: =資料儲存!E6399 -> 0 | M51: =資料儲存!F6399 -> 0 | N51: =資料儲存!G6399 -> 0 | O51: =資料儲存!H6399 -> 0 | P51: =資料儲存!I6399 -> 0 | Q51: =資料儲存!J6399 -> 0 | S51: 38 | T51: =資料儲存!D6639 -> 0 | U51: =資料儲存!E6639 -> 0 | V51: =資料儲存!F6639 -> 0 | W51: =資料儲存!G6639 -> 0 | X51: =資料儲存!H6639 -> 0 | Y51: =資料儲存!I6639 -> 0 | Z51: =資料儲存!J6639 -> 0 | AB51: 38 | AC51: =資料儲存!D6879 -> 0 | AD51: =資料儲存!E6879 -> 0 | AE51: =資料儲存!F6879 -> 0 | AF51: =資料儲存!G6879 -> 0 | AG51: =資料儲存!H6879 -> 0 | AH51: =資料儲存!I6879 -> 0 | AI51: =資料儲存!J6879 -> 0 | AK51: 38 | AL51: =資料儲存!D7119 -> 0 | AM51: =資料儲存!E7119 -> 0 | AN51: =資料儲存!F7119 -> 0 | AO51: =資料儲存!G7119 -> 0 | AP51: =資料儲存!H7119 -> 0 | AQ51: =資料儲存!I7119 -> 0 | AR51: =資料儲存!J7119 -> 0 | AT51: 38 | AU51: =資料儲存!D7359 -> 0 | AV51: =資料儲存!E7359 -> 0 | AW51: =資料儲存!F7359 -> 0 | AX51: =資料儲存!G7359 -> 0 | AY51: =資料儲存!H7359 -> 0 | AZ51: =資料儲存!I7359 -> 0 | BA51: =資料儲存!J7359 -> 0
A52: 39 | B52: =資料儲存!D6160 -> 0 | C52: =資料儲存!E6160 -> 0 | D52: =資料儲存!F6160 -> 0 | E52: =資料儲存!G6160 -> 0 | F52: =資料儲存!H6160 -> 0 | G52: =資料儲存!I6160 -> 0 | H52: =資料儲存!J6160 -> 0 | J52: 39 | K52: =資料儲存!D6400 -> 0 | L52: =資料儲存!E6400 -> 0 | M52: =資料儲存!F6400 -> 0 | N52: =資料儲存!G6400 -> 0 | O52: =資料儲存!H6400 -> 0 | P52: =資料儲存!I6400 -> 0 | Q52: =資料儲存!J6400 -> 0 | S52: 39 | T52: =資料儲存!D6640 -> 0 | U52: =資料儲存!E6640 -> 0 | V52: =資料儲存!F6640 -> 0 | W52: =資料儲存!G6640 -> 0 | X52: =資料儲存!H6640 -> 0 | Y52: =資料儲存!I6640 -> 0 | Z52: =資料儲存!J6640 -> 0 | AB52: 39 | AC52: =資料儲存!D6880 -> 0 | AD52: =資料儲存!E6880 -> 0 | AE52: =資料儲存!F6880 -> 0 | AF52: =資料儲存!G6880 -> 0 | AG52: =資料儲存!H6880 -> 0 | AH52: =資料儲存!I6880 -> 0 | AI52: =資料儲存!J6880 -> 0 | AK52: 39 | AL52: =資料儲存!D7120 -> 0 | AM52: =資料儲存!E7120 -> 0 | AN52: =資料儲存!F7120 -> 0 | AO52: =資料儲存!G7120 -> 0 | AP52: =資料儲存!H7120 -> 0 | AQ52: =資料儲存!I7120 -> 0 | AR52: =資料儲存!J7120 -> 0 | AT52: 39 | AU52: =資料儲存!D7360 -> 0 | AV52: =資料儲存!E7360 -> 0 | AW52: =資料儲存!F7360 -> 0 | AX52: =資料儲存!G7360 -> 0 | AY52: =資料儲存!H7360 -> 0 | AZ52: =資料儲存!I7360 -> 0 | BA52: =資料儲存!J7360 -> 0
A53: 40 | B53: =資料儲存!D6161 -> 0 | C53: =資料儲存!E6161 -> 0 | D53: =資料儲存!F6161 -> 0 | E53: =資料儲存!G6161 -> 0 | F53: =資料儲存!H6161 -> 0 | G53: =資料儲存!I6161 -> 0 | H53: =資料儲存!J6161 -> 0 | J53: 40 | K53: =資料儲存!D6401 -> 0 | L53: =資料儲存!E6401 -> 0 | M53: =資料儲存!F6401 -> 0 | N53: =資料儲存!G6401 -> 0 | O53: =資料儲存!H6401 -> 0 | P53: =資料儲存!I6401 -> 0 | Q53: =資料儲存!J6401 -> 0 | S53: 40 | T53: =資料儲存!D6641 -> 0 | U53: =資料儲存!E6641 -> 0 | V53: =資料儲存!F6641 -> 0 | W53: =資料儲存!G6641 -> 0 | X53: =資料儲存!H6641 -> 0 | Y53: =資料儲存!I6641 -> 0 | Z53: =資料儲存!J6641 -> 0 | AB53: 40 | AC53: =資料儲存!D6881 -> 0 | AD53: =資料儲存!E6881 -> 0 | AE53: =資料儲存!F6881 -> 0 | AF53: =資料儲存!G6881 -> 0 | AG53: =資料儲存!H6881 -> 0 | AH53: =資料儲存!I6881 -> 0 | AI53: =資料儲存!J6881 -> 0 | AK53: 40 | AL53: =資料儲存!D7121 -> 0 | AM53: =資料儲存!E7121 -> 0 | AN53: =資料儲存!F7121 -> 0 | AO53: =資料儲存!G7121 -> 0 | AP53: =資料儲存!H7121 -> 0 | AQ53: =資料儲存!I7121 -> 0 | AR53: =資料儲存!J7121 -> 0 | AT53: 40 | AU53: =資料儲存!D7361 -> 0 | AV53: =資料儲存!E7361 -> 0 | AW53: =資料儲存!F7361 -> 0 | AX53: =資料儲存!G7361 -> 0 | AY53: =資料儲存!H7361 -> 0 | AZ53: =資料儲存!I7361 -> 0 | BA53: =資料儲存!J7361 -> 0
A54: 41 | B54: =資料儲存!D6162 -> 0 | C54: =資料儲存!E6162 -> 0 | D54: =資料儲存!F6162 -> 0 | E54: =資料儲存!G6162 -> 0 | F54: =資料儲存!H6162 -> 0 | G54: =資料儲存!I6162 -> 0 | H54: =資料儲存!J6162 -> 0 | J54: 41 | K54: =資料儲存!D6402 -> 0 | L54: =資料儲存!E6402 -> 0 | M54: =資料儲存!F6402 -> 0 | N54: =資料儲存!G6402 -> 0 | O54: =資料儲存!H6402 -> 0 | P54: =資料儲存!I6402 -> 0 | Q54: =資料儲存!J6402 -> 0 | S54: 41 | T54: =資料儲存!D6642 -> 0 | U54: =資料儲存!E6642 -> 0 | V54: =資料儲存!F6642 -> 0 | W54: =資料儲存!G6642 -> 0 | X54: =資料儲存!H6642 -> 0 | Y54: =資料儲存!I6642 -> 0 | Z54: =資料儲存!J6642 -> 0 | AB54: 41 | AC54: =資料儲存!D6882 -> 0 | AD54: =資料儲存!E6882 -> 0 | AE54: =資料儲存!F6882 -> 0 | AF54: =資料儲存!G6882 -> 0 | AG54: =資料儲存!H6882 -> 0 | AH54: =資料儲存!I6882 -> 0 | AI54: =資料儲存!J6882 -> 0 | AK54: 41 | AL54: =資料儲存!D7122 -> 0 | AM54: =資料儲存!E7122 -> 0 | AN54: =資料儲存!F7122 -> 0 | AO54: =資料儲存!G7122 -> 0 | AP54: =資料儲存!H7122 -> 0 | AQ54: =資料儲存!I7122 -> 0 | AR54: =資料儲存!J7122 -> 0 | AT54: 41 | AU54: =資料儲存!D7362 -> 0 | AV54: =資料儲存!E7362 -> 0 | AW54: =資料儲存!F7362 -> 0 | AX54: =資料儲存!G7362 -> 0 | AY54: =資料儲存!H7362 -> 0 | AZ54: =資料儲存!I7362 -> 0 | BA54: =資料儲存!J7362 -> 0
A55: 42 | B55: =資料儲存!D6163 -> 0 | C55: =資料儲存!E6163 -> 0 | D55: =資料儲存!F6163 -> 0 | E55: =資料儲存!G6163 -> 0 | F55: =資料儲存!H6163 -> 0 | G55: =資料儲存!I6163 -> 0 | H55: =資料儲存!J6163 -> 0 | J55: 42 | K55: =資料儲存!D6403 -> 0 | L55: =資料儲存!E6403 -> 0 | M55: =資料儲存!F6403 -> 0 | N55: =資料儲存!G6403 -> 0 | O55: =資料儲存!H6403 -> 0 | P55: =資料儲存!I6403 -> 0 | Q55: =資料儲存!J6403 -> 0 | S55: 42 | T55: =資料儲存!D6643 -> 0 | U55: =資料儲存!E6643 -> 0 | V55: =資料儲存!F6643 -> 0 | W55: =資料儲存!G6643 -> 0 | X55: =資料儲存!H6643 -> 0 | Y55: =資料儲存!I6643 -> 0 | Z55: =資料儲存!J6643 -> 0 | AB55: 42 | AC55: =資料儲存!D6883 -> 0 | AD55: =資料儲存!E6883 -> 0 | AE55: =資料儲存!F6883 -> 0 | AF55: =資料儲存!G6883 -> 0 | AG55: =資料儲存!H6883 -> 0 | AH55: =資料儲存!I6883 -> 0 | AI55: =資料儲存!J6883 -> 0 | AK55: 42 | AL55: =資料儲存!D7123 -> 0 | AM55: =資料儲存!E7123 -> 0 | AN55: =資料儲存!F7123 -> 0 | AO55: =資料儲存!G7123 -> 0 | AP55: =資料儲存!H7123 -> 0 | AQ55: =資料儲存!I7123 -> 0 | AR55: =資料儲存!J7123 -> 0 | AT55: 42 | AU55: =資料儲存!D7363 -> 0 | AV55: =資料儲存!E7363 -> 0 | AW55: =資料儲存!F7363 -> 0 | AX55: =資料儲存!G7363 -> 0 | AY55: =資料儲存!H7363 -> 0 | AZ55: =資料儲存!I7363 -> 0 | BA55: =資料儲存!J7363 -> 0
... A58: 45 | B58: =資料儲存!D6166 -> 0 | C58: =資料儲存!E6166 -> 0 | D58: =資料儲存!F6166 -> 0 | E58: =資料儲存!G6166 -> 0 | F58: =資料儲存!H6166 -> 0 | G58: =資料儲存!I6166 -> 0 | H58: =資料儲存!J6166 -> 0 | J58: 45 | K58: =資料儲存!D6406 -> 0 | L58: =資料儲存!E6406 -> 0 | M58: =資料儲存!F6406 -> 0 | N58: =資料儲存!G6406 -> 0 | O58: =資料儲存!H6406 -> 0 | P58: =資料儲存!I6406 -> 0 | Q58: =資料儲存!J6406 -> 0 | S58: 45 | T58: =資料儲存!D6646 -> 0 | U58: =資料儲存!E6646 -> 0 | V58: =資料儲存!F6646 -> 0 | W58: =資料儲存!G6646 -> 0 | X58: =資料儲存!H6646 -> 0 | Y58: =資料儲存!I6646 -> 0 | Z58: =資料儲存!J6646 -> 0 | AB58: 45 | AC58: =資料儲存!D6886 -> 0 | AD58: =資料儲存!E6886 -> 0 | AE58: =資料儲存!F6886 -> 0 | AF58: =資料儲存!G6886 -> 0 | AG58: =資料儲存!H6886 -> 0 | AH58: =資料儲存!I6886 -> 0 | AI58: =資料儲存!J6886 -> 0 | AK58: 45 | AL58: =資料儲存!D7126 -> 0 | AM58: =資料儲存!E7126 -> 0 | AN58: =資料儲存!F7126 -> 0 | AO58: =資料儲存!G7126 -> 0 | AP58: =資料儲存!H7126 -> 0 | AQ58: =資料儲存!I7126 -> 0 | AR58: =資料儲存!J7126 -> 0 | AT58: 45 | AU58: =資料儲存!D7366 -> 0 | AV58: =資料儲存!E7366 -> 0 | AW58: =資料儲存!F7366 -> 0 | AX58: =資料儲存!G7366 -> 0 | AY58: =資料儲存!H7366 -> 0 | AZ58: =資料儲存!I7366 -> 0 | BA58: =資料儲存!J7366 -> 0
A59: 總 計 | B59: =SUM(B44:E58) -> 0 | F59: =F58 -> 0 | G59: =G58 -> 0 | H59: =H58 -> 0 | J59: 總 計 | K59: =SUM(K44:N58) -> 0 | O59: =O58 -> 0 | P59: =P58 -> 0 | Q59: =Q58 -> 0 | S59: 總 計 | T59: =SUM(T44:W58) -> 0 | X59: =X58 -> 0 | Y59: =Y58 -> 0 | Z59: =Z58 -> 0 | AB59: 總 計 | AC59: =SUM(AC44:AF58) -> 0 | AG59: =AG58 -> 0 | AH59: =AH58 -> 0 | AI59: =AI58 -> 0 | AK59: 總 計 | AL59: =SUM(AL44:AO58) -> 0 | AP59: =AP58 -> 0 | AQ59: =AQ58 -> 0 | AR59: =AR58 -> 0 | AT59: 總 計 | AU59: =SUM(AU44:AX58) -> 0 | AY59: =AY58 -> 0 | AZ59: =AZ58 -> 0 | BA59: =BA58 -> 0
A60: 16:45~17:00 | J60: 16:45~17:00 | S60: 16:45~17:00 | AB60: 16:45~17:00 | AK60: 16:45~17:00 | AT60: 16:45~17:00
A61: 開始時刻 | B61: 停車在臨近車道上的車輛總數 | F61: 臨近車道上的流量 | J61: 開始時刻 | K61: 停車在臨近車道上的車輛總數 | O61: 臨近車道上的流量 | S61: 開始時刻 | T61: 停車在臨近車道上的車輛總數 | X61: 臨近車道上的流量 | AB61: 開始時刻 | AC61: 停車在臨近車道上的車輛總數 | AG61: 臨近車道上的流量 | AK61: 開始時刻 | AL61: 停車在臨近車道上的車輛總數 | AP61: 臨近車道上的流量 | AT61: 開始時刻 | AU61: 停車在臨近車道上的車輛總數 | AY61: 臨近車道上的流量
A62: 0.69791667 | B62: 0秒 | C62: 15秒 | D62: 30秒 | E62: 45秒 | F62: 總數 | G62: 未受阻 | H62: 受阻 | J62: 0.69791667 | K62: 0秒 | L62: 15秒 | M62: 30秒 | N62: 45秒 | O62: 總數 | P62: 未受阻 | Q62: 受阻 | S62: 0.69791667 | T62: 0秒 | U62: 15秒 | V62: 30秒 | W62: 45秒 | X62: 總數 | Y62: 未受阻 | Z62: 受阻 | AB62: 0.69791667 | AC62: 0秒 | AD62: 15秒 | AE62: 30秒 | AF62: 45秒 | AG62: 總數 | AH62: 未受阻 | AI62: 受阻 | AK62: 0.69791667 | AL62: 0秒 | AM62: 15秒 | AN62: 30秒 | AO62: 45秒 | AP62: 總數 | AQ62: 未受阻 | AR62: 受阻 | AT62: 0.69791667 | AU62: 0秒 | AV62: 15秒 | AW62: 30秒 | AX62: 45秒 | AY62: 總數 | AZ62: 未受阻 | BA62: 受阻
A63: 46 | B63: =資料儲存!D6167 -> 0 | C63: =資料儲存!E6167 -> 0 | D63: =資料儲存!F6167 -> 0 | E63: =資料儲存!G6167 -> 0 | F63: =資料儲存!H6167 -> 0 | G63: =資料儲存!I6167 -> 0 | H63: =資料儲存!J6167 -> 0 | J63: 46 | K63: =資料儲存!D6407 -> 0 | L63: =資料儲存!E6407 -> 0 | M63: =資料儲存!F6407 -> 0 | N63: =資料儲存!G6407 -> 0 | O63: =資料儲存!H6407 -> 0 | P63: =資料儲存!I6407 -> 0 | Q63: =資料儲存!J6407 -> 0 | S63: 46 | T63: =資料儲存!D6647 -> 0 | U63: =資料儲存!E6647 -> 0 | V63: =資料儲存!F6647 -> 0 | W63: =資料儲存!G6647 -> 0 | X63: =資料儲存!H6647 -> 0 | Y63: =資料儲存!I6647 -> 0 | Z63: =資料儲存!J6647 -> 0 | AB63: 46 | AC63: =資料儲存!D6887 -> 0 | AD63: =資料儲存!E6887 -> 0 | AE63: =資料儲存!F6887 -> 0 | AF63: =資料儲存!G6887 -> 0 | AG63: =資料儲存!H6887 -> 0 | AH63: =資料儲存!I6887 -> 0 | AI63: =資料儲存!J6887 -> 0 | AK63: 46 | AL63: =資料儲存!D7127 -> 0 | AM63: =資料儲存!E7127 -> 0 | AN63: =資料儲存!F7127 -> 0 | AO63: =資料儲存!G7127 -> 0 | AP63: =資料儲存!H7127 -> 0 | AQ63: =資料儲存!I7127 -> 0 | AR63: =資料儲存!J7127 -> 0 | AT63: 46 | AU63: =資料儲存!D7367 -> 0 | AV63: =資料儲存!E7367 -> 0 | AW63: =資料儲存!F7367 -> 0 | AX63: =資料儲存!G7367 -> 0 | AY63: =資料儲存!H7367 -> 0 | AZ63: =資料儲存!I7367 -> 0 | BA63: =資料儲存!J7367 -> 0
A64: 47 | B64: =資料儲存!D6168 -> 0 | C64: =資料儲存!E6168 -> 0 | D64: =資料儲存!F6168 -> 0 | E64: =資料儲存!G6168 -> 0 | F64: =資料儲存!H6168 -> 0 | G64: =資料儲存!I6168 -> 0 | H64: =資料儲存!J6168 -> 0 | J64: 47 | K64: =資料儲存!D6408 -> 0 | L64: =資料儲存!E6408 -> 0 | M64: =資料儲存!F6408 -> 0 | N64: =資料儲存!G6408 -> 0 | O64: =資料儲存!H6408 -> 0 | P64: =資料儲存!I6408 -> 0 | Q64: =資料儲存!J6408 -> 0 | S64: 47 | T64: =資料儲存!D6648 -> 0 | U64: =資料儲存!E6648 -> 0 | V64: =資料儲存!F6648 -> 0 | W64: =資料儲存!G6648 -> 0 | X64: =資料儲存!H6648 -> 0 | Y64: =資料儲存!I6648 -> 0 | Z64: =資料儲存!J6648 -> 0 | AB64: 47 | AC64: =資料儲存!D6888 -> 0 | AD64: =資料儲存!E6888 -> 0 | AE64: =資料儲存!F6888 -> 0 | AF64: =資料儲存!G6888 -> 0 | AG64: =資料儲存!H6888 -> 0 | AH64: =資料儲存!I6888 -> 0 | AI64: =資料儲存!J6888 -> 0 | AK64: 47 | AL64: =資料儲存!D7128 -> 0 | AM64: =資料儲存!E7128 -> 0 | AN64: =資料儲存!F7128 -> 0 | AO64: =資料儲存!G7128 -> 0 | AP64: =資料儲存!H7128 -> 0 | AQ64: =資料儲存!I7128 -> 0 | AR64: =資料儲存!J7128 -> 0 | AT64: 47 | AU64: =資料儲存!D7368 -> 0 | AV64: =資料儲存!E7368 -> 0 | AW64: =資料儲存!F7368 -> 0 | AX64: =資料儲存!G7368 -> 0 | AY64: =資料儲存!H7368 -> 0 | AZ64: =資料儲存!I7368 -> 0 | BA64: =資料儲存!J7368 -> 0
A65: 48 | B65: =資料儲存!D6169 -> 0 | C65: =資料儲存!E6169 -> 0 | D65: =資料儲存!F6169 -> 0 | E65: =資料儲存!G6169 -> 0 | F65: =資料儲存!H6169 -> 0 | G65: =資料儲存!I6169 -> 0 | H65: =資料儲存!J6169 -> 0 | J65: 48 | K65: =資料儲存!D6409 -> 0 | L65: =資料儲存!E6409 -> 0 | M65: =資料儲存!F6409 -> 0 | N65: =資料儲存!G6409 -> 0 | O65: =資料儲存!H6409 -> 0 | P65: =資料儲存!I6409 -> 0 | Q65: =資料儲存!J6409 -> 0 | S65: 48 | T65: =資料儲存!D6649 -> 0 | U65: =資料儲存!E6649 -> 0 | V65: =資料儲存!F6649 -> 0 | W65: =資料儲存!G6649 -> 0 | X65: =資料儲存!H6649 -> 0 | Y65: =資料儲存!I6649 -> 0 | Z65: =資料儲存!J6649 -> 0 | AB65: 48 | AC65: =資料儲存!D6889 -> 0 | AD65: =資料儲存!E6889 -> 0 | AE65: =資料儲存!F6889 -> 0 | AF65: =資料儲存!G6889 -> 0 | AG65: =資料儲存!H6889 -> 0 | AH65: =資料儲存!I6889 -> 0 | AI65: =資料儲存!J6889 -> 0 | AK65: 48 | AL65: =資料儲存!D7129 -> 0 | AM65: =資料儲存!E7129 -> 0 | AN65: =資料儲存!F7129 -> 0 | AO65: =資料儲存!G7129 -> 0 | AP65: =資料儲存!H7129 -> 0 | AQ65: =資料儲存!I7129 -> 0 | AR65: =資料儲存!J7129 -> 0 | AT65: 48 | AU65: =資料儲存!D7369 -> 0 | AV65: =資料儲存!E7369 -> 0 | AW65: =資料儲存!F7369 -> 0 | AX65: =資料儲存!G7369 -> 0 | AY65: =資料儲存!H7369 -> 0 | AZ65: =資料儲存!I7369 -> 0 | BA65: =資料儲存!J7369 -> 0
A66: 49 | B66: =資料儲存!D6170 -> 0 | C66: =資料儲存!E6170 -> 0 | D66: =資料儲存!F6170 -> 0 | E66: =資料儲存!G6170 -> 0 | F66: =資料儲存!H6170 -> 0 | G66: =資料儲存!I6170 -> 0 | H66: =資料儲存!J6170 -> 0 | J66: 49 | K66: =資料儲存!D6410 -> 0 | L66: =資料儲存!E6410 -> 0 | M66: =資料儲存!F6410 -> 0 | N66: =資料儲存!G6410 -> 0 | O66: =資料儲存!H6410 -> 0 | P66: =資料儲存!I6410 -> 0 | Q66: =資料儲存!J6410 -> 0 | S66: 49 | T66: =資料儲存!D6650 -> 0 | U66: =資料儲存!E6650 -> 0 | V66: =資料儲存!F6650 -> 0 | W66: =資料儲存!G6650 -> 0 | X66: =資料儲存!H6650 -> 0 | Y66: =資料儲存!I6650 -> 0 | Z66: =資料儲存!J6650 -> 0 | AB66: 49 | AC66: =資料儲存!D6890 -> 0 | AD66: =資料儲存!E6890 -> 0 | AE66: =資料儲存!F6890 -> 0 | AF66: =資料儲存!G6890 -> 0 | AG66: =資料儲存!H6890 -> 0 | AH66: =資料儲存!I6890 -> 0 | AI66: =資料儲存!J6890 -> 0 | AK66: 49 | AL66: =資料儲存!D7130 -> 0 | AM66: =資料儲存!E7130 -> 0 | AN66: =資料儲存!F7130 -> 0 | AO66: =資料儲存!G7130 -> 0 | AP66: =資料儲存!H7130 -> 0 | AQ66: =資料儲存!I7130 -> 0 | AR66: =資料儲存!J7130 -> 0 | AT66: 49 | AU66: =資料儲存!D7370 -> 0 | AV66: =資料儲存!E7370 -> 0 | AW66: =資料儲存!F7370 -> 0 | AX66: =資料儲存!G7370 -> 0 | AY66: =資料儲存!H7370 -> 0 | AZ66: =資料儲存!I7370 -> 0 | BA66: =資料儲存!J7370 -> 0
A67: 50 | B67: =資料儲存!D6171 -> 0 | C67: =資料儲存!E6171 -> 0 | D67: =資料儲存!F6171 -> 0 | E67: =資料儲存!G6171 -> 0 | F67: =資料儲存!H6171 -> 0 | G67: =資料儲存!I6171 -> 0 | H67: =資料儲存!J6171 -> 0 | J67: 50 | K67: =資料儲存!D6411 -> 0 | L67: =資料儲存!E6411 -> 0 | M67: =資料儲存!F6411 -> 0 | N67: =資料儲存!G6411 -> 0 | O67: =資料儲存!H6411 -> 0 | P67: =資料儲存!I6411 -> 0 | Q67: =資料儲存!J6411 -> 0 | S67: 50 | T67: =資料儲存!D6651 -> 0 | U67: =資料儲存!E6651 -> 0 | V67: =資料儲存!F6651 -> 0 | W67: =資料儲存!G6651 -> 0 | X67: =資料儲存!H6651 -> 0 | Y67: =資料儲存!I6651 -> 0 | Z67: =資料儲存!J6651 -> 0 | AB67: 50 | AC67: =資料儲存!D6891 -> 0 | AD67: =資料儲存!E6891 -> 0 | AE67: =資料儲存!F6891 -> 0 | AF67: =資料儲存!G6891 -> 0 | AG67: =資料儲存!H6891 -> 0 | AH67: =資料儲存!I6891 -> 0 | AI67: =資料儲存!J6891 -> 0 | AK67: 50 | AL67: =資料儲存!D7131 -> 0 | AM67: =資料儲存!E7131 -> 0 | AN67: =資料儲存!F7131 -> 0 | AO67: =資料儲存!G7131 -> 0 | AP67: =資料儲存!H7131 -> 0 | AQ67: =資料儲存!I7131 -> 0 | AR67: =資料儲存!J7131 -> 0 | AT67: 50 | AU67: =資料儲存!D7371 -> 0 | AV67: =資料儲存!E7371 -> 0 | AW67: =資料儲存!F7371 -> 0 | AX67: =資料儲存!G7371 -> 0 | AY67: =資料儲存!H7371 -> 0 | AZ67: =資料儲存!I7371 -> 0 | BA67: =資料儲存!J7371 -> 0
A68: 51 | B68: =資料儲存!D6172 -> 0 | C68: =資料儲存!E6172 -> 0 | D68: =資料儲存!F6172 -> 0 | E68: =資料儲存!G6172 -> 0 | F68: =資料儲存!H6172 -> 0 | G68: =資料儲存!I6172 -> 0 | H68: =資料儲存!J6172 -> 0 | J68: 51 | K68: =資料儲存!D6412 -> 0 | L68: =資料儲存!E6412 -> 0 | M68: =資料儲存!F6412 -> 0 | N68: =資料儲存!G6412 -> 0 | O68: =資料儲存!H6412 -> 0 | P68: =資料儲存!I6412 -> 0 | Q68: =資料儲存!J6412 -> 0 | S68: 51 | T68: =資料儲存!D6652 -> 0 | U68: =資料儲存!E6652 -> 0 | V68: =資料儲存!F6652 -> 0 | W68: =資料儲存!G6652 -> 0 | X68: =資料儲存!H6652 -> 0 | Y68: =資料儲存!I6652 -> 0 | Z68: =資料儲存!J6652 -> 0 | AB68: 51 | AC68: =資料儲存!D6892 -> 0 | AD68: =資料儲存!E6892 -> 0 | AE68: =資料儲存!F6892 -> 0 | AF68: =資料儲存!G6892 -> 0 | AG68: =資料儲存!H6892 -> 0 | AH68: =資料儲存!I6892 -> 0 | AI68: =資料儲存!J6892 -> 0 | AK68: 51 | AL68: =資料儲存!D7132 -> 0 | AM68: =資料儲存!E7132 -> 0 | AN68: =資料儲存!F7132 -> 0 | AO68: =資料儲存!G7132 -> 0 | AP68: =資料儲存!H7132 -> 0 | AQ68: =資料儲存!I7132 -> 0 | AR68: =資料儲存!J7132 -> 0 | AT68: 51 | AU68: =資料儲存!D7372 -> 0 | AV68: =資料儲存!E7372 -> 0 | AW68: =資料儲存!F7372 -> 0 | AX68: =資料儲存!G7372 -> 0 | AY68: =資料儲存!H7372 -> 0 | AZ68: =資料儲存!I7372 -> 0 | BA68: =資料儲存!J7372 -> 0
A69: 52 | B69: =資料儲存!D6173 -> 0 | C69: =資料儲存!E6173 -> 0 | D69: =資料儲存!F6173 -> 0 | E69: =資料儲存!G6173 -> 0 | F69: =資料儲存!H6173 -> 0 | G69: =資料儲存!I6173 -> 0 | H69: =資料儲存!J6173 -> 0 | J69: 52 | K69: =資料儲存!D6413 -> 0 | L69: =資料儲存!E6413 -> 0 | M69: =資料儲存!F6413 -> 0 | N69: =資料儲存!G6413 -> 0 | O69: =資料儲存!H6413 -> 0 | P69: =資料儲存!I6413 -> 0 | Q69: =資料儲存!J6413 -> 0 | S69: 52 | T69: =資料儲存!D6653 -> 0 | U69: =資料儲存!E6653 -> 0 | V69: =資料儲存!F6653 -> 0 | W69: =資料儲存!G6653 -> 0 | X69: =資料儲存!H6653 -> 0 | Y69: =資料儲存!I6653 -> 0 | Z69: =資料儲存!J6653 -> 0 | AB69: 52 | AC69: =資料儲存!D6893 -> 0 | AD69: =資料儲存!E6893 -> 0 | AE69: =資料儲存!F6893 -> 0 | AF69: =資料儲存!G6893 -> 0 | AG69: =資料儲存!H6893 -> 0 | AH69: =資料儲存!I6893 -> 0 | AI69: =資料儲存!J6893 -> 0 | AK69: 52 | AL69: =資料儲存!D7133 -> 0 | AM69: =資料儲存!E7133 -> 0 | AN69: =資料儲存!F7133 -> 0 | AO69: =資料儲存!G7133 -> 0 | AP69: =資料儲存!H7133 -> 0 | AQ69: =資料儲存!I7133 -> 0 | AR69: =資料儲存!J7133 -> 0 | AT69: 52 | AU69: =資料儲存!D7373 -> 0 | AV69: =資料儲存!E7373 -> 0 | AW69: =資料儲存!F7373 -> 0 | AX69: =資料儲存!G7373 -> 0 | AY69: =資料儲存!H7373 -> 0 | AZ69: =資料儲存!I7373 -> 0 | BA69: =資料儲存!J7373 -> 0
A70: 53 | B70: =資料儲存!D6174 -> 0 | C70: =資料儲存!E6174 -> 0 | D70: =資料儲存!F6174 -> 0 | E70: =資料儲存!G6174 -> 0 | F70: =資料儲存!H6174 -> 0 | G70: =資料儲存!I6174 -> 0 | H70: =資料儲存!J6174 -> 0 | J70: 53 | K70: =資料儲存!D6414 -> 0 | L70: =資料儲存!E6414 -> 0 | M70: =資料儲存!F6414 -> 0 | N70: =資料儲存!G6414 -> 0 | O70: =資料儲存!H6414 -> 0 | P70: =資料儲存!I6414 -> 0 | Q70: =資料儲存!J6414 -> 0 | S70: 53 | T70: =資料儲存!D6654 -> 0 | U70: =資料儲存!E6654 -> 0 | V70: =資料儲存!F6654 -> 0 | W70: =資料儲存!G6654 -> 0 | X70: =資料儲存!H6654 -> 0 | Y70: =資料儲存!I6654 -> 0 | Z70: =資料儲存!J6654 -> 0 | AB70: 53 | AC70: =資料儲存!D6894 -> 0 | AD70: =資料儲存!E6894 -> 0 | AE70: =資料儲存!F6894 -> 0 | AF70: =資料儲存!G6894 -> 0 | AG70: =資料儲存!H6894 -> 0 | AH70: =資料儲存!I6894 -> 0 | AI70: =資料儲存!J6894 -> 0 | AK70: 53 | AL70: =資料儲存!D7134 -> 0 | AM70: =資料儲存!E7134 -> 0 | AN70: =資料儲存!F7134 -> 0 | AO70: =資料儲存!G7134 -> 0 | AP70: =資料儲存!H7134 -> 0 | AQ70: =資料儲存!I7134 -> 0 | AR70: =資料儲存!J7134 -> 0 | AT70: 53 | AU70: =資料儲存!D7374 -> 0 | AV70: =資料儲存!E7374 -> 0 | AW70: =資料儲存!F7374 -> 0 | AX70: =資料儲存!G7374 -> 0 | AY70: =資料儲存!H7374 -> 0 | AZ70: =資料儲存!I7374 -> 0 | BA70: =資料儲存!J7374 -> 0
A71: 54 | B71: =資料儲存!D6175 -> 0 | C71: =資料儲存!E6175 -> 0 | D71: =資料儲存!F6175 -> 0 | E71: =資料儲存!G6175 -> 0 | F71: =資料儲存!H6175 -> 0 | G71: =資料儲存!I6175 -> 0 | H71: =資料儲存!J6175 -> 0 | J71: 54 | K71: =資料儲存!D6415 -> 0 | L71: =資料儲存!E6415 -> 0 | M71: =資料儲存!F6415 -> 0 | N71: =資料儲存!G6415 -> 0 | O71: =資料儲存!H6415 -> 0 | P71: =資料儲存!I6415 -> 0 | Q71: =資料儲存!J6415 -> 0 | S71: 54 | T71: =資料儲存!D6655 -> 0 | U71: =資料儲存!E6655 -> 0 | V71: =資料儲存!F6655 -> 0 | W71: =資料儲存!G6655 -> 0 | X71: =資料儲存!H6655 -> 0 | Y71: =資料儲存!I6655 -> 0 | Z71: =資料儲存!J6655 -> 0 | AB71: 54 | AC71: =資料儲存!D6895 -> 0 | AD71: =資料儲存!E6895 -> 0 | AE71: =資料儲存!F6895 -> 0 | AF71: =資料儲存!G6895 -> 0 | AG71: =資料儲存!H6895 -> 0 | AH71: =資料儲存!I6895 -> 0 | AI71: =資料儲存!J6895 -> 0 | AK71: 54 | AL71: =資料儲存!D7135 -> 0 | AM71: =資料儲存!E7135 -> 0 | AN71: =資料儲存!F7135 -> 0 | AO71: =資料儲存!G7135 -> 0 | AP71: =資料儲存!H7135 -> 0 | AQ71: =資料儲存!I7135 -> 0 | AR71: =資料儲存!J7135 -> 0 | AT71: 54 | AU71: =資料儲存!D7375 -> 0 | AV71: =資料儲存!E7375 -> 0 | AW71: =資料儲存!F7375 -> 0 | AX71: =資料儲存!G7375 -> 0 | AY71: =資料儲存!H7375 -> 0 | AZ71: =資料儲存!I7375 -> 0 | BA71: =資料儲存!J7375 -> 0
A72: 55 | B72: =資料儲存!D6176 -> 0 | C72: =資料儲存!E6176 -> 0 | D72: =資料儲存!F6176 -> 0 | E72: =資料儲存!G6176 -> 0 | F72: =資料儲存!H6176 -> 0 | G72: =資料儲存!I6176 -> 0 | H72: =資料儲存!J6176 -> 0 | J72: 55 | K72: =資料儲存!D6416 -> 0 | L72: =資料儲存!E6416 -> 0 | M72: =資料儲存!F6416 -> 0 | N72: =資料儲存!G6416 -> 0 | O72: =資料儲存!H6416 -> 0 | P72: =資料儲存!I6416 -> 0 | Q72: =資料儲存!J6416 -> 0 | S72: 55 | T72: =資料儲存!D6656 -> 0 | U72: =資料儲存!E6656 -> 0 | V72: =資料儲存!F6656 -> 0 | W72: =資料儲存!G6656 -> 0 | X72: =資料儲存!H6656 -> 0 | Y72: =資料儲存!I6656 -> 0 | Z72: =資料儲存!J6656 -> 0 | AB72: 55 | AC72: =資料儲存!D6896 -> 0 | AD72: =資料儲存!E6896 -> 0 | AE72: =資料儲存!F6896 -> 0 | AF72: =資料儲存!G6896 -> 0 | AG72: =資料儲存!H6896 -> 0 | AH72: =資料儲存!I6896 -> 0 | AI72: =資料儲存!J6896 -> 0 | AK72: 55 | AL72: =資料儲存!D7136 -> 0 | AM72: =資料儲存!E7136 -> 0 | AN72: =資料儲存!F7136 -> 0 | AO72: =資料儲存!G7136 -> 0 | AP72: =資料儲存!H7136 -> 0 | AQ72: =資料儲存!I7136 -> 0 | AR72: =資料儲存!J7136 -> 0 | AT72: 55 | AU72: =資料儲存!D7376 -> 0 | AV72: =資料儲存!E7376 -> 0 | AW72: =資料儲存!F7376 -> 0 | AX72: =資料儲存!G7376 -> 0 | AY72: =資料儲存!H7376 -> 0 | AZ72: =資料儲存!I7376 -> 0 | BA72: =資料儲存!J7376 -> 0
A73: 56 | B73: =資料儲存!D6177 -> 0 | C73: =資料儲存!E6177 -> 0 | D73: =資料儲存!F6177 -> 0 | E73: =資料儲存!G6177 -> 0 | F73: =資料儲存!H6177 -> 0 | G73: =資料儲存!I6177 -> 0 | H73: =資料儲存!J6177 -> 0 | J73: 56 | K73: =資料儲存!D6417 -> 0 | L73: =資料儲存!E6417 -> 0 | M73: =資料儲存!F6417 -> 0 | N73: =資料儲存!G6417 -> 0 | O73: =資料儲存!H6417 -> 0 | P73: =資料儲存!I6417 -> 0 | Q73: =資料儲存!J6417 -> 0 | S73: 56 | T73: =資料儲存!D6657 -> 0 | U73: =資料儲存!E6657 -> 0 | V73: =資料儲存!F6657 -> 0 | W73: =資料儲存!G6657 -> 0 | X73: =資料儲存!H6657 -> 0 | Y73: =資料儲存!I6657 -> 0 | Z73: =資料儲存!J6657 -> 0 | AB73: 56 | AC73: =資料儲存!D6897 -> 0 | AD73: =資料儲存!E6897 -> 0 | AE73: =資料儲存!F6897 -> 0 | AF73: =資料儲存!G6897 -> 0 | AG73: =資料儲存!H6897 -> 0 | AH73: =資料儲存!I6897 -> 0 | AI73: =資料儲存!J6897 -> 0 | AK73: 56 | AL73: =資料儲存!D7137 -> 0 | AM73: =資料儲存!E7137 -> 0 | AN73: =資料儲存!F7137 -> 0 | AO73: =資料儲存!G7137 -> 0 | AP73: =資料儲存!H7137 -> 0 | AQ73: =資料儲存!I7137 -> 0 | AR73: =資料儲存!J7137 -> 0 | AT73: 56 | AU73: =資料儲存!D7377 -> 0 | AV73: =資料儲存!E7377 -> 0 | AW73: =資料儲存!F7377 -> 0 | AX73: =資料儲存!G7377 -> 0 | AY73: =資料儲存!H7377 -> 0 | AZ73: =資料儲存!I7377 -> 0 | BA73: =資料儲存!J7377 -> 0
A74: 57 | B74: =資料儲存!D6178 -> 0 | C74: =資料儲存!E6178 -> 0 | D74: =資料儲存!F6178 -> 0 | E74: =資料儲存!G6178 -> 0 | F74: =資料儲存!H6178 -> 0 | G74: =資料儲存!I6178 -> 0 | H74: =資料儲存!J6178 -> 0 | J74: 57 | K74: =資料儲存!D6418 -> 0 | L74: =資料儲存!E6418 -> 0 | M74: =資料儲存!F6418 -> 0 | N74: =資料儲存!G6418 -> 0 | O74: =資料儲存!H6418 -> 0 | P74: =資料儲存!I6418 -> 0 | Q74: =資料儲存!J6418 -> 0 | S74: 57 | T74: =資料儲存!D6658 -> 0 | U74: =資料儲存!E6658 -> 0 | V74: =資料儲存!F6658 -> 0 | W74: =資料儲存!G6658 -> 0 | X74: =資料儲存!H6658 -> 0 | Y74: =資料儲存!I6658 -> 0 | Z74: =資料儲存!J6658 -> 0 | AB74: 57 | AC74: =資料儲存!D6898 -> 0 | AD74: =資料儲存!E6898 -> 0 | AE74: =資料儲存!F6898 -> 0 | AF74: =資料儲存!G6898 -> 0 | AG74: =資料儲存!H6898 -> 0 | AH74: =資料儲存!I6898 -> 0 | AI74: =資料儲存!J6898 -> 0 | AK74: 57 | AL74: =資料儲存!D7138 -> 0 | AM74: =資料儲存!E7138 -> 0 | AN74: =資料儲存!F7138 -> 0 | AO74: =資料儲存!G7138 -> 0 | AP74: =資料儲存!H7138 -> 0 | AQ74: =資料儲存!I7138 -> 0 | AR74: =資料儲存!J7138 -> 0 | AT74: 57 | AU74: =資料儲存!D7378 -> 0 | AV74: =資料儲存!E7378 -> 0 | AW74: =資料儲存!F7378 -> 0 | AX74: =資料儲存!G7378 -> 0 | AY74: =資料儲存!H7378 -> 0 | AZ74: =資料儲存!I7378 -> 0 | BA74: =資料儲存!J7378 -> 0
... A77: 60 | B77: =資料儲存!D6181 -> 0 | C77: =資料儲存!E6181 -> 0 | D77: =資料儲存!F6181 -> 0 | E77: =資料儲存!G6181 -> 0 | F77: =資料儲存!H6181 -> 0 | G77: =資料儲存!I6181 -> 0 | H77: =資料儲存!J6181 -> 0 | J77: 60 | K77: =資料儲存!D6421 -> 0 | L77: =資料儲存!E6421 -> 0 | M77: =資料儲存!F6421 -> 0 | N77: =資料儲存!G6421 -> 0 | O77: =資料儲存!H6421 -> 0 | P77: =資料儲存!I6421 -> 0 | Q77: =資料儲存!J6421 -> 0 | S77: 60 | T77: =資料儲存!D6661 -> 0 | U77: =資料儲存!E6661 -> 0 | V77: =資料儲存!F6661 -> 0 | W77: =資料儲存!G6661 -> 0 | X77: =資料儲存!H6661 -> 0 | Y77: =資料儲存!I6661 -> 0 | Z77: =資料儲存!J6661 -> 0 | AB77: 60 | AC77: =資料儲存!D6901 -> 0 | AD77: =資料儲存!E6901 -> 0 | AE77: =資料儲存!F6901 -> 0 | AF77: =資料儲存!G6901 -> 0 | AG77: =資料儲存!H6901 -> 0 | AH77: =資料儲存!I6901 -> 0 | AI77: =資料儲存!J6901 -> 0 | AK77: 60 | AL77: =資料儲存!D7141 -> 0 | AM77: =資料儲存!E7141 -> 0 | AN77: =資料儲存!F7141 -> 0 | AO77: =資料儲存!G7141 -> 0 | AP77: =資料儲存!H7141 -> 0 | AQ77: =資料儲存!I7141 -> 0 | AR77: =資料儲存!J7141 -> 0 | AT77: 60 | AU77: =資料儲存!D7381 -> 0 | AV77: =資料儲存!E7381 -> 0 | AW77: =資料儲存!F7381 -> 0 | AX77: =資料儲存!G7381 -> 0 | AY77: =資料儲存!H7381 -> 0 | AZ77: =資料儲存!I7381 -> 0 | BA77: =資料儲存!J7381 -> 0
A78: 總 計 | B78: =SUM(B63:E77) -> 0 | F78: =F77 -> 0 | G78: =G77 -> 0 | H78: =H77 -> 0 | J78: 總 計 | K78: =SUM(K63:N77) -> 0 | O78: =O77 -> 0 | P78: =P77 -> 0 | Q78: =Q77 -> 0 | S78: 總 計 | T78: =SUM(T63:W77) -> 0 | X78: =X77 -> 0 | Y78: =Y77 -> 0 | Z78: =Z77 -> 0 | AB78: 總 計 | AC78: =SUM(AC63:AF77) -> 0 | AG78: =AG77 -> 0 | AH78: =AH77 -> 0 | AI78: =AI77 -> 0 | AK78: 總 計 | AL78: =SUM(AL63:AO77) -> 0 | AP78: =AP77 -> 0 | AQ78: =AQ77 -> 0 | AR78: =AR77 -> 0 | AT78: 總 計 | AU78: =SUM(AU63:AX77) -> 0 | AY78: =AY77 -> 0 | AZ78: =AZ77 -> 0 | BA78: =BA77 -> 0
A79: 17:00~17:15 | J79: 17:00~17:15 | S79: 17:00~17:15 | AB79: 17:00~17:15 | AK79: 17:00~17:15 | AT79: 17:00~17:15
A80: 開始時刻 | B80: 停車在臨近車道上的車輛總數 | F80: 臨近車道上的流量 | J80: 開始時刻 | K80: 停車在臨近車道上的車輛總數 | O80: 臨近車道上的流量 | S80: 開始時刻 | T80: 停車在臨近車道上的車輛總數 | X80: 臨近車道上的流量 | AB80: 開始時刻 | AC80: 停車在臨近車道上的車輛總數 | AG80: 臨近車道上的流量 | AK80: 開始時刻 | AL80: 停車在臨近車道上的車輛總數 | AP80: 臨近車道上的流量 | AT80: 開始時刻 | AU80: 停車在臨近車道上的車輛總數 | AY80: 臨近車道上的流量
A81: 0.70833333 | B81: 0秒 | C81: 15秒 | D81: 30秒 | E81: 45秒 | F81: 總數 | G81: 未受阻 | H81: 受阻 | J81: 0.70833333 | K81: 0秒 | L81: 15秒 | M81: 30秒 | N81: 45秒 | O81: 總數 | P81: 未受阻 | Q81: 受阻 | S81: 0.70833333 | T81: 0秒 | U81: 15秒 | V81: 30秒 | W81: 45秒 | X81: 總數 | Y81: 未受阻 | Z81: 受阻 | AB81: 0.70833333 | AC81: 0秒 | AD81: 15秒 | AE81: 30秒 | AF81: 45秒 | AG81: 總數 | AH81: 未受阻 | AI81: 受阻 | AK81: 0.70833333 | AL81: 0秒 | AM81: 15秒 | AN81: 30秒 | AO81: 45秒 | AP81: 總數 | AQ81: 未受阻 | AR81: 受阻 | AT81: 0.70833333 | AU81: 0秒 | AV81: 15秒 | AW81: 30秒 | AX81: 45秒 | AY81: 總數 | AZ81: 未受阻 | BA81: 受阻
A82: 1 | B82: =資料儲存!D6182 -> 0 | C82: =資料儲存!E6182 -> 0 | D82: =資料儲存!F6182 -> 0 | E82: =資料儲存!G6182 -> 0 | F82: =資料儲存!H6182 -> 0 | G82: =資料儲存!I6182 -> 0 | H82: =資料儲存!J6182 -> 0 | J82: 1 | K82: =資料儲存!D6422 -> 0 | L82: =資料儲存!E6422 -> 0 | M82: =資料儲存!F6422 -> 0 | N82: =資料儲存!G6422 -> 0 | O82: =資料儲存!H6422 -> 0 | P82: =資料儲存!I6422 -> 0 | Q82: =資料儲存!J6422 -> 0 | S82: 1 | T82: =資料儲存!D6662 -> 0 | U82: =資料儲存!E6662 -> 0 | V82: =資料儲存!F6662 -> 0 | W82: =資料儲存!G6662 -> 0 | X82: =資料儲存!H6662 -> 0 | Y82: =資料儲存!I6662 -> 0 | Z82: =資料儲存!J6662 -> 0 | AB82: 1 | AC82: =資料儲存!D6902 -> 0 | AD82: =資料儲存!E6902 -> 0 | AE82: =資料儲存!F6902 -> 0 | AF82: =資料儲存!G6902 -> 0 | AG82: =資料儲存!H6902 -> 0 | AH82: =資料儲存!I6902 -> 0 | AI82: =資料儲存!J6902 -> 0 | AK82: 1 | AL82: =資料儲存!D7142 -> 0 | AM82: =資料儲存!E7142 -> 0 | AN82: =資料儲存!F7142 -> 0 | AO82: =資料儲存!G7142 -> 0 | AP82: =資料儲存!H7142 -> 0 | AQ82: =資料儲存!I7142 -> 0 | AR82: =資料儲存!J7142 -> 0 | AT82: 1 | AU82: =資料儲存!D7382 -> 0 | AV82: =資料儲存!E7382 -> 0 | AW82: =資料儲存!F7382 -> 0 | AX82: =資料儲存!G7382 -> 0 | AY82: =資料儲存!H7382 -> 0 | AZ82: =資料儲存!I7382 -> 0 | BA82: =資料儲存!J7382 -> 0
A83: 2 | B83: =資料儲存!D6183 -> 0 | C83: =資料儲存!E6183 -> 0 | D83: =資料儲存!F6183 -> 0 | E83: =資料儲存!G6183 -> 0 | F83: =資料儲存!H6183 -> 0 | G83: =資料儲存!I6183 -> 0 | H83: =資料儲存!J6183 -> 0 | J83: 2 | K83: =資料儲存!D6423 -> 0 | L83: =資料儲存!E6423 -> 0 | M83: =資料儲存!F6423 -> 0 | N83: =資料儲存!G6423 -> 0 | O83: =資料儲存!H6423 -> 0 | P83: =資料儲存!I6423 -> 0 | Q83: =資料儲存!J6423 -> 0 | S83: 2 | T83: =資料儲存!D6663 -> 0 | U83: =資料儲存!E6663 -> 0 | V83: =資料儲存!F6663 -> 0 | W83: =資料儲存!G6663 -> 0 | X83: =資料儲存!H6663 -> 0 | Y83: =資料儲存!I6663 -> 0 | Z83: =資料儲存!J6663 -> 0 | AB83: 2 | AC83: =資料儲存!D6903 -> 0 | AD83: =資料儲存!E6903 -> 0 | AE83: =資料儲存!F6903 -> 0 | AF83: =資料儲存!G6903 -> 0 | AG83: =資料儲存!H6903 -> 0 | AH83: =資料儲存!I6903 -> 0 | AI83: =資料儲存!J6903 -> 0 | AK83: 2 | AL83: =資料儲存!D7143 -> 0 | AM83: =資料儲存!E7143 -> 0 | AN83: =資料儲存!F7143 -> 0 | AO83: =資料儲存!G7143 -> 0 | AP83: =資料儲存!H7143 -> 0 | AQ83: =資料儲存!I7143 -> 0 | AR83: =資料儲存!J7143 -> 0 | AT83: 2 | AU83: =資料儲存!D7383 -> 0 | AV83: =資料儲存!E7383 -> 0 | AW83: =資料儲存!F7383 -> 0 | AX83: =資料儲存!G7383 -> 0 | AY83: =資料儲存!H7383 -> 0 | AZ83: =資料儲存!I7383 -> 0 | BA83: =資料儲存!J7383 -> 0
A84: 3 | B84: =資料儲存!D6184 -> 0 | C84: =資料儲存!E6184 -> 0 | D84: =資料儲存!F6184 -> 0 | E84: =資料儲存!G6184 -> 0 | F84: =資料儲存!H6184 -> 0 | G84: =資料儲存!I6184 -> 0 | H84: =資料儲存!J6184 -> 0 | J84: 3 | K84: =資料儲存!D6424 -> 0 | L84: =資料儲存!E6424 -> 0 | M84: =資料儲存!F6424 -> 0 | N84: =資料儲存!G6424 -> 0 | O84: =資料儲存!H6424 -> 0 | P84: =資料儲存!I6424 -> 0 | Q84: =資料儲存!J6424 -> 0 | S84: 3 | T84: =資料儲存!D6664 -> 0 | U84: =資料儲存!E6664 -> 0 | V84: =資料儲存!F6664 -> 0 | W84: =資料儲存!G6664 -> 0 | X84: =資料儲存!H6664 -> 0 | Y84: =資料儲存!I6664 -> 0 | Z84: =資料儲存!J6664 -> 0 | AB84: 3 | AC84: =資料儲存!D6904 -> 0 | AD84: =資料儲存!E6904 -> 0 | AE84: =資料儲存!F6904 -> 0 | AF84: =資料儲存!G6904 -> 0 | AG84: =資料儲存!H6904 -> 0 | AH84: =資料儲存!I6904 -> 0 | AI84: =資料儲存!J6904 -> 0 | AK84: 3 | AL84: =資料儲存!D7144 -> 0 | AM84: =資料儲存!E7144 -> 0 | AN84: =資料儲存!F7144 -> 0 | AO84: =資料儲存!G7144 -> 0 | AP84: =資料儲存!H7144 -> 0 | AQ84: =資料儲存!I7144 -> 0 | AR84: =資料儲存!J7144 -> 0 | AT84: 3 | AU84: =資料儲存!D7384 -> 0 | AV84: =資料儲存!E7384 -> 0 | AW84: =資料儲存!F7384 -> 0 | AX84: =資料儲存!G7384 -> 0 | AY84: =資料儲存!H7384 -> 0 | AZ84: =資料儲存!I7384 -> 0 | BA84: =資料儲存!J7384 -> 0
A85: 4 | B85: =資料儲存!D6185 -> 0 | C85: =資料儲存!E6185 -> 0 | D85: =資料儲存!F6185 -> 0 | E85: =資料儲存!G6185 -> 0 | F85: =資料儲存!H6185 -> 0 | G85: =資料儲存!I6185 -> 0 | H85: =資料儲存!J6185 -> 0 | J85: 4 | K85: =資料儲存!D6425 -> 0 | L85: =資料儲存!E6425 -> 0 | M85: =資料儲存!F6425 -> 0 | N85: =資料儲存!G6425 -> 0 | O85: =資料儲存!H6425 -> 0 | P85: =資料儲存!I6425 -> 0 | Q85: =資料儲存!J6425 -> 0 | S85: 4 | T85: =資料儲存!D6665 -> 0 | U85: =資料儲存!E6665 -> 0 | V85: =資料儲存!F6665 -> 0 | W85: =資料儲存!G6665 -> 0 | X85: =資料儲存!H6665 -> 0 | Y85: =資料儲存!I6665 -> 0 | Z85: =資料儲存!J6665 -> 0 | AB85: 4 | AC85: =資料儲存!D6905 -> 0 | AD85: =資料儲存!E6905 -> 0 | AE85: =資料儲存!F6905 -> 0 | AF85: =資料儲存!G6905 -> 0 | AG85: =資料儲存!H6905 -> 0 | AH85: =資料儲存!I6905 -> 0 | AI85: =資料儲存!J6905 -> 0 | AK85: 4 | AL85: =資料儲存!D7145 -> 0 | AM85: =資料儲存!E7145 -> 0 | AN85: =資料儲存!F7145 -> 0 | AO85: =資料儲存!G7145 -> 0 | AP85: =資料儲存!H7145 -> 0 | AQ85: =資料儲存!I7145 -> 0 | AR85: =資料儲存!J7145 -> 0 | AT85: 4 | AU85: =資料儲存!D7385 -> 0 | AV85: =資料儲存!E7385 -> 0 | AW85: =資料儲存!F7385 -> 0 | AX85: =資料儲存!G7385 -> 0 | AY85: =資料儲存!H7385 -> 0 | AZ85: =資料儲存!I7385 -> 0 | BA85: =資料儲存!J7385 -> 0
A86: 5 | B86: =資料儲存!D6186 -> 0 | C86: =資料儲存!E6186 -> 0 | D86: =資料儲存!F6186 -> 0 | E86: =資料儲存!G6186 -> 0 | F86: =資料儲存!H6186 -> 0 | G86: =資料儲存!I6186 -> 0 | H86: =資料儲存!J6186 -> 0 | J86: 5 | K86: =資料儲存!D6426 -> 0 | L86: =資料儲存!E6426 -> 0 | M86: =資料儲存!F6426 -> 0 | N86: =資料儲存!G6426 -> 0 | O86: =資料儲存!H6426 -> 0 | P86: =資料儲存!I6426 -> 0 | Q86: =資料儲存!J6426 -> 0 | S86: 5 | T86: =資料儲存!D6666 -> 0 | U86: =資料儲存!E6666 -> 0 | V86: =資料儲存!F6666 -> 0 | W86: =資料儲存!G6666 -> 0 | X86: =資料儲存!H6666 -> 0 | Y86: =資料儲存!I6666 -> 0 | Z86: =資料儲存!J6666 -> 0 | AB86: 5 | AC86: =資料儲存!D6906 -> 0 | AD86: =資料儲存!E6906 -> 0 | AE86: =資料儲存!F6906 -> 0 | AF86: =資料儲存!G6906 -> 0 | AG86: =資料儲存!H6906 -> 0 | AH86: =資料儲存!I6906 -> 0 | AI86: =資料儲存!J6906 -> 0 | AK86: 5 | AL86: =資料儲存!D7146 -> 0 | AM86: =資料儲存!E7146 -> 0 | AN86: =資料儲存!F7146 -> 0 | AO86: =資料儲存!G7146 -> 0 | AP86: =資料儲存!H7146 -> 0 | AQ86: =資料儲存!I7146 -> 0 | AR86: =資料儲存!J7146 -> 0 | AT86: 5 | AU86: =資料儲存!D7386 -> 0 | AV86: =資料儲存!E7386 -> 0 | AW86: =資料儲存!F7386 -> 0 | AX86: =資料儲存!G7386 -> 0 | AY86: =資料儲存!H7386 -> 0 | AZ86: =資料儲存!I7386 -> 0 | BA86: =資料儲存!J7386 -> 0
A87: 6 | B87: =資料儲存!D6187 -> 0 | C87: =資料儲存!E6187 -> 0 | D87: =資料儲存!F6187 -> 0 | E87: =資料儲存!G6187 -> 0 | F87: =資料儲存!H6187 -> 0 | G87: =資料儲存!I6187 -> 0 | H87: =資料儲存!J6187 -> 0 | J87: 6 | K87: =資料儲存!D6427 -> 0 | L87: =資料儲存!E6427 -> 0 | M87: =資料儲存!F6427 -> 0 | N87: =資料儲存!G6427 -> 0 | O87: =資料儲存!H6427 -> 0 | P87: =資料儲存!I6427 -> 0 | Q87: =資料儲存!J6427 -> 0 | S87: 6 | T87: =資料儲存!D6667 -> 0 | U87: =資料儲存!E6667 -> 0 | V87: =資料儲存!F6667 -> 0 | W87: =資料儲存!G6667 -> 0 | X87: =資料儲存!H6667 -> 0 | Y87: =資料儲存!I6667 -> 0 | Z87: =資料儲存!J6667 -> 0 | AB87: 6 | AC87: =資料儲存!D6907 -> 0 | AD87: =資料儲存!E6907 -> 0 | AE87: =資料儲存!F6907 -> 0 | AF87: =資料儲存!G6907 -> 0 | AG87: =資料儲存!H6907 -> 0 | AH87: =資料儲存!I6907 -> 0 | AI87: =資料儲存!J6907 -> 0 | AK87: 6 | AL87: =資料儲存!D7147 -> 0 | AM87: =資料儲存!E7147 -> 0 | AN87: =資料儲存!F7147 -> 0 | AO87: =資料儲存!G7147 -> 0 | AP87: =資料儲存!H7147 -> 0 | AQ87: =資料儲存!I7147 -> 0 | AR87: =資料儲存!J7147 -> 0 | AT87: 6 | AU87: =資料儲存!D7387 -> 0 | AV87: =資料儲存!E7387 -> 0 | AW87: =資料儲存!F7387 -> 0 | AX87: =資料儲存!G7387 -> 0 | AY87: =資料儲存!H7387 -> 0 | AZ87: =資料儲存!I7387 -> 0 | BA87: =資料儲存!J7387 -> 0
A88: 7 | B88: =資料儲存!D6188 -> 0 | C88: =資料儲存!E6188 -> 0 | D88: =資料儲存!F6188 -> 0 | E88: =資料儲存!G6188 -> 0 | F88: =資料儲存!H6188 -> 0 | G88: =資料儲存!I6188 -> 0 | H88: =資料儲存!J6188 -> 0 | J88: 7 | K88: =資料儲存!D6428 -> 0 | L88: =資料儲存!E6428 -> 0 | M88: =資料儲存!F6428 -> 0 | N88: =資料儲存!G6428 -> 0 | O88: =資料儲存!H6428 -> 0 | P88: =資料儲存!I6428 -> 0 | Q88: =資料儲存!J6428 -> 0 | S88: 7 | T88: =資料儲存!D6668 -> 0 | U88: =資料儲存!E6668 -> 0 | V88: =資料儲存!F6668 -> 0 | W88: =資料儲存!G6668 -> 0 | X88: =資料儲存!H6668 -> 0 | Y88: =資料儲存!I6668 -> 0 | Z88: =資料儲存!J6668 -> 0 | AB88: 7 | AC88: =資料儲存!D6908 -> 0 | AD88: =資料儲存!E6908 -> 0 | AE88: =資料儲存!F6908 -> 0 | AF88: =資料儲存!G6908 -> 0 | AG88: =資料儲存!H6908 -> 0 | AH88: =資料儲存!I6908 -> 0 | AI88: =資料儲存!J6908 -> 0 | AK88: 7 | AL88: =資料儲存!D7148 -> 0 | AM88: =資料儲存!E7148 -> 0 | AN88: =資料儲存!F7148 -> 0 | AO88: =資料儲存!G7148 -> 0 | AP88: =資料儲存!H7148 -> 0 | AQ88: =資料儲存!I7148 -> 0 | AR88: =資料儲存!J7148 -> 0 | AT88: 7 | AU88: =資料儲存!D7388 -> 0 | AV88: =資料儲存!E7388 -> 0 | AW88: =資料儲存!F7388 -> 0 | AX88: =資料儲存!G7388 -> 0 | AY88: =資料儲存!H7388 -> 0 | AZ88: =資料儲存!I7388 -> 0 | BA88: =資料儲存!J7388 -> 0
A89: 8 | B89: =資料儲存!D6189 -> 0 | C89: =資料儲存!E6189 -> 0 | D89: =資料儲存!F6189 -> 0 | E89: =資料儲存!G6189 -> 0 | F89: =資料儲存!H6189 -> 0 | G89: =資料儲存!I6189 -> 0 | H89: =資料儲存!J6189 -> 0 | J89: 8 | K89: =資料儲存!D6429 -> 0 | L89: =資料儲存!E6429 -> 0 | M89: =資料儲存!F6429 -> 0 | N89: =資料儲存!G6429 -> 0 | O89: =資料儲存!H6429 -> 0 | P89: =資料儲存!I6429 -> 0 | Q89: =資料儲存!J6429 -> 0 | S89: 8 | T89: =資料儲存!D6669 -> 0 | U89: =資料儲存!E6669 -> 0 | V89: =資料儲存!F6669 -> 0 | W89: =資料儲存!G6669 -> 0 | X89: =資料儲存!H6669 -> 0 | Y89: =資料儲存!I6669 -> 0 | Z89: =資料儲存!J6669 -> 0 | AB89: 8 | AC89: =資料儲存!D6909 -> 0 | AD89: =資料儲存!E6909 -> 0 | AE89: =資料儲存!F6909 -> 0 | AF89: =資料儲存!G6909 -> 0 | AG89: =資料儲存!H6909 -> 0 | AH89: =資料儲存!I6909 -> 0 | AI89: =資料儲存!J6909 -> 0 | AK89: 8 | AL89: =資料儲存!D7149 -> 0 | AM89: =資料儲存!E7149 -> 0 | AN89: =資料儲存!F7149 -> 0 | AO89: =資料儲存!G7149 -> 0 | AP89: =資料儲存!H7149 -> 0 | AQ89: =資料儲存!I7149 -> 0 | AR89: =資料儲存!J7149 -> 0 | AT89: 8 | AU89: =資料儲存!D7389 -> 0 | AV89: =資料儲存!E7389 -> 0 | AW89: =資料儲存!F7389 -> 0 | AX89: =資料儲存!G7389 -> 0 | AY89: =資料儲存!H7389 -> 0 | AZ89: =資料儲存!I7389 -> 0 | BA89: =資料儲存!J7389 -> 0
A90: 9 | B90: =資料儲存!D6190 -> 0 | C90: =資料儲存!E6190 -> 0 | D90: =資料儲存!F6190 -> 0 | E90: =資料儲存!G6190 -> 0 | F90: =資料儲存!H6190 -> 0 | G90: =資料儲存!I6190 -> 0 | H90: =資料儲存!J6190 -> 0 | J90: 9 | K90: =資料儲存!D6430 -> 0 | L90: =資料儲存!E6430 -> 0 | M90: =資料儲存!F6430 -> 0 | N90: =資料儲存!G6430 -> 0 | O90: =資料儲存!H6430 -> 0 | P90: =資料儲存!I6430 -> 0 | Q90: =資料儲存!J6430 -> 0 | S90: 9 | T90: =資料儲存!D6670 -> 0 | U90: =資料儲存!E6670 -> 0 | V90: =資料儲存!F6670 -> 0 | W90: =資料儲存!G6670 -> 0 | X90: =資料儲存!H6670 -> 0 | Y90: =資料儲存!I6670 -> 0 | Z90: =資料儲存!J6670 -> 0 | AB90: 9 | AC90: =資料儲存!D6910 -> 0 | AD90: =資料儲存!E6910 -> 0 | AE90: =資料儲存!F6910 -> 0 | AF90: =資料儲存!G6910 -> 0 | AG90: =資料儲存!H6910 -> 0 | AH90: =資料儲存!I6910 -> 0 | AI90: =資料儲存!J6910 -> 0 | AK90: 9 | AL90: =資料儲存!D7150 -> 0 | AM90: =資料儲存!E7150 -> 0 | AN90: =資料儲存!F7150 -> 0 | AO90: =資料儲存!G7150 -> 0 | AP90: =資料儲存!H7150 -> 0 | AQ90: =資料儲存!I7150 -> 0 | AR90: =資料儲存!J7150 -> 0 | AT90: 9 | AU90: =資料儲存!D7390 -> 0 | AV90: =資料儲存!E7390 -> 0 | AW90: =資料儲存!F7390 -> 0 | AX90: =資料儲存!G7390 -> 0 | AY90: =資料儲存!H7390 -> 0 | AZ90: =資料儲存!I7390 -> 0 | BA90: =資料儲存!J7390 -> 0
A91: 10 | B91: =資料儲存!D6191 -> 0 | C91: =資料儲存!E6191 -> 0 | D91: =資料儲存!F6191 -> 0 | E91: =資料儲存!G6191 -> 0 | F91: =資料儲存!H6191 -> 0 | G91: =資料儲存!I6191 -> 0 | H91: =資料儲存!J6191 -> 0 | J91: 10 | K91: =資料儲存!D6431 -> 0 | L91: =資料儲存!E6431 -> 0 | M91: =資料儲存!F6431 -> 0 | N91: =資料儲存!G6431 -> 0 | O91: =資料儲存!H6431 -> 0 | P91: =資料儲存!I6431 -> 0 | Q91: =資料儲存!J6431 -> 0 | S91: 10 | T91: =資料儲存!D6671 -> 0 | U91: =資料儲存!E6671 -> 0 | V91: =資料儲存!F6671 -> 0 | W91: =資料儲存!G6671 -> 0 | X91: =資料儲存!H6671 -> 0 | Y91: =資料儲存!I6671 -> 0 | Z91: =資料儲存!J6671 -> 0 | AB91: 10 | AC91: =資料儲存!D6911 -> 0 | AD91: =資料儲存!E6911 -> 0 | AE91: =資料儲存!F6911 -> 0 | AF91: =資料儲存!G6911 -> 0 | AG91: =資料儲存!H6911 -> 0 | AH91: =資料儲存!I6911 -> 0 | AI91: =資料儲存!J6911 -> 0 | AK91: 10 | AL91: =資料儲存!D7151 -> 0 | AM91: =資料儲存!E7151 -> 0 | AN91: =資料儲存!F7151 -> 0 | AO91: =資料儲存!G7151 -> 0 | AP91: =資料儲存!H7151 -> 0 | AQ91: =資料儲存!I7151 -> 0 | AR91: =資料儲存!J7151 -> 0 | AT91: 10 | AU91: =資料儲存!D7391 -> 0 | AV91: =資料儲存!E7391 -> 0 | AW91: =資料儲存!F7391 -> 0 | AX91: =資料儲存!G7391 -> 0 | AY91: =資料儲存!H7391 -> 0 | AZ91: =資料儲存!I7391 -> 0 | BA91: =資料儲存!J7391 -> 0
A92: 11 | B92: =資料儲存!D6192 -> 0 | C92: =資料儲存!E6192 -> 0 | D92: =資料儲存!F6192 -> 0 | E92: =資料儲存!G6192 -> 0 | F92: =資料儲存!H6192 -> 0 | G92: =資料儲存!I6192 -> 0 | H92: =資料儲存!J6192 -> 0 | J92: 11 | K92: =資料儲存!D6432 -> 0 | L92: =資料儲存!E6432 -> 0 | M92: =資料儲存!F6432 -> 0 | N92: =資料儲存!G6432 -> 0 | O92: =資料儲存!H6432 -> 0 | P92: =資料儲存!I6432 -> 0 | Q92: =資料儲存!J6432 -> 0 | S92: 11 | T92: =資料儲存!D6672 -> 0 | U92: =資料儲存!E6672 -> 0 | V92: =資料儲存!F6672 -> 0 | W92: =資料儲存!G6672 -> 0 | X92: =資料儲存!H6672 -> 0 | Y92: =資料儲存!I6672 -> 0 | Z92: =資料儲存!J6672 -> 0 | AB92: 11 | AC92: =資料儲存!D6912 -> 0 | AD92: =資料儲存!E6912 -> 0 | AE92: =資料儲存!F6912 -> 0 | AF92: =資料儲存!G6912 -> 0 | AG92: =資料儲存!H6912 -> 0 | AH92: =資料儲存!I6912 -> 0 | AI92: =資料儲存!J6912 -> 0 | AK92: 11 | AL92: =資料儲存!D7152 -> 0 | AM92: =資料儲存!E7152 -> 0 | AN92: =資料儲存!F7152 -> 0 | AO92: =資料儲存!G7152 -> 0 | AP92: =資料儲存!H7152 -> 0 | AQ92: =資料儲存!I7152 -> 0 | AR92: =資料儲存!J7152 -> 0 | AT92: 11 | AU92: =資料儲存!D7392 -> 0 | AV92: =資料儲存!E7392 -> 0 | AW92: =資料儲存!F7392 -> 0 | AX92: =資料儲存!G7392 -> 0 | AY92: =資料儲存!H7392 -> 0 | AZ92: =資料儲存!I7392 -> 0 | BA92: =資料儲存!J7392 -> 0
A93: 12 | B93: =資料儲存!D6193 -> 0 | C93: =資料儲存!E6193 -> 0 | D93: =資料儲存!F6193 -> 0 | E93: =資料儲存!G6193 -> 0 | F93: =資料儲存!H6193 -> 0 | G93: =資料儲存!I6193 -> 0 | H93: =資料儲存!J6193 -> 0 | J93: 12 | K93: =資料儲存!D6433 -> 0 | L93: =資料儲存!E6433 -> 0 | M93: =資料儲存!F6433 -> 0 | N93: =資料儲存!G6433 -> 0 | O93: =資料儲存!H6433 -> 0 | P93: =資料儲存!I6433 -> 0 | Q93: =資料儲存!J6433 -> 0 | S93: 12 | T93: =資料儲存!D6673 -> 0 | U93: =資料儲存!E6673 -> 0 | V93: =資料儲存!F6673 -> 0 | W93: =資料儲存!G6673 -> 0 | X93: =資料儲存!H6673 -> 0 | Y93: =資料儲存!I6673 -> 0 | Z93: =資料儲存!J6673 -> 0 | AB93: 12 | AC93: =資料儲存!D6913 -> 0 | AD93: =資料儲存!E6913 -> 0 | AE93: =資料儲存!F6913 -> 0 | AF93: =資料儲存!G6913 -> 0 | AG93: =資料儲存!H6913 -> 0 | AH93: =資料儲存!I6913 -> 0 | AI93: =資料儲存!J6913 -> 0 | AK93: 12 | AL93: =資料儲存!D7153 -> 0 | AM93: =資料儲存!E7153 -> 0 | AN93: =資料儲存!F7153 -> 0 | AO93: =資料儲存!G7153 -> 0 | AP93: =資料儲存!H7153 -> 0 | AQ93: =資料儲存!I7153 -> 0 | AR93: =資料儲存!J7153 -> 0 | AT93: 12 | AU93: =資料儲存!D7393 -> 0 | AV93: =資料儲存!E7393 -> 0 | AW93: =資料儲存!F7393 -> 0 | AX93: =資料儲存!G7393 -> 0 | AY93: =資料儲存!H7393 -> 0 | AZ93: =資料儲存!I7393 -> 0 | BA93: =資料儲存!J7393 -> 0
... A96: 15 | B96: =資料儲存!D6196 -> 0 | C96: =資料儲存!E6196 -> 0 | D96: =資料儲存!F6196 -> 0 | E96: =資料儲存!G6196 -> 0 | F96: =資料儲存!H6196 -> 0 | G96: =資料儲存!I6196 -> 0 | H96: =資料儲存!J6196 -> 0 | J96: 15 | K96: =資料儲存!D6436 -> 0 | L96: =資料儲存!E6436 -> 0 | M96: =資料儲存!F6436 -> 0 | N96: =資料儲存!G6436 -> 0 | O96: =資料儲存!H6436 -> 0 | P96: =資料儲存!I6436 -> 0 | Q96: =資料儲存!J6436 -> 0 | S96: 15 | T96: =資料儲存!D6676 -> 0 | U96: =資料儲存!E6676 -> 0 | V96: =資料儲存!F6676 -> 0 | W96: =資料儲存!G6676 -> 0 | X96: =資料儲存!H6676 -> 0 | Y96: =資料儲存!I6676 -> 0 | Z96: =資料儲存!J6676 -> 0 | AB96: 15 | AC96: =資料儲存!D6916 -> 0 | AD96: =資料儲存!E6916 -> 0 | AE96: =資料儲存!F6916 -> 0 | AF96: =資料儲存!G6916 -> 0 | AG96: =資料儲存!H6916 -> 0 | AH96: =資料儲存!I6916 -> 0 | AI96: =資料儲存!J6916 -> 0 | AK96: 15 | AL96: =資料儲存!D7156 -> 0 | AM96: =資料儲存!E7156 -> 0 | AN96: =資料儲存!F7156 -> 0 | AO96: =資料儲存!G7156 -> 0 | AP96: =資料儲存!H7156 -> 0 | AQ96: =資料儲存!I7156 -> 0 | AR96: =資料儲存!J7156 -> 0 | AT96: 15 | AU96: =資料儲存!D7396 -> 0 | AV96: =資料儲存!E7396 -> 0 | AW96: =資料儲存!F7396 -> 0 | AX96: =資料儲存!G7396 -> 0 | AY96: =資料儲存!H7396 -> 0 | AZ96: =資料儲存!I7396 -> 0 | BA96: =資料儲存!J7396 -> 0
A97: 總 計 | B97: =SUM(B82:E96) -> 0 | F97: =F96 -> 0 | G97: =G96 -> 0 | H97: =H96 -> 0 | J97: 總 計 | K97: =SUM(K82:N96) -> 0 | O97: =O96 -> 0 | P97: =P96 -> 0 | Q97: =Q96 -> 0 | S97: 總 計 | T97: =SUM(T82:W96) -> 0 | X97: =X96 -> 0 | Y97: =Y96 -> 0 | Z97: =Z96 -> 0 | AB97: 總 計 | AC97: =SUM(AC82:AF96) -> 0 | AG97: =AG96 -> 0 | AH97: =AH96 -> 0 | AI97: =AI96 -> 0 | AK97: 總 計 | AL97: =SUM(AL82:AO96) -> 0 | AP97: =AP96 -> 0 | AQ97: =AQ96 -> 0 | AR97: =AR96 -> 0 | AT97: 總 計 | AU97: =SUM(AU82:AX96) -> 0 | AY97: =AY96 -> 0 | AZ97: =AZ96 -> 0 | BA97: =BA96 -> 0
A98: 17:15~17:30 | J98: 17:15~17:30 | S98: 17:15~17:30 | AB98: 17:15~17:30 | AK98: 17:15~17:30 | AT98: 17:15~17:30
A99: 開始時刻 | B99: 停車在臨近車道上的車輛總數 | F99: 臨近車道上的流量 | J99: 開始時刻 | K99: 停車在臨近車道上的車輛總數 | O99: 臨近車道上的流量 | S99: 開始時刻 | T99: 停車在臨近車道上的車輛總數 | X99: 臨近車道上的流量 | AB99: 開始時刻 | AC99: 停車在臨近車道上的車輛總數 | AG99: 臨近車道上的流量 | AK99: 開始時刻 | AL99: 停車在臨近車道上的車輛總數 | AP99: 臨近車道上的流量 | AT99: 開始時刻 | AU99: 停車在臨近車道上的車輛總數 | AY99: 臨近車道上的流量
A100: 0.71875 | B100: 0秒 | C100: 15秒 | D100: 30秒 | E100: 45秒 | F100: 總數 | G100: 未受阻 | H100: 受阻 | J100: 0.71875 | K100: 0秒 | L100: 15秒 | M100: 30秒 | N100: 45秒 | O100: 總數 | P100: 未受阻 | Q100: 受阻 | S100: 0.71875 | T100: 0秒 | U100: 15秒 | V100: 30秒 | W100: 45秒 | X100: 總數 | Y100: 未受阻 | Z100: 受阻 | AB100: 0.71875 | AC100: 0秒 | AD100: 15秒 | AE100: 30秒 | AF100: 45秒 | AG100: 總數 | AH100: 未受阻 | AI100: 受阻 | AK100: 0.71875 | AL100: 0秒 | AM100: 15秒 | AN100: 30秒 | AO100: 45秒 | AP100: 總數 | AQ100: 未受阻 | AR100: 受阻 | AT100: 0.71875 | AU100: 0秒 | AV100: 15秒 | AW100: 30秒 | AX100: 45秒 | AY100: 總數 | AZ100: 未受阻 | BA100: 受阻
A101: 16 | B101: =資料儲存!D6197 -> 0 | C101: =資料儲存!E6197 -> 0 | D101: =資料儲存!F6197 -> 0 | E101: =資料儲存!G6197 -> 0 | F101: =資料儲存!H6197 -> 0 | G101: =資料儲存!I6197 -> 0 | H101: =資料儲存!J6197 -> 0 | J101: 16 | K101: =資料儲存!D6437 -> 0 | L101: =資料儲存!E6437 -> 0 | M101: =資料儲存!F6437 -> 0 | N101: =資料儲存!G6437 -> 0 | O101: =資料儲存!H6437 -> 0 | P101: =資料儲存!I6437 -> 0 | Q101: =資料儲存!J6437 -> 0 | S101: 16 | T101: =資料儲存!D6677 -> 0 | U101: =資料儲存!E6677 -> 0 | V101: =資料儲存!F6677 -> 0 | W101: =資料儲存!G6677 -> 0 | X101: =資料儲存!H6677 -> 0 | Y101: =資料儲存!I6677 -> 0 | Z101: =資料儲存!J6677 -> 0 | AB101: 16 | AC101: =資料儲存!D6917 -> 0 | AD101: =資料儲存!E6917 -> 0 | AE101: =資料儲存!F6917 -> 0 | AF101: =資料儲存!G6917 -> 0 | AG101: =資料儲存!H6917 -> 0 | AH101: =資料儲存!I6917 -> 0 | AI101: =資料儲存!J6917 -> 0 | AK101: 16 | AL101: =資料儲存!D7157 -> 0 | AM101: =資料儲存!E7157 -> 0 | AN101: =資料儲存!F7157 -> 0 | AO101: =資料儲存!G7157 -> 0 | AP101: =資料儲存!H7157 -> 0 | AQ101: =資料儲存!I7157 -> 0 | AR101: =資料儲存!J7157 -> 0 | AT101: 16 | AU101: =資料儲存!D7397 -> 0 | AV101: =資料儲存!E7397 -> 0 | AW101: =資料儲存!F7397 -> 0 | AX101: =資料儲存!G7397 -> 0 | AY101: =資料儲存!H7397 -> 0 | AZ101: =資料儲存!I7397 -> 0 | BA101: =資料儲存!J7397 -> 0
A102: 17 | B102: =資料儲存!D6198 -> 0 | C102: =資料儲存!E6198 -> 0 | D102: =資料儲存!F6198 -> 0 | E102: =資料儲存!G6198 -> 0 | F102: =資料儲存!H6198 -> 0 | G102: =資料儲存!I6198 -> 0 | H102: =資料儲存!J6198 -> 0 | J102: 17 | K102: =資料儲存!D6438 -> 0 | L102: =資料儲存!E6438 -> 0 | M102: =資料儲存!F6438 -> 0 | N102: =資料儲存!G6438 -> 0 | O102: =資料儲存!H6438 -> 0 | P102: =資料儲存!I6438 -> 0 | Q102: =資料儲存!J6438 -> 0 | S102: 17 | T102: =資料儲存!D6678 -> 0 | U102: =資料儲存!E6678 -> 0 | V102: =資料儲存!F6678 -> 0 | W102: =資料儲存!G6678 -> 0 | X102: =資料儲存!H6678 -> 0 | Y102: =資料儲存!I6678 -> 0 | Z102: =資料儲存!J6678 -> 0 | AB102: 17 | AC102: =資料儲存!D6918 -> 0 | AD102: =資料儲存!E6918 -> 0 | AE102: =資料儲存!F6918 -> 0 | AF102: =資料儲存!G6918 -> 0 | AG102: =資料儲存!H6918 -> 0 | AH102: =資料儲存!I6918 -> 0 | AI102: =資料儲存!J6918 -> 0 | AK102: 17 | AL102: =資料儲存!D7158 -> 0 | AM102: =資料儲存!E7158 -> 0 | AN102: =資料儲存!F7158 -> 0 | AO102: =資料儲存!G7158 -> 0 | AP102: =資料儲存!H7158 -> 0 | AQ102: =資料儲存!I7158 -> 0 | AR102: =資料儲存!J7158 -> 0 | AT102: 17 | AU102: =資料儲存!D7398 -> 0 | AV102: =資料儲存!E7398 -> 0 | AW102: =資料儲存!F7398 -> 0 | AX102: =資料儲存!G7398 -> 0 | AY102: =資料儲存!H7398 -> 0 | AZ102: =資料儲存!I7398 -> 0 | BA102: =資料儲存!J7398 -> 0
A103: 18 | B103: =資料儲存!D6199 -> 0 | C103: =資料儲存!E6199 -> 0 | D103: =資料儲存!F6199 -> 0 | E103: =資料儲存!G6199 -> 0 | F103: =資料儲存!H6199 -> 0 | G103: =資料儲存!I6199 -> 0 | H103: =資料儲存!J6199 -> 0 | J103: 18 | K103: =資料儲存!D6439 -> 0 | L103: =資料儲存!E6439 -> 0 | M103: =資料儲存!F6439 -> 0 | N103: =資料儲存!G6439 -> 0 | O103: =資料儲存!H6439 -> 0 | P103: =資料儲存!I6439 -> 0 | Q103: =資料儲存!J6439 -> 0 | S103: 18 | T103: =資料儲存!D6679 -> 0 | U103: =資料儲存!E6679 -> 0 | V103: =資料儲存!F6679 -> 0 | W103: =資料儲存!G6679 -> 0 | X103: =資料儲存!H6679 -> 0 | Y103: =資料儲存!I6679 -> 0 | Z103: =資料儲存!J6679 -> 0 | AB103: 18 | AC103: =資料儲存!D6919 -> 0 | AD103: =資料儲存!E6919 -> 0 | AE103: =資料儲存!F6919 -> 0 | AF103: =資料儲存!G6919 -> 0 | AG103: =資料儲存!H6919 -> 0 | AH103: =資料儲存!I6919 -> 0 | AI103: =資料儲存!J6919 -> 0 | AK103: 18 | AL103: =資料儲存!D7159 -> 0 | AM103: =資料儲存!E7159 -> 0 | AN103: =資料儲存!F7159 -> 0 | AO103: =資料儲存!G7159 -> 0 | AP103: =資料儲存!H7159 -> 0 | AQ103: =資料儲存!I7159 -> 0 | AR103: =資料儲存!J7159 -> 0 | AT103: 18 | AU103: =資料儲存!D7399 -> 0 | AV103: =資料儲存!E7399 -> 0 | AW103: =資料儲存!F7399 -> 0 | AX103: =資料儲存!G7399 -> 0 | AY103: =資料儲存!H7399 -> 0 | AZ103: =資料儲存!I7399 -> 0 | BA103: =資料儲存!J7399 -> 0
A104: 19 | B104: =資料儲存!D6200 -> 0 | C104: =資料儲存!E6200 -> 0 | D104: =資料儲存!F6200 -> 0 | E104: =資料儲存!G6200 -> 0 | F104: =資料儲存!H6200 -> 0 | G104: =資料儲存!I6200 -> 0 | H104: =資料儲存!J6200 -> 0 | J104: 19 | K104: =資料儲存!D6440 -> 0 | L104: =資料儲存!E6440 -> 0 | M104: =資料儲存!F6440 -> 0 | N104: =資料儲存!G6440 -> 0 | O104: =資料儲存!H6440 -> 0 | P104: =資料儲存!I6440 -> 0 | Q104: =資料儲存!J6440 -> 0 | S104: 19 | T104: =資料儲存!D6680 -> 0 | U104: =資料儲存!E6680 -> 0 | V104: =資料儲存!F6680 -> 0 | W104: =資料儲存!G6680 -> 0 | X104: =資料儲存!H6680 -> 0 | Y104: =資料儲存!I6680 -> 0 | Z104: =資料儲存!J6680 -> 0 | AB104: 19 | AC104: =資料儲存!D6920 -> 0 | AD104: =資料儲存!E6920 -> 0 | AE104: =資料儲存!F6920 -> 0 | AF104: =資料儲存!G6920 -> 0 | AG104: =資料儲存!H6920 -> 0 | AH104: =資料儲存!I6920 -> 0 | AI104: =資料儲存!J6920 -> 0 | AK104: 19 | AL104: =資料儲存!D7160 -> 0 | AM104: =資料儲存!E7160 -> 0 | AN104: =資料儲存!F7160 -> 0 | AO104: =資料儲存!G7160 -> 0 | AP104: =資料儲存!H7160 -> 0 | AQ104: =資料儲存!I7160 -> 0 | AR104: =資料儲存!J7160 -> 0 | AT104: 19 | AU104: =資料儲存!D7400 -> 0 | AV104: =資料儲存!E7400 -> 0 | AW104: =資料儲存!F7400 -> 0 | AX104: =資料儲存!G7400 -> 0 | AY104: =資料儲存!H7400 -> 0 | AZ104: =資料儲存!I7400 -> 0 | BA104: =資料儲存!J7400 -> 0
A105: 20 | B105: =資料儲存!D6201 -> 0 | C105: =資料儲存!E6201 -> 0 | D105: =資料儲存!F6201 -> 0 | E105: =資料儲存!G6201 -> 0 | F105: =資料儲存!H6201 -> 0 | G105: =資料儲存!I6201 -> 0 | H105: =資料儲存!J6201 -> 0 | J105: 20 | K105: =資料儲存!D6441 -> 0 | L105: =資料儲存!E6441 -> 0 | M105: =資料儲存!F6441 -> 0 | N105: =資料儲存!G6441 -> 0 | O105: =資料儲存!H6441 -> 0 | P105: =資料儲存!I6441 -> 0 | Q105: =資料儲存!J6441 -> 0 | S105: 20 | T105: =資料儲存!D6681 -> 0 | U105: =資料儲存!E6681 -> 0 | V105: =資料儲存!F6681 -> 0 | W105: =資料儲存!G6681 -> 0 | X105: =資料儲存!H6681 -> 0 | Y105: =資料儲存!I6681 -> 0 | Z105: =資料儲存!J6681 -> 0 | AB105: 20 | AC105: =資料儲存!D6921 -> 0 | AD105: =資料儲存!E6921 -> 0 | AE105: =資料儲存!F6921 -> 0 | AF105: =資料儲存!G6921 -> 0 | AG105: =資料儲存!H6921 -> 0 | AH105: =資料儲存!I6921 -> 0 | AI105: =資料儲存!J6921 -> 0 | AK105: 20 | AL105: =資料儲存!D7161 -> 0 | AM105: =資料儲存!E7161 -> 0 | AN105: =資料儲存!F7161 -> 0 | AO105: =資料儲存!G7161 -> 0 | AP105: =資料儲存!H7161 -> 0 | AQ105: =資料儲存!I7161 -> 0 | AR105: =資料儲存!J7161 -> 0 | AT105: 20 | AU105: =資料儲存!D7401 -> 0 | AV105: =資料儲存!E7401 -> 0 | AW105: =資料儲存!F7401 -> 0 | AX105: =資料儲存!G7401 -> 0 | AY105: =資料儲存!H7401 -> 0 | AZ105: =資料儲存!I7401 -> 0 | BA105: =資料儲存!J7401 -> 0
A106: 21 | B106: =資料儲存!D6202 -> 0 | C106: =資料儲存!E6202 -> 0 | D106: =資料儲存!F6202 -> 0 | E106: =資料儲存!G6202 -> 0 | F106: =資料儲存!H6202 -> 0 | G106: =資料儲存!I6202 -> 0 | H106: =資料儲存!J6202 -> 0 | J106: 21 | K106: =資料儲存!D6442 -> 0 | L106: =資料儲存!E6442 -> 0 | M106: =資料儲存!F6442 -> 0 | N106: =資料儲存!G6442 -> 0 | O106: =資料儲存!H6442 -> 0 | P106: =資料儲存!I6442 -> 0 | Q106: =資料儲存!J6442 -> 0 | S106: 21 | T106: =資料儲存!D6682 -> 0 | U106: =資料儲存!E6682 -> 0 | V106: =資料儲存!F6682 -> 0 | W106: =資料儲存!G6682 -> 0 | X106: =資料儲存!H6682 -> 0 | Y106: =資料儲存!I6682 -> 0 | Z106: =資料儲存!J6682 -> 0 | AB106: 21 | AC106: =資料儲存!D6922 -> 0 | AD106: =資料儲存!E6922 -> 0 | AE106: =資料儲存!F6922 -> 0 | AF106: =資料儲存!G6922 -> 0 | AG106: =資料儲存!H6922 -> 0 | AH106: =資料儲存!I6922 -> 0 | AI106: =資料儲存!J6922 -> 0 | AK106: 21 | AL106: =資料儲存!D7162 -> 0 | AM106: =資料儲存!E7162 -> 0 | AN106: =資料儲存!F7162 -> 0 | AO106: =資料儲存!G7162 -> 0 | AP106: =資料儲存!H7162 -> 0 | AQ106: =資料儲存!I7162 -> 0 | AR106: =資料儲存!J7162 -> 0 | AT106: 21 | AU106: =資料儲存!D7402 -> 0 | AV106: =資料儲存!E7402 -> 0 | AW106: =資料儲存!F7402 -> 0 | AX106: =資料儲存!G7402 -> 0 | AY106: =資料儲存!H7402 -> 0 | AZ106: =資料儲存!I7402 -> 0 | BA106: =資料儲存!J7402 -> 0
A107: 22 | B107: =資料儲存!D6203 -> 0 | C107: =資料儲存!E6203 -> 0 | D107: =資料儲存!F6203 -> 0 | E107: =資料儲存!G6203 -> 0 | F107: =資料儲存!H6203 -> 0 | G107: =資料儲存!I6203 -> 0 | H107: =資料儲存!J6203 -> 0 | J107: 22 | K107: =資料儲存!D6443 -> 0 | L107: =資料儲存!E6443 -> 0 | M107: =資料儲存!F6443 -> 0 | N107: =資料儲存!G6443 -> 0 | O107: =資料儲存!H6443 -> 0 | P107: =資料儲存!I6443 -> 0 | Q107: =資料儲存!J6443 -> 0 | S107: 22 | T107: =資料儲存!D6683 -> 0 | U107: =資料儲存!E6683 -> 0 | V107: =資料儲存!F6683 -> 0 | W107: =資料儲存!G6683 -> 0 | X107: =資料儲存!H6683 -> 0 | Y107: =資料儲存!I6683 -> 0 | Z107: =資料儲存!J6683 -> 0 | AB107: 22 | AC107: =資料儲存!D6923 -> 0 | AD107: =資料儲存!E6923 -> 0 | AE107: =資料儲存!F6923 -> 0 | AF107: =資料儲存!G6923 -> 0 | AG107: =資料儲存!H6923 -> 0 | AH107: =資料儲存!I6923 -> 0 | AI107: =資料儲存!J6923 -> 0 | AK107: 22 | AL107: =資料儲存!D7163 -> 0 | AM107: =資料儲存!E7163 -> 0 | AN107: =資料儲存!F7163 -> 0 | AO107: =資料儲存!G7163 -> 0 | AP107: =資料儲存!H7163 -> 0 | AQ107: =資料儲存!I7163 -> 0 | AR107: =資料儲存!J7163 -> 0 | AT107: 22 | AU107: =資料儲存!D7403 -> 0 | AV107: =資料儲存!E7403 -> 0 | AW107: =資料儲存!F7403 -> 0 | AX107: =資料儲存!G7403 -> 0 | AY107: =資料儲存!H7403 -> 0 | AZ107: =資料儲存!I7403 -> 0 | BA107: =資料儲存!J7403 -> 0
A108: 23 | B108: =資料儲存!D6204 -> 0 | C108: =資料儲存!E6204 -> 0 | D108: =資料儲存!F6204 -> 0 | E108: =資料儲存!G6204 -> 0 | F108: =資料儲存!H6204 -> 0 | G108: =資料儲存!I6204 -> 0 | H108: =資料儲存!J6204 -> 0 | J108: 23 | K108: =資料儲存!D6444 -> 0 | L108: =資料儲存!E6444 -> 0 | M108: =資料儲存!F6444 -> 0 | N108: =資料儲存!G6444 -> 0 | O108: =資料儲存!H6444 -> 0 | P108: =資料儲存!I6444 -> 0 | Q108: =資料儲存!J6444 -> 0 | S108: 23 | T108: =資料儲存!D6684 -> 0 | U108: =資料儲存!E6684 -> 0 | V108: =資料儲存!F6684 -> 0 | W108: =資料儲存!G6684 -> 0 | X108: =資料儲存!H6684 -> 0 | Y108: =資料儲存!I6684 -> 0 | Z108: =資料儲存!J6684 -> 0 | AB108: 23 | AC108: =資料儲存!D6924 -> 0 | AD108: =資料儲存!E6924 -> 0 | AE108: =資料儲存!F6924 -> 0 | AF108: =資料儲存!G6924 -> 0 | AG108: =資料儲存!H6924 -> 0 | AH108: =資料儲存!I6924 -> 0 | AI108: =資料儲存!J6924 -> 0 | AK108: 23 | AL108: =資料儲存!D7164 -> 0 | AM108: =資料儲存!E7164 -> 0 | AN108: =資料儲存!F7164 -> 0 | AO108: =資料儲存!G7164 -> 0 | AP108: =資料儲存!H7164 -> 0 | AQ108: =資料儲存!I7164 -> 0 | AR108: =資料儲存!J7164 -> 0 | AT108: 23 | AU108: =資料儲存!D7404 -> 0 | AV108: =資料儲存!E7404 -> 0 | AW108: =資料儲存!F7404 -> 0 | AX108: =資料儲存!G7404 -> 0 | AY108: =資料儲存!H7404 -> 0 | AZ108: =資料儲存!I7404 -> 0 | BA108: =資料儲存!J7404 -> 0
A109: 24 | B109: =資料儲存!D6205 -> 0 | C109: =資料儲存!E6205 -> 0 | D109: =資料儲存!F6205 -> 0 | E109: =資料儲存!G6205 -> 0 | F109: =資料儲存!H6205 -> 0 | G109: =資料儲存!I6205 -> 0 | H109: =資料儲存!J6205 -> 0 | J109: 24 | K109: =資料儲存!D6445 -> 0 | L109: =資料儲存!E6445 -> 0 | M109: =資料儲存!F6445 -> 0 | N109: =資料儲存!G6445 -> 0 | O109: =資料儲存!H6445 -> 0 | P109: =資料儲存!I6445 -> 0 | Q109: =資料儲存!J6445 -> 0 | S109: 24 | T109: =資料儲存!D6685 -> 0 | U109: =資料儲存!E6685 -> 0 | V109: =資料儲存!F6685 -> 0 | W109: =資料儲存!G6685 -> 0 | X109: =資料儲存!H6685 -> 0 | Y109: =資料儲存!I6685 -> 0 | Z109: =資料儲存!J6685 -> 0 | AB109: 24 | AC109: =資料儲存!D6925 -> 0 | AD109: =資料儲存!E6925 -> 0 | AE109: =資料儲存!F6925 -> 0 | AF109: =資料儲存!G6925 -> 0 | AG109: =資料儲存!H6925 -> 0 | AH109: =資料儲存!I6925 -> 0 | AI109: =資料儲存!J6925 -> 0 | AK109: 24 | AL109: =資料儲存!D7165 -> 0 | AM109: =資料儲存!E7165 -> 0 | AN109: =資料儲存!F7165 -> 0 | AO109: =資料儲存!G7165 -> 0 | AP109: =資料儲存!H7165 -> 0 | AQ109: =資料儲存!I7165 -> 0 | AR109: =資料儲存!J7165 -> 0 | AT109: 24 | AU109: =資料儲存!D7405 -> 0 | AV109: =資料儲存!E7405 -> 0 | AW109: =資料儲存!F7405 -> 0 | AX109: =資料儲存!G7405 -> 0 | AY109: =資料儲存!H7405 -> 0 | AZ109: =資料儲存!I7405 -> 0 | BA109: =資料儲存!J7405 -> 0
A110: 25 | B110: =資料儲存!D6206 -> 0 | C110: =資料儲存!E6206 -> 0 | D110: =資料儲存!F6206 -> 0 | E110: =資料儲存!G6206 -> 0 | F110: =資料儲存!H6206 -> 0 | G110: =資料儲存!I6206 -> 0 | H110: =資料儲存!J6206 -> 0 | J110: 25 | K110: =資料儲存!D6446 -> 0 | L110: =資料儲存!E6446 -> 0 | M110: =資料儲存!F6446 -> 0 | N110: =資料儲存!G6446 -> 0 | O110: =資料儲存!H6446 -> 0 | P110: =資料儲存!I6446 -> 0 | Q110: =資料儲存!J6446 -> 0 | S110: 25 | T110: =資料儲存!D6686 -> 0 | U110: =資料儲存!E6686 -> 0 | V110: =資料儲存!F6686 -> 0 | W110: =資料儲存!G6686 -> 0 | X110: =資料儲存!H6686 -> 0 | Y110: =資料儲存!I6686 -> 0 | Z110: =資料儲存!J6686 -> 0 | AB110: 25 | AC110: =資料儲存!D6926 -> 0 | AD110: =資料儲存!E6926 -> 0 | AE110: =資料儲存!F6926 -> 0 | AF110: =資料儲存!G6926 -> 0 | AG110: =資料儲存!H6926 -> 0 | AH110: =資料儲存!I6926 -> 0 | AI110: =資料儲存!J6926 -> 0 | AK110: 25 | AL110: =資料儲存!D7166 -> 0 | AM110: =資料儲存!E7166 -> 0 | AN110: =資料儲存!F7166 -> 0 | AO110: =資料儲存!G7166 -> 0 | AP110: =資料儲存!H7166 -> 0 | AQ110: =資料儲存!I7166 -> 0 | AR110: =資料儲存!J7166 -> 0 | AT110: 25 | AU110: =資料儲存!D7406 -> 0 | AV110: =資料儲存!E7406 -> 0 | AW110: =資料儲存!F7406 -> 0 | AX110: =資料儲存!G7406 -> 0 | AY110: =資料儲存!H7406 -> 0 | AZ110: =資料儲存!I7406 -> 0 | BA110: =資料儲存!J7406 -> 0
...

Sheet 資料分析
B1: 平日晨峰(0630-0830) | I1: 平日晨峰(07-09) | P1: 平日中午(11-13) | W1: 平日中午(12-14) | AD1: 平日昏峰(17-19) | AK1: 假日(11-12) | AR1: 假日(1430~1530) | AY1: 假日(1730~1830) | BF1: 假日(16-18) | BM1: 假日(17-19) | BT1: 假日(16-20)
B2: ='平日晨峰(07-09)'!$A$2 -> A方向： | I2: ='平日晨峰(07-09)'!$A$2 -> A方向： | P2: ='平日中午(11-13)'!$A$2 -> A方向： | W2: ='平日中午(12-14)'!$A$2 -> A方向： | AD2: ='平日昏峰(17-19)'!$A$2 -> A方向： | AK2: ='假日(11-12)'!$A$2 -> A方向： | AR2: ='假日(1430-1530)'!$A$2 -> A方向： | AY2: ='假日(1730-1830)'!$A$2 -> A方向： | BF2: ='假日(16-18)'!$A$2 -> A方向： | BM2: ='假日(17-19)'!$A$2 -> A方向： | BT2: ='假日(16-18)'!$A$2 -> A方向：
B3: 時間 | C3: 平均延滯 | D3: 平均停等延滯 | E3: 總延滯 | F3: 車輛總數 | G3: 停等車輛數 | I3: 時間 | J3: 平均延滯 | L3: 總延滯 | M3: 車輛總數 | N3: 停等車輛數 | P3: 時間 | Q3: 平均延滯 | R3: 平均停等延滯 | S3: 總延滯 | T3: 車輛總數 | U3: 停等車輛數 | W3: 時間 | X3: 平均延滯 | Y3: 平均停等延滯 | Z3: 總延滯 | AA3: 車輛總數 | AB3: 停等車輛數 | AD3: 時間 | AE3: 平均延滯 | AF3: 平均停等延滯 | AG3: 總延滯 | AH3: 車輛總數 | AI3: 停等車輛數 | AK3: 時間 | AL3: 平均延滯 | AM3: 平均停等延滯 | AN3: 總延滯 | AO3: 車輛總數 | AP3: 停等車輛數 | AR3: 時間 | AS3: 平均延滯 | AT3: 平均停等延滯 | AU3: 總延滯 | AV3: 車輛總數 | AW3: 停等車輛數 | AY3: 時間 | AZ3: 平均延滯 | BA3: 平均停等延滯 | BB3: 總延滯 | BC3: 車輛總數 | BD3: 停等車輛數 | BF3: 時間 | BG3: 平均延滯 | BH3: 平均停等延滯 | BI3: 總延滯 | BJ3: 車輛總數 | BK3: 停等車輛數 | BM3: 時間 | BN3: 平均延滯 | BO3: 平均停等延滯 | BP3: 總延滯 | BQ3: 車輛總數 | BR3: 停等車輛數 | BT3: 時間 | BU3: 平均延滯 | BV3: 平均停等延滯 | BW3: 總延滯 | BX3: 車輛總數 | BY3: 停等車輛數
B4: 06:30~07:30 | C4: =IF(ISERROR($E4/F4),"-",$E4/F4) -> - | D4: =IF(ISERROR($E4/G4),"-",$E4/G4) -> - | E4: =('平日晨峰(0630-0830)'!$B$21+'平日晨峰(0630-0830)'!$B$40+'平日晨峰(0630-0830)'!$B$59+'平日晨峰(0630-0830)'!$B$78)*15 -> 0 | F4: ='平日晨峰(0630-0830)'!$F$21+'平日晨峰(0630-0830)'!$F$40+'平日晨峰(0630-0830)'!$F$59+'平日晨峰(0630-0830)'!$F$78 -> 0 | G4: ='平日晨峰(0630-0830)'!$H$21+'平日晨峰(0630-0830)'!$H$40+'平日晨峰(0630-0830)'!$H$59+'平日晨峰(0630-0830)'!$H$78 -> 0 | I4: 07:00~08:00 | J4: =IF(ISERROR($L4/M4),"-",$L4/M4) -> - | K4: =IF(ISERROR($L4/N4),"-",$L4/N4) -> - | L4: =('平日晨峰(07-09)'!$B$21+'平日晨峰(07-09)'!$B$40+'平日晨峰(07-09)'!$B$59+'平日晨峰(07-09)'!$B$78)*15 -> 0 | M4: ='平日晨峰(07-09)'!$F$21+'平日晨峰(07-09)'!$F$40+'平日晨峰(07-09)'!$F$59+'平日晨峰(07-09)'!$F$78 -> 0 | N4: ='平日晨峰(07-09)'!$H$21+'平日晨峰(07-09)'!$H$40+'平日晨峰(07-09)'!$H$59+'平日晨峰(07-09)'!$H$78 -> 0 | P4: 11:00~12:00 | Q4: =IF(ISERROR($S4/T4),"-",$S4/T4) -> - | R4: =IF(ISERROR($T4/U4),"-",$T4/U4) -> - | S4: =('平日中午(11-13)'!$B$21+'平日中午(11-13)'!$B$40+'平日中午(11-13)'!$B$59+'平日中午(11-13)'!$B$78)*15 -> 0 | T4: ='平日中午(11-13)'!$F$21+'平日中午(11-13)'!$F$40+'平日中午(11-13)'!$F$59+'平日中午(11-13)'!$F$78 -> 0 | U4: ='平日中午(11-13)'!$H$21+'平日中午(11-13)'!$H$40+'平日中午(11-13)'!$H$59+'平日中午(11-13)'!$H$78 -> 0 | W4: 1200~13:00 | X4: =IF(ISERROR($Z4/AA4),"-",$Z4/AA4) -> - | Y4: =IF(ISERROR($Z4/AB4),"-",$Z4/AB4) -> - | Z4: =('平日中午(12-14)'!$B$21+'平日中午(12-14)'!$B$40+'平日中午(12-14)'!$B$59+'平日中午(12-14)'!$B$78)*15 -> 0 | AA4: ='平日中午(12-14)'!$F$21+'平日中午(12-14)'!$F$40+'平日中午(12-14)'!$F$59+'平日中午(12-14)'!$F$78 -> 0 | AB4: ='平日中午(12-14)'!$H$21+'平日中午(12-14)'!$H$40+'平日中午(12-14)'!$H$59+'平日中午(12-14)'!$H$78 -> 0 | AD4: 17:00~18:00 | AE4: =IF(ISERROR($AG4/AH4),"-",$AG4/AH4) -> - | AF4: =IF(ISERROR($AG4/AI4),"-",$AG4/AI4) -> - | AG4: =('平日昏峰(17-19)'!$B$21+'平日昏峰(17-19)'!$B$40+'平日昏峰(17-19)'!$B$59+'平日昏峰(17-19)'!$B$78)*15 -> 0 | AH4: ='平日昏峰(17-19)'!$F$21+'平日昏峰(17-19)'!$F$40+'平日昏峰(17-19)'!$F$59+'平日昏峰(17-19)'!$F$78 -> 0 | AI4: ='平日昏峰(17-19)'!$H$21+'平日昏峰(17-19)'!$H$40+'平日昏峰(17-19)'!$H$59+'平日昏峰(17-19)'!$H$78 -> 0 | AK4: 11:00~12:00 | AL4: =IF(ISERROR($AN4/AO4),"-",$AN4/AO4) -> - | AM4: =IF(ISERROR($AN4/AP4),"-",$AN4/AP4) -> - | AN4: =('假日(11-12)'!$B$21+'假日(11-12)'!$B$40+'假日(11-12)'!$B$59+'假日(11-12)'!$B$78)*15 -> 0 | AO4: ='假日(11-12)'!$F$21+'假日(11-12)'!$F$40+'假日(11-12)'!$F$59+'假日(11-12)'!$F$78 -> 0 | AP4: ='假日(11-12)'!$H$21+'假日(11-12)'!$H$40+'假日(11-12)'!$H$59+'假日(11-12)'!$H$78 -> 0 | AR4: 14:30~15:30 | AS4: =IF(ISERROR($AU4/AV4),"-",$AU4/AV4) -> - | AT4: =IF(ISERROR($AU4/AW4),"-",$AU4/AW4) -> - | AU4: =('假日(1430-1530)'!$B$21+'假日(1430-1530)'!$B$40+'假日(1430-1530)'!$B$59+'假日(1430-1530)'!$B$78)*15 -> 0 | AV4: ='假日(1430-1530)'!$F$21+'假日(1430-1530)'!$F$40+'假日(1430-1530)'!$F$59+'假日(1430-1530)'!$F$78 -> 0 | AW4: ='假日(1430-1530)'!$H$21+'假日(1430-1530)'!$H$40+'假日(1430-1530)'!$H$59+'假日(1430-1530)'!$H$78 -> 0 | AY4: 17:30~18:30 | AZ4: =IF(ISERROR($BB4/BC4),"-",$BB4/BC4) -> - | BA4: =IF(ISERROR($BB4/BD4),"-",$BB4/BD4) -> - | BB4: =('假日(1730-1830)'!$B$21+'假日(1730-1830)'!$B$40+'假日(1730-1830)'!$B$59+'假日(1730-1830)'!$B$78)*15 -> 0 | BC4: ='假日(1730-1830)'!$F$21+'假日(1730-1830)'!$F$40+'假日(1730-1830)'!$F$59+'假日(1730-1830)'!$F$78 -> 0 | BD4: ='假日(1730-1830)'!$H$21+'假日(1730-1830)'!$H$40+'假日(1730-1830)'!$H$59+'假日(1730-1830)'!$H$78 -> 0 | BF4: 16:00~17:00 | BG4: =IF(ISERROR($BI4/BJ4),"-",$BI4/BJ4) -> - | BH4: =IF(ISERROR($BI4/BK4),"-",$BI4/BK4) -> - | BI4: =('假日(16-18)'!$B$21+'假日(16-18)'!$B$40+'假日(16-18)'!$B$59+'假日(16-18)'!$B$78)*15 -> 0 | BJ4: ='假日(16-18)'!$F$21+'假日(16-18)'!$F$40+'假日(16-18)'!$F$59+'假日(16-18)'!$F$78 -> 0 | BK4: ='假日(16-18)'!$H$21+'假日(16-18)'!$H$40+'假日(16-18)'!$H$59+'假日(16-18)'!$H$78 -> 0 | BM4: 17:00~18:00 | BN4: =IF(ISERROR($BP4/BQ4),"-",$BP4/BQ4) -> - | BO4: =IF(ISERROR($BP4/BR4),"-",$BP4/BR4) -> - | BP4: =('假日(17-19)'!$B$21+'假日(17-19)'!$B$40+'假日(17-19)'!$B$59+'假日(17-19)'!$B$78)*15 -> 0 | BQ4: ='假日(17-19)'!$F$21+'假日(17-19)'!$F$40+'假日(17-19)'!$F$59+'假日(17-19)'!$F$78 -> 0 | BR4: ='假日(17-19)'!$H$21+'假日(17-19)'!$H$40+'假日(17-19)'!$H$59+'假日(17-19)'!$H$78 -> 0 | BT4: 16:00~17:00 | BU4: =IF(ISERROR($BW4/BX4),"-",$BW4/BX4) -> - | BV4: =IF(ISERROR($BW4/BY4),"-",$BW4/BY4) -> - | BW4: =('假日(16-20)'!$B$21+'假日(16-20)'!$B$40+'假日(16-20)'!$B$59+'假日(16-20)'!$B$78)*15 -> 0 | BX4: ='假日(16-20)'!$F$21+'假日(16-20)'!$F$40+'假日(16-20)'!$F$59+'假日(16-20)'!$F$78 -> 0 | BY4: ='假日(16-20)'!$H$21+'假日(16-20)'!$H$40+'假日(16-20)'!$H$59+'假日(16-20)'!$H$78 -> 0
B5: 06:45~07:45 | C5: =IF(ISERROR($E5/F5),"-",$E5/F5) -> - | D5: =IF(ISERROR($E5/G5),"-",$E5/G5) -> - | E5: =('平日晨峰(0630-0830)'!$B$40+'平日晨峰(0630-0830)'!$B$59+'平日晨峰(0630-0830)'!$B$78+'平日晨峰(0630-0830)'!$B$97)*15 -> 0 | F5: ='平日晨峰(0630-0830)'!$F$40+'平日晨峰(0630-0830)'!$F$59+'平日晨峰(0630-0830)'!$F$78+'平日晨峰(0630-0830)'!$F$97 -> 0 | G5: ='平日晨峰(0630-0830)'!$H$40+'平日晨峰(0630-0830)'!$H$59+'平日晨峰(0630-0830)'!$H$78+'平日晨峰(0630-0830)'!$H$97 -> 0 | I5: 07:15~08:15 | J5: =IF(ISERROR($L5/M5),"-",$L5/M5) -> - | K5: =IF(ISERROR($L5/N5),"-",$L5/N5) -> - | L5: =('平日晨峰(07-09)'!$B$40+'平日晨峰(07-09)'!$B$59+'平日晨峰(07-09)'!$B$78+'平日晨峰(07-09)'!$B$97)*15 -> 0 | M5: ='平日晨峰(07-09)'!$F$40+'平日晨峰(07-09)'!$F$59+'平日晨峰(07-09)'!$F$78+'平日晨峰(07-09)'!$F$97 -> 0 | N5: ='平日晨峰(07-09)'!$H$40+'平日晨峰(07-09)'!$H$59+'平日晨峰(07-09)'!$H$78+'平日晨峰(07-09)'!$H$97 -> 0 | P5: 11:15~12:15 | Q5: =IF(ISERROR($S5/T5),"-",$S5/T5) -> - | R5: =IF(ISERROR($T5/U5),"-",$T5/U5) -> - | S5: =('平日中午(11-13)'!$B$40+'平日中午(11-13)'!$B$59+'平日中午(11-13)'!$B$78+'平日中午(11-13)'!$B$97)*15 -> 0 | T5: ='平日中午(11-13)'!$F$40+'平日中午(11-13)'!$F$59+'平日中午(11-13)'!$F$78+'平日中午(11-13)'!$F$97 -> 0 | U5: ='平日中午(11-13)'!$H$40+'平日中午(11-13)'!$H$59+'平日中午(11-13)'!$H$78+'平日中午(11-13)'!$H$97 -> 0 | W5: 12:15~13:15 | X5: =IF(ISERROR($Z5/AA5),"-",$Z5/AA5) -> - | Y5: =IF(ISERROR($Z5/AB5),"-",$Z5/AB5) -> - | Z5: =('平日中午(12-14)'!$B$40+'平日中午(12-14)'!$B$59+'平日中午(12-14)'!$B$78+'平日中午(12-14)'!$B$97)*15 -> 0 | AA5: ='平日中午(12-14)'!$F$40+'平日中午(12-14)'!$F$59+'平日中午(12-14)'!$F$78+'平日中午(12-14)'!$F$97 -> 0 | AB5: ='平日中午(12-14)'!$H$40+'平日中午(12-14)'!$H$59+'平日中午(12-14)'!$H$78+'平日中午(12-14)'!$H$97 -> 0 | AD5: 17:15~18:15 | AE5: =IF(ISERROR($AG5/AH5),"-",$AG5/AH5) -> - | AF5: =IF(ISERROR($AG5/AI5),"-",$AG5/AI5) -> - | AG5: =('平日昏峰(17-19)'!$B$40+'平日昏峰(17-19)'!$B$59+'平日昏峰(17-19)'!$B$78+'平日昏峰(17-19)'!$B$97)*15 -> 0 | AH5: ='平日昏峰(17-19)'!$F$40+'平日昏峰(17-19)'!$F$59+'平日昏峰(17-19)'!$F$78+'平日昏峰(17-19)'!$F$97 -> 0 | AI5: ='平日昏峰(17-19)'!$H$40+'平日昏峰(17-19)'!$H$59+'平日昏峰(17-19)'!$H$78+'平日昏峰(17-19)'!$H$97 -> 0 | AL5: =IF(ISERROR($AN5/AO5),"-",$AN5/AO5) -> - | AM5: =IF(ISERROR($AN5/AP5),"-",$AN5/AP5) -> - | AS5: =IF(ISERROR($AU5/AV5),"-",$AU5/AV5) -> - | AT5: =IF(ISERROR($AU5/AW5),"-",$AU5/AW5) -> - | AZ5: =IF(ISERROR($BB5/BC5),"-",$BB5/BC5) -> - | BA5: =IF(ISERROR($BB5/BD5),"-",$BB5/BD5) -> - | BF5: 16:15~17:15 | BG5: =IF(ISERROR($BI5/BJ5),"-",$BI5/BJ5) -> - | BH5: =IF(ISERROR($BI5/BK5),"-",$BI5/BK5) -> - | BI5: =('假日(16-18)'!$B$40+'假日(16-18)'!$B$59+'假日(16-18)'!$B$78+'假日(16-18)'!$B$97)*15 -> 0 | BJ5: ='假日(16-18)'!$F$40+'假日(16-18)'!$F$59+'假日(16-18)'!$F$78+'假日(16-18)'!$F$97 -> 0 | BK5: ='假日(16-18)'!$H$40+'假日(16-18)'!$H$59+'假日(16-18)'!$H$78+'假日(16-18)'!$H$97 -> 0 | BM5: 17:15~18:15 | BN5: =IF(ISERROR($BP5/BQ5),"-",$BP5/BQ5) -> - | BO5: =IF(ISERROR($BP5/BR5),"-",$BP5/BR5) -> - | BP5: =('假日(17-19)'!$B$40+'假日(17-19)'!$B$59+'假日(17-19)'!$B$78+'假日(17-19)'!$B$97)*15 -> 0 | BQ5: ='假日(17-19)'!$F$40+'假日(17-19)'!$F$59+'假日(17-19)'!$F$78+'假日(17-19)'!$F$97 -> 0 | BR5: ='假日(17-19)'!$H$40+'假日(17-19)'!$H$59+'假日(17-19)'!$H$78+'假日(17-19)'!$H$97 -> 0 | BT5: 16:15~17:15 | BU5: =IF(ISERROR($BW5/BX5),"-",$BW5/BX5) -> - | BV5: =IF(ISERROR($BW5/BY5),"-",$BW5/BY5) -> - | BW5: =('假日(16-20)'!$B$40+'假日(16-20)'!$B$59+'假日(16-20)'!$B$78+'假日(16-20)'!$B$97)*15 -> 0 | BX5: ='假日(16-20)'!$F$40+'假日(16-20)'!$F$59+'假日(16-20)'!$F$78+'假日(16-20)'!$F$97 -> 0 | BY5: ='假日(16-20)'!$H$40+'假日(16-20)'!$H$59+'假日(16-20)'!$H$78+'假日(16-20)'!$H$97 -> 0
B6: 07:00~08:00 | C6: =IF(ISERROR($E6/F6),"-",$E6/F6) -> - | D6: =IF(ISERROR($E6/G6),"-",$E6/G6) -> - | E6: =('平日晨峰(0630-0830)'!$B$59+'平日晨峰(0630-0830)'!$B$78+'平日晨峰(0630-0830)'!$B$97+'平日晨峰(0630-0830)'!$B$116)*15 -> 0 | F6: ='平日晨峰(0630-0830)'!$F$59+'平日晨峰(0630-0830)'!$F$78+'平日晨峰(0630-0830)'!$F$97+'平日晨峰(0630-0830)'!$F$116 -> 0 | G6: ='平日晨峰(0630-0830)'!$H$59+'平日晨峰(0630-0830)'!$H$78+'平日晨峰(0630-0830)'!$H$97+'平日晨峰(0630-0830)'!$H$116 -> 0 | I6: 07:30~08:30 | J6: =IF(ISERROR($L6/M6),"-",$L6/M6) -> - | K6: =IF(ISERROR($L6/N6),"-",$L6/N6) -> - | L6: =('平日晨峰(07-09)'!$B$59+'平日晨峰(07-09)'!$B$78+'平日晨峰(07-09)'!$B$97+'平日晨峰(07-09)'!$B$116)*15 -> 0 | M6: ='平日晨峰(07-09)'!$F$59+'平日晨峰(07-09)'!$F$78+'平日晨峰(07-09)'!$F$97+'平日晨峰(07-09)'!$F$116 -> 0 | N6: ='平日晨峰(07-09)'!$H$59+'平日晨峰(07-09)'!$H$78+'平日晨峰(07-09)'!$H$97+'平日晨峰(07-09)'!$H$116 -> 0 | P6: 11:30~12:30 | Q6: =IF(ISERROR($S6/T6),"-",$S6/T6) -> - | R6: =IF(ISERROR($T6/U6),"-",$T6/U6) -> - | S6: =('平日中午(11-13)'!$B$59+'平日中午(11-13)'!$B$78+'平日中午(11-13)'!$B$97+'平日中午(11-13)'!$B$116)*15 -> 0 | T6: ='平日中午(11-13)'!$F$59+'平日中午(11-13)'!$F$78+'平日中午(11-13)'!$F$97+'平日中午(11-13)'!$F$116 -> 0 | U6: ='平日中午(11-13)'!$H$59+'平日中午(11-13)'!$H$78+'平日中午(11-13)'!$H$97+'平日中午(11-13)'!$H$116 -> 0 | W6: 12:30~13:30 | X6: =IF(ISERROR($Z6/AA6),"-",$Z6/AA6) -> - | Y6: =IF(ISERROR($Z6/AB6),"-",$Z6/AB6) -> - | Z6: =('平日中午(12-14)'!$B$59+'平日中午(12-14)'!$B$78+'平日中午(12-14)'!$B$97+'平日中午(12-14)'!$B$116)*15 -> 0 | AA6: ='平日中午(12-14)'!$F$59+'平日中午(12-14)'!$F$78+'平日中午(12-14)'!$F$97+'平日中午(12-14)'!$F$116 -> 0 | AB6: ='平日中午(12-14)'!$H$59+'平日中午(12-14)'!$H$78+'平日中午(12-14)'!$H$97+'平日中午(12-14)'!$H$116 -> 0 | AD6: 17:30~18:30 | AE6: =IF(ISERROR($AG6/AH6),"-",$AG6/AH6) -> - | AF6: =IF(ISERROR($AG6/AI6),"-",$AG6/AI6) -> - | AG6: =('平日昏峰(17-19)'!$B$59+'平日昏峰(17-19)'!$B$78+'平日昏峰(17-19)'!$B$97+'平日昏峰(17-19)'!$B$116)*15 -> 0 | AH6: ='平日昏峰(17-19)'!$F$59+'平日昏峰(17-19)'!$F$78+'平日昏峰(17-19)'!$F$97+'平日昏峰(17-19)'!$F$116 -> 0 | AI6: ='平日昏峰(17-19)'!$H$59+'平日昏峰(17-19)'!$H$78+'平日昏峰(17-19)'!$H$97+'平日昏峰(17-19)'!$H$116 -> 0 | AL6: =IF(ISERROR($AN6/AO6),"-",$AN6/AO6) -> - | AM6: =IF(ISERROR($AN6/AP6),"-",$AN6/AP6) -> - | AS6: =IF(ISERROR($AU6/AV6),"-",$AU6/AV6) -> - | AT6: =IF(ISERROR($AU6/AW6),"-",$AU6/AW6) -> - | AZ6: =IF(ISERROR($BB6/BC6),"-",$BB6/BC6) -> - | BA6: =IF(ISERROR($BB6/BD6),"-",$BB6/BD6) -> - | BF6: 16:30~17:30 | BG6: =IF(ISERROR($BI6/BJ6),"-",$BI6/BJ6) -> - | BH6: =IF(ISERROR($BI6/BK6),"-",$BI6/BK6) -> - | BI6: =('假日(16-18)'!$B$59+'假日(16-18)'!$B$78+'假日(16-18)'!$B$97+'假日(16-18)'!$B$116)*15 -> 0 | BJ6: ='假日(16-18)'!$F$59+'假日(16-18)'!$F$78+'假日(16-18)'!$F$97+'假日(16-18)'!$F$116 -> 0 | BK6: ='假日(16-18)'!$H$59+'假日(16-18)'!$H$78+'假日(16-18)'!$H$97+'假日(16-18)'!$H$116 -> 0 | BM6: 17:30~18:30 | BN6: =IF(ISERROR($BP6/BQ6),"-",$BP6/BQ6) -> - | BO6: =IF(ISERROR($BP6/BR6),"-",$BP6/BR6) -> - | BP6: =('假日(17-19)'!$B$59+'假日(17-19)'!$B$78+'假日(17-19)'!$B$97+'假日(17-19)'!$B$116)*15 -> 0 | BQ6: ='假日(17-19)'!$F$59+'假日(17-19)'!$F$78+'假日(17-19)'!$F$97+'假日(17-19)'!$F$116 -> 0 | BR6: ='假日(17-19)'!$H$59+'假日(17-19)'!$H$78+'假日(17-19)'!$H$97+'假日(17-19)'!$H$116 -> 0 | BT6: 16:30~17:30 | BU6: =IF(ISERROR($BW6/BX6),"-",$BW6/BX6) -> - | BV6: =IF(ISERROR($BW6/BY6),"-",$BW6/BY6) -> - | BW6: =('假日(16-20)'!$B$59+'假日(16-20)'!$B$78+'假日(16-20)'!$B$97+'假日(16-20)'!$B$116)*15 -> 0 | BX6: ='假日(16-20)'!$F$59+'假日(16-20)'!$F$78+'假日(16-20)'!$F$97+'假日(16-20)'!$F$116 -> 0 | BY6: ='假日(16-20)'!$H$59+'假日(16-20)'!$H$78+'假日(16-20)'!$H$97+'假日(16-20)'!$H$116 -> 0
B7: 07:15~08:15 | C7: =IF(ISERROR($E7/F7),"-",$E7/F7) -> - | D7: =IF(ISERROR($E7/G7),"-",$E7/G7) -> - | E7: =('平日晨峰(0630-0830)'!$B$78+'平日晨峰(0630-0830)'!$B$97+'平日晨峰(0630-0830)'!$B$116+'平日晨峰(0630-0830)'!$B$135)*15 -> 0 | F7: ='平日晨峰(0630-0830)'!$F$78+'平日晨峰(0630-0830)'!$F$97+'平日晨峰(0630-0830)'!$F$116+'平日晨峰(0630-0830)'!$F$135 -> 0 | G7: ='平日晨峰(0630-0830)'!$H$78+'平日晨峰(0630-0830)'!$H$97+'平日晨峰(0630-0830)'!$H$116+'平日晨峰(0630-0830)'!$H$135 -> 0 | I7: 07:45~08:45 | J7: =IF(ISERROR($L7/M7),"-",$L7/M7) -> - | K7: =IF(ISERROR($L7/N7),"-",$L7/N7) -> - | L7: =('平日晨峰(07-09)'!$B$78+'平日晨峰(07-09)'!$B$97+'平日晨峰(07-09)'!$B$116+'平日晨峰(07-09)'!$B$135)*15 -> 0 | M7: ='平日晨峰(07-09)'!$F$78+'平日晨峰(07-09)'!$F$97+'平日晨峰(07-09)'!$F$116+'平日晨峰(07-09)'!$F$135 -> 0 | N7: ='平日晨峰(07-09)'!$H$78+'平日晨峰(07-09)'!$H$97+'平日晨峰(07-09)'!$H$116+'平日晨峰(07-09)'!$H$135 -> 0 | P7: 11:45~12:45 | Q7: =IF(ISERROR($S7/T7),"-",$S7/T7) -> - | R7: =IF(ISERROR($T7/U7),"-",$T7/U7) -> - | S7: =('平日中午(11-13)'!$B$78+'平日中午(11-13)'!$B$97+'平日中午(11-13)'!$B$116+'平日中午(11-13)'!$B$135)*15 -> 0 | T7: ='平日中午(11-13)'!$F$78+'平日中午(11-13)'!$F$97+'平日中午(11-13)'!$F$116+'平日中午(11-13)'!$F$135 -> 0 | U7: ='平日中午(11-13)'!$H$78+'平日中午(11-13)'!$H$97+'平日中午(11-13)'!$H$116+'平日中午(11-13)'!$H$135 -> 0 | W7: 12:45~13:45 | X7: =IF(ISERROR($Z7/AA7),"-",$Z7/AA7) -> - | Y7: =IF(ISERROR($Z7/AB7),"-",$Z7/AB7) -> - | Z7: =('平日中午(12-14)'!$B$78+'平日中午(12-14)'!$B$97+'平日中午(12-14)'!$B$116+'平日中午(12-14)'!$B$135)*15 -> 0 | AA7: ='平日中午(12-14)'!$F$78+'平日中午(12-14)'!$F$97+'平日中午(12-14)'!$F$116+'平日中午(12-14)'!$F$135 -> 0 | AB7: ='平日中午(12-14)'!$H$78+'平日中午(12-14)'!$H$97+'平日中午(12-14)'!$H$116+'平日中午(12-14)'!$H$135 -> 0 | AD7: 17:45~18:45 | AE7: =IF(ISERROR($AG7/AH7),"-",$AG7/AH7) -> - | AF7: =IF(ISERROR($AG7/AI7),"-",$AG7/AI7) -> - | AG7: =('平日昏峰(17-19)'!$B$78+'平日昏峰(17-19)'!$B$97+'平日昏峰(17-19)'!$B$116+'平日昏峰(17-19)'!$B$135)*15 -> 0 | AH7: ='平日昏峰(17-19)'!$F$78+'平日昏峰(17-19)'!$F$97+'平日昏峰(17-19)'!$F$116+'平日昏峰(17-19)'!$F$135 -> 0 | AI7: ='平日昏峰(17-19)'!$H$78+'平日昏峰(17-19)'!$H$97+'平日昏峰(17-19)'!$H$116+'平日昏峰(17-19)'!$H$135 -> 0 | AL7: =IF(ISERROR($AN7/AO7),"-",$AN7/AO7) -> - | AM7: =IF(ISERROR($AN7/AP7),"-",$AN7/AP7) -> - | AS7: =IF(ISERROR($AU7/AV7),"-",$AU7/AV7) -> - | AT7: =IF(ISERROR($AU7/AW7),"-",$AU7/AW7) -> - | AZ7: =IF(ISERROR($BB7/BC7),"-",$BB7/BC7) -> - | BA7: =IF(ISERROR($BB7/BD7),"-",$BB7/BD7) -> - | BF7: 16:45~17:45 | BG7: =IF(ISERROR($BI7/BJ7),"-",$BI7/BJ7) -> - | BH7: =IF(ISERROR($BI7/BK7),"-",$BI7/BK7) -> - | BI7: =('假日(16-18)'!$B$78+'假日(16-18)'!$B$97+'假日(16-18)'!$B$116+'假日(16-18)'!$B$135)*15 -> 0 | BJ7: ='假日(16-18)'!$F$78+'假日(16-18)'!$F$97+'假日(16-18)'!$F$116+'假日(16-18)'!$F$135 -> 0 | BK7: ='假日(16-18)'!$H$78+'假日(16-18)'!$H$97+'假日(16-18)'!$H$116+'假日(16-18)'!$H$135 -> 0 | BM7: 17:45~18:45 | BN7: =IF(ISERROR($BP7/BQ7),"-",$BP7/BQ7) -> - | BO7: =IF(ISERROR($BP7/BR7),"-",$BP7/BR7) -> - | BP7: =('假日(17-19)'!$B$78+'假日(17-19)'!$B$97+'假日(17-19)'!$B$116+'假日(17-19)'!$B$135)*15 -> 0 | BQ7: ='假日(17-19)'!$F$78+'假日(17-19)'!$F$97+'假日(17-19)'!$F$116+'假日(17-19)'!$F$135 -> 0 | BR7: ='假日(17-19)'!$H$78+'假日(17-19)'!$H$97+'假日(17-19)'!$H$116+'假日(17-19)'!$H$135 -> 0 | BT7: 16:45~17:45 | BU7: =IF(ISERROR($BW7/BX7),"-",$BW7/BX7) -> - | BV7: =IF(ISERROR($BW7/BY7),"-",$BW7/BY7) -> - | BW7: =('假日(16-20)'!$B$78+'假日(16-20)'!$B$97+'假日(16-20)'!$B$116+'假日(16-20)'!$B$135)*15 -> 0 | BX7: ='假日(16-20)'!$F$78+'假日(16-20)'!$F$97+'假日(16-20)'!$F$116+'假日(16-20)'!$F$135 -> 0 | BY7: ='假日(16-20)'!$H$78+'假日(16-20)'!$H$97+'假日(16-20)'!$H$116+'假日(16-20)'!$H$135 -> 0
