Workbook

Sheet 資料儲存
A1: 時段 | B1: 臨近路段 | C1: 開始時刻 | D1: 停車在臨近車道上的車輛總數(0秒) | E1: 停車在臨近車道上的車輛總數(15秒) | F1: 停車在臨近車道上的車輛總數(30秒) | G1: 停車在臨近車道上的車輛總數(45秒) | H1: 臨近車道上的流量(總數) | I1: 臨近車道上的流量(未受阻) | J1: 臨近車道上的流量(受阻)
A2: 平日晨峰(0630-0830) | B2: A | C2: 0.27083333 | D2: 0 | E2: 0 | F2: 0 | G2: 0 | H2: 0 | I2: 0 | J2: 0
A3: 平日晨峰(0630-0830) | B3: A | C3: 0.27152778 | D3: 0 | E3: 0 | F3: 0 | G3: 0 | H3: 0 | I3: 0 | J3: 0
A4: 平日晨峰(0630-0830) | B4: A | C4: 0.27222222 | D4: 0 | E4: 0 | F4: 0 | G4: 0 | H4: 0 | I4: 0 | J4: 0
A5: 平日晨峰(0630-0830) | B5: A | C5: 0.27291667 | D5: 0 | E5: 0 | F5: 0 | G5: 0 | H5: 0 | I5: 0 | J5: 0
A6: 平日晨峰(0630-0830) | B6: A | C6: 0.27361111 | D6: 0 | E6: 0 | F6: 0 | G6: 0 | H6: 0 | I6: 0 | J6: 0
A7: 平日晨峰(0630-0830) | B7: A | C7: 0.27430556 | D7: 0 | E7: 0 | F7: 0 | G7: 0 | H7: 0 | I7: 0 | J7: 0
A8: 平日晨峰(0630-0830) | B8: A | C8: 0.275 | D8: 0 | E8: 0 | F8: 0 | G8: 0 | H8: 0 | I8: 0 | J8: 0
A9: 平日晨峰(0630-0830) | B9: A | C9: 0.27569444 | D9: 0 | E9: 0 | F9: 0 | G9: 0 | H9: 0 | I9: 0 | J9: 0
A10: 平日晨峰(0630-0830) | B10: A | C10: 0.27638889 | D10: 0 | E10: 0 | F10: 0 | G10: 0 | H10: 0 | I10: 0 | J10: 0
A11: 平日晨峰(0630-0830) | B11: A | C11: 0.27708333 | D11: 0 | E11: 0 | F11: 0 | G11: 0 | H11: 0 | I11: 0 | J11: 0
A12: 平日晨峰(0630-0830) | B12: A | C12: 0.27777778 | D12: 0 | E12: 0 | F12: 0 | G12: 0 | H12: 0 | I12: 0 | J12: 0
A13: 平日晨峰(0630-0830) | B13: A | C13: 0.27847222 | D13: 0 | E13: 0 | F13: 0 | G13: 0 | H13: 0 | I13: 0 | J13: 0
... A5041: 假日(16-20) | B5041: D | C5041: 0.83263889 | D5041: 0 | E5041: 0 | F5041: 0 | G5041: 0 | H5041: 0 | I5041: 0 | J5041: 0

Sheet 基本資料
A4: 業主名稱：
A5: 專案編號：
R6: 往北
A7: TC編號： | C7: (例：TC240) | R7: 往東
A8: 路口名稱： | R8: 往南
A9: 行政區域： | C9: (例：東區) | R9: 往西南
R10: 往西北
B11: 平日晨峰(0630-0830) | C11: 平日晨峰(07-09) | D11: 平日中午(11-13) | E11: 平日中午(12-14) | F11: 平日昏峰(17-19) | G11: 假日(11-12) | H11: 假日(1430-1530) | I11: 假日(1730-1830) | J11: 假日(16-18) | K11: 假日(17-19) | L11: 假日(16-20) | R11: 往東北
A12: 日期： | B12: YYYY/MM/DD | C12: YYYY/MM/DD | D12: YYYY/MM/DD | E12: YYYY/MM/DD | F12: YYYY/MM/DD | G12: YYYY/MM/DD | H12: YYYY/MM/DD | I12: YYYY/MM/DD | J12: YYYY/MM/DD | K12: YYYY/MM/DD | L12: YYYY/MM/DD | R12: 往東南
A13: 天候：
R14: 往西
A16: 路口類型： | B16: 六叉路口
A18: 方 向： | B18: A | C18: B | D18: C | E18: D
A19: 路段名：
A20: 行車方向：
A21: 車道數： | B21: - | C21: - | D21: - | E21: -
A25: 簡圖：
C26: =E19 -> 0
C27: D
A30: =D19 -> 0 | B30: C | D30: A | E30: =B19 -> 0
C33: B
C34: =C19 -> 0

Sheet 資料分析
B1: 平日晨峰(0630-0830) | I1: 平日晨峰(07-09) | P1: 平日中午(11-13) | W1: 平日中午(12-14) | AD1: 平日昏峰(17-19) | AK1: 假日(11-12) | AR1: 假日(1430~1530) | AY1: 假日(1730~1830) | BF1: 假日(16-18) | BM1: 假日(17-19) | BT1: 假日(16-20)
B2: ='平日晨峰(07-09)'!$A$2 -> A方向： | I2: ='平日晨峰(07-09)'!$A$2 -> A方向： | P2: ='平日中午(11-13)'!$A$2 -> A方向： | W2: ='平日中午(12-14)'!$A$2 -> A方向： | AD2: ='平日昏峰(17-19)'!$A$2 -> A方向： | AK2: ='假日(11-12)'!$A$2 -> A方向： | AR2: ='假日(1430-1530)'!$A$2 -> A方向： | AY2: ='假日(1730-1830)'!$A$2 -> A方向： | BF2: ='假日(16-18)'!$A$2 -> A方向： | BM2: ='假日(17-19)'!$A$2 -> A方向： | BT2: ='假日(16-18)'!$A$2 -> A方向：
B3: 時間 | C3: 平均延滯 | D3: 平均停等延滯 | E3: 總延滯 | F3: 車輛總數 | G3: 停等車輛數 | I3: 時間 | J3: 平均延滯 | L3: 總延滯 | M3: 車輛總數 | N3: 停等車輛數 | P3: 時間 | Q3: 平均延滯 | R3: 平均停等延滯 | S3: 總延滯 | T3: 車輛總數 | U3: 停等車輛數 | W3: 時間 | X3: 平均延滯 | Y3: 平均停等延滯 | Z3: 總延滯 | AA3: 車輛總數 | AB3: 停等車輛數 | AD3: 時間 | AE3: 平均延滯 | AF3: 平均停等延滯 | AG3: 總延滯 | AH3: 車輛總數 | AI3: 停等車輛數 | AK3: 時間 | AL3: 平均延滯 | AM3: 平均停等延滯 | AN3: 總延滯 | AO3: 車輛總數 | AP3: 停等車輛數 | AR3: 時間 | AS3: 平均延滯 | AT3: 平均停等延滯 | AU3: 總延滯 | AV3: 車輛總數 | AW3: 停等車輛數 | AY3: 時間 | AZ3: 平均延滯 | BA3: 平均停等延滯 | BB3: 總延滯 | BC3: 車輛總數 | BD3: 停等車輛數 | BF3: 時間 | BG3: 平均延滯 | BH3: 平均停等延滯 | BI3: 總延滯 | BJ3: 車輛總數 | BK3: 停等車輛數 | BM3: 時間 | BN3: 平均延滯 | BO3: 平均停等延滯 | BP3: 總延滯 | BQ3: 車輛總數 | BR3: 停等車輛數 | BT3: 時間 | BU3: 平均延滯 | BV3: 平均停等延滯 | BW3: 總延滯 | BX3: 車輛總數 | BY3: 停等車輛數
B4: 06:30~07:30 | C4: =IF(ISERROR($E4/F4),"-",$E4/F4) -> - | D4: =IF(ISERROR($E4/G4),"-",$E4/G4) -> - | E4: =('平日晨峰(0630-0830)'!$B$21+'平日晨峰(0630-0830)'!$B$40+'平日晨峰(0630-0830)'!$B$59+'平日晨峰(0630-0830)'!$B$78)*15 -> 0 | F4: ='平日晨峰(0630-0830)'!$F$21+'平日晨峰(0630-0830)'!$F$40+'平日晨峰(0630-0830)'!$F$59+'平日晨峰(0630-0830)'!$F$78 -> 0 | G4: ='平日晨峰(0630-0830)'!$H$21+'平日晨峰(0630-0830)'!$H$40+'平日晨峰(0630-0830)'!$H$59+'平日晨峰(0630-0830)'!$H$78 -> 0 | I4: 07:00~08:00 | J4: =IF(ISERROR($L4/M4),"-",$L4/M4) -> - | K4: =IF(ISERROR($L4/N4),"-",$L4/N4) -> - | L4: =('平日晨峰(07-09)'!$B$21+'平日晨峰(07-09)'!$B$40+'平日晨峰(07-09)'!$B$59+'平日晨峰(07-09)'!$B$78)*15 -> 0 | M4: ='平日晨峰(07-09)'!$F$21+'平日晨峰(07-09)'!$F$40+'平日晨峰(07-09)'!$F$59+'平日晨峰(07-09)'!$F$78 -> 0 | N4: ='平日晨峰(07-09)'!$H$21+'平日晨峰(07-09)'!$H$40+'平日晨峰(07-09)'!$H$59+'平日晨峰(07-09)'!$H$78 -> 0 | P4: 11:00~12:00 | Q4: =IF(ISERROR($S4/T4),"-",$S4/T4) -> - | R4: =IF(ISERROR($T4/U4),"-",$T4/U4) -> - | S4: =('平日中午(11-13)'!$B$21+'平日中午(11-13)'!$B$40+'平日中午(11-13)'!$B$59+'平日中午(11-13)'!$B$78)*15 -> 0 | T4: ='平日中午(11-13)'!$F$21+'平日中午(11-13)'!$F$40+'平日中午(11-13)'!$F$59+'平日中午(11-13)'!$F$78 -> 0 | U4: ='平日中午(11-13)'!$H$21+'平日中午(11-13)'!$H$40+'平日中午(11-13)'!$H$59+'平日中午(11-13)'!$H$78 -> 0 | W4: 1200~13:00 | X4: =IF(ISERROR($Z4/AA4),"-",$Z4/AA4) -> - | Y4: =IF(ISERROR($Z4/AB4),"-",$Z4/AB4) -> - | Z4: =('平日中午(12-14)'!$B$21+'平日中午(12-14)'!$B$40+'平日中午(12-14)'!$B$59+'平日中午(12-14)'!$B$78)*15 -> 0 | AA4: ='平日中午(12-14)'!$F$21+'平日中午(12-14)'!$F$40+'平日中午(12-14)'!$F$59+'平日中午(12-14)'!$F$78 -> 0 | AB4: ='平日中午(12-14)'!$H$21+'平日中午(12-14)'!$H$40+'平日中午(12-14)'!$H$59+'平日中午(12-14)'!$H$78 -> 0 | AD4: 17:00~18:00 | AE4: =IF(ISERROR($AG4/AH4),"-",$AG4/AH4) -> - | AF4: =IF(ISERROR($AG4/AI4),"-",$AG4/AI4) -> - | AG4: =('平日昏峰(17-19)'!$B$21+'平日昏峰(17-19)'!$B$40+'平日昏峰(17-19)'!$B$59+'平日昏峰(17-19)'!$B$78)*15 -> 0 | AH4: ='平日昏峰(17-19)'!$F$21+'平日昏峰(17-19)'!$F$40+'平日昏峰(17-19)'!$F$59+'平日昏峰(17-19)'!$F$78 -> 0 | AI4: ='平日昏峰(17-19)'!$H$21+'平日昏峰(17-19)'!$H$40+'平日昏峰(17-19)'!$H$59+'平日昏峰(17-19)'!$H$78 -> 0 | AK4: 11:00~12:00 | AL4: =IF(ISERROR($AN4/AO4),"-",$AN4/AO4) -> - | AM4: =IF(ISERROR($AN4/AP4),"-",$AN4/AP4) -> - | AN4: =('假日(11-12)'!$B$21+'假日(11-12)'!$B$40+'假日(11-12)'!$B$59+'假日(11-12)'!$B$78)*15 -> 0 | AO4: ='假日(11-12)'!$F$21+'假日(11-12)'!$F$40+'假日(11-12)'!$F$59+'假日(11-12)'!$F$78 -> 0 | AP4: ='假日(11-12)'!$H$21+'假日(11-12)'!$H$40+'假日(11-12)'!$H$59+'假日(11-12)'!$H$78 -> 0 | AR4: 14:30~15:30 | AS4: =IF(ISERROR($AU4/AV4),"-",$AU4/AV4) -> - | AT4: =IF(ISERROR($AU4/AW4),"-",$AU4/AW4) -> - | AU4: =('假日(1430-1530)'!$B$21+'假日(1430-1530)'!$B$40+'假日(1430-1530)'!$B$59+'假日(1430-1530)'!$B$78)*15 -> 0 | AV4: ='假日(1430-1530)'!$F$21+'假日(1430-1530)'!$F$40+'假日(1430-1530)'!$F$59+'假日(1430-1530)'!$F$78 -> 0 | AW4: ='假日(1430-1530)'!$H$21+'假日(1430-1530)'!$H$40+'假日(1430-1530)'!$H$59+'假日(1430-1530)'!$H$78 -> 0 | AY4: 17:30~18:30 | AZ4: =IF(ISERROR($BB4/BC4),"-",$BB4/BC4) -> - | BA4: =IF(ISERROR($BB4/BD4),"-",$BB4/BD4) -> - | BB4: =('假日(1730-1830)'!$B$21+'假日(1730-1830)'!$B$40+'假日(1730-1830)'!$B$59+'假日(1730-1830)'!$B$78)*15 -> 0 | BC4: ='假日(1730-1830)'!$F$21+'假日(1730-1830)'!$F$40+'假日(1730-1830)'!$F$59+'假日(1730-1830)'!$F$78 -> 0 | BD4: ='假日(1730-1830)'!$H$21+'假日(1730-1830)'!$H$40+'假日(1730-1830)'!$H$59+'假日(1730-1830)'!$H$78 -> 0 | BF4: 16:00~17:00 | BG4: =IF(ISERROR($BI4/BJ4),"-",$BI4/BJ4) -> - | BH4: =IF(ISERROR($BI4/BK4),"-",$BI4/BK4) -> - | BI4: =('假日(16-18)'!$B$21+'假日(16-18)'!$B$40+'假日(16-18)'!$B$59+'假日(16-18)'!$B$78)*15 -> 0 | BJ4: ='假日(16-18)'!$F$21+'假日(16-18)'!$F$40+'假日(16-18)'!$F$59+'假日(16-18)'!$F$78 -> 0 | BK4: ='假日(16-18)'!$H$21+'假日(16-18)'!$H$40+'假日(16-18)'!$H$59+'假日(16-18)'!$H$78 -> 0 | BM4: 17:00~18:00 | BN4: =IF(ISERROR($BP4/BQ4),"-",$BP4/BQ4) -> - | BO4: =IF(ISERROR($BP4/BR4),"-",$BP4/BR4) -> - | BP4: =('假日(17-19)'!$B$21+'假日(17-19)'!$B$40+'假日(17-19)'!$B$59+'假日(17-19)'!$B$78)*15 -> 0 | BQ4: ='假日(17-19)'!$F$21+'假日(17-19)'!$F$40+'假日(17-19)'!$F$59+'假日(17-19)'!$F$78 -> 0 | BR4: ='假日(17-19)'!$H$21+'假日(17-19)'!$H$40+'假日(17-19)'!$H$59+'假日(17-19)'!$H$78 -> 0 | BT4: 16:00~17:00 | BU4: =IF(ISERROR($BW4/BX4),"-",$BW4/BX4) -> - | BV4: =IF(ISERROR($BW4/BY4),"-",$BW4/BY4) -> - | BW4: =('假日(16-20)'!$B$21+'假日(16-20)'!$B$40+'假日(16-20)'!$B$59+'假日(16-20)'!$B$78)*15 -> 0 | BX4: ='假日(16-20)'!$F$21+'假日(16-20)'!$F$40+'假日(16-20)'!$F$59+'假日(16-20)'!$F$78 -> 0 | BY4: ='假日(16-20)'!$H$21+'假日(16-20)'!$H$40+'假日(16-20)'!$H$59+'假日(16-20)'!$H$78 -> 0
B5: 06:45~07:45 | C5: =IF(ISERROR($E5/F5),"-",$E5/F5) -> - | D5: =IF(ISERROR($E5/G5),"-",$E5/G5) -> - | E5: =('平日晨峰(0630-0830)'!$B$40+'平日晨峰(0630-0830)'!$B$59+'平日晨峰(0630-0830)'!$B$78+'平日晨峰(0630-0830)'!$B$97)*15 -> 0 | F5: ='平日晨峰(0630-0830)'!$F$40+'平日晨峰(0630-0830)'!$F$59+'平日晨峰(0630-0830)'!$F$78+'平日晨峰(0630-0830)'!$F$97 -> 0 | G5: ='平日晨峰(0630-0830)'!$H$40+'平日晨峰(0630-0830)'!$H$59+'平日晨峰(0630-0830)'!$H$78+'平日晨峰(0630-0830)'!$H$97 -> 0 | I5: 07:15~08:15 | J5: =IF(ISERROR($L5/M5),"-",$L5/M5) -> - | K5: =IF(ISERROR($L5/N5),"-",$L5/N5) -> - | L5: =('平日晨峰(07-09)'!$B$40+'平日晨峰(07-09)'!$B$59+'平日晨峰(07-09)'!$B$78+'平日晨峰(07-09)'!$B$97)*15 -> 0 | M5: ='平日晨峰(07-09)'!$F$40+'平日晨峰(07-09)'!$F$59+'平日晨峰(07-09)'!$F$78+'平日晨峰(07-09)'!$F$97 -> 0 | N5: ='平日晨峰(07-09)'!$H$40+'平日晨峰(07-09)'!$H$59+'平日晨峰(07-09)'!$H$78+'平日晨峰(07-09)'!$H$97 -> 0 | P5: 11:15~12:15 | Q5: =IF(ISERROR($S5/T5),"-",$S5/T5) -> - | R5: =IF(ISERROR($T5/U5),"-",$T5/U5) -> - | S5: =('平日中午(11-13)'!$B$40+'平日中午(11-13)'!$B$59+'平日中午(11-13)'!$B$78+'平日中午(11-13)'!$B$97)*15 -> 0 | T5: ='平日中午(11-13)'!$F$40+'平日中午(11-13)'!$F$59+'平日中午(11-13)'!$F$78+'平日中午(11-13)'!$F$97 -> 0 | U5: ='平日中午(11-13)'!$H$40+'平日中午(11-13)'!$H$59+'平日中午(11-13)'!$H$78+'平日中午(11-13)'!$H$97 -> 0 | W5: 12:15~13:15 | X5: =IF(ISERROR($Z5/AA5),"-",$Z5/AA5) -> - | Y5: =IF(ISERROR($Z5/AB5),"-",$Z5/AB5) -> - | Z5: =('平日中午(12-14)'!$B$40+'平日中午(12-14)'!$B$59+'平日中午(12-14)'!$B$78+'平日中午(12-14)'!$B$97)*15 -> 0 | AA5: ='平日中午(12-14)'!$F$40+'平日中午(12-14)'!$F$59+'平日中午(12-14)'!$F$78+'平日中午(12-14)'!$F$97 -> 0 | AB5: ='平日中午(12-14)'!$H$40+'平日中午(12-14)'!$H$59+'平日中午(12-14)'!$H$78+'平日中午(12-14)'!$H$97 -> 0 | AD5: 17:15~18:15 | AE5: =IF(ISERROR($AG5/AH5),"-",$AG5/AH5) -> - | AF5: =IF(ISERROR($AG5/AI5),"-",$AG5/AI5) -> - | AG5: =('平日昏峰(17-19)'!$B$40+'平日昏峰(17-19)'!$B$59+'平日昏峰(17-19)'!$B$78+'平日昏峰(17-19)'!$B$97)*15 -> 0 | AH5: ='平日昏峰(17-19)'!$F$40+'平日昏峰(17-19)'!$F$59+'平日昏峰(17-19)'!$F$78+'平日昏峰(17-19)'!$F$97 -> 0 | AI5: ='平日昏峰(17-19)'!$H$40+'平日昏峰(17-19)'!$H$59+'平日昏峰(17-19)'!$H$78+'平日昏峰(17-19)'!$H$97 -> 0 | AL5: =IF(ISERROR($AN5/AO5),"-",$AN5/AO5) -> - | AM5: =IF(ISERROR($AN5/AP5),"-",$AN5/AP5) -> - | AS5: =IF(ISERROR($AU5/AV5),"-",$AU5/AV5) -> - | AT5: =IF(ISERROR($AU5/AW5),"-",$AU5/AW5) -> - | AZ5: =IF(ISERROR($BB5/BC5),"-",$BB5/BC5) -> - | BA5: =IF(ISERROR($BB5/BD5),"-",$BB5/BD5) -> - | BF5: 16:15~17:15 | BG5: =IF(ISERROR($BI5/BJ5),"-",$BI5/BJ5) -> - | BH5: =IF(ISERROR($BI5/BK5),"-",$BI5/BK5) -> - | BI5: =('假日(16-18)'!$B$40+'假日(16-18)'!$B$59+'假日(16-18)'!$B$78+'假日(16-18)'!$B$97)*15 -> 0 | BJ5: ='假日(16-18)'!$F$40+'假日(16-18)'!$F$59+'假日(16-18)'!$F$78+'假日(16-18)'!$F$97 -> 0 | BK5: ='假日(16-18)'!$H$40+'假日(16-18)'!$H$59+'假日(16-18)'!$H$78+'假日(16-18)'!$H$97 -> 0 | BM5: 17:15~18:15 | BN5: =IF(ISERROR($BP5/BQ5),"-",$BP5/BQ5) -> - | BO5: =IF(ISERROR($BP5/BR5),"-",$BP5/BR5) -> - | BP5: =('假日(17-19)'!$B$40+'假日(17-19)'!$B$59+'假日(17-19)'!$B$78+'假日(17-19)'!$B$97)*15 -> 0 | BQ5: ='假日(17-19)'!$F$40+'假日(17-19)'!$F$59+'假日(17-19)'!$F$78+'假日(17-19)'!$F$97 -> 0 | BR5: ='假日(17-19)'!$H$40+'假日(17-19)'!$H$59+'假日(17-19)'!$H$78+'假日(17-19)'!$H$97 -> 0 | BT5: 16:15~17:15 | BU5: =IF(ISERROR($BW5/BX5),"-",$BW5/BX5) -> - | BV5: =IF(ISERROR($BW5/BY5),"-",$BW5/BY5) -> - | BW5: =('假日(16-20)'!$B$40+'假日(16-20)'!$B$59+'假日(16-20)'!$B$78+'假日(16-20)'!$B$97)*15 -> 0 | BX5: ='假日(16-20)'!$F$40+'假日(16-20)'!$F$59+'假日(16-20)'!$F$78+'假日(16-20)'!$F$97 -> 0 | BY5: ='假日(16-20)'!$H$40+'假日(16-20)'!$H$59+'假日(16-20)'!$H$78+'假日(16-20)'!$H$97 -> 0
B6: 07:00~08:00 | C6: =IF(ISERROR($E6/F6),"-",$E6/F6) -> - | D6: =IF(ISERROR($E6/G6),"-",$E6/G6) -> - | E6: =('平日晨峰(0630-0830)'!$B$59+'平日晨峰(0630-0830)'!$B$78+'平日晨峰(0630-0830)'!$B$97+'平日晨峰(0630-0830)'!$B$116)*15 -> 0 | F6: ='平日晨峰(0630-0830)'!$F$59+'平日晨峰(0630-0830)'!$F$78+'平日晨峰(0630-0830)'!$F$97+'平日晨峰(0630-0830)'!$F$116 -> 0 | G6: ='平日晨峰(0630-0830)'!$H$59+'平日晨峰(0630-0830)'!$H$78+'平日晨峰(0630-0830)'!$H$97+'平日晨峰(0630-0830)'!$H$116 -> 0 | I6: 07:30~08:30 | J6: =IF(ISERROR($L6/M6),"-",$L6/M6) -> - | K6: =IF(ISERROR($L6/N6),"-",$L6/N6) -> - | L6: =('平日晨峰(07-09)'!$B$59+'平日晨峰(07-09)'!$B$78+'平日晨峰(07-09)'!$B$97+'平日晨峰(07-09)'!$B$116)*15 -> 0 | M6: ='平日晨峰(07-09)'!$F$59+'平日晨峰(07-09)'!$F$78+'平日晨峰(07-09)'!$F$97+'平日晨峰(07-09)'!$F$116 -> 0 | N6: ='平日晨峰(07-09)'!$H$59+'平日晨峰(07-09)'!$H$78+'平日晨峰(07-09)'!$H$97+'平日晨峰(07-09)'!$H$116 -> 0 | P6: 11:30~12:30 | Q6: =IF(ISERROR($S6/T6),"-",$S6/T6) -> - | R6: =IF(ISERROR($T6/U6),"-",$T6/U6) -> - | S6: =('平日中午(11-13)'!$B$59+'平日中午(11-13)'!$B$78+'平日中午(11-13)'!$B$97+'平日中午(11-13)'!$B$116)*15 -> 0 | T6: ='平日中午(11-13)'!$F$59+'平日中午(11-13)'!$F$78+'平日中午(11-13)'!$F$97+'平日中午(11-13)'!$F$116 -> 0 | U6: ='平日中午(11-13)'!$H$59+'平日中午(11-13)'!$H$78+'平日中午(11-13)'!$H$97+'平日中午(11-13)'!$H$116 -> 0 | W6: 12:30~13:30 | X6: =IF(ISERROR($Z6/AA6),"-",$Z6/AA6) -> - | Y6: =IF(ISERROR($Z6/AB6),"-",$Z6/AB6) -> - | Z6: =('平日中午(12-14)'!$B$59+'平日中午(12-14)'!$B$78+'平日中午(12-14)'!$B$97+'平日中午(12-14)'!$B$116)*15 -> 0 | AA6: ='平日中午(12-14)'!$F$59+'平日中午(12-14)'!$F$78+'平日中午(12-14)'!$F$97+'平日中午(12-14)'!$F$116 -> 0 | AB6: ='平日中午(12-14)'!$H$59+'平日中午(12-14)'!$H$78+'平日中午(12-14)'!$H$97+'平日中午(12-14)'!$H$116 -> 0 | AD6: 17:30~18:30 | AE6: =IF(ISERROR($AG6/AH6),"-",$AG6/AH6) -> - | AF6: =IF(ISERROR($AG6/AI6),"-",$AG6/AI6) -> - | AG6: =('平日昏峰(17-19)'!$B$59+'平日昏峰(17-19)'!$B$78+'平日昏峰(17-19)'!$B$97+'平日昏峰(17-19)'!$B$116)*15 -> 0 | AH6: ='平日昏峰(17-19)'!$F$59+'平日昏峰(17-19)'!$F$78+'平日昏峰(17-19)'!$F$97+'平日昏峰(17-19)'!$F$116 -> 0 | AI6: ='平日昏峰(17-19)'!$H$59+'平日昏峰(17-19)'!$H$78+'平日昏峰(17-19)'!$H$97+'平日昏峰(17-19)'!$H$116 -> 0 | AL6: =IF(ISERROR($AN6/AO6),"-",$AN6/AO6) -> - | AM6: =IF(ISERROR($AN6/AP6),"-",$AN6/AP6) -> - | AS6: =IF(ISERROR($AU6/AV6),"-",$AU6/AV6) -> - | AT6: =IF(ISERROR($AU6/AW6),"-",$AU6/AW6) -> - | AZ6: =IF(ISERROR($BB6/BC6),"-",$BB6/BC6) -> - | BA6: =IF(ISERROR($BB6/BD6),"-",$BB6/BD6) -> - | BF6: 16:30~17:30 | BG6: =IF(ISERROR($BI6/BJ6),"-",$BI6/BJ6) -> - | BH6: =IF(ISERROR($BI6/BK6),"-",$BI6/BK6) -> - | BI6: =('假日(16-18)'!$B$59+'假日(16-18)'!$B$78+'假日(16-18)'!$B$97+'假日(16-18)'!$B$116)*15 -> 0 | BJ6: ='假日(16-18)'!$F$59+'假日(16-18)'!$F$78+'假日(16-18)'!$F$97+'假日(16-18)'!$F$116 -> 0 | BK6: ='假日(16-18)'!$H$59+'假日(16-18)'!$H$78+'假日(16-18)'!$H$97+'假日(16-18)'!$H$116 -> 0 | BM6: 17:30~18:30 | BN6: =IF(ISERROR($BP6/BQ6),"-",$BP6/BQ6) -> - | BO6: =IF(ISERROR($BP6/BR6),"-",$BP6/BR6) -> - | BP6: =('假日(17-19)'!$B$59+'假日(17-19)'!$B$78+'假日(17-19)'!$B$97+'假日(17-19)'!$B$116)*15 -> 0 | BQ6: ='假日(17-19)'!$F$59+'假日(17-19)'!$F$78+'假日(17-19)'!$F$97+'假日(17-19)'!$F$116 -> 0 | BR6: ='假日(17-19)'!$H$59+'假日(17-19)'!$H$78+'假日(17-19)'!$H$97+'假日(17-19)'!$H$116 -> 0 | BT6: 16:30~17:30 | BU6: =IF(ISERROR($BW6/BX6),"-",$BW6/BX6) -> - | BV6: =IF(ISERROR($BW6/BY6),"-",$BW6/BY6) -> - | BW6: =('假日(16-20)'!$B$59+'假日(16-20)'!$B$78+'假日(16-20)'!$B$97+'假日(16-20)'!$B$116)*15 -> 0 | BX6: ='假日(16-20)'!$F$59+'假日(16-20)'!$F$78+'假日(16-20)'!$F$97+'假日(16-20)'!$F$116 -> 0 | BY6: ='假日(16-20)'!$H$59+'假日(16-20)'!$H$78+'假日(16-20)'!$H$97+'假日(16-20)'!$H$116 -> 0
B7: 07:15~08:15 | C7: =IF(ISERROR($E7/F7),"-",$E7/F7) -> - | D7: =IF(ISERROR($E7/G7),"-",$E7/G7) -> - | E7: =('平日晨峰(0630-0830)'!$B$78+'平日晨峰(0630-0830)'!$B$97+'平日晨峰(0630-0830)'!$B$116+'平日晨峰(0630-0830)'!$B$135)*15 -> 0 | F7: ='平日晨峰(0630-0830)'!$F$78+'平日晨峰(0630-0830)'!$F$97+'平日晨峰(0630-0830)'!$F$116+'平日晨峰(0630-0830)'!$F$135 -> 0 | G7: ='平日晨峰(0630-0830)'!$H$78+'平日晨峰(0630-0830)'!$H$97+'平日晨峰(0630-0830)'!$H$116+'平日晨峰(0630-0830)'!$H$135 -> 0 | I7: 07:45~08:45 | J7: =IF(ISERROR($L7/M7),"-",$L7/M7) -> - | K7: =IF(ISERROR($L7/N7),"-",$L7/N7) -> - | L7: =('平日晨峰(07-09)'!$B$78+'平日晨峰(07-09)'!$B$97+'平日晨峰(07-09)'!$B$116+'平日晨峰(07-09)'!$B$135)*15 -> 0 | M7: ='平日晨峰(07-09)'!$F$78+'平日晨峰(07-09)'!$F$97+'平日晨峰(07-09)'!$F$116+'平日晨峰(07-09)'!$F$135 -> 0 | N7: ='平日晨峰(07-09)'!$H$78+'平日晨峰(07-09)'!$H$97+'平日晨峰(07-09)'!$H$116+'平日晨峰(07-09)'!$H$135 -> 0 | P7: 11:45~12:45 | Q7: =IF(ISERROR($S7/T7),"-",$S7/T7) -> - | R7: =IF(ISERROR($T7/U7),"-",$T7/U7) -> - | S7: =('平日中午(11-13)'!$B$78+'平日中午(11-13)'!$B$97+'平日中午(11-13)'!$B$116+'平日中午(11-13)'!$B$135)*15 -> 0 | T7: ='平日中午(11-13)'!$F$78+'平日中午(11-13)'!$F$97+'平日中午(11-13)'!$F$116+'平日中午(11-13)'!$F$135 -> 0 | U7: ='平日中午(11-13)'!$H$78+'平日中午(11-13)'!$H$97+'平日中午(11-13)'!$H$116+'平日中午(11-13)'!$H$135 -> 0 | W7: 12:45~13:45 | X7: =IF(ISERROR($Z7/AA7),"-",$Z7/AA7) -> - | Y7: =IF(ISERROR($Z7/AB7),"-",$Z7/AB7) -> - | Z7: =('平日中午(12-14)'!$B$78+'平日中午(12-14)'!$B$97+'平日中午(12-14)'!$B$116+'平日中午(12-14)'!$B$135)*15 -> 0 | AA7: ='平日中午(12-14)'!$F$78+'平日中午(12-14)'!$F$97+'平日中午(12-14)'!$F$116+'平日中午(12-14)'!$F$135 -> 0 | AB7: ='平日中午(12-14)'!$H$78+'平日中午(12-14)'!$H$97+'平日中午(12-14)'!$H$116+'平日中午(12-14)'!$H$135 -> 0 | AD7: 17:45~18:45 | AE7: =IF(ISERROR($AG7/AH7),"-",$AG7/AH7) -> - | AF7: =IF(ISERROR($AG7/AI7),"-",$AG7/AI7) -> - | AG7: =('平日昏峰(17-19)'!$B$78+'平日昏峰(17-19)'!$B$97+'平日昏峰(17-19)'!$B$116+'平日昏峰(17-19)'!$B$135)*15 -> 0 | AH7: ='平日昏峰(17-19)'!$F$78+'平日昏峰(17-19)'!$F$97+'平日昏峰(17-19)'!$F$116+'平日昏峰(17-19)'!$F$135 -> 0 | AI7: ='平日昏峰(17-19)'!$H$78+'平日昏峰(17-19)'!$H$97+'平日昏峰(17-19)'!$H$116+'平日昏峰(17-19)'!$H$135 -> 0 | AL7: =IF(ISERROR($AN7/AO7),"-",$AN7/AO7) -> - | AM7: =IF(ISERROR($AN7/AP7),"-",$AN7/AP7) -> - | AS7: =IF(ISERROR($AU7/AV7),"-",$AU7/AV7) -> - | AT7: =IF(ISERROR($AU7/AW7),"-",$AU7/AW7) -> - | AZ7: =IF(ISERROR($BB7/BC7),"-",$BB7/BC7) -> - | BA7: =IF(ISERROR($BB7/BD7),"-",$BB7/BD7) -> - | BF7: 16:45~17:45 | BG7: =IF(ISERROR($BI7/BJ7),"-",$BI7/BJ7) -> - | BH7: =IF(ISERROR($BI7/BK7),"-",$BI7/BK7) -> - | BI7: =('假日(16-18)'!$B$78+'假日(16-18)'!$B$97+'假日(16-18)'!$B$116+'假日(16-18)'!$B$135)*15 -> 0 | BJ7: ='假日(16-18)'!$F$78+'假日(16-18)'!$F$97+'假日(16-18)'!$F$116+'假日(16-18)'!$F$135 -> 0 | BK7: ='假日(16-18)'!$H$78+'假日(16-18)'!$H$97+'假日(16-18)'!$H$116+'假日(16-18)'!$H$135 -> 0 | BM7: 17:45~18:45 | BN7: =IF(ISERROR($BP7/BQ7),"-",$BP7/BQ7) -> - | BO7: =IF(ISERROR($BP7/BR7),"-",$BP7/BR7) -> - | BP7: =('假日(17-19)'!$B$78+'假日(17-19)'!$B$97+'假日(17-19)'!$B$116+'假日(17-19)'!$B$135)*15 -> 0 | BQ7: ='假日(17-19)'!$F$78+'假日(17-19)'!$F$97+'假日(17-19)'!$F$116+'假日(17-19)'!$F$135 -> 0 | BR7: ='假日(17-19)'!$H$78+'假日(17-19)'!$H$97+'假日(17-19)'!$H$116+'假日(17-19)'!$H$135 -> 0 | BT7: 16:45~17:45 | BU7: =IF(ISERROR($BW7/BX7),"-",$BW7/BX7) -> - | BV7: =IF(ISERROR($BW7/BY7),"-",$BW7/BY7) -> - | BW7: =('假日(16-20)'!$B$78+'假日(16-20)'!$B$97+'假日(16-20)'!$B$116+'假日(16-20)'!$B$135)*15 -> 0 | BX7: ='假日(16-20)'!$F$78+'假日(16-20)'!$F$97+'假日(16-20)'!$F$116+'假日(16-20)'!$F$135 -> 0 | BY7: ='假日(16-20)'!$H$78+'假日(16-20)'!$H$97+'假日(16-20)'!$H$116+'假日(16-20)'!$H$135 -> 0
B8: 07:30~08:30 | C8: =IF(ISERROR($E8/F8),"-",$E8/F8) -> - | D8: =IF(ISERROR($E8/G8),"-",$E8/G8) -> - | E8: =('平日晨峰(0630-0830)'!$B$97+'平日晨峰(0630-0830)'!$B$116+'平日晨峰(0630-0830)'!$B$135+'平日晨峰(0630-0830)'!$B$154)*15 -> 0 | F8: ='平日晨峰(0630-0830)'!$F$97+'平日晨峰(0630-0830)'!$F$116+'平日晨峰(0630-0830)'!$F$135+'平日晨峰(0630-0830)'!$F$154 -> 0 | G8: ='平日晨峰(0630-0830)'!$H$97+'平日晨峰(0630-0830)'!$H$116+'平日晨峰(0630-0830)'!$H$135+'平日晨峰(0630-0830)'!$H$154 -> 0 | I8: 08:00~09:00 | J8: =IF(ISERROR($L8/M8),"-",$L8/M8) -> - | K8: =IF(ISERROR($L8/N8),"-",$L8/N8) -> - | L8: =('平日晨峰(07-09)'!$B$97+'平日晨峰(07-09)'!$B$116+'平日晨峰(07-09)'!$B$135+'平日晨峰(07-09)'!$B$154)*15 -> 0 | M8: ='平日晨峰(07-09)'!$F$97+'平日晨峰(07-09)'!$F$116+'平日晨峰(07-09)'!$F$135+'平日晨峰(07-09)'!$F$154 -> 0 | N8: ='平日晨峰(07-09)'!$H$97+'平日晨峰(07-09)'!$H$116+'平日晨峰(07-09)'!$H$135+'平日晨峰(07-09)'!$H$154 -> 0 | P8: 12:00~13:00 | Q8: =IF(ISERROR($S8/T8),"-",$S8/T8) -> - | R8: =IF(ISERROR($T8/U8),"-",$T8/U8) -> - | S8: =('平日中午(11-13)'!$B$97+'平日中午(11-13)'!$B$116+'平日中午(11-13)'!$B$135+'平日中午(11-13)'!$B$154)*15 -> 0 | T8: ='平日中午(11-13)'!$F$97+'平日中午(11-13)'!$F$116+'平日中午(11-13)'!$F$135+'平日中午(11-13)'!$F$154 -> 0 | U8: ='平日中午(11-13)'!$H$97+'平日中午(11-13)'!$H$116+'平日中午(11-13)'!$H$135+'平日中午(11-13)'!$H$154 -> 0 | W8: 13:00~14:00 | X8: =IF(ISERROR($Z8/AA8),"-",$Z8/AA8) -> - | Y8: =IF(ISERROR($Z8/AB8),"-",$Z8/AB8) -> - | Z8: =('平日中午(12-14)'!$B$97+'平日中午(12-14)'!$B$116+'平日中午(12-14)'!$B$135+'平日中午(12-14)'!$B$154)*15 -> 0 | AA8: ='平日中午(12-14)'!$F$97+'平日中午(12-14)'!$F$116+'平日中午(12-14)'!$F$135+'平日中午(12-14)'!$F$154 -> 0 | AB8: ='平日中午(12-14)'!$H$97+'平日中午(12-14)'!$H$116+'平日中午(12-14)'!$H$135+'平日中午(12-14)'!$H$154 -> 0 | AD8: 18:00~19:00 | AE8: =IF(ISERROR($AG8/AH8),"-",$AG8/AH8) -> - | AF8: =IF(ISERROR($AG8/AI8),"-",$AG8/AI8) -> - | AG8: =('平日昏峰(17-19)'!$B$97+'平日昏峰(17-19)'!$B$116+'平日昏峰(17-19)'!$B$135+'平日昏峰(17-19)'!$B$154)*15 -> 0 | AH8: ='平日昏峰(17-19)'!$F$97+'平日昏峰(17-19)'!$F$116+'平日昏峰(17-19)'!$F$135+'平日昏峰(17-19)'!$F$154 -> 0 | AI8: ='平日昏峰(17-19)'!$H$97+'平日昏峰(17-19)'!$H$116+'平日昏峰(17-19)'!$H$135+'平日昏峰(17-19)'!$H$154 -> 0 | AL8: =IF(ISERROR($AN8/AO8),"-",$AN8/AO8) -> - | AM8: =IF(ISERROR($AN8/AP8),"-",$AN8/AP8) -> - | AS8: =IF(ISERROR($AU8/AV8),"-",$AU8/AV8) -> - | AT8: =IF(ISERROR($AU8/AW8),"-",$AU8/AW8) -> - | AZ8: =IF(ISERROR($BB8/BC8),"-",$BB8/BC8) -> - | BA8: =IF(ISERROR($BB8/BD8),"-",$BB8/BD8) -> - | BF8: 17:00~18:00 | BG8: =IF(ISERROR($BI8/BJ8),"-",$BI8/BJ8) -> - | BH8: =IF(ISERROR($BI8/BK8),"-",$BI8/BK8) -> - | BI8: =('假日(16-18)'!$B$97+'假日(16-18)'!$B$116+'假日(16-18)'!$B$135+'假日(16-18)'!$B$154)*15 -> 0 | BJ8: ='假日(16-18)'!$F$97+'假日(16-18)'!$F$116+'假日(16-18)'!$F$135+'假日(16-18)'!$F$154 -> 0 | BK8: ='假日(16-18)'!$H$97+'假日(16-18)'!$H$116+'假日(16-18)'!$H$135+'假日(16-18)'!$H$154 -> 0 | BM8: 18:00~19:00 | BN8: =IF(ISERROR($BP8/BQ8),"-",$BP8/BQ8) -> - | BO8: =IF(ISERROR($BP8/BR8),"-",$BP8/BR8) -> - | BP8: =('假日(17-19)'!$B$97+'假日(17-19)'!$B$116+'假日(17-19)'!$B$135+'假日(17-19)'!$B$154)*15 -> 0 | BQ8: ='假日(17-19)'!$F$97+'假日(17-19)'!$F$116+'假日(17-19)'!$F$135+'假日(17-19)'!$F$154 -> 0 | BR8: ='假日(17-19)'!$H$97+'假日(17-19)'!$H$116+'假日(17-19)'!$H$135+'假日(17-19)'!$H$154 -> 0 | BT8: 17:00~18:00 | BU8: =IF(ISERROR($BW8/BX8),"-",$BW8/BX8) -> - | BV8: =IF(ISERROR($BW8/BY8),"-",$BW8/BY8) -> - | BW8: =('假日(16-20)'!$B$97+'假日(16-20)'!$B$116+'假日(16-20)'!$B$135+'假日(16-20)'!$B$154)*15 -> 0 | BX8: ='假日(16-20)'!$F$97+'假日(16-20)'!$F$116+'假日(16-20)'!$F$135+'假日(16-20)'!$F$154 -> 0 | BY8: ='假日(16-20)'!$H$97+'假日(16-20)'!$H$116+'假日(16-20)'!$H$135+'假日(16-20)'!$H$154 -> 0
B9: =CONCATENATE(基本資料!$B$18,"方向","平均延滯") -> A方向平均延滯 | C9: =IF(ISERROR(VLOOKUP($F$45,B4:C8,2,1)),"-",VLOOKUP($F$45,B4:C8,2,1)) -> - | I9: =CONCATENATE(基本資料!$B$18,"方向","平均延滯") -> A方向平均延滯 | J9: =IF(ISERROR(VLOOKUP($M$45,I4:J8,2,1)),"-",VLOOKUP($M$45,I4:J8,2,1)) -> - | P9: =CONCATENATE(基本資料!$B$18,"方向","平均延滯") -> A方向平均延滯 | Q9: =IF(ISERROR(VLOOKUP($T$45,P4:Q8,2,1)),"-",VLOOKUP($T$45,P4:Q8,2,1)) -> - | W9: =CONCATENATE(基本資料!$B$18,"方向","平均延滯") -> A方向平均延滯 | X9: =IF(ISERROR(VLOOKUP($AA$45,W4:X8,2,1)),"-",VLOOKUP($AA$45,W4:X8,2,1)) -> - | AD9: =CONCATENATE(基本資料!$B$18,"方向","平均延滯") -> A方向平均延滯 | AE9: =IF(ISERROR(VLOOKUP($AH$45,AD4:AE8,2,1)),"-",VLOOKUP($AH$45,AD4:AE8,2,1)) -> - | AK9: =CONCATENATE(基本資料!$B$18,"方向","平均延滯") -> A方向平均延滯 | AL9: =IF(ISERROR(VLOOKUP($AO$45,AK4:AL8,2,1)),"-",VLOOKUP($AO$45,AK4:AL8,2,1)) -> - | AR9: =CONCATENATE(基本資料!$B$18,"方向","平均延滯") -> A方向平均延滯 | AS9: =IF(ISERROR(VLOOKUP($AV$45,AR4:AS8,2,1)),"-",VLOOKUP($AV$45,AR4:AS8,2,1)) -> - | AY9: =CONCATENATE(基本資料!$B$18,"方向","平均延滯") -> A方向平均延滯 | AZ9: =IF(ISERROR(VLOOKUP($BC$45,AY4:AZ8,2,1)),"-",VLOOKUP($BC$45,AY4:AZ8,2,1)) -> - | BF9: =CONCATENATE(基本資料!$B$18,"方向","平均延滯") -> A方向平均延滯 | BG9: =IF(ISERROR(VLOOKUP($BJ$45,BF4:BG8,2,1)),"-",VLOOKUP($BJ$45,BF4:BG8,2,1)) -> - | BM9: =CONCATENATE(基本資料!$B$18,"方向","平均延滯") -> A方向平均延滯 | BN9: =IF(ISERROR(VLOOKUP($BQ$45,BM4:BN8,2,1)),"-",VLOOKUP($BQ$45,BM4:BN8,2,1)) -> - | BT9: 17:15~18:15 | BU9: =IF(ISERROR($BW9/BX9),"-",$BW9/BX9) -> - | BV9: =IF(ISERROR($BW9/BY9),"-",$BW9/BY9) -> - | BW9: =('假日(16-20)'!$B$116+'假日(16-20)'!$B$135+'假日(16-20)'!$B$154+'假日(16-20)'!$B$173)*15 -> 0 | BX9: ='假日(16-20)'!$F$116+'假日(16-20)'!$F$135+'假日(16-20)'!$F$154+'假日(16-20)'!$F$173 -> 0 | BY9: ='假日(16-20)'!$H$116+'假日(16-20)'!$H$135+'假日(16-20)'!$H$154+'假日(16-20)'!$H$173 -> 0
B10: =CONCATENATE(基本資料!$B$18,"方向","平均停等車輛延滯") -> A方向平均停等車輛延滯 | D10: =IF(ISERROR(VLOOKUP($F$46,B4:D8,3,1)),"-",VLOOKUP($F$46,B4:D8,3,1)) -> - | I10: =CONCATENATE(基本資料!$B$18,"方向","平均停等車輛延滯") -> A方向平均停等車輛延滯 | K10: =IF(ISERROR(VLOOKUP($M$46,I4:K8,3,1)),"-",VLOOKUP($M$46,I4:K8,3,1)) -> - | P10: =CONCATENATE(基本資料!$B$18,"方向","平均停等車輛延滯") -> A方向平均停等車輛延滯 | R10: =IF(ISERROR(VLOOKUP($T$46,P4:R8,3,1)),"-",VLOOKUP($T$46,P4:R8,3,1)) -> - | W10: =CONCATENATE(基本資料!$B$18,"方向","平均停等車輛延滯") -> A方向平均停等車輛延滯 | Y10: =IF(ISERROR(VLOOKUP($AA$46,W4:Y8,3,1)),"-",VLOOKUP($AA$46,W4:Y8,3,1)) -> - | AD10: =CONCATENATE(基本資料!$B$18,"方向","平均停等車輛延滯") -> A方向平均停等車輛延滯 | AF10: =IF(ISERROR(VLOOKUP($AH$46,AD4:AF8,3,1)),"-",VLOOKUP($AH$46,AD4:AF8,3,1)) -> - | AK10: =CONCATENATE(基本資料!$B$18,"方向","平均停等車輛延滯") -> A方向平均停等車輛延滯 | AM10: =IF(ISERROR(VLOOKUP($AO$46,AK4:AM8,3,1)),"-",VLOOKUP($AO$46,AK4:AM8,3,1)) -> - | AR10: =CONCATENATE(基本資料!$B$18,"方向","平均停等車輛延滯") -> A方向平均停等車輛延滯 | AT10: =IF(ISERROR(VLOOKUP($AV$46,AR4:AT8,3,1)),"-",VLOOKUP($AV$46,AR4:AT8,3,1)) -> - | AY10: =CONCATENATE(基本資料!$B$18,"方向","平均停等車輛延滯") -> A方向平均停等車輛延滯 | BA10: =IF(ISERROR(VLOOKUP($BC$46,AY4:BA8,3,1)),"-",VLOOKUP($BC$46,AY4:BA8,3,1)) -> - | BF10: =CONCATENATE(基本資料!$B$18,"方向","平均停等車輛延滯") -> A方向平均停等車輛延滯 | BH10: =IF(ISERROR(VLOOKUP($BJ$46,BF4:BH8,3,1)),"-",VLOOKUP($BJ$46,BF4:BH8,3,1)) -> - | BM10: =CONCATENATE(基本資料!$B$18,"方向","平均停等車輛延滯") -> A方向平均停等車輛延滯 | BO10: =IF(ISERROR(VLOOKUP($BQ$46,BM4:BO8,3,1)),"-",VLOOKUP($BQ$46,BM4:BO8,3,1)) -> - | BT10: 17:30~18:30 | BU10: =IF(ISERROR($BW10/BX10),"-",$BW10/BX10) -> - | BV10: =IF(ISERROR($BW10/BY10),"-",$BW10/BY10) -> - | BW10: =('假日(16-20)'!$B$135+'假日(16-20)'!$B$154+'假日(16-20)'!$B$173+'假日(16-20)'!$B$192)*15 -> 0 | BX10: ='假日(16-20)'!$F$135+'假日(16-20)'!$F$154+'假日(16-20)'!$F$173+'假日(16-20)'!$F$192 -> 0 | BY10: ='假日(16-20)'!$H$135+'假日(16-20)'!$H$154+'假日(16-20)'!$H$173+'假日(16-20)'!$H$192 -> 0
B11: ='平日晨峰(07-09)'!$J$2 -> B方向： | I11: ='平日晨峰(07-09)'!$J$2 -> B方向： | P11: ='平日中午(11-13)'!$J$2 -> B方向： | W11: ='平日中午(11-13)'!$J$2 -> B方向： | AD11: ='平日昏峰(17-19)'!$J$2 -> B方向： | AK11: ='假日(11-12)'!$J$2 -> B方向： | AR11: ='假日(1430-1530)'!$J$2 -> B方向： | AY11: ='假日(1730-1830)'!$J$2 -> B方向： | BF11: ='假日(16-18)'!$J$2 -> B方向： | BM11: ='假日(17-19)'!$J$2 -> B方向： | BT11: 17:45~18:45 | BU11: =IF(ISERROR($BW11/BX11),"-",$BW11/BX11) -> - | BV11: =IF(ISERROR($BW11/BY11),"-",$BW11/BY11) -> - | BW11: =('假日(16-20)'!$B$154+'假日(16-20)'!$B$173+'假日(16-20)'!$B$192+'假日(16-20)'!$B$211)*15 -> 0 | BX11: ='假日(16-20)'!$F$154+'假日(16-20)'!$F$173+'假日(16-20)'!$F$192+'假日(16-20)'!$F$211 -> 0 | BY11: ='假日(16-20)'!$H$154+'假日(16-20)'!$H$173+'假日(16-20)'!$H$192+'假日(16-20)'!$H$211 -> 0
B12: 時間 | C12: 平均延滯 | D12: 平均停等延滯 | E12: 總延滯 | F12: 車輛總數 | G12: 停等車輛數 | I12: 時間 | J12: 平均延滯 | K12: 平均停等延滯 | L12: 總延滯 | M12: 車輛總數 | N12: 停等車輛數 | P12: 時間 | Q12: 平均延滯 | R12: 平均停等延滯 | S12: 總延滯 | T12: 車輛總數 | U12: 停等車輛數 | W12: 時間 | X12: 平均延滯 | Y12: 平均停等延滯 | Z12: 總延滯 | AA12: 車輛總數 | AB12: 停等車輛數 | AD12: 時間 | AE12: 平均延滯 | AF12: 平均停等延滯 | AG12: 總延滯 | AH12: 車輛總數 | AI12: 停等車輛數 | AK12: 時間 | AL12: 平均延滯 | AM12: 平均停等延滯 | AN12: 總延滯 | AO12: 車輛總數 | AP12: 停等車輛數 | AR12: 時間 | AS12: 平均延滯 | AT12: 平均停等延滯 | AU12: 總延滯 | AV12: 車輛總數 | AW12: 停等車輛數 | AY12: 時間 | AZ12: 平均延滯 | BA12: 平均停等延滯 | BB12: 總延滯 | BC12: 車輛總數 | BD12: 停等車輛數 | BF12: 時間 | BG12: 平均延滯 | BH12: 平均停等延滯 | BI12: 總延滯 | BJ12: 車輛總數 | BK12: 停等車輛數 | BM12: 時間 | BN12: 平均延滯 | BO12: 平均停等延滯 | BP12: 總延滯 | BQ12: 車輛總數 | BR12: 停等車輛數 | BT12: 18:00~19:00 | BU12: =IF(ISERROR($BW12/BX12),"-",$BW12/BX12) -> - | BV12: =IF(ISERROR($BW12/BY12),"-",$BW12/BY12) -> - | BW12: =('假日(16-20)'!$B$173+'假日(16-20)'!$B$192+'假日(16-20)'!$B$211+'假日(16-20)'!$B$230)*15 -> 0 | BX12: ='假日(16-20)'!$F$173+'假日(16-20)'!$F$192+'假日(16-20)'!$F$211+'假日(16-20)'!$F$230 -> 0 | BY12: ='假日(16-20)'!$H$173+'假日(16-20)'!$H$192+'假日(16-20)'!$H$211+'假日(16-20)'!$H$230 -> 0
B13: 06:30~07:30 | C13: =IF(ISERROR($E13/F13),"-",$E13/F13) -> - | D13: =IF(ISERROR($E13/G13),"-",$E13/G13) -> - | E13: =('平日晨峰(0630-0830)'!$K$21+'平日晨峰(0630-0830)'!$K$40+'平日晨峰(0630-0830)'!$K$59+'平日晨峰(0630-0830)'!$K$78)*15 -> 0 | F13: ='平日晨峰(0630-0830)'!$O$21+'平日晨峰(0630-0830)'!$O$40+'平日晨峰(0630-0830)'!$O$59+'平日晨峰(0630-0830)'!$O$78 -> 0 | G13: ='平日晨峰(0630-0830)'!$Q$21+'平日晨峰(0630-0830)'!$Q$40+'平日晨峰(0630-0830)'!$Q$59+'平日晨峰(0630-0830)'!$Q$78 -> 0 | I13: =$I$4 -> 07:00~08:00 | J13: =IF(ISERROR($L13/M13),"-",$L13/M13) -> - | K13: =IF(ISERROR($L13/N13),"-",$L13/N13) -> - | L13: =('平日晨峰(07-09)'!$K$21+'平日晨峰(07-09)'!$K$40+'平日晨峰(07-09)'!$K$59+'平日晨峰(07-09)'!$K$78)*15 -> 0 | M13: ='平日晨峰(07-09)'!$O$21+'平日晨峰(07-09)'!$O$40+'平日晨峰(07-09)'!$O$59+'平日晨峰(07-09)'!$O$78 -> 0 | N13: ='平日晨峰(07-09)'!$Q$21+'平日晨峰(07-09)'!$Q$40+'平日晨峰(07-09)'!$Q$59+'平日晨峰(07-09)'!$Q$78 -> 0 | P13: =P4 -> 11:00~12:00 | Q13: =IF(ISERROR($S13/T13),"-",$S13/T13) -> - | R13: =IF(ISERROR($T13/U13),"-",$T13/U13) -> - | S13: =('平日中午(11-13)'!$K$21+'平日中午(11-13)'!$K$40+'平日中午(11-13)'!$K$59+'平日中午(11-13)'!$K$78)*15 -> 0 | T13: ='平日中午(11-13)'!$O$21+'平日中午(11-13)'!$O$40+'平日中午(11-13)'!$O$59+'平日中午(11-13)'!$O$78 -> 0 | U13: ='平日中午(11-13)'!$Q$21+'平日中午(11-13)'!$Q$40+'平日中午(11-13)'!$Q$59+'平日中午(11-13)'!$Q$78 -> 0 | W13: =W4 -> 1200~13:00 | X13: =IF(ISERROR($Z13/AA13),"-",$Z13/AA13) -> - | Y13: =IF(ISERROR($Z13/AB13),"-",$Z13/AB13) -> - | Z13: =('平日中午(12-14)'!$K$21+'平日中午(12-14)'!$K$40+'平日中午(12-14)'!$K$59+'平日中午(12-14)'!$K$78)*15 -> 0 | AA13: ='平日中午(12-14)'!$O$21+'平日中午(12-14)'!$O$40+'平日中午(12-14)'!$O$59+'平日中午(12-14)'!$O$78 -> 0 | AB13: ='平日中午(12-14)'!$Q$21+'平日中午(12-14)'!$Q$40+'平日中午(12-14)'!$Q$59+'平日中午(12-14)'!$Q$78 -> 0 | AD13: =$AD$4 -> 17:00~18:00 | AE13: =IF(ISERROR($AG13/AH13),"-",$AG13/AH13) -> - | AF13: =IF(ISERROR($AG13/AI13),"-",$AG13/AI13) -> - | AG13: =('平日昏峰(17-19)'!$K$21+'平日昏峰(17-19)'!$K$40+'平日昏峰(17-19)'!$K$59+'平日昏峰(17-19)'!$K$78)*15 -> 0 | AH13: ='平日昏峰(17-19)'!$O$21+'平日昏峰(17-19)'!$O$40+'平日昏峰(17-19)'!$O$59+'平日昏峰(17-19)'!$O$78 -> 0 | AI13: ='平日昏峰(17-19)'!$Q$21+'平日昏峰(17-19)'!$Q$40+'平日昏峰(17-19)'!$Q$59+'平日昏峰(17-19)'!$Q$78 -> 0 | AK13: =$AK$4 -> 11:00~12:00 | AL13: =IF(ISERROR($AN13/AO13),"-",$AN13/AO13) -> - | AM13: =IF(ISERROR($AN13/AP13),"-",$AN13/AP13) -> - | AN13: =('假日(11-12)'!$K$21+'假日(11-12)'!$K$40+'假日(11-12)'!$K$59+'假日(11-12)'!$K$78)*15 -> 0 | AO13: ='假日(11-12)'!$O$21+'假日(11-12)'!$O$40+'假日(11-12)'!$O$59+'假日(11-12)'!$O$78 -> 0 | AP13: ='假日(11-12)'!$Q$21+'假日(11-12)'!$Q$40+'假日(11-12)'!$Q$59+'假日(11-12)'!$Q$78 -> 0 | AR13: =$AR$4 -> 14:30~15:30 | AS13: =IF(ISERROR($AU13/AV13),"-",$AU13/AV13) -> - | AT13: =IF(ISERROR($AU13/AW13),"-",$AU13/AW13) -> - | AU13: =('假日(1430-1530)'!$K$21+'假日(1430-1530)'!$K$40+'假日(1430-1530)'!$K$59+'假日(1430-1530)'!$K$78)*15 -> 0 | AV13: ='假日(1430-1530)'!$O$21+'假日(1430-1530)'!$O$40+'假日(1430-1530)'!$O$59+'假日(1430-1530)'!$O$78 -> 0 | AW13: ='假日(1430-1530)'!$Q$21+'假日(1430-1530)'!$Q$40+'假日(1430-1530)'!$Q$59+'假日(1430-1530)'!$Q$78 -> 0 | AY13: =AY4 -> 17:30~18:30 | AZ13: =IF(ISERROR($BB13/BC13),"-",$BB13/BC13) -> - | BA13: =IF(ISERROR($BB13/BD13),"-",$BB13/BD13) -> - | BB13: =('假日(1730-1830)'!$K$21+'假日(1730-1830)'!$K$40+'假日(1730-1830)'!$K$59+'假日(1730-1830)'!$K$78)*15 -> 0 | BC13: ='假日(1730-1830)'!$O$21+'假日(1730-1830)'!$O$40+'假日(1730-1830)'!$O$59+'假日(1730-1830)'!$O$78 -> 0 | BD13: ='假日(1730-1830)'!$Q$21+'假日(1730-1830)'!$Q$40+'假日(1730-1830)'!$Q$59+'假日(1730-1830)'!$Q$78 -> 0 | BF13: =BF4 -> 16:00~17:00 | BG13: =IF(ISERROR($BI13/BJ13),"-",$BI13/BJ13) -> - | BH13: =IF(ISERROR($BI13/BK13),"-",$BI13/BK13) -> - | BI13: =('假日(16-18)'!$K$21+'假日(16-18)'!$K$40+'假日(16-18)'!$K$59+'假日(16-18)'!$K$78)*15 -> 0 | BJ13: ='假日(16-18)'!$O$21+'假日(16-18)'!$O$40+'假日(16-18)'!$O$59+'假日(16-18)'!$O$78 -> 0 | BK13: ='假日(16-18)'!$Q$21+'假日(16-18)'!$Q$40+'假日(16-18)'!$Q$59+'假日(16-18)'!$Q$78 -> 0 | BM13: =BM4 -> 17:00~18:00 | BN13: =IF(ISERROR($BP13/BQ13),"-",$BP13/BQ13) -> - | BO13: =IF(ISERROR($BP13/BR13),"-",$BP13/BR13) -> - | BP13: =('假日(17-19)'!$K$21+'假日(17-19)'!$K$40+'假日(17-19)'!$K$59+'假日(17-19)'!$K$78)*15 -> 0 | BQ13: ='假日(17-19)'!$O$21+'假日(17-19)'!$O$40+'假日(17-19)'!$O$59+'假日(17-19)'!$O$78 -> 0 | BR13: ='假日(17-19)'!$Q$21+'假日(17-19)'!$Q$40+'假日(17-19)'!$Q$59+'假日(17-19)'!$Q$78 -> 0 | BT13: 18:15~19:15 | BU13: =IF(ISERROR($BW13/BX13),"-",$BW13/BX13) -> - | BV13: =IF(ISERROR($BW13/BY13),"-",$BW13/BY13) -> - | BW13: =('假日(16-20)'!$B$192+'假日(16-20)'!$B$211+'假日(16-20)'!$B$230+'假日(16-20)'!$B$249)*15 -> 0 | BX13: ='假日(16-20)'!$F$192+'假日(16-20)'!$F$211+'假日(16-20)'!$F$230+'假日(16-20)'!$F$249 -> 0 | BY13: ='假日(16-20)'!$H$192+'假日(16-20)'!$H$211+'假日(16-20)'!$H$230+'假日(16-20)'!$H$249 -> 0
B14: 06:45~07:45 | C14: =IF(ISERROR($E14/F14),"-",$E14/F14) -> - | D14: =IF(ISERROR($E14/G14),"-",$E14/G14) -> - | E14: =('平日晨峰(0630-0830)'!$K$40+'平日晨峰(0630-0830)'!$K$59+'平日晨峰(0630-0830)'!$K$78+'平日晨峰(0630-0830)'!$K$97)*15 -> 0 | F14: ='平日晨峰(0630-0830)'!$O$40+'平日晨峰(0630-0830)'!$O$59+'平日晨峰(0630-0830)'!$O$78+'平日晨峰(0630-0830)'!$O$97 -> 0 | G14: ='平日晨峰(0630-0830)'!$Q$40+'平日晨峰(0630-0830)'!$Q$59+'平日晨峰(0630-0830)'!$Q$78+'平日晨峰(0630-0830)'!$Q$97 -> 0 | I14: =$I$5 -> 07:15~08:15 | J14: =IF(ISERROR($L14/M14),"-",$L14/M14) -> - | K14: =IF(ISERROR($L14/N14),"-",$L14/N14) -> - | L14: =('平日晨峰(07-09)'!$K$40+'平日晨峰(07-09)'!$K$59+'平日晨峰(07-09)'!$K$78+'平日晨峰(07-09)'!$K$97)*15 -> 0 | M14: ='平日晨峰(07-09)'!$O$40+'平日晨峰(07-09)'!$O$59+'平日晨峰(07-09)'!$O$78+'平日晨峰(07-09)'!$O$97 -> 0 | N14: ='平日晨峰(07-09)'!$Q$40+'平日晨峰(07-09)'!$Q$59+'平日晨峰(07-09)'!$Q$78+'平日晨峰(07-09)'!$Q$97 -> 0 | P14: =P5 -> 11:15~12:15 | Q14: =IF(ISERROR($S14/T14),"-",$S14/T14) -> - | R14: =IF(ISERROR($T14/U14),"-",$T14/U14) -> - | S14: =('平日中午(11-13)'!$K$40+'平日中午(11-13)'!$K$59+'平日中午(11-13)'!$K$78+'平日中午(11-13)'!$K$97)*15 -> 0 | T14: ='平日中午(11-13)'!$O$40+'平日中午(11-13)'!$O$59+'平日中午(11-13)'!$O$78+'平日中午(11-13)'!$O$97 -> 0 | U14: ='平日中午(11-13)'!$Q$40+'平日中午(11-13)'!$Q$59+'平日中午(11-13)'!$Q$78+'平日中午(11-13)'!$Q$97 -> 0 | W14: =W5 -> 12:15~13:15 | X14: =IF(ISERROR($Z14/AA14),"-",$Z14/AA14) -> - | Y14: =IF(ISERROR($Z14/AB14),"-",$Z14/AB14) -> - | Z14: =('平日中午(12-14)'!$K$40+'平日中午(12-14)'!$K$59+'平日中午(12-14)'!$K$78+'平日中午(12-14)'!$K$97)*15 -> 0 | AA14: ='平日中午(12-14)'!$O$40+'平日中午(12-14)'!$O$59+'平日中午(12-14)'!$O$78+'平日中午(12-14)'!$O$97 -> 0 | AB14: ='平日中午(12-14)'!$Q$40+'平日中午(12-14)'!$Q$59+'平日中午(12-14)'!$Q$78+'平日中午(12-14)'!$Q$97 -> 0 | AD14: =$AD$5 -> 17:15~18:15 | AE14: =IF(ISERROR($AG14/AH14),"-",$AG14/AH14) -> - | AF14: =IF(ISERROR($AG14/AI14),"-",$AG14/AI14) -> - | AG14: =('平日昏峰(17-19)'!$K$40+'平日昏峰(17-19)'!$K$59+'平日昏峰(17-19)'!$K$78+'平日昏峰(17-19)'!$K$97)*15 -> 0 | AH14: ='平日昏峰(17-19)'!$O$40+'平日昏峰(17-19)'!$O$59+'平日昏峰(17-19)'!$O$78+'平日昏峰(17-19)'!$O$97 -> 0 | AI14: ='平日昏峰(17-19)'!$Q$40+'平日昏峰(17-19)'!$Q$59+'平日昏峰(17-19)'!$Q$78+'平日昏峰(17-19)'!$Q$97 -> 0 | AK14: =$AK$5 -> 0 | AL14: =IF(ISERROR($AN14/AO14),"-",$AN14/AO14) -> - | AM14: =IF(ISERROR($AN14/AP14),"-",$AN14/AP14) -> - | AR14: =$AR$5 -> 0 | AS14: =IF(ISERROR($AU14/AV14),"-",$AU14/AV14) -> - | AT14: =IF(ISERROR($AU14/AW14),"-",$AU14/AW14) -> - | AY14: =AY5 -> 0 | AZ14: =IF(ISERROR($BB14/BC14),"-",$BB14/BC14) -> - | BA14: =IF(ISERROR($BB14/BD14),"-",$BB14/BD14) -> - | BF14: =BF5 -> 16:15~17:15 | BG14: =IF(ISERROR($BI14/BJ14),"-",$BI14/BJ14) -> - | BH14: =IF(ISERROR($BI14/BK14),"-",$BI14/BK14) -> - | BI14: =('假日(16-18)'!$K$40+'假日(16-18)'!$K$59+'假日(16-18)'!$K$78+'假日(16-18)'!$K$97)*15 -> 0 | BJ14: ='假日(16-18)'!$O$40+'假日(16-18)'!$O$59+'假日(16-18)'!$O$78+'假日(16-18)'!$O$97 -> 0 | BK14: ='假日(16-18)'!$Q$40+'假日(16-18)'!$Q$59+'假日(16-18)'!$Q$78+'假日(16-18)'!$Q$97 -> 0 | BM14: =BM5 -> 17:15~18:15 | BN14: =IF(ISERROR($BP14/BQ14),"-",$BP14/BQ14) -> - | BO14: =IF(ISERROR($BP14/BR14),"-",$BP14/BR14) -> - | BP14: =('假日(17-19)'!$K$40+'假日(17-19)'!$K$59+'假日(17-19)'!$K$78+'假日(17-19)'!$K$97)*15 -> 0 | BQ14: ='假日(17-19)'!$O$40+'假日(17-19)'!$O$59+'假日(17-19)'!$O$78+'假日(17-19)'!$O$97 -> 0 | BR14: ='假日(17-19)'!$Q$40+'假日(17-19)'!$Q$59+'假日(17-19)'!$Q$78+'假日(17-19)'!$Q$97 -> 0 | BT14: 18:30~19:30 | BU14: =IF(ISERROR($BW14/BX14),"-",$BW14/BX14) -> - | BV14: =IF(ISERROR($BW14/BY14),"-",$BW14/BY14) -> - | BW14: =('假日(16-20)'!$B$211+'假日(16-20)'!$B$230+'假日(16-20)'!$B$249+'假日(16-20)'!$B$268)*15 -> 0 | BX14: ='假日(16-20)'!$F$211+'假日(16-20)'!$F$230+'假日(16-20)'!$F$249+'假日(16-20)'!$F$268 -> 0 | BY14: ='假日(16-20)'!$H$211+'假日(16-20)'!$H$230+'假日(16-20)'!$H$249+'假日(16-20)'!$H$268 -> 0
B15: 07:00~08:00 | C15: =IF(ISERROR($E15/F15),"-",$E15/F15) -> - | D15: =IF(ISERROR($E15/G15),"-",$E15/G15) -> - | E15: =('平日晨峰(0630-0830)'!$K$59+'平日晨峰(0630-0830)'!$K$78+'平日晨峰(0630-0830)'!$K$97+'平日晨峰(0630-0830)'!$K$116)*15 -> 0 | F15: ='平日晨峰(0630-0830)'!$O$59+'平日晨峰(0630-0830)'!$O$78+'平日晨峰(0630-0830)'!$O$97+'平日晨峰(0630-0830)'!$O$116 -> 0 | G15: ='平日晨峰(0630-0830)'!$Q$59+'平日晨峰(0630-0830)'!$Q$78+'平日晨峰(0630-0830)'!$Q$97+'平日晨峰(0630-0830)'!$Q$116 -> 0 | I15: =$I$6 -> 07:30~08:30 | J15: =IF(ISERROR($L15/M15),"-",$L15/M15) -> - | K15: =IF(ISERROR($L15/N15),"-",$L15/N15) -> - | L15: =('平日晨峰(07-09)'!$K$59+'平日晨峰(07-09)'!$K$78+'平日晨峰(07-09)'!$K$97+'平日晨峰(07-09)'!$K$116)*15 -> 0 | M15: ='平日晨峰(07-09)'!$O$59+'平日晨峰(07-09)'!$O$78+'平日晨峰(07-09)'!$O$97+'平日晨峰(07-09)'!$O$116 -> 0 | N15: ='平日晨峰(07-09)'!$Q$59+'平日晨峰(07-09)'!$Q$78+'平日晨峰(07-09)'!$Q$97+'平日晨峰(07-09)'!$Q$116 -> 0 | P15: =P6 -> 11:30~12:30 | Q15: =IF(ISERROR($S15/T15),"-",$S15/T15) -> - | R15: =IF(ISERROR($T15/U15),"-",$T15/U15) -> - | S15: =('平日中午(11-13)'!$K$59+'平日中午(11-13)'!$K$78+'平日中午(11-13)'!$K$97+'平日中午(11-13)'!$K$116)*15 -> 0 | T15: ='平日中午(11-13)'!$O$59+'平日中午(11-13)'!$O$78+'平日中午(11-13)'!$O$97+'平日中午(11-13)'!$O$116 -> 0 | U15: ='平日中午(11-13)'!$Q$59+'平日中午(11-13)'!$Q$78+'平日中午(11-13)'!$Q$97+'平日中午(11-13)'!$Q$116 -> 0 | W15: =W6 -> 12:30~13:30 | X15: =IF(ISERROR($Z15/AA15),"-",$Z15/AA15) -> - | Y15: =IF(ISERROR($Z15/AB15),"-",$Z15/AB15) -> - | Z15: =('平日中午(12-14)'!$K$59+'平日中午(12-14)'!$K$78+'平日中午(12-14)'!$K$97+'平日中午(12-14)'!$K$116)*15 -> 0 | AA15: ='平日中午(12-14)'!$O$59+'平日中午(12-14)'!$O$78+'平日中午(12-14)'!$O$97+'平日中午(12-14)'!$O$116 -> 0 | AB15: ='平日中午(12-14)'!$Q$59+'平日中午(12-14)'!$Q$78+'平日中午(12-14)'!$Q$97+'平日中午(12-14)'!$Q$116 -> 0 | AD15: =$AD$6 -> 17:30~18:30 | AE15: =IF(ISERROR($AG15/AH15),"-",$AG15/AH15) -> - | AF15: =IF(ISERROR($AG15/AI15),"-",$AG15/AI15) -> - | AG15: =('平日昏峰(17-19)'!$K$59+'平日昏峰(17-19)'!$K$78+'平日昏峰(17-19)'!$K$97+'平日昏峰(17-19)'!$K$116)*15 -> 0 | AH15: ='平日昏峰(17-19)'!$O$59+'平日昏峰(17-19)'!$O$78+'平日昏峰(17-19)'!$O$97+'平日昏峰(17-19)'!$O$116 -> 0 | AI15: ='平日昏峰(17-19)'!$Q$59+'平日昏峰(17-19)'!$Q$78+'平日昏峰(17-19)'!$Q$97+'平日昏峰(17-19)'!$Q$116 -> 0 | AK15: =$AK$6 -> 0 | AL15: =IF(ISERROR($AN15/AO15),"-",$AN15/AO15) -> - | AM15: =IF(ISERROR($AN15/AP15),"-",$AN15/AP15) -> - | AR15: =$AR$6 -> 0 | AS15: =IF(ISERROR($AU15/AV15),"-",$AU15/AV15) -> - | AT15: =IF(ISERROR($AU15/AW15),"-",$AU15/AW15) -> - | AY15: =AY6 -> 0 | AZ15: =IF(ISERROR($BB15/BC15),"-",$BB15/BC15) -> - | BA15: =IF(ISERROR($BB15/BD15),"-",$BB15/BD15) -> - | BF15: =BF6 -> 16:30~17:30 | BG15: =IF(ISERROR($BI15/BJ15),"-",$BI15/BJ15) -> - | BH15: =IF(ISERROR($BI15/BK15),"-",$BI15/BK15) -> - | BI15: =('假日(16-18)'!$K$59+'假日(16-18)'!$K$78+'假日(16-18)'!$K$97+'假日(16-18)'!$K$116)*15 -> 0 | BJ15: ='假日(16-18)'!$O$59+'假日(16-18)'!$O$78+'假日(16-18)'!$O$97+'假日(16-18)'!$O$116 -> 0 | BK15: ='假日(16-18)'!$Q$59+'假日(16-18)'!$Q$78+'假日(16-18)'!$Q$97+'假日(16-18)'!$Q$116 -> 0 | BM15: =BM6 -> 17:30~18:30 | BN15: =IF(ISERROR($BP15/BQ15),"-",$BP15/BQ15) -> - | BO15: =IF(ISERROR($BP15/BR15),"-",$BP15/BR15) -> - | BP15: =('假日(17-19)'!$K$59+'假日(17-19)'!$K$78+'假日(17-19)'!$K$97+'假日(17-19)'!$K$116)*15 -> 0 | BQ15: ='假日(17-19)'!$O$59+'假日(17-19)'!$O$78+'假日(17-19)'!$O$97+'假日(17-19)'!$O$116 -> 0 | BR15: ='假日(17-19)'!$Q$59+'假日(17-19)'!$Q$78+'假日(17-19)'!$Q$97+'假日(17-19)'!$Q$116 -> 0 | BT15: 18:45~19:45 | BU15: =IF(ISERROR($BW15/BX15),"-",$BW15/BX15) -> - | BV15: =IF(ISERROR($BW15/BY15),"-",$BW15/BY15) -> - | BW15: =('假日(16-20)'!$B$230+'假日(16-20)'!$B$249+'假日(16-20)'!$B$268+'假日(16-20)'!$B$287)*15 -> 0 | BX15: ='假日(16-20)'!$F$230+'假日(16-20)'!$F$249+'假日(16-20)'!$F$268+'假日(16-20)'!$F$287 -> 0 | BY15: ='假日(16-20)'!$H$230+'假日(16-20)'!$H$249+'假日(16-20)'!$H$268+'假日(16-20)'!$H$287 -> 0
B16: 07:15~08:15 | C16: =IF(ISERROR($E16/F16),"-",$E16/F16) -> - | D16: =IF(ISERROR($E16/G16),"-",$E16/G16) -> - | E16: =('平日晨峰(0630-0830)'!$K$78+'平日晨峰(0630-0830)'!$K$97+'平日晨峰(0630-0830)'!$K$116+'平日晨峰(0630-0830)'!$K$135)*15 -> 0 | F16: ='平日晨峰(0630-0830)'!$O$78+'平日晨峰(0630-0830)'!$O$97+'平日晨峰(0630-0830)'!$O$116+'平日晨峰(0630-0830)'!$O$135 -> 0 | G16: ='平日晨峰(0630-0830)'!$Q$78+'平日晨峰(0630-0830)'!$Q$97+'平日晨峰(0630-0830)'!$Q$116+'平日晨峰(0630-0830)'!$Q$135 -> 0 | I16: =$I$7 -> 07:45~08:45 | J16: =IF(ISERROR($L16/M16),"-",$L16/M16) -> - | K16: =IF(ISERROR($L16/N16),"-",$L16/N16) -> - | L16: =('平日晨峰(07-09)'!$K$78+'平日晨峰(07-09)'!$K$97+'平日晨峰(07-09)'!$K$116+'平日晨峰(07-09)'!$K$135)*15 -> 0 | M16: ='平日晨峰(07-09)'!$O$78+'平日晨峰(07-09)'!$O$97+'平日晨峰(07-09)'!$O$116+'平日晨峰(07-09)'!$O$135 -> 0 | N16: ='平日晨峰(07-09)'!$Q$78+'平日晨峰(07-09)'!$Q$97+'平日晨峰(07-09)'!$Q$116+'平日晨峰(07-09)'!$Q$135 -> 0 | P16: =P7 -> 11:45~12:45 | Q16: =IF(ISERROR($S16/T16),"-",$S16/T16) -> - | R16: =IF(ISERROR($T16/U16),"-",$T16/U16) -> - | S16: =('平日中午(11-13)'!$K$78+'平日中午(11-13)'!$K$97+'平日中午(11-13)'!$K$116+'平日中午(11-13)'!$K$135)*15 -> 0 | T16: ='平日中午(11-13)'!$O$78+'平日中午(11-13)'!$O$97+'平日中午(11-13)'!$O$116+'平日中午(11-13)'!$O$135 -> 0 | U16: ='平日中午(11-13)'!$Q$78+'平日中午(11-13)'!$Q$97+'平日中午(11-13)'!$Q$116+'平日中午(11-13)'!$Q$135 -> 0 | W16: =W7 -> 12:45~13:45 | X16: =IF(ISERROR($Z16/AA16),"-",$Z16/AA16) -> - | Y16: =IF(ISERROR($Z16/AB16),"-",$Z16/AB16) -> - | Z16: =('平日中午(12-14)'!$K$78+'平日中午(12-14)'!$K$97+'平日中午(12-14)'!$K$116+'平日中午(12-14)'!$K$135)*15 -> 0 | AA16: ='平日中午(12-14)'!$O$78+'平日中午(12-14)'!$O$97+'平日中午(12-14)'!$O$116+'平日中午(12-14)'!$O$135 -> 0 | AB16: ='平日中午(12-14)'!$Q$78+'平日中午(12-14)'!$Q$97+'平日中午(12-14)'!$Q$116+'平日中午(12-14)'!$Q$135 -> 0 | AD16: =$AD$7 -> 17:45~18:45 | AE16: =IF(ISERROR($AG16/AH16),"-",$AG16/AH16) -> - | AF16: =IF(ISERROR($AG16/AI16),"-",$AG16/AI16) -> - | AG16: =('平日昏峰(17-19)'!$K$78+'平日昏峰(17-19)'!$K$97+'平日昏峰(17-19)'!$K$116+'平日昏峰(17-19)'!$K$135)*15 -> 0 | AH16: ='平日昏峰(17-19)'!$O$78+'平日昏峰(17-19)'!$O$97+'平日昏峰(17-19)'!$O$116+'平日昏峰(17-19)'!$O$135 -> 0 | AI16: ='平日昏峰(17-19)'!$Q$78+'平日昏峰(17-19)'!$Q$97+'平日昏峰(17-19)'!$Q$116+'平日昏峰(17-19)'!$Q$135 -> 0 | AK16: =$AK$7 -> 0 | AL16: =IF(ISERROR($AN16/AO16),"-",$AN16/AO16) -> - | AM16: =IF(ISERROR($AN16/AP16),"-",$AN16/AP16) -> - | AR16: =$AR$7 -> 0 | AS16: =IF(ISERROR($AU16/AV16),"-",$AU16/AV16) -> - | AT16: =IF(ISERROR($AU16/AW16),"-",$AU16/AW16) -> - | AY16: =AY7 -> 0 | AZ16: =IF(ISERROR($BB16/BC16),"-",$BB16/BC16) -> - | BA16: =IF(ISERROR($BB16/BD16),"-",$BB16/BD16) -> - | BF16: =BF7 -> 16:45~17:45 | BG16: =IF(ISERROR($BI16/BJ16),"-",$BI16/BJ16) -> - | BH16: =IF(ISERROR($BI16/BK16),"-",$BI16/BK16) -> - | BI16: =('假日(16-18)'!$K$78+'假日(16-18)'!$K$97+'假日(16-18)'!$K$116+'假日(16-18)'!$K$135)*15 -> 0 | BJ16: ='假日(16-18)'!$O$78+'假日(16-18)'!$O$97+'假日(16-18)'!$O$116+'假日(16-18)'!$O$135 -> 0 | BK16: ='假日(16-18)'!$Q$78+'假日(16-18)'!$Q$97+'假日(16-18)'!$Q$116+'假日(16-18)'!$Q$135 -> 0 | BM16: =BM7 -> 17:45~18:45 | BN16: =IF(ISERROR($BP16/BQ16),"-",$BP16/BQ16) -> - | BO16: =IF(ISERROR($BP16/BR16),"-",$BP16/BR16) -> - | BP16: =('假日(17-19)'!$K$78+'假日(17-19)'!$K$97+'假日(17-19)'!$K$116+'假日(17-19)'!$K$135)*15 -> 0 | BQ16: ='假日(17-19)'!$O$78+'假日(17-19)'!$O$97+'假日(17-19)'!$O$116+'假日(17-19)'!$O$135 -> 0 | BR16: ='假日(17-19)'!$Q$78+'假日(17-19)'!$Q$97+'假日(17-19)'!$Q$116+'假日(17-19)'!$Q$135 -> 0 | BT16: 19:00~20:00 | BU16: =IF(ISERROR($BW16/BX16),"-",$BW16/BX16) -> - | BV16: =IF(ISERROR($BW16/BY16),"-",$BW16/BY16) -> - | BW16: =('假日(16-20)'!$B$249+'假日(16-20)'!$B$268+'假日(16-20)'!$B$287+'假日(16-20)'!$B$306)*15 -> 0 | BX16: ='假日(16-20)'!$F$249+'假日(16-20)'!$F$268+'假日(16-20)'!$F$287+'假日(16-20)'!$F$306 -> 0 | BY16: ='假日(16-20)'!$H$249+'假日(16-20)'!$H$268+'假日(16-20)'!$H$287+'假日(16-20)'!$H$306 -> 0
B17: 07:30~08:30 | C17: =IF(ISERROR($E17/F17),"-",$E17/F17) -> - | D17: =IF(ISERROR($E17/G17),"-",$E17/G17) -> - | E17: =('平日晨峰(0630-0830)'!$K$97+'平日晨峰(0630-0830)'!$K$116+'平日晨峰(0630-0830)'!$K$135+'平日晨峰(0630-0830)'!$K$154)*15 -> 0 | F17: ='平日晨峰(0630-0830)'!$O$97+'平日晨峰(0630-0830)'!$O$116+'平日晨峰(0630-0830)'!$O$135+'平日晨峰(0630-0830)'!$O$154 -> 0 | G17: ='平日晨峰(0630-0830)'!$Q$97+'平日晨峰(0630-0830)'!$Q$116+'平日晨峰(0630-0830)'!$Q$135+'平日晨峰(0630-0830)'!$Q$154 -> 0 | I17: =$I$8 -> 08:00~09:00 | J17: =IF(ISERROR($L17/M17),"-",$L17/M17) -> - | K17: =IF(ISERROR($L17/N17),"-",$L17/N17) -> - | L17: =('平日晨峰(07-09)'!$K$97+'平日晨峰(07-09)'!$K$116+'平日晨峰(07-09)'!$K$135+'平日晨峰(07-09)'!$K$154)*15 -> 0 | M17: ='平日晨峰(07-09)'!$O$97+'平日晨峰(07-09)'!$O$116+'平日晨峰(07-09)'!$O$135+'平日晨峰(07-09)'!$O$154 -> 0 | N17: ='平日晨峰(07-09)'!$Q$97+'平日晨峰(07-09)'!$Q$116+'平日晨峰(07-09)'!$Q$135+'平日晨峰(07-09)'!$Q$154 -> 0 | P17: =P8 -> 12:00~13:00 | Q17: =IF(ISERROR($S17/T17),"-",$S17/T17) -> - | R17: =IF(ISERROR($T17/U17),"-",$T17/U17) -> - | S17: =('平日中午(11-13)'!$K$97+'平日中午(11-13)'!$K$116+'平日中午(11-13)'!$K$135+'平日中午(11-13)'!$K$154)*15 -> 0 | T17: ='平日中午(11-13)'!$O$97+'平日中午(11-13)'!$O$116+'平日中午(11-13)'!$O$135+'平日中午(11-13)'!$O$154 -> 0 | U17: ='平日中午(11-13)'!$Q$97+'平日中午(11-13)'!$Q$116+'平日中午(11-13)'!$Q$135+'平日中午(11-13)'!$Q$154 -> 0 | W17: =W8 -> 13:00~14:00 | X17: =IF(ISERROR($Z17/AA17),"-",$Z17/AA17) -> - | Y17: =IF(ISERROR($Z17/AB17),"-",$Z17/AB17) -> - | Z17: =('平日中午(12-14)'!$K$97+'平日中午(12-14)'!$K$116+'平日中午(12-14)'!$K$135+'平日中午(12-14)'!$K$154)*15 -> 0 | AA17: ='平日中午(12-14)'!$O$97+'平日中午(12-14)'!$O$116+'平日中午(12-14)'!$O$135+'平日中午(12-14)'!$O$154 -> 0 | AB17: ='平日中午(12-14)'!$Q$97+'平日中午(12-14)'!$Q$116+'平日中午(12-14)'!$Q$135+'平日中午(12-14)'!$Q$154 -> 0 | AD17: =$AD$8 -> 18:00~19:00 | AE17: =IF(ISERROR($AG17/AH17),"-",$AG17/AH17) -> - | AF17: =IF(ISERROR($AG17/AI17),"-",$AG17/AI17) -> - | AG17: =('平日昏峰(17-19)'!$K$97+'平日昏峰(17-19)'!$K$116+'平日昏峰(17-19)'!$K$135+'平日昏峰(17-19)'!$K$154)*15 -> 0 | AH17: ='平日昏峰(17-19)'!$O$97+'平日昏峰(17-19)'!$O$116+'平日昏峰(17-19)'!$O$135+'平日昏峰(17-19)'!$O$154 -> 0 | AI17: ='平日昏峰(17-19)'!$Q$97+'平日昏峰(17-19)'!$Q$116+'平日昏峰(17-19)'!$Q$135+'平日昏峰(17-19)'!$Q$154 -> 0 | AK17: =$AK$8 -> 0 | AL17: =IF(ISERROR($AN17/AO17),"-",$AN17/AO17) -> - | AM17: =IF(ISERROR($AN17/AP17),"-",$AN17/AP17) -> - | AR17: =$AR$8 -> 0 | AS17: =IF(ISERROR($AU17/AV17),"-",$AU17/AV17) -> - | AT17: =IF(ISERROR($AU17/AW17),"-",$AU17/AW17) -> - | AY17: =AY8 -> 0 | AZ17: =IF(ISERROR($BB17/BC17),"-",$BB17/BC17) -> - | BA17: =IF(ISERROR($BB17/BD17),"-",$BB17/BD17) -> - | BF17: =BF8 -> 17:00~18:00 | BG17: =IF(ISERROR($BI17/BJ17),"-",$BI17/BJ17) -> - | BH17: =IF(ISERROR($BI17/BK17),"-",$BI17/BK17) -> - | BI17: =('假日(16-18)'!$K$97+'假日(16-18)'!$K$116+'假日(16-18)'!$K$135+'假日(16-18)'!$K$154)*15 -> 0 | BJ17: ='假日(16-18)'!$O$97+'假日(16-18)'!$O$116+'假日(16-18)'!$O$135+'假日(16-18)'!$O$154 -> 0 | BK17: ='假日(16-18)'!$Q$97+'假日(16-18)'!$Q$116+'假日(16-18)'!$Q$135+'假日(16-18)'!$Q$154 -> 0 | BM17: =BM8 -> 18:00~19:00 | BN17: =IF(ISERROR($BP17/BQ17),"-",$BP17/BQ17) -> - | BO17: =IF(ISERROR($BP17/BR17),"-",$BP17/BR17) -> - | BP17: =('假日(17-19)'!$K$97+'假日(17-19)'!$K$116+'假日(17-19)'!$K$135+'假日(17-19)'!$K$154)*15 -> 0 | BQ17: ='假日(17-19)'!$O$97+'假日(17-19)'!$O$116+'假日(17-19)'!$O$135+'假日(17-19)'!$O$154 -> 0 | BR17: ='假日(17-19)'!$Q$97+'假日(17-19)'!$Q$116+'假日(17-19)'!$Q$135+'假日(17-19)'!$Q$154 -> 0 | BT17: =CONCATENATE(基本資料!$B$18,"方向","平均延滯") -> A方向平均延滯 | BU17: =IF(ISERROR(VLOOKUP($BX$85,資料分析!BT4:BU16,2,1)),"-",VLOOKUP($BX$85,BT4:BU16,2,1)) -> -
B18: =CONCATENATE(基本資料!$C$18,"方向","平均延滯") -> B方向平均延滯 | C18: =IF(ISERROR(VLOOKUP($F$45,B13:C17,2,1)),"-",VLOOKUP($F$45,B13:C17,2,1)) -> - | I18: =CONCATENATE(基本資料!$C$18,"方向","平均延滯") -> B方向平均延滯 | J18: =IF(ISERROR(VLOOKUP($M$45,I13:J17,2,1)),"-",VLOOKUP($M$45,I13:J17,2,1)) -> - | P18: =CONCATENATE(基本資料!$C$18,"方向","平均延滯") -> B方向平均延滯 | Q18: =IF(ISERROR(VLOOKUP($T$45,P13:Q17,2,1)),"-",VLOOKUP($T$45,P13:Q17,2,1)) -> - | W18: =CONCATENATE(基本資料!$C$18,"方向","平均延滯") -> B方向平均延滯 | X18: =IF(ISERROR(VLOOKUP($AA$45,W13:X17,2,1)),"-",VLOOKUP($AA$45,W13:X17,2,1)) -> - | AD18: =CONCATENATE(基本資料!$C$18,"方向","平均延滯") -> B方向平均延滯 | AE18: =IF(ISERROR(VLOOKUP($AH$45,AD13:AE17,2,1)),"-",VLOOKUP($AH$45,AD13:AE17,2,1)) -> - | AK18: =CONCATENATE(基本資料!$C$18,"方向","平均延滯") -> B方向平均延滯 | AL18: =IF(ISERROR(VLOOKUP($AO$45,AK13:AL17,2,1)),"-",VLOOKUP($AO$45,AK13:AL17,2,1)) -> - | AR18: =CONCATENATE(基本資料!$C$18,"方向","平均延滯") -> B方向平均延滯 | AS18: =IF(ISERROR(VLOOKUP($AV$45,AR13:AS17,2,1)),"-",VLOOKUP($AV$45,AR13:AS17,2,1)) -> - | AY18: =CONCATENATE(基本資料!$C$18,"方向","平均延滯") -> B方向平均延滯 | AZ18: =IF(ISERROR(VLOOKUP($BC$45,AY13:AZ17,2,1)),"-",VLOOKUP($BC$45,AY13:AZ17,2,1)) -> - | BF18: =CONCATENATE(基本資料!$C$18,"方向","平均延滯") -> B方向平均延滯 | BG18: =IF(ISERROR(VLOOKUP($BJ$45,BF13:BG17,2,1)),"-",VLOOKUP($BJ$45,BF13:BG17,2,1)) -> - | BM18: =CONCATENATE(基本資料!$C$18,"方向","平均延滯") -> B方向平均延滯 | BN18: =IF(ISERROR(VLOOKUP($BQ$45,BM13:BN17,2,1)),"-",VLOOKUP($BQ$45,BM13:BN17,2,1)) -> - | BT18: =CONCATENATE(基本資料!$B$18,"方向","平均停等車輛延滯") -> A方向平均停等車輛延滯 | BV18: =IF(ISERROR(VLOOKUP($BX$86,BT4:BV16,3,1)),"-",VLOOKUP($BX$86,BT4:BV16,3,1)) -> -
B19: =CONCATENATE(基本資料!$C$18,"方向","平均停等車輛延滯") -> B方向平均停等車輛延滯 | D19: =IF(ISERROR(VLOOKUP($F$46,B13:D17,3,1)),"-",VLOOKUP($F$46,B13:D17,3,1)) -> - | I19: =CONCATENATE(基本資料!$C$18,"方向","平均停等車輛延滯") -> B方向平均停等車輛延滯 | K19: =IF(ISERROR(VLOOKUP($M$46,I13:K17,3,1)),"-",VLOOKUP($M$46,I13:K17,3,1)) -> - | P19: =CONCATENATE(基本資料!$C$18,"方向","平均停等車輛延滯") -> B方向平均停等車輛延滯 | R19: =IF(ISERROR(VLOOKUP($T$46,P13:R17,3,1)),"-",VLOOKUP($T$46,P13:R17,3,1)) -> - | W19: =CONCATENATE(基本資料!$C$18,"方向","平均停等車輛延滯") -> B方向平均停等車輛延滯 | Y19: =IF(ISERROR(VLOOKUP($AA$46,W13:Y17,3,1)),"-",VLOOKUP($AA$46,W13:Y17,3,1)) -> - | AD19: =CONCATENATE(基本資料!$C$18,"方向","平均停等車輛延滯") -> B方向平均停等車輛延滯 | AF19: =IF(ISERROR(VLOOKUP($AH$46,AD13:AF17,3,1)),"-",VLOOKUP($AH$46,AD13:AF17,3,1)) -> - | AK19: =CONCATENATE(基本資料!$C$18,"方向","平均停等車輛延滯") -> B方向平均停等車輛延滯 | AM19: =IF(ISERROR(VLOOKUP($AO$46,AK13:AM17,3,1)),"-",VLOOKUP($AO$46,AK13:AM17,3,1)) -> - | AR19: =CONCATENATE(基本資料!$C$18,"方向","平均停等車輛延滯") -> B方向平均停等車輛延滯 | AT19: =IF(ISERROR(VLOOKUP($AV$46,AR13:AT17,3,1)),"-",VLOOKUP($AV$46,AR13:AT17,3,1)) -> - | AY19: =CONCATENATE(基本資料!$C$18,"方向","平均停等車輛延滯") -> B方向平均停等車輛延滯 | BA19: =IF(ISERROR(VLOOKUP($BC$46,AY13:BA17,3,1)),"-",VLOOKUP($BC$46,AY13:BA17,3,1)) -> - | BF19: =CONCATENATE(基本資料!$C$18,"方向","平均停等車輛延滯") -> B方向平均停等車輛延滯 | BH19: =IF(ISERROR(VLOOKUP($BJ$46,BF13:BH17,3,1)),"-",VLOOKUP($BJ$46,BF13:BH17,3,1)) -> - | BM19: =CONCATENATE(基本資料!$C$18,"方向","平均停等車輛延滯") -> B方向平均停等車輛延滯 | BO19: =IF(ISERROR(VLOOKUP($BQ$46,BM13:BO17,3,1)),"-",VLOOKUP($BQ$46,BM13:BO17,3,1)) -> - | BT19: ='假日(16-18)'!$J$2 -> B方向：
B20: ='平日晨峰(07-09)'!$S$2 -> C方向： | I20: ='平日晨峰(07-09)'!$S$2 -> C方向： | P20: ='平日中午(11-13)'!$S$2 -> C方向： | W20: ='平日中午(11-13)'!$S$2 -> C方向： | AD20: ='平日昏峰(17-19)'!$S$2 -> C方向： | AK20: ='假日(11-12)'!$S$2 -> C方向： | AR20: ='假日(1430-1530)'!$S$2 -> C方向： | AY20: ='假日(1730-1830)'!$S$2 -> C方向： | BF20: ='假日(16-18)'!$S$2 -> C方向： | BM20: ='假日(17-19)'!$S$2 -> C方向： | BT20: 時間 | BU20: 平均延滯 | BV20: 平均停等延滯 | BW20: 總延滯 | BX20: 車輛總數 | BY20: 停等車輛數
B21: 時間 | C21: 平均延滯 | D21: 平均停等延滯 | E21: 總延滯 | F21: 車輛總數 | G21: 停等車輛數 | I21: 時間 | J21: 平均延滯 | K21: 平均停等延滯 | L21: 總延滯 | M21: 車輛總數 | N21: 停等車輛數 | P21: 時間 | Q21: 平均延滯 | R21: 平均停等延滯 | S21: 總延滯 | T21: 車輛總數 | U21: 停等車輛數 | W21: 時間 | X21: 平均延滯 | Y21: 平均停等延滯 | Z21: 總延滯 | AA21: 車輛總數 | AB21: 停等車輛數 | AD21: 時間 | AE21: 平均延滯 | AF21: 平均停等延滯 | AG21: 總延滯 | AH21: 車輛總數 | AI21: 停等車輛數 | AK21: 時間 | AL21: 平均延滯 | AM21: 平均停等延滯 | AN21: 總延滯 | AO21: 車輛總數 | AP21: 停等車輛數 | AR21: 時間 | AS21: 平均延滯 | AT21: 平均停等延滯 | AU21: 總延滯 | AV21: 車輛總數 | AW21: 停等車輛數 | AY21: 時間 | AZ21: 平均延滯 | BA21: 平均停等延滯 | BB21: 總延滯 | BC21: 車輛總數 | BD21: 停等車輛數 | BF21: 時間 | BG21: 平均延滯 | BH21: 平均停等延滯 | BI21: 總延滯 | BJ21: 車輛總數 | BK21: 停等車輛數 | BM21: 時間 | BN21: 平均延滯 | BO21: 平均停等延滯 | BP21: 總延滯 | BQ21: 車輛總數 | BR21: 停等車輛數 | BT21: 16:00~17:00 | BU21: =IF(ISERROR($BW21/BX21),"-",$BW21/BX21) -> - | BV21: =IF(ISERROR($BW21/BY21),"-",$BW21/BY21) -> - | BW21: =('假日(16-20)'!$K$21+'假日(16-20)'!$K$40+'假日(16-20)'!$K$59+'假日(16-20)'!$K$78)*15 -> 0 | BX21: ='假日(16-20)'!$O$21+'假日(16-20)'!$O$40+'假日(16-20)'!$O$59+'假日(16-20)'!$O$78 -> 0 | BY21: ='假日(16-20)'!$Q$21+'假日(16-20)'!$Q$40+'假日(16-20)'!$Q$59+'假日(16-20)'!$Q$78 -> 0
B22: 06:30~07:30 | C22: =IF(ISERROR($E22/F22),"-",$E22/F22) -> - | D22: =IF(ISERROR($E22/G22),"-",$E22/G22) -> - | E22: =('平日晨峰(0630-0830)'!$T$21+'平日晨峰(0630-0830)'!$T$40+'平日晨峰(0630-0830)'!$T$59+'平日晨峰(0630-0830)'!$T$78)*15 -> 0 | F22: ='平日晨峰(0630-0830)'!$X$21+'平日晨峰(0630-0830)'!$X$40+'平日晨峰(0630-0830)'!$X$59+'平日晨峰(0630-0830)'!$X$78 -> 0 | G22: ='平日晨峰(0630-0830)'!$Z$21+'平日晨峰(0630-0830)'!$Z$40+'平日晨峰(0630-0830)'!$Z$59+'平日晨峰(0630-0830)'!$Z$78 -> 0 | I22: =$I$4 -> 07:00~08:00 | J22: =IF(ISERROR($L22/M22),"-",$L22/M22) -> - | K22: =IF(ISERROR($L22/N22),"-",$L22/N22) -> - | L22: =('平日晨峰(07-09)'!$T$21+'平日晨峰(07-09)'!$T$40+'平日晨峰(07-09)'!$T$59+'平日晨峰(07-09)'!$T$78)*15 -> 0 | M22: ='平日晨峰(07-09)'!$X$21+'平日晨峰(07-09)'!$X$40+'平日晨峰(07-09)'!$X$59+'平日晨峰(07-09)'!$X$78 -> 0 | N22: ='平日晨峰(07-09)'!$Z$21+'平日晨峰(07-09)'!$Z$40+'平日晨峰(07-09)'!$Z$59+'平日晨峰(07-09)'!$Z$78 -> 0 | P22: =P13 -> 11:00~12:00 | Q22: =IF(ISERROR($S22/T22),"-",$S22/T22) -> - | R22: =IF(ISERROR($T22/U22),"-",$T22/U22) -> - | S22: =('平日中午(11-13)'!$T$21+'平日中午(11-13)'!$T$40+'平日中午(11-13)'!$T$59+'平日中午(11-13)'!$T$78)*15 -> 0 | T22: ='平日中午(11-13)'!$X$21+'平日中午(11-13)'!$X$40+'平日中午(11-13)'!$X$59+'平日中午(11-13)'!$X$78 -> 0 | U22: ='平日中午(11-13)'!$Z$21+'平日中午(11-13)'!$Z$40+'平日中午(11-13)'!$Z$59+'平日中午(11-13)'!$Z$78 -> 0 | W22: =W13 -> 1200~13:00 | X22: =IF(ISERROR($Z22/AA22),"-",$Z22/AA22) -> - | Y22: =IF(ISERROR($Z22/AB22),"-",$Z22/AB22) -> - | Z22: =('平日中午(12-14)'!$T$21+'平日中午(12-14)'!$T$40+'平日中午(12-14)'!$T$59+'平日中午(12-14)'!$T$78)*15 -> 0 | AA22: ='平日中午(12-14)'!$X$21+'平日中午(12-14)'!$X$40+'平日中午(12-14)'!$X$59+'平日中午(12-14)'!$X$78 -> 0 | AB22: ='平日中午(12-14)'!$Z$21+'平日中午(12-14)'!$Z$40+'平日中午(12-14)'!$Z$59+'平日中午(12-14)'!$Z$78 -> 0 | AD22: =$AD$4 -> 17:00~18:00 | AE22: =IF(ISERROR($AG22/AH22),"-",$AG22/AH22) -> - | AF22: =IF(ISERROR($AG22/AI22),"-",$AG22/AI22) -> - | AG22: =('平日昏峰(17-19)'!$T$21+'平日昏峰(17-19)'!$T$40+'平日昏峰(17-19)'!$T$59+'平日昏峰(17-19)'!$T$78)*15 -> 0 | AH22: ='平日昏峰(17-19)'!$X$21+'平日昏峰(17-19)'!$X$40+'平日昏峰(17-19)'!$X$59+'平日昏峰(17-19)'!$X$78 -> 0 | AI22: ='平日昏峰(17-19)'!$Z$21+'平日昏峰(17-19)'!$Z$40+'平日昏峰(17-19)'!$Z$59+'平日昏峰(17-19)'!$Z$78 -> 0 | AK22: =$AK$4 -> 11:00~12:00 | AL22: =IF(ISERROR($AN22/AO22),"-",$AN22/AO22) -> - | AM22: =IF(ISERROR($AN22/AP22),"-",$AN22/AP22) -> - | AN22: =('假日(11-12)'!$T$21+'假日(11-12)'!$T$40+'假日(11-12)'!$T$59+'假日(11-12)'!$T$78)*15 -> 0 | AO22: ='假日(11-12)'!$X$21+'假日(11-12)'!$X$40+'假日(11-12)'!$X$59+'假日(11-12)'!$X$78 -> 0 | AP22: ='假日(11-12)'!$Z$21+'假日(11-12)'!$Z$40+'假日(11-12)'!$Z$59+'假日(11-12)'!$Z$78 -> 0 | AR22: =$AR$4 -> 14:30~15:30 | AS22: =IF(ISERROR($AU22/AV22),"-",$AU22/AV22) -> - | AT22: =IF(ISERROR($AU22/AW22),"-",$AU22/AW22) -> - | AU22: =('假日(1430-1530)'!$T$21+'假日(1430-1530)'!$T$40+'假日(1430-1530)'!$T$59+'假日(1430-1530)'!$T$78)*15 -> 0 | AV22: ='假日(1430-1530)'!$X$21+'假日(1430-1530)'!$X$40+'假日(1430-1530)'!$X$59+'假日(1430-1530)'!$X$78 -> 0 | AW22: ='假日(1430-1530)'!$Z$21+'假日(1430-1530)'!$Z$40+'假日(1430-1530)'!$Z$59+'假日(1430-1530)'!$Z$78 -> 0 | AY22: =AY13 -> 17:30~18:30 | AZ22: =IF(ISERROR($BB22/BC22),"-",$BB22/BC22) -> - | BA22: =IF(ISERROR($BB22/BD22),"-",$BB22/BD22) -> - | BB22: =('假日(1730-1830)'!$T$21+'假日(1730-1830)'!$T$40+'假日(1730-1830)'!$T$59+'假日(1730-1830)'!$T$78)*15 -> 0 | BC22: ='假日(1730-1830)'!$X$21+'假日(1730-1830)'!$X$40+'假日(1730-1830)'!$X$59+'假日(1730-1830)'!$X$78 -> 0 | BD22: ='假日(1730-1830)'!$Z$21+'假日(1730-1830)'!$Z$40+'假日(1730-1830)'!$Z$59+'假日(1730-1830)'!$Z$78 -> 0 | BF22: =BF13 -> 16:00~17:00 | BG22: =IF(ISERROR($BI22/BJ22),"-",$BI22/BJ22) -> - | BH22: =IF(ISERROR($BI22/BK22),"-",$BI22/BK22) -> - | BI22: =('假日(16-18)'!$T$21+'假日(16-18)'!$T$40+'假日(16-18)'!$T$59+'假日(16-18)'!$T$78)*15 -> 0 | BJ22: ='假日(16-18)'!$X$21+'假日(16-18)'!$X$40+'假日(16-18)'!$X$59+'假日(16-18)'!$X$78 -> 0 | BK22: ='假日(16-18)'!$Z$21+'假日(16-18)'!$Z$40+'假日(16-18)'!$Z$59+'假日(16-18)'!$Z$78 -> 0 | BM22: =BM13 -> 17:00~18:00 | BN22: =IF(ISERROR($BP22/BQ22),"-",$BP22/BQ22) -> - | BO22: =IF(ISERROR($BP22/BR22),"-",$BP22/BR22) -> - | BP22: =('假日(17-19)'!$T$21+'假日(17-19)'!$T$40+'假日(17-19)'!$T$59+'假日(17-19)'!$T$78)*15 -> 0 | BQ22: ='假日(17-19)'!$X$21+'假日(17-19)'!$X$40+'假日(17-19)'!$X$59+'假日(17-19)'!$X$78 -> 0 | BR22: ='假日(17-19)'!$Z$21+'假日(17-19)'!$Z$40+'假日(17-19)'!$Z$59+'假日(17-19)'!$Z$78 -> 0 | BT22: 16:15~17:15 | BU22: =IF(ISERROR($BW22/BX22),"-",$BW22/BX22) -> - | BV22: =IF(ISERROR($BW22/BY22),"-",$BW22/BY22) -> - | BW22: =('假日(16-20)'!$K$40+'假日(16-20)'!$K$59+'假日(16-20)'!$K$78+'假日(16-20)'!$K$97)*15 -> 0 | BX22: ='假日(16-20)'!$O$40+'假日(16-20)'!$O$59+'假日(16-20)'!$O$78+'假日(16-20)'!$O$97 -> 0 | BY22: ='假日(16-20)'!$Q$40+'假日(16-20)'!$Q$59+'假日(16-20)'!$Q$78+'假日(16-20)'!$Q$97 -> 0
B23: 06:45~07:45 | C23: =IF(ISERROR($E23/F23),"-",$E23/F23) -> - | D23: =IF(ISERROR($E23/G23),"-",$E23/G23) -> - | E23: =('平日晨峰(0630-0830)'!$T$40+'平日晨峰(0630-0830)'!$T$59+'平日晨峰(0630-0830)'!$T$78+'平日晨峰(0630-0830)'!$T$97)*15 -> 0 | F23: ='平日晨峰(0630-0830)'!$X$40+'平日晨峰(0630-0830)'!$X$59+'平日晨峰(0630-0830)'!$X$78+'平日晨峰(0630-0830)'!$X$97 -> 0 | G23: ='平日晨峰(0630-0830)'!$Z$40+'平日晨峰(0630-0830)'!$Z$59+'平日晨峰(0630-0830)'!$Z$78+'平日晨峰(0630-0830)'!$Z$97 -> 0 | I23: =$I$5 -> 07:15~08:15 | J23: =IF(ISERROR($L23/M23),"-",$L23/M23) -> - | K23: =IF(ISERROR($L23/N23),"-",$L23/N23) -> - | L23: =('平日晨峰(07-09)'!$T$40+'平日晨峰(07-09)'!$T$59+'平日晨峰(07-09)'!$T$78+'平日晨峰(07-09)'!$T$97)*15 -> 0 | M23: ='平日晨峰(07-09)'!$X$40+'平日晨峰(07-09)'!$X$59+'平日晨峰(07-09)'!$X$78+'平日晨峰(07-09)'!$X$97 -> 0 | N23: ='平日晨峰(07-09)'!$Z$40+'平日晨峰(07-09)'!$Z$59+'平日晨峰(07-09)'!$Z$78+'平日晨峰(07-09)'!$Z$97 -> 0 | P23: =P14 -> 11:15~12:15 | Q23: =IF(ISERROR($S23/T23),"-",$S23/T23) -> - | R23: =IF(ISERROR($T23/U23),"-",$T23/U23) -> - | S23: =('平日中午(11-13)'!$T$40+'平日中午(11-13)'!$T$59+'平日中午(11-13)'!$T$78+'平日中午(11-13)'!$T$97)*15 -> 0 | T23: ='平日中午(11-13)'!$X$40+'平日中午(11-13)'!$X$59+'平日中午(11-13)'!$X$78+'平日中午(11-13)'!$X$97 -> 0 | U23: ='平日中午(11-13)'!$Z$40+'平日中午(11-13)'!$Z$59+'平日中午(11-13)'!$Z$78+'平日中午(11-13)'!$Z$97 -> 0 | W23: =W14 -> 12:15~13:15 | X23: =IF(ISERROR($Z23/AA23),"-",$Z23/AA23) -> - | Y23: =IF(ISERROR($Z23/AB23),"-",$Z23/AB23) -> - | Z23: =('平日中午(12-14)'!$T$40+'平日中午(12-14)'!$T$59+'平日中午(12-14)'!$T$78+'平日中午(12-14)'!$T$97)*15 -> 0 | AA23: ='平日中午(12-14)'!$X$40+'平日中午(12-14)'!$X$59+'平日中午(12-14)'!$X$78+'平日中午(12-14)'!$X$97 -> 0 | AB23: ='平日中午(12-14)'!$Z$40+'平日中午(12-14)'!$Z$59+'平日中午(12-14)'!$Z$78+'平日中午(12-14)'!$Z$97 -> 0 | AD23: =$AD$5 -> 17:15~18:15 | AE23: =IF(ISERROR($AG23/AH23),"-",$AG23/AH23) -> - | AF23: =IF(ISERROR($AG23/AI23),"-",$AG23/AI23) -> - | AG23: =('平日昏峰(17-19)'!$T$40+'平日昏峰(17-19)'!$T$59+'平日昏峰(17-19)'!$T$78+'平日昏峰(17-19)'!$T$97)*15 -> 0 | AH23: ='平日昏峰(17-19)'!$X$40+'平日昏峰(17-19)'!$X$59+'平日昏峰(17-19)'!$X$78+'平日昏峰(17-19)'!$X$97 -> 0 | AI23: ='平日昏峰(17-19)'!$Z$40+'平日昏峰(17-19)'!$Z$59+'平日昏峰(17-19)'!$Z$78+'平日昏峰(17-19)'!$Z$97 -> 0 | AK23: =$AK$5 -> 0 | AL23: =IF(ISERROR($AN23/AO23),"-",$AN23/AO23) -> - | AM23: =IF(ISERROR($AN23/AP23),"-",$AN23/AP23) -> - | AR23: =$AR$5 -> 0 | AS23: =IF(ISERROR($AU23/AV23),"-",$AU23/AV23) -> - | AT23: =IF(ISERROR($AU23/AW23),"-",$AU23/AW23) -> - | AY23: =AY14 -> 0 | AZ23: =IF(ISERROR($BB23/BC23),"-",$BB23/BC23) -> - | BA23: =IF(ISERROR($BB23/BD23),"-",$BB23/BD23) -> - | BF23: =BF14 -> 16:15~17:15 | BG23: =IF(ISERROR($BI23/BJ23),"-",$BI23/BJ23) -> - | BH23: =IF(ISERROR($BI23/BK23),"-",$BI23/BK23) -> - | BI23: =('假日(16-18)'!$T$40+'假日(16-18)'!$T$59+'假日(16-18)'!$T$78+'假日(16-18)'!$T$97)*15 -> 0 | BJ23: ='假日(16-18)'!$X$40+'假日(16-18)'!$X$59+'假日(16-18)'!$X$78+'假日(16-18)'!$X$97 -> 0 | BK23: ='假日(16-18)'!$Z$40+'假日(16-18)'!$Z$59+'假日(16-18)'!$Z$78+'假日(16-18)'!$Z$97 -> 0 | BM23: =BM14 -> 17:15~18:15 | BN23: =IF(ISERROR($BP23/BQ23),"-",$BP23/BQ23) -> - | BO23: =IF(ISERROR($BP23/BR23),"-",$BP23/BR23) -> - | BP23: =('假日(17-19)'!$T$40+'假日(17-19)'!$T$59+'假日(17-19)'!$T$78+'假日(17-19)'!$T$97)*15 -> 0 | BQ23: ='假日(17-19)'!$X$40+'假日(17-19)'!$X$59+'假日(17-19)'!$X$78+'假日(17-19)'!$X$97 -> 0 | BR23: ='假日(17-19)'!$Z$40+'假日(17-19)'!$Z$59+'假日(17-19)'!$Z$78+'假日(17-19)'!$Z$97 -> 0 | BT23: 16:30~17:30 | BU23: =IF(ISERROR($BW23/BX23),"-",$BW23/BX23) -> - | BV23: =IF(ISERROR($BW23/BY23),"-",$BW23/BY23) -> - | BW23: =('假日(16-20)'!$K$59+'假日(16-20)'!$K$78+'假日(16-20)'!$K$97+'假日(16-20)'!$K$116)*15 -> 0 | BX23: ='假日(16-20)'!$O$59+'假日(16-20)'!$O$78+'假日(16-20)'!$O$97+'假日(16-20)'!$O$116 -> 0 | BY23: ='假日(16-20)'!$Q$59+'假日(16-20)'!$Q$78+'假日(16-20)'!$Q$97+'假日(16-20)'!$Q$116 -> 0
B24: 07:00~08:00 | C24: =IF(ISERROR($E24/F24),"-",$E24/F24) -> - | D24: =IF(ISERROR($E24/G24),"-",$E24/G24) -> - | E24: =('平日晨峰(0630-0830)'!$T$59+'平日晨峰(0630-0830)'!$T$78+'平日晨峰(0630-0830)'!$T$97+'平日晨峰(0630-0830)'!$T$116)*15 -> 0 | F24: ='平日晨峰(0630-0830)'!$X$59+'平日晨峰(0630-0830)'!$X$78+'平日晨峰(0630-0830)'!$X$97+'平日晨峰(0630-0830)'!$X$116 -> 0 | G24: ='平日晨峰(0630-0830)'!$Z$59+'平日晨峰(0630-0830)'!$Z$78+'平日晨峰(0630-0830)'!$Z$97+'平日晨峰(0630-0830)'!$Z$116 -> 0 | I24: =$I$6 -> 07:30~08:30 | J24: =IF(ISERROR($L24/M24),"-",$L24/M24) -> - | K24: =IF(ISERROR($L24/N24),"-",$L24/N24) -> - | L24: =('平日晨峰(07-09)'!$T$59+'平日晨峰(07-09)'!$T$78+'平日晨峰(07-09)'!$T$97+'平日晨峰(07-09)'!$T$116)*15 -> 0 | M24: ='平日晨峰(07-09)'!$X$59+'平日晨峰(07-09)'!$X$78+'平日晨峰(07-09)'!$X$97+'平日晨峰(07-09)'!$X$116 -> 0 | N24: ='平日晨峰(07-09)'!$Z$59+'平日晨峰(07-09)'!$Z$78+'平日晨峰(07-09)'!$Z$97+'平日晨峰(07-09)'!$Z$116 -> 0 | P24: =P15 -> 11:30~12:30 | Q24: =IF(ISERROR($S24/T24),"-",$S24/T24) -> - | R24: =IF(ISERROR($T24/U24),"-",$T24/U24) -> - | S24: =('平日中午(11-13)'!$T$59+'平日中午(11-13)'!$T$78+'平日中午(11-13)'!$T$97+'平日中午(11-13)'!$T$116)*15 -> 0 | T24: ='平日中午(11-13)'!$X$59+'平日中午(11-13)'!$X$78+'平日中午(11-13)'!$X$97+'平日中午(11-13)'!$X$116 -> 0 | U24: ='平日中午(11-13)'!$Z$59+'平日中午(11-13)'!$Z$78+'平日中午(11-13)'!$Z$97+'平日中午(11-13)'!$Z$116 -> 0 | W24: =W15 -> 12:30~13:30 | X24: =IF(ISERROR($Z24/AA24),"-",$Z24/AA24) -> - | Y24: =IF(ISERROR($Z24/AB24),"-",$Z24/AB24) -> - | Z24: =('平日中午(12-14)'!$T$59+'平日中午(12-14)'!$T$78+'平日中午(12-14)'!$T$97+'平日中午(12-14)'!$T$116)*15 -> 0 | AA24: ='平日中午(12-14)'!$X$59+'平日中午(12-14)'!$X$78+'平日中午(12-14)'!$X$97+'平日中午(12-14)'!$X$116 -> 0 | AB24: ='平日中午(12-14)'!$Z$59+'平日中午(12-14)'!$Z$78+'平日中午(12-14)'!$Z$97+'平日中午(12-14)'!$Z$116 -> 0 | AD24: =$AD$6 -> 17:30~18:30 | AE24: =IF(ISERROR($AG24/AH24),"-",$AG24/AH24) -> - | AF24: =IF(ISERROR($AG24/AI24),"-",$AG24/AI24) -> - | AG24: =('平日昏峰(17-19)'!$T$59+'平日昏峰(17-19)'!$T$78+'平日昏峰(17-19)'!$T$97+'平日昏峰(17-19)'!$T$116)*15 -> 0 | AH24: ='平日昏峰(17-19)'!$X$59+'平日昏峰(17-19)'!$X$78+'平日昏峰(17-19)'!$X$97+'平日昏峰(17-19)'!$X$116 -> 0 | AI24: ='平日昏峰(17-19)'!$Z$59+'平日昏峰(17-19)'!$Z$78+'平日昏峰(17-19)'!$Z$97+'平日昏峰(17-19)'!$Z$116 -> 0 | AK24: =$AK$6 -> 0 | AL24: =IF(ISERROR($AN24/AO24),"-",$AN24/AO24) -> - | AM24: =IF(ISERROR($AN24/AP24),"-",$AN24/AP24) -> - | AR24: =$AR$6 -> 0 | AS24: =IF(ISERROR($AU24/AV24),"-",$AU24/AV24) -> - | AT24: =IF(ISERROR($AU24/AW24),"-",$AU24/AW24) -> - | AY24: =AY15 -> 0 | AZ24: =IF(ISERROR($BB24/BC24),"-",$BB24/BC24) -> - | BA24: =IF(ISERROR($BB24/BD24),"-",$BB24/BD24) -> - | BF24: =BF15 -> 16:30~17:30 | BG24: =IF(ISERROR($BI24/BJ24),"-",$BI24/BJ24) -> - | BH24: =IF(ISERROR($BI24/BK24),"-",$BI24/BK24) -> - | BI24: =('假日(16-18)'!$T$59+'假日(16-18)'!$T$78+'假日(16-18)'!$T$97+'假日(16-18)'!$T$116)*15 -> 0 | BJ24: ='假日(16-18)'!$X$59+'假日(16-18)'!$X$78+'假日(16-18)'!$X$97+'假日(16-18)'!$X$116 -> 0 | BK24: ='假日(16-18)'!$Z$59+'假日(16-18)'!$Z$78+'假日(16-18)'!$Z$97+'假日(16-18)'!$Z$116 -> 0 | BM24: =BM15 -> 17:30~18:30 | BN24: =IF(ISERROR($BP24/BQ24),"-",$BP24/BQ24) -> - | BO24: =IF(ISERROR($BP24/BR24),"-",$BP24/BR24) -> - | BP24: =('假日(17-19)'!$T$59+'假日(17-19)'!$T$78+'假日(17-19)'!$T$97+'假日(17-19)'!$T$116)*15 -> 0 | BQ24: ='假日(17-19)'!$X$59+'假日(17-19)'!$X$78+'假日(17-19)'!$X$97+'假日(17-19)'!$X$116 -> 0 | BR24: ='假日(17-19)'!$Z$59+'假日(17-19)'!$Z$78+'假日(17-19)'!$Z$97+'假日(17-19)'!$Z$116 -> 0 | BT24: 16:45~17:45 | BU24: =IF(ISERROR($BW24/BX24),"-",$BW24/BX24) -> - | BV24: =IF(ISERROR($BW24/BY24),"-",$BW24/BY24) -> - | BW24: =('假日(16-20)'!$K$78+'假日(16-20)'!$K$97+'假日(16-20)'!$K$116+'假日(16-20)'!$K$135)*15 -> 0 | BX24: ='假日(16-20)'!$O$78+'假日(16-20)'!$O$97+'假日(16-20)'!$O$116+'假日(16-20)'!$O$135 -> 0 | BY24: ='假日(16-20)'!$Q$78+'假日(16-20)'!$Q$97+'假日(16-20)'!$Q$116+'假日(16-20)'!$Q$135 -> 0
B25: 07:15~08:15 | C25: =IF(ISERROR($E25/F25),"-",$E25/F25) -> - | D25: =IF(ISERROR($E25/G25),"-",$E25/G25) -> - | E25: =('平日晨峰(0630-0830)'!$T$78+'平日晨峰(0630-0830)'!$T$97+'平日晨峰(0630-0830)'!$T$116+'平日晨峰(0630-0830)'!$T$135)*15 -> 0 | F25: ='平日晨峰(0630-0830)'!$X$78+'平日晨峰(0630-0830)'!$X$97+'平日晨峰(0630-0830)'!$X$116+'平日晨峰(0630-0830)'!$X$135 -> 0 | G25: ='平日晨峰(0630-0830)'!$Z$78+'平日晨峰(0630-0830)'!$Z$97+'平日晨峰(0630-0830)'!$Z$116+'平日晨峰(0630-0830)'!$Z$135 -> 0 | I25: =$I$7 -> 07:45~08:45 | J25: =IF(ISERROR($L25/M25),"-",$L25/M25) -> - | K25: =IF(ISERROR($L25/N25),"-",$L25/N25) -> - | L25: =('平日晨峰(07-09)'!$T$78+'平日晨峰(07-09)'!$T$97+'平日晨峰(07-09)'!$T$116+'平日晨峰(07-09)'!$T$135)*15 -> 0 | M25: ='平日晨峰(07-09)'!$X$78+'平日晨峰(07-09)'!$X$97+'平日晨峰(07-09)'!$X$116+'平日晨峰(07-09)'!$X$135 -> 0 | N25: ='平日晨峰(07-09)'!$Z$78+'平日晨峰(07-09)'!$Z$97+'平日晨峰(07-09)'!$Z$116+'平日晨峰(07-09)'!$Z$135 -> 0 | P25: =P16 -> 11:45~12:45 | Q25: =IF(ISERROR($S25/T25),"-",$S25/T25) -> - | R25: =IF(ISERROR($T25/U25),"-",$T25/U25) -> - | S25: =('平日中午(11-13)'!$T$78+'平日中午(11-13)'!$T$97+'平日中午(11-13)'!$T$116+'平日中午(11-13)'!$T$135)*15 -> 0 | T25: ='平日中午(11-13)'!$X$78+'平日中午(11-13)'!$X$97+'平日中午(11-13)'!$X$116+'平日中午(11-13)'!$X$135 -> 0 | U25: ='平日中午(11-13)'!$Z$78+'平日中午(11-13)'!$Z$97+'平日中午(11-13)'!$Z$116+'平日中午(11-13)'!$Z$135 -> 0 | W25: =W16 -> 12:45~13:45 | X25: =IF(ISERROR($Z25/AA25),"-",$Z25/AA25) -> - | Y25: =IF(ISERROR($Z25/AB25),"-",$Z25/AB25) -> - | Z25: =('平日中午(12-14)'!$T$78+'平日中午(12-14)'!$T$97+'平日中午(12-14)'!$T$116+'平日中午(12-14)'!$T$135)*15 -> 0 | AA25: ='平日中午(12-14)'!$X$78+'平日中午(12-14)'!$X$97+'平日中午(12-14)'!$X$116+'平日中午(12-14)'!$X$135 -> 0 | AB25: ='平日中午(12-14)'!$Z$78+'平日中午(12-14)'!$Z$97+'平日中午(12-14)'!$Z$116+'平日中午(12-14)'!$Z$135 -> 0 | AD25: =$AD$7 -> 17:45~18:45 | AE25: =IF(ISERROR($AG25/AH25),"-",$AG25/AH25) -> - | AF25: =IF(ISERROR($AG25/AI25),"-",$AG25/AI25) -> - | AG25: =('平日昏峰(17-19)'!$T$78+'平日昏峰(17-19)'!$T$97+'平日昏峰(17-19)'!$T$116+'平日昏峰(17-19)'!$T$135)*15 -> 0 | AH25: ='平日昏峰(17-19)'!$X$78+'平日昏峰(17-19)'!$X$97+'平日昏峰(17-19)'!$X$116+'平日昏峰(17-19)'!$X$135 -> 0 | AI25: ='平日昏峰(17-19)'!$Z$78+'平日昏峰(17-19)'!$Z$97+'平日昏峰(17-19)'!$Z$116+'平日昏峰(17-19)'!$Z$135 -> 0 | AK25: =$AK$7 -> 0 | AL25: =IF(ISERROR($AN25/AO25),"-",$AN25/AO25) -> - | AM25: =IF(ISERROR($AN25/AP25),"-",$AN25/AP25) -> - | AR25: =$AR$7 -> 0 | AS25: =IF(ISERROR($AU25/AV25),"-",$AU25/AV25) -> - | AT25: =IF(ISERROR($AU25/AW25),"-",$AU25/AW25) -> - | AY25: =AY16 -> 0 | AZ25: =IF(ISERROR($BB25/BC25),"-",$BB25/BC25) -> - | BA25: =IF(ISERROR($BB25/BD25),"-",$BB25/BD25) -> - | BF25: =BF16 -> 16:45~17:45 | BG25: =IF(ISERROR($BI25/BJ25),"-",$BI25/BJ25) -> - | BH25: =IF(ISERROR($BI25/BK25),"-",$BI25/BK25) -> - | BI25: =('假日(16-18)'!$T$78+'假日(16-18)'!$T$97+'假日(16-18)'!$T$116+'假日(16-18)'!$T$135)*15 -> 0 | BJ25: ='假日(16-18)'!$X$78+'假日(16-18)'!$X$97+'假日(16-18)'!$X$116+'假日(16-18)'!$X$135 -> 0 | BK25: ='假日(16-18)'!$Z$78+'假日(16-18)'!$Z$97+'假日(16-18)'!$Z$116+'假日(16-18)'!$Z$135 -> 0 | BM25: =BM16 -> 17:45~18:45 | BN25: =IF(ISERROR($BP25/BQ25),"-",$BP25/BQ25) -> - | BO25: =IF(ISERROR($BP25/BR25),"-",$BP25/BR25) -> - | BP25: =('假日(17-19)'!$T$78+'假日(17-19)'!$T$97+'假日(17-19)'!$T$116+'假日(17-19)'!$T$135)*15 -> 0 | BQ25: ='假日(17-19)'!$X$78+'假日(17-19)'!$X$97+'假日(17-19)'!$X$116+'假日(17-19)'!$X$135 -> 0 | BR25: ='假日(17-19)'!$Z$78+'假日(17-19)'!$Z$97+'假日(17-19)'!$Z$116+'假日(17-19)'!$Z$135 -> 0 | BT25: 17:00~18:00 | BU25: =IF(ISERROR($BW25/BX25),"-",$BW25/BX25) -> - | BV25: =IF(ISERROR($BW25/BY25),"-",$BW25/BY25) -> - | BW25: =('假日(16-20)'!$K$97+'假日(16-20)'!$K$116+'假日(16-20)'!$K$135+'假日(16-20)'!$K$154)*15 -> 0 | BX25: ='假日(16-20)'!$O$97+'假日(16-20)'!$O$116+'假日(16-20)'!$O$135+'假日(16-20)'!$O$154 -> 0 | BY25: ='假日(16-20)'!$Q$97+'假日(16-20)'!$Q$116+'假日(16-20)'!$Q$135+'假日(16-20)'!$Q$154 -> 0
B26: 07:30~08:30 | C26: =IF(ISERROR($E26/F26),"-",$E26/F26) -> - | D26: =IF(ISERROR($E26/G26),"-",$E26/G26) -> - | E26: =('平日晨峰(0630-0830)'!$T$97+'平日晨峰(0630-0830)'!$T$116+'平日晨峰(0630-0830)'!$T$135+'平日晨峰(0630-0830)'!$T$154)*15 -> 0 | F26: ='平日晨峰(0630-0830)'!$X$97+'平日晨峰(0630-0830)'!$X$116+'平日晨峰(0630-0830)'!$X$135+'平日晨峰(0630-0830)'!$X$154 -> 0 | G26: ='平日晨峰(0630-0830)'!$Z$97+'平日晨峰(0630-0830)'!$Z$116+'平日晨峰(0630-0830)'!$Z$135+'平日晨峰(0630-0830)'!$Z$154 -> 0 | I26: =$I$8 -> 08:00~09:00 | J26: =IF(ISERROR($L26/M26),"-",$L26/M26) -> - | K26: =IF(ISERROR($L26/N26),"-",$L26/N26) -> - | L26: =('平日晨峰(07-09)'!$T$97+'平日晨峰(07-09)'!$T$116+'平日晨峰(07-09)'!$T$135+'平日晨峰(07-09)'!$T$154)*15 -> 0 | M26: ='平日晨峰(07-09)'!$X$97+'平日晨峰(07-09)'!$X$116+'平日晨峰(07-09)'!$X$135+'平日晨峰(07-09)'!$X$154 -> 0 | N26: ='平日晨峰(07-09)'!$Z$97+'平日晨峰(07-09)'!$Z$116+'平日晨峰(07-09)'!$Z$135+'平日晨峰(07-09)'!$Z$154 -> 0 | P26: =P17 -> 12:00~13:00 | Q26: =IF(ISERROR($S26/T26),"-",$S26/T26) -> - | R26: =IF(ISERROR($T26/U26),"-",$T26/U26) -> - | S26: =('平日中午(11-13)'!$T$97+'平日中午(11-13)'!$T$116+'平日中午(11-13)'!$T$135+'平日中午(11-13)'!$T$154)*15 -> 0 | T26: ='平日中午(11-13)'!$X$97+'平日中午(11-13)'!$X$116+'平日中午(11-13)'!$X$135+'平日中午(11-13)'!$X$154 -> 0 | U26: ='平日中午(11-13)'!$Z$97+'平日中午(11-13)'!$Z$116+'平日中午(11-13)'!$Z$135+'平日中午(11-13)'!$Z$154 -> 0 | W26: =W17 -> 13:00~14:00 | X26: =IF(ISERROR($Z26/AA26),"-",$Z26/AA26) -> - | Y26: =IF(ISERROR($Z26/AB26),"-",$Z26/AB26) -> - | Z26: =('平日中午(12-14)'!$T$97+'平日中午(12-14)'!$T$116+'平日中午(12-14)'!$T$135+'平日中午(12-14)'!$T$154)*15 -> 0 | AA26: ='平日中午(12-14)'!$X$97+'平日中午(12-14)'!$X$116+'平日中午(12-14)'!$X$135+'平日中午(12-14)'!$X$154 -> 0 | AB26: ='平日中午(12-14)'!$Z$97+'平日中午(12-14)'!$Z$116+'平日中午(12-14)'!$Z$135+'平日中午(12-14)'!$Z$154 -> 0 | AD26: =$AD$8 -> 18:00~19:00 | AE26: =IF(ISERROR($AG26/AH26),"-",$AG26/AH26) -> - | AF26: =IF(ISERROR($AG26/AI26),"-",$AG26/AI26) -> - | AG26: =('平日昏峰(17-19)'!$T$97+'平日昏峰(17-19)'!$T$116+'平日昏峰(17-19)'!$T$135+'平日昏峰(17-19)'!$T$154)*15 -> 0 | AH26: ='平日昏峰(17-19)'!$X$97+'平日昏峰(17-19)'!$X$116+'平日昏峰(17-19)'!$X$135+'平日昏峰(17-19)'!$X$154 -> 0 | AI26: ='平日昏峰(17-19)'!$Z$97+'平日昏峰(17-19)'!$Z$116+'平日昏峰(17-19)'!$Z$135+'平日昏峰(17-19)'!$Z$154 -> 0 | AK26: =$AK$8 -> 0 | AL26: =IF(ISERROR($AN26/AO26),"-",$AN26/AO26) -> - | AM26: =IF(ISERROR($AN26/AP26),"-",$AN26/AP26) -> - | AR26: =$AR$8 -> 0 | AS26: =IF(ISERROR($AU26/AV26),"-",$AU26/AV26) -> - | AT26: =IF(ISERROR($AU26/AW26),"-",$AU26/AW26) -> - | AY26: =AY17 -> 0 | AZ26: =IF(ISERROR($BB26/BC26),"-",$BB26/BC26) -> - | BA26: =IF(ISERROR($BB26/BD26),"-",$BB26/BD26) -> - | BF26: =BF17 -> 17:00~18:00 | BG26: =IF(ISERROR($BI26/BJ26),"-",$BI26/BJ26) -> - | BH26: =IF(ISERROR($BI26/BK26),"-",$BI26/BK26) -> - | BI26: =('假日(16-18)'!$T$97+'假日(16-18)'!$T$116+'假日(16-18)'!$T$135+'假日(16-18)'!$T$154)*15 -> 0 | BJ26: ='假日(16-18)'!$X$97+'假日(16-18)'!$X$116+'假日(16-18)'!$X$135+'假日(16-18)'!$X$154 -> 0 | BK26: ='假日(16-18)'!$Z$97+'假日(16-18)'!$Z$116+'假日(16-18)'!$Z$135+'假日(16-18)'!$Z$154 -> 0 | BM26: =BM17 -> 18:00~19:00 | BN26: =IF(ISERROR($BP26/BQ26),"-",$BP26/BQ26) -> - | BO26: =IF(ISERROR($BP26/BR26),"-",$BP26/BR26) -> - | BP26: =('假日(17-19)'!$T$97+'假日(17-19)'!$T$116+'假日(17-19)'!$T$135+'假日(17-19)'!$T$154)*15 -> 0 | BQ26: ='假日(17-19)'!$X$97+'假日(17-19)'!$X$116+'假日(17-19)'!$X$135+'假日(17-19)'!$X$154 -> 0 | BR26: ='假日(17-19)'!$Z$97+'假日(17-19)'!$Z$116+'假日(17-19)'!$Z$135+'假日(17-19)'!$Z$154 -> 0 | BT26: 17:15~18:15 | BU26: =IF(ISERROR($BW26/BX26),"-",$BW26/BX26) -> - | BV26: =IF(ISERROR($BW26/BY26),"-",$BW26/BY26) -> - | BW26: =('假日(16-20)'!$K$116+'假日(16-20)'!$K$135+'假日(16-20)'!$K$154+'假日(16-20)'!$K$173)*15 -> 0 | BX26: ='假日(16-20)'!$O$116+'假日(16-20)'!$O$135+'假日(16-20)'!$O$154+'假日(16-20)'!$O$173 -> 0 | BY26: ='假日(16-20)'!$Q$116+'假日(16-20)'!$Q$135+'假日(16-20)'!$Q$154+'假日(16-20)'!$Q$173 -> 0
B27: =CONCATENATE(基本資料!$D$18,"方向","平均延滯") -> C方向平均延滯 | C27: =IF(ISERROR(VLOOKUP($F$45,B22:C26,2,1)),"-",VLOOKUP($F$45,B22:C26,2,1)) -> - | I27: =CONCATENATE(基本資料!$D$18,"方向","平均延滯") -> C方向平均延滯 | J27: =IF(ISERROR(VLOOKUP($M$45,I22:J26,2,1)),"-",VLOOKUP($M$45,I22:J26,2,1)) -> - | P27: =CONCATENATE(基本資料!$D$18,"方向","平均延滯") -> C方向平均延滯 | Q27: =IF(ISERROR(VLOOKUP($T$45,P22:Q26,2,1)),"-",VLOOKUP($T$45,P22:Q26,2,1)) -> - | W27: =CONCATENATE(基本資料!$D$18,"方向","平均延滯") -> C方向平均延滯 | X27: =IF(ISERROR(VLOOKUP($AA$45,W22:X26,2,1)),"-",VLOOKUP($AA$45,W22:X26,2,1)) -> - | AD27: =CONCATENATE(基本資料!$D$18,"方向","平均延滯") -> C方向平均延滯 | AE27: =IF(ISERROR(VLOOKUP($AH$45,AD22:AE26,2,1)),"-",VLOOKUP($AH$45,AD22:AE26,2,1)) -> - | AK27: =CONCATENATE(基本資料!$D$18,"方向","平均延滯") -> C方向平均延滯 | AL27: =IF(ISERROR(VLOOKUP($AO$45,AK22:AL26,2,1)),"-",VLOOKUP($AO$45,AK22:AL26,2,1)) -> - | AR27: =CONCATENATE(基本資料!$D$18,"方向","平均延滯") -> C方向平均延滯 | AS27: =IF(ISERROR(VLOOKUP($AV$45,AR22:AS26,2,1)),"-",VLOOKUP($AV$45,AR22:AS26,2,1)) -> - | AY27: =CONCATENATE(基本資料!$D$18,"方向","平均延滯") -> C方向平均延滯 | AZ27: =IF(ISERROR(VLOOKUP($BC$45,AY22:AZ26,2,1)),"-",VLOOKUP($BC$45,AY22:AZ26,2,1)) -> - | BF27: =CONCATENATE(基本資料!$D$18,"方向","平均延滯") -> C方向平均延滯 | BG27: =IF(ISERROR(VLOOKUP($BJ$45,BF22:BG26,2,1)),"-",VLOOKUP($BJ$45,BF22:BG26,2,1)) -> - | BM27: =CONCATENATE(基本資料!$D$18,"方向","平均延滯") -> C方向平均延滯 | BN27: =IF(ISERROR(VLOOKUP($BQ$45,BM22:BN26,2,1)),"-",VLOOKUP($BQ$45,BM22:BN26,2,1)) -> - | BT27: 17:30~18:30 | BU27: =IF(ISERROR($BW27/BX27),"-",$BW27/BX27) -> - | BV27: =IF(ISERROR($BW27/BY27),"-",$BW27/BY27) -> - | BW27: =('假日(16-20)'!$K$135+'假日(16-20)'!$K$154+'假日(16-20)'!$K$173+'假日(16-20)'!$K$192)*15 -> 0 | BX27: ='假日(16-20)'!$O$135+'假日(16-20)'!$O$154+'假日(16-20)'!$O$173+'假日(16-20)'!$O$192 -> 0 | BY27: ='假日(16-20)'!$Q$135+'假日(16-20)'!$Q$154+'假日(16-20)'!$Q$173+'假日(16-20)'!$Q$192 -> 0
B28: =CONCATENATE(基本資料!$D$18,"方向","平均停等車輛延滯") -> C方向平均停等車輛延滯 | D28: =IF(ISERROR(VLOOKUP($F$46,B22:D26,3,1)),"-",VLOOKUP($F$46,B22:D26,3,1)) -> - | I28: =CONCATENATE(基本資料!$D$18,"方向","平均停等車輛延滯") -> C方向平均停等車輛延滯 | K28: =IF(ISERROR(VLOOKUP($M$46,I22:K26,3,1)),"-",VLOOKUP($M$46,I22:K26,3,1)) -> - | P28: =CONCATENATE(基本資料!$D$18,"方向","平均停等車輛延滯") -> C方向平均停等車輛延滯 | R28: =IF(ISERROR(VLOOKUP($T$46,P22:R26,3,1)),"-",VLOOKUP($T$46,P22:R26,3,1)) -> - | W28: =CONCATENATE(基本資料!$D$18,"方向","平均停等車輛延滯") -> C方向平均停等車輛延滯 | Y28: =IF(ISERROR(VLOOKUP($AA$46,W22:Y26,3,1)),"-",VLOOKUP($AA$46,W22:Y26,3,1)) -> - | AD28: =CONCATENATE(基本資料!$D$18,"方向","平均停等車輛延滯") -> C方向平均停等車輛延滯 | AF28: =IF(ISERROR(VLOOKUP($AH$46,AD22:AF26,3,1)),"-",VLOOKUP($AH$46,AD22:AF26,3,1)) -> - | AK28: =CONCATENATE(基本資料!$D$18,"方向","平均停等車輛延滯") -> C方向平均停等車輛延滯 | AM28: =IF(ISERROR(VLOOKUP($AO$46,AK22:AM26,3,1)),"-",VLOOKUP($AO$46,AK22:AM26,3,1)) -> - | AR28: =CONCATENATE(基本資料!$D$18,"方向","平均停等車輛延滯") -> C方向平均停等車輛延滯 | AT28: =IF(ISERROR(VLOOKUP($AV$46,AR22:AT26,3,1)),"-",VLOOKUP($AV$46,AR22:AT26,3,1)) -> - | AY28: =CONCATENATE(基本資料!$D$18,"方向","平均停等車輛延滯") -> C方向平均停等車輛延滯 | BA28: =IF(ISERROR(VLOOKUP($BC$46,AY22:BA26,3,1)),"-",VLOOKUP($BC$46,AY22:BA26,3,1)) -> - | BF28: =CONCATENATE(基本資料!$D$18,"方向","平均停等車輛延滯") -> C方向平均停等車輛延滯 | BH28: =IF(ISERROR(VLOOKUP($BJ$46,BF22:BH26,3,1)),"-",VLOOKUP($BJ$46,BF22:BH26,3,1)) -> - | BM28: =CONCATENATE(基本資料!$D$18,"方向","平均停等車輛延滯") -> C方向平均停等車輛延滯 | BO28: =IF(ISERROR(VLOOKUP($BQ$46,BM22:BO26,3,1)),"-",VLOOKUP($BQ$46,BM22:BO26,3,1)) -> - | BT28: 17:45~18:45 | BU28: =IF(ISERROR($BW28/BX28),"-",$BW28/BX28) -> - | BV28: =IF(ISERROR($BW28/BY28),"-",$BW28/BY28) -> - | BW28: =('假日(16-20)'!$K$154+'假日(16-20)'!$K$173+'假日(16-20)'!$K$192+'假日(16-20)'!$K$211)*15 -> 0 | BX28: ='假日(16-20)'!$O$154+'假日(16-20)'!$O$173+'假日(16-20)'!$O$192+'假日(16-20)'!$O$211 -> 0 | BY28: ='假日(16-20)'!$Q$154+'假日(16-20)'!$Q$173+'假日(16-20)'!$Q$192+'假日(16-20)'!$Q$211 -> 0
B29: ='平日晨峰(07-09)'!$AB$2 -> D方向： | I29: ='平日晨峰(07-09)'!$AB$2 -> D方向： | P29: ='平日中午(11-13)'!$AB$2 -> D方向： | W29: ='平日中午(11-13)'!$AB$2 -> D方向： | AD29: ='平日昏峰(17-19)'!$AB$2 -> D方向： | AK29: ='假日(11-12)'!$AB$2 -> D方向： | AR29: ='假日(1430-1530)'!$AB$2 -> D方向： | AY29: ='假日(1730-1830)'!$AB$2 -> D方向： | BF29: ='假日(16-18)'!$AB$2 -> D方向： | BM29: ='假日(17-19)'!$AB$2 -> D方向： | BT29: 18:00~19:00 | BU29: =IF(ISERROR($BW29/BX29),"-",$BW29/BX29) -> - | BV29: =IF(ISERROR($BW29/BY29),"-",$BW29/BY29) -> - | BW29: =('假日(16-20)'!$K$173+'假日(16-20)'!$K$192+'假日(16-20)'!$K$211+'假日(16-20)'!$K$230)*15 -> 0 | BX29: ='假日(16-20)'!$O$173+'假日(16-20)'!$O$192+'假日(16-20)'!$O$211+'假日(16-20)'!$O$230 -> 0 | BY29: ='假日(16-20)'!$Q$173+'假日(16-20)'!$Q$192+'假日(16-20)'!$Q$211+'假日(16-20)'!$Q$230 -> 0
B30: 時間 | C30: 平均延滯 | D30: 平均停等延滯 | E30: 總延滯 | F30: 車輛總數 | G30: 停等車輛數 | I30: 時間 | J30: 平均延滯 | K30: 平均停等延滯 | L30: 總延滯 | M30: 車輛總數 | N30: 停等車輛數 | P30: 時間 | Q30: 平均延滯 | R30: 平均停等延滯 | S30: 總延滯 | T30: 車輛總數 | U30: 停等車輛數 | W30: 時間 | X30: 平均延滯 | Y30: 平均停等延滯 | Z30: 總延滯 | AA30: 車輛總數 | AB30: 停等車輛數 | AD30: 時間 | AE30: 平均延滯 | AF30: 平均停等延滯 | AG30: 總延滯 | AH30: 車輛總數 | AI30: 停等車輛數 | AK30: 時間 | AL30: 平均延滯 | AM30: 平均停等延滯 | AN30: 總延滯 | AO30: 車輛總數 | AP30: 停等車輛數 | AR30: 時間 | AS30: 平均延滯 | AT30: 平均停等延滯 | AU30: 總延滯 | AV30: 車輛總數 | AW30: 停等車輛數 | AY30: 時間 | AZ30: 平均延滯 | BA30: 平均停等延滯 | BB30: 總延滯 | BC30: 車輛總數 | BD30: 停等車輛數 | BF30: 時間 | BG30: 平均延滯 | BH30: 平均停等延滯 | BI30: 總延滯 | BJ30: 車輛總數 | BK30: 停等車輛數 | BM30: 時間 | BN30: 平均延滯 | BO30: 平均停等延滯 | BP30: 總延滯 | BQ30: 車輛總數 | BR30: 停等車輛數 | BT30: 18:15~19:15 | BU30: =IF(ISERROR($BW30/BX30),"-",$BW30/BX30) -> - | BV30: =IF(ISERROR($BW30/BY30),"-",$BW30/BY30) -> - | BW30: =('假日(16-20)'!$K$192+'假日(16-20)'!$K$211+'假日(16-20)'!$K$230+'假日(16-20)'!$K$249)*15 -> 0 | BX30: ='假日(16-20)'!$O$192+'假日(16-20)'!$O$211+'假日(16-20)'!$O$230+'假日(16-20)'!$O$249 -> 0 | BY30: ='假日(16-20)'!$Q$192+'假日(16-20)'!$Q$211+'假日(16-20)'!$Q$230+'假日(16-20)'!$Q$249 -> 0
B31: 06:30~07:30 | C31: =IF(ISERROR($E31/F31),"-",$E31/F31) -> - | D31: =IF(ISERROR($E31/G31),"-",$E31/G31) -> - | E31: =('平日晨峰(0630-0830)'!$AC$21+'平日晨峰(0630-0830)'!$AC$40+'平日晨峰(0630-0830)'!$AC$59+'平日晨峰(0630-0830)'!$AC$78)*15 -> 0 | F31: ='平日晨峰(0630-0830)'!$AG$21+'平日晨峰(0630-0830)'!$AG$40+'平日晨峰(0630-0830)'!$AG$59+'平日晨峰(0630-0830)'!$AG$78 -> 0 | G31: ='平日晨峰(0630-0830)'!$AI$21+'平日晨峰(0630-0830)'!$AI$40+'平日晨峰(0630-0830)'!$AI$59+'平日晨峰(0630-0830)'!$AI$78 -> 0 | I31: =$I$4 -> 07:00~08:00 | J31: =IF(ISERROR($L31/M31),"-",$L31/M31) -> - | K31: =IF(ISERROR($L31/N31),"-",$L31/N31) -> - | L31: =('平日晨峰(07-09)'!$AC$21+'平日晨峰(07-09)'!$AC$40+'平日晨峰(07-09)'!$AC$59+'平日晨峰(07-09)'!$AC$78)*15 -> 0 | M31: ='平日晨峰(07-09)'!$AG$21+'平日晨峰(07-09)'!$AG$40+'平日晨峰(07-09)'!$AG$59+'平日晨峰(07-09)'!$AG$78 -> 0 | N31: ='平日晨峰(07-09)'!$AI$21+'平日晨峰(07-09)'!$AI$40+'平日晨峰(07-09)'!$AI$59+'平日晨峰(07-09)'!$AI$78 -> 0 | P31: =P22 -> 11:00~12:00 | Q31: =IF(ISERROR($S31/T31),"-",$S31/T31) -> - | R31: =IF(ISERROR($T31/U31),"-",$T31/U31) -> - | S31: =('平日中午(11-13)'!$AC$21+'平日中午(11-13)'!$AC$40+'平日中午(11-13)'!$AC$59+'平日中午(11-13)'!$AC$78)*15 -> 0 | T31: ='平日中午(11-13)'!$AG$21+'平日中午(11-13)'!$AG$40+'平日中午(11-13)'!$AG$59+'平日中午(11-13)'!$AG$78 -> 0 | U31: ='平日中午(11-13)'!$AI$21+'平日中午(11-13)'!$AI$40+'平日中午(11-13)'!$AI$59+'平日中午(11-13)'!$AI$78 -> 0 | W31: =W22 -> 1200~13:00 | X31: =IF(ISERROR($Z31/AA31),"-",$Z31/AA31) -> - | Y31: =IF(ISERROR($Z31/AB31),"-",$Z31/AB31) -> - | Z31: =('平日中午(12-14)'!$AC$21+'平日中午(12-14)'!$AC$40+'平日中午(12-14)'!$AC$59+'平日中午(12-14)'!$AC$78)*15 -> 0 | AA31: ='平日中午(12-14)'!$AG$21+'平日中午(12-14)'!$AG$40+'平日中午(12-14)'!$AG$59+'平日中午(12-14)'!$AG$78 -> 0 | AB31: ='平日中午(12-14)'!$AI$21+'平日中午(12-14)'!$AI$40+'平日中午(12-14)'!$AI$59+'平日中午(12-14)'!$AI$78 -> 0 | AD31: =$AD$4 -> 17:00~18:00 | AE31: =IF(ISERROR($AG31/AH31),"-",$AG31/AH31) -> - | AF31: =IF(ISERROR($AG31/AI31),"-",$AG31/AI31) -> - | AG31: =('平日昏峰(17-19)'!$AC$21+'平日昏峰(17-19)'!$AC$40+'平日昏峰(17-19)'!$AC$59+'平日昏峰(17-19)'!$AC$78)*15 -> 0 | AH31: ='平日昏峰(17-19)'!$AG$21+'平日昏峰(17-19)'!$AG$40+'平日昏峰(17-19)'!$AG$59+'平日昏峰(17-19)'!$AG$78 -> 0 | AI31: ='平日昏峰(17-19)'!$AI$21+'平日昏峰(17-19)'!$AI$40+'平日昏峰(17-19)'!$AI$59+'平日昏峰(17-19)'!$AI$78 -> 0 | AK31: =$AK$4 -> 11:00~12:00 | AL31: =IF(ISERROR($AN31/AO31),"-",$AN31/AO31) -> - | AM31: =IF(ISERROR($AN31/AP31),"-",$AN31/AP31) -> - | AN31: =('假日(11-12)'!$AC$21+'假日(11-12)'!$AC$40+'假日(11-12)'!$AC$59+'假日(11-12)'!$AC$78)*15 -> 0 | AO31: ='假日(11-12)'!$AG$21+'假日(11-12)'!$AG$40+'假日(11-12)'!$AG$59+'假日(11-12)'!$AG$78 -> 0 | AP31: ='假日(11-12)'!$AI$21+'假日(11-12)'!$AI$40+'假日(11-12)'!$AI$59+'假日(11-12)'!$AI$78 -> 0 | AR31: =$AR$4 -> 14:30~15:30 | AS31: =IF(ISERROR($AU31/AV31),"-",$AU31/AV31) -> - | AT31: =IF(ISERROR($AU31/AW31),"-",$AU31/AW31) -> - | AU31: =('假日(1430-1530)'!$AC$21+'假日(1430-1530)'!$AC$40+'假日(1430-1530)'!$AC$59+'假日(1430-1530)'!$AC$78)*15 -> 0 | AV31: ='假日(1430-1530)'!$AG$21+'假日(1430-1530)'!$AG$40+'假日(1430-1530)'!$AG$59+'假日(1430-1530)'!$AG$78 -> 0 | AW31: ='假日(1430-1530)'!$AI$21+'假日(1430-1530)'!$AI$40+'假日(1430-1530)'!$AI$59+'假日(1430-1530)'!$AI$78 -> 0 | AY31: =AY22 -> 17:30~18:30 | AZ31: =IF(ISERROR($BB31/BC31),"-",$BB31/BC31) -> - | BA31: =IF(ISERROR($BB31/BD31),"-",$BB31/BD31) -> - | BB31: =('假日(1730-1830)'!$AC$21+'假日(1730-1830)'!$AC$40+'假日(1730-1830)'!$AC$59+'假日(1730-1830)'!$AC$78)*15 -> 0 | BC31: ='假日(1730-1830)'!$AG$21+'假日(1730-1830)'!$AG$40+'假日(1730-1830)'!$AG$59+'假日(1730-1830)'!$AG$78 -> 0 | BD31: ='假日(1730-1830)'!$AI$21+'假日(1730-1830)'!$AI$40+'假日(1730-1830)'!$AI$59+'假日(1730-1830)'!$AI$78 -> 0 | BF31: =BF22 -> 16:00~17:00 | BG31: =IF(ISERROR($BI31/BJ31),"-",$BI31/BJ31) -> - | BH31: =IF(ISERROR($BI31/BK31),"-",$BI31/BK31) -> - | BI31: =('假日(16-18)'!$AC$21+'假日(16-18)'!$AC$40+'假日(16-18)'!$AC$59+'假日(16-18)'!$AC$78)*15 -> 0 | BJ31: ='假日(16-18)'!$AG$21+'假日(16-18)'!$AG$40+'假日(16-18)'!$AG$59+'假日(16-18)'!$AG$78 -> 0 | BK31: ='假日(16-18)'!$AI$21+'假日(16-18)'!$AI$40+'假日(16-18)'!$AI$59+'假日(16-18)'!$AI$78 -> 0 | BM31: =BM22 -> 17:00~18:00 | BN31: =IF(ISERROR($BP31/BQ31),"-",$BP31/BQ31) -> - | BO31: =IF(ISERROR($BP31/BR31),"-",$BP31/BR31) -> - | BP31: =('假日(17-19)'!$AC$21+'假日(17-19)'!$AC$40+'假日(17-19)'!$AC$59+'假日(17-19)'!$AC$78)*15 -> 0 | BQ31: ='假日(17-19)'!$AG$21+'假日(17-19)'!$AG$40+'假日(17-19)'!$AG$59+'假日(17-19)'!$AG$78 -> 0 | BR31: ='假日(17-19)'!$AI$21+'假日(17-19)'!$AI$40+'假日(17-19)'!$AI$59+'假日(17-19)'!$AI$78 -> 0 | BT31: 18:30~19:30 | BU31: =IF(ISERROR($BW31/BX31),"-",$BW31/BX31) -> - | BV31: =IF(ISERROR($BW31/BY31),"-",$BW31/BY31) -> - | BW31: =('假日(16-20)'!$K$211+'假日(16-20)'!$K$230+'假日(16-20)'!$K$249+'假日(16-20)'!$K$268)*15 -> 0 | BX31: ='假日(16-20)'!$O$211+'假日(16-20)'!$O$230+'假日(16-20)'!$O$249+'假日(16-20)'!$O$268 -> 0 | BY31: ='假日(16-20)'!$Q$211+'假日(16-20)'!$Q$230+'假日(16-20)'!$Q$249+'假日(16-20)'!$Q$268 -> 0
B32: 06:45~07:45 | C32: =IF(ISERROR($E32/F32),"-",$E32/F32) -> - | D32: =IF(ISERROR($E32/G32),"-",$E32/G32) -> - | E32: =('平日晨峰(0630-0830)'!$AC$40+'平日晨峰(0630-0830)'!$AC$59+'平日晨峰(0630-0830)'!$AC$78+'平日晨峰(0630-0830)'!$AC$97)*15 -> 0 | F32: ='平日晨峰(0630-0830)'!$AG$40+'平日晨峰(0630-0830)'!$AG$59+'平日晨峰(0630-0830)'!$AG$78+'平日晨峰(0630-0830)'!$AG$97 -> 0 | G32: ='平日晨峰(0630-0830)'!$AI$40+'平日晨峰(0630-0830)'!$AI$59+'平日晨峰(0630-0830)'!$AI$78+'平日晨峰(0630-0830)'!$AI$97 -> 0 | I32: =$I$5 -> 07:15~08:15 | J32: =IF(ISERROR($L32/M32),"-",$L32/M32) -> - | K32: =IF(ISERROR($L32/N32),"-",$L32/N32) -> - | L32: =('平日晨峰(07-09)'!$AC$40+'平日晨峰(07-09)'!$AC$59+'平日晨峰(07-09)'!$AC$78+'平日晨峰(07-09)'!$AC$97)*15 -> 0 | M32: ='平日晨峰(07-09)'!$AG$40+'平日晨峰(07-09)'!$AG$59+'平日晨峰(07-09)'!$AG$78+'平日晨峰(07-09)'!$AG$97 -> 0 | N32: ='平日晨峰(07-09)'!$AI$40+'平日晨峰(07-09)'!$AI$59+'平日晨峰(07-09)'!$AI$78+'平日晨峰(07-09)'!$AI$97 -> 0 | P32: =P23 -> 11:15~12:15 | Q32: =IF(ISERROR($S32/T32),"-",$S32/T32) -> - | R32: =IF(ISERROR($T32/U32),"-",$T32/U32) -> - | S32: =('平日中午(11-13)'!$AC$40+'平日中午(11-13)'!$AC$59+'平日中午(11-13)'!$AC$78+'平日中午(11-13)'!$AC$97)*15 -> 0 | T32: ='平日中午(11-13)'!$AG$40+'平日中午(11-13)'!$AG$59+'平日中午(11-13)'!$AG$78+'平日中午(11-13)'!$AG$97 -> 0 | U32: ='平日中午(11-13)'!$AI$40+'平日中午(11-13)'!$AI$59+'平日中午(11-13)'!$AI$78+'平日中午(11-13)'!$AI$97 -> 0 | W32: =W23 -> 12:15~13:15 | X32: =IF(ISERROR($Z32/AA32),"-",$Z32/AA32) -> - | Y32: =IF(ISERROR($Z32/AB32),"-",$Z32/AB32) -> - | Z32: =('平日中午(12-14)'!$AC$40+'平日中午(12-14)'!$AC$59+'平日中午(12-14)'!$AC$78+'平日中午(12-14)'!$AC$97)*15 -> 0 | AA32: ='平日中午(12-14)'!$AG$40+'平日中午(12-14)'!$AG$59+'平日中午(12-14)'!$AG$78+'平日中午(12-14)'!$AG$97 -> 0 | AB32: ='平日中午(12-14)'!$AI$40+'平日中午(12-14)'!$AI$59+'平日中午(12-14)'!$AI$78+'平日中午(12-14)'!$AI$97 -> 0 | AD32: =$AD$5 -> 17:15~18:15 | AE32: =IF(ISERROR($AG32/AH32),"-",$AG32/AH32) -> - | AF32: =IF(ISERROR($AG32/AI32),"-",$AG32/AI32) -> - | AG32: =('平日昏峰(17-19)'!$AC$40+'平日昏峰(17-19)'!$AC$59+'平日昏峰(17-19)'!$AC$78+'平日昏峰(17-19)'!$AC$97)*15 -> 0 | AH32: ='平日昏峰(17-19)'!$AG$40+'平日昏峰(17-19)'!$AG$59+'平日昏峰(17-19)'!$AG$78+'平日昏峰(17-19)'!$AG$97 -> 0 | AI32: ='平日昏峰(17-19)'!$AI$40+'平日昏峰(17-19)'!$AI$59+'平日昏峰(17-19)'!$AI$78+'平日昏峰(17-19)'!$AI$97 -> 0 | AK32: =$AK$5 -> 0 | AL32: =IF(ISERROR($AN32/AO32),"-",$AN32/AO32) -> - | AM32: =IF(ISERROR($AN32/AP32),"-",$AN32/AP32) -> - | AR32: =$AR$5 -> 0 | AS32: =IF(ISERROR($AU32/AV32),"-",$AU32/AV32) -> - | AT32: =IF(ISERROR($AU32/AW32),"-",$AU32/AW32) -> - | AY32: =AY23 -> 0 | AZ32: =IF(ISERROR($BB32/BC32),"-",$BB32/BC32) -> - | BA32: =IF(ISERROR($BB32/BD32),"-",$BB32/BD32) -> - | BF32: =BF23 -> 16:15~17:15 | BG32: =IF(ISERROR($BI32/BJ32),"-",$BI32/BJ32) -> - | BH32: =IF(ISERROR($BI32/BK32),"-",$BI32/BK32) -> - | BI32: =('假日(16-18)'!$AC$40+'假日(16-18)'!$AC$59+'假日(16-18)'!$AC$78+'假日(16-18)'!$AC$97)*15 -> 0 | BJ32: ='假日(16-18)'!$AG$40+'假日(16-18)'!$AG$59+'假日(16-18)'!$AG$78+'假日(16-18)'!$AG$97 -> 0 | BK32: ='假日(16-18)'!$AI$40+'假日(16-18)'!$AI$59+'假日(16-18)'!$AI$78+'假日(16-18)'!$AI$97 -> 0 | BM32: =BM23 -> 17:15~18:15 | BN32: =IF(ISERROR($BP32/BQ32),"-",$BP32/BQ32) -> - | BO32: =IF(ISERROR($BP32/BR32),"-",$BP32/BR32) -> - | BP32: =('假日(17-19)'!$AC$40+'假日(17-19)'!$AC$59+'假日(17-19)'!$AC$78+'假日(17-19)'!$AC$97)*15 -> 0 | BQ32: ='假日(17-19)'!$AG$40+'假日(17-19)'!$AG$59+'假日(17-19)'!$AG$78+'假日(17-19)'!$AG$97 -> 0 | BR32: ='假日(17-19)'!$AI$40+'假日(17-19)'!$AI$59+'假日(17-19)'!$AI$78+'假日(17-19)'!$AI$97 -> 0 | BT32: 18:45~19:45 | BU32: =IF(ISERROR($BW32/BX32),"-",$BW32/BX32) -> - | BV32: =IF(ISERROR($BW32/BY32),"-",$BW32/BY32) -> - | BW32: =('假日(16-20)'!$K$230+'假日(16-20)'!$K$249+'假日(16-20)'!$K$268+'假日(16-20)'!$K$287)*15 -> 0 | BX32: ='假日(16-20)'!$O$230+'假日(16-20)'!$O$249+'假日(16-20)'!$O$268+'假日(16-20)'!$O$287 -> 0 | BY32: ='假日(16-20)'!$Q$230+'假日(16-20)'!$Q$249+'假日(16-20)'!$Q$268+'假日(16-20)'!$Q$287 -> 0
B33: 07:00~08:00 | C33: =IF(ISERROR($E33/F33),"-",$E33/F33) -> - | D33: =IF(ISERROR($E33/G33),"-",$E33/G33) -> - | E33: =('平日晨峰(0630-0830)'!$AC$59+'平日晨峰(0630-0830)'!$AC$78+'平日晨峰(0630-0830)'!$AC$97+'平日晨峰(0630-0830)'!$AC$116)*15 -> 0 | F33: ='平日晨峰(0630-0830)'!$AG$59+'平日晨峰(0630-0830)'!$AG$78+'平日晨峰(0630-0830)'!$AG$97+'平日晨峰(0630-0830)'!$AG$116 -> 0 | G33: ='平日晨峰(0630-0830)'!$AI$59+'平日晨峰(0630-0830)'!$AI$78+'平日晨峰(0630-0830)'!$AI$97+'平日晨峰(0630-0830)'!$AI$116 -> 0 | I33: =$I$6 -> 07:30~08:30 | J33: =IF(ISERROR($L33/M33),"-",$L33/M33) -> - | K33: =IF(ISERROR($L33/N33),"-",$L33/N33) -> - | L33: =('平日晨峰(07-09)'!$AC$59+'平日晨峰(07-09)'!$AC$78+'平日晨峰(07-09)'!$AC$97+'平日晨峰(07-09)'!$AC$116)*15 -> 0 | M33: ='平日晨峰(07-09)'!$AG$59+'平日晨峰(07-09)'!$AG$78+'平日晨峰(07-09)'!$AG$97+'平日晨峰(07-09)'!$AG$116 -> 0 | N33: ='平日晨峰(07-09)'!$AI$59+'平日晨峰(07-09)'!$AI$78+'平日晨峰(07-09)'!$AI$97+'平日晨峰(07-09)'!$AI$116 -> 0 | P33: =P24 -> 11:30~12:30 | Q33: =IF(ISERROR($S33/T33),"-",$S33/T33) -> - | R33: =IF(ISERROR($T33/U33),"-",$T33/U33) -> - | S33: =('平日中午(11-13)'!$AC$59+'平日中午(11-13)'!$AC$78+'平日中午(11-13)'!$AC$97+'平日中午(11-13)'!$AC$116)*15 -> 0 | T33: ='平日中午(11-13)'!$AG$59+'平日中午(11-13)'!$AG$78+'平日中午(11-13)'!$AG$97+'平日中午(11-13)'!$AG$116 -> 0 | U33: ='平日中午(11-13)'!$AI$59+'平日中午(11-13)'!$AI$78+'平日中午(11-13)'!$AI$97+'平日中午(11-13)'!$AI$116 -> 0 | W33: =W24 -> 12:30~13:30 | X33: =IF(ISERROR($Z33/AA33),"-",$Z33/AA33) -> - | Y33: =IF(ISERROR($Z33/AB33),"-",$Z33/AB33) -> - | Z33: =('平日中午(12-14)'!$AC$59+'平日中午(12-14)'!$AC$78+'平日中午(12-14)'!$AC$97+'平日中午(12-14)'!$AC$116)*15 -> 0 | AA33: ='平日中午(12-14)'!$AG$59+'平日中午(12-14)'!$AG$78+'平日中午(12-14)'!$AG$97+'平日中午(12-14)'!$AG$116 -> 0 | AB33: ='平日中午(12-14)'!$AI$59+'平日中午(12-14)'!$AI$78+'平日中午(12-14)'!$AI$97+'平日中午(12-14)'!$AI$116 -> 0 | AD33: =$AD$6 -> 17:30~18:30 | AE33: =IF(ISERROR($AG33/AH33),"-",$AG33/AH33) -> - | AF33: =IF(ISERROR($AG33/AI33),"-",$AG33/AI33) -> - | AG33: =('平日昏峰(17-19)'!$AC$59+'平日昏峰(17-19)'!$AC$78+'平日昏峰(17-19)'!$AC$97+'平日昏峰(17-19)'!$AC$116)*15 -> 0 | AH33: ='平日昏峰(17-19)'!$AG$59+'平日昏峰(17-19)'!$AG$78+'平日昏峰(17-19)'!$AG$97+'平日昏峰(17-19)'!$AG$116 -> 0 | AI33: ='平日昏峰(17-19)'!$AI$59+'平日昏峰(17-19)'!$AI$78+'平日昏峰(17-19)'!$AI$97+'平日昏峰(17-19)'!$AI$116 -> 0 | AK33: =$AK$6 -> 0 | AL33: =IF(ISERROR($AN33/AO33),"-",$AN33/AO33) -> - | AM33: =IF(ISERROR($AN33/AP33),"-",$AN33/AP33) -> - | AR33: =$AR$6 -> 0 | AS33: =IF(ISERROR($AU33/AV33),"-",$AU33/AV33) -> - | AT33: =IF(ISERROR($AU33/AW33),"-",$AU33/AW33) -> - | AY33: =AY24 -> 0 | AZ33: =IF(ISERROR($BB33/BC33),"-",$BB33/BC33) -> - | BA33: =IF(ISERROR($BB33/BD33),"-",$BB33/BD33) -> - | BF33: =BF24 -> 16:30~17:30 | BG33: =IF(ISERROR($BI33/BJ33),"-",$BI33/BJ33) -> - | BH33: =IF(ISERROR($BI33/BK33),"-",$BI33/BK33) -> - | BI33: =('假日(16-18)'!$AC$59+'假日(16-18)'!$AC$78+'假日(16-18)'!$AC$97+'假日(16-18)'!$AC$116)*15 -> 0 | BJ33: ='假日(16-18)'!$AG$59+'假日(16-18)'!$AG$78+'假日(16-18)'!$AG$97+'假日(16-18)'!$AG$116 -> 0 | BK33: ='假日(16-18)'!$AI$59+'假日(16-18)'!$AI$78+'假日(16-18)'!$AI$97+'假日(16-18)'!$AI$116 -> 0 | BM33: =BM24 -> 17:30~18:30 | BN33: =IF(ISERROR($BP33/BQ33),"-",$BP33/BQ33) -> - | BO33: =IF(ISERROR($BP33/BR33),"-",$BP33/BR33) -> - | BP33: =('假日(17-19)'!$AC$59+'假日(17-19)'!$AC$78+'假日(17-19)'!$AC$97+'假日(17-19)'!$AC$116)*15 -> 0 | BQ33: ='假日(17-19)'!$AG$59+'假日(17-19)'!$AG$78+'假日(17-19)'!$AG$97+'假日(17-19)'!$AG$116 -> 0 | BR33: ='假日(17-19)'!$AI$59+'假日(17-19)'!$AI$78+'假日(17-19)'!$AI$97+'假日(17-19)'!$AI$116 -> 0 | BT33: 19:00~20:00 | BU33: =IF(ISERROR($BW33/BX33),"-",$BW33/BX33) -> - | BV33: =IF(ISERROR($BW33/BY33),"-",$BW33/BY33) -> - | BW33: =('假日(16-20)'!$K$249+'假日(16-20)'!$K$268+'假日(16-20)'!$K$287+'假日(16-20)'!$K$306)*15 -> 0 | BX33: ='假日(16-20)'!$O$249+'假日(16-20)'!$O$268+'假日(16-20)'!$O$287+'假日(16-20)'!$O$306 -> 0 | BY33: ='假日(16-20)'!$Q$249+'假日(16-20)'!$Q$268+'假日(16-20)'!$Q$287+'假日(16-20)'!$Q$306 -> 0
B34: 07:15~08:15 | C34: =IF(ISERROR($E34/F34),"-",$E34/F34) -> - | D34: =IF(ISERROR($E34/G34),"-",$E34/G34) -> - | E34: =('平日晨峰(0630-0830)'!$AC$78+'平日晨峰(0630-0830)'!$AC$97+'平日晨峰(0630-0830)'!$AC$116+'平日晨峰(0630-0830)'!$AC$135)*15 -> 0 | F34: ='平日晨峰(0630-0830)'!$AG$78+'平日晨峰(0630-0830)'!$AG$97+'平日晨峰(0630-0830)'!$AG$116+'平日晨峰(0630-0830)'!$AG$135 -> 0 | G34: ='平日晨峰(0630-0830)'!$AI$78+'平日晨峰(0630-0830)'!$AI$97+'平日晨峰(0630-0830)'!$AI$116+'平日晨峰(0630-0830)'!$AI$135 -> 0 | I34: =$I$7 -> 07:45~08:45 | J34: =IF(ISERROR($L34/M34),"-",$L34/M34) -> - | K34: =IF(ISERROR($L34/N34),"-",$L34/N34) -> - | L34: =('平日晨峰(07-09)'!$AC$78+'平日晨峰(07-09)'!$AC$97+'平日晨峰(07-09)'!$AC$116+'平日晨峰(07-09)'!$AC$135)*15 -> 0 | M34: ='平日晨峰(07-09)'!$AG$78+'平日晨峰(07-09)'!$AG$97+'平日晨峰(07-09)'!$AG$116+'平日晨峰(07-09)'!$AG$135 -> 0 | N34: ='平日晨峰(07-09)'!$AI$78+'平日晨峰(07-09)'!$AI$97+'平日晨峰(07-09)'!$AI$116+'平日晨峰(07-09)'!$AI$135 -> 0 | P34: =P25 -> 11:45~12:45 | Q34: =IF(ISERROR($S34/T34),"-",$S34/T34) -> - | R34: =IF(ISERROR($T34/U34),"-",$T34/U34) -> - | S34: =('平日中午(11-13)'!$AC$78+'平日中午(11-13)'!$AC$97+'平日中午(11-13)'!$AC$116+'平日中午(11-13)'!$AC$135)*15 -> 0 | T34: ='平日中午(11-13)'!$AG$78+'平日中午(11-13)'!$AG$97+'平日中午(11-13)'!$AG$116+'平日中午(11-13)'!$AG$135 -> 0 | U34: ='平日中午(11-13)'!$AI$78+'平日中午(11-13)'!$AI$97+'平日中午(11-13)'!$AI$116+'平日中午(11-13)'!$AI$135 -> 0 | W34: =W25 -> 12:45~13:45 | X34: =IF(ISERROR($Z34/AA34),"-",$Z34/AA34) -> - | Y34: =IF(ISERROR($Z34/AB34),"-",$Z34/AB34) -> - | Z34: =('平日中午(12-14)'!$AC$78+'平日中午(12-14)'!$AC$97+'平日中午(12-14)'!$AC$116+'平日中午(12-14)'!$AC$135)*15 -> 0 | AA34: ='平日中午(12-14)'!$AG$78+'平日中午(12-14)'!$AG$97+'平日中午(12-14)'!$AG$116+'平日中午(12-14)'!$AG$135 -> 0 | AB34: ='平日中午(12-14)'!$AI$78+'平日中午(12-14)'!$AI$97+'平日中午(12-14)'!$AI$116+'平日中午(12-14)'!$AI$135 -> 0 | AD34: =$AD$7 -> 17:45~18:45 | AE34: =IF(ISERROR($AG34/AH34),"-",$AG34/AH34) -> - | AF34: =IF(ISERROR($AG34/AI34),"-",$AG34/AI34) -> - | AG34: =('平日昏峰(17-19)'!$AC$78+'平日昏峰(17-19)'!$AC$97+'平日昏峰(17-19)'!$AC$116+'平日昏峰(17-19)'!$AC$135)*15 -> 0 | AH34: ='平日昏峰(17-19)'!$AG$78+'平日昏峰(17-19)'!$AG$97+'平日昏峰(17-19)'!$AG$116+'平日昏峰(17-19)'!$AG$135 -> 0 | AI34: ='平日昏峰(17-19)'!$AI$78+'平日昏峰(17-19)'!$AI$97+'平日昏峰(17-19)'!$AI$116+'平日昏峰(17-19)'!$AI$135 -> 0 | AK34: =$AK$7 -> 0 | AL34: =IF(ISERROR($AN34/AO34),"-",$AN34/AO34) -> - | AM34: =IF(ISERROR($AN34/AP34),"-",$AN34/AP34) -> - | AR34: =$AR$7 -> 0 | AS34: =IF(ISERROR($AU34/AV34),"-",$AU34/AV34) -> - | AT34: =IF(ISERROR($AU34/AW34),"-",$AU34/AW34) -> - | AY34: =AY25 -> 0 | AZ34: =IF(ISERROR($BB34/BC34),"-",$BB34/BC34) -> - | BA34: =IF(ISERROR($BB34/BD34),"-",$BB34/BD34) -> - | BF34: =BF25 -> 16:45~17:45 | BG34: =IF(ISERROR($BI34/BJ34),"-",$BI34/BJ34) -> - | BH34: =IF(ISERROR($BI34/BK34),"-",$BI34/BK34) -> - | BI34: =('假日(16-18)'!$AC$78+'假日(16-18)'!$AC$97+'假日(16-18)'!$AC$116+'假日(16-18)'!$AC$135)*15 -> 0 | BJ34: ='假日(16-18)'!$AG$78+'假日(16-18)'!$AG$97+'假日(16-18)'!$AG$116+'假日(16-18)'!$AG$135 -> 0 | BK34: ='假日(16-18)'!$AI$78+'假日(16-18)'!$AI$97+'假日(16-18)'!$AI$116+'假日(16-18)'!$AI$135 -> 0 | BM34: =BM25 -> 17:45~18:45 | BN34: =IF(ISERROR($BP34/BQ34),"-",$BP34/BQ34) -> - | BO34: =IF(ISERROR($BP34/BR34),"-",$BP34/BR34) -> - | BP34: =('假日(17-19)'!$AC$78+'假日(17-19)'!$AC$97+'假日(17-19)'!$AC$116+'假日(17-19)'!$AC$135)*15 -> 0 | BQ34: ='假日(17-19)'!$AG$78+'假日(17-19)'!$AG$97+'假日(17-19)'!$AG$116+'假日(17-19)'!$AG$135 -> 0 | BR34: ='假日(17-19)'!$AI$78+'假日(17-19)'!$AI$97+'假日(17-19)'!$AI$116+'假日(17-19)'!$AI$135 -> 0 | BT34: =CONCATENATE(基本資料!$C$18,"方向","平均延滯") -> B方向平均延滯 | BU34: =IF(ISERROR(VLOOKUP($BX$85,BT21:BU33,2,1)),"-",VLOOKUP($BX$85,BT21:BU33,2,1)) -> -
B35: 07:30~08:30 | C35: =IF(ISERROR($E35/F35),"-",$E35/F35) -> - | D35: =IF(ISERROR($E35/G35),"-",$E35/G35) -> - | E35: =('平日晨峰(0630-0830)'!$AC$97+'平日晨峰(0630-0830)'!$AC$116+'平日晨峰(0630-0830)'!$AC$135+'平日晨峰(0630-0830)'!$AC$154)*15 -> 0 | F35: ='平日晨峰(0630-0830)'!$AG$97+'平日晨峰(0630-0830)'!$AG$116+'平日晨峰(0630-0830)'!$AG$135+'平日晨峰(0630-0830)'!$AG$154 -> 0 | G35: ='平日晨峰(0630-0830)'!$AI$97+'平日晨峰(0630-0830)'!$AI$116+'平日晨峰(0630-0830)'!$AI$135+'平日晨峰(0630-0830)'!$AI$154 -> 0 | I35: =$I$8 -> 08:00~09:00 | J35: =IF(ISERROR($L35/M35),"-",$L35/M35) -> - | K35: =IF(ISERROR($L35/N35),"-",$L35/N35) -> - | L35: =('平日晨峰(07-09)'!$AC$97+'平日晨峰(07-09)'!$AC$116+'平日晨峰(07-09)'!$AC$135+'平日晨峰(07-09)'!$AC$154)*15 -> 0 | M35: ='平日晨峰(07-09)'!$AG$97+'平日晨峰(07-09)'!$AG$116+'平日晨峰(07-09)'!$AG$135+'平日晨峰(07-09)'!$AG$154 -> 0 | N35: ='平日晨峰(07-09)'!$AI$97+'平日晨峰(07-09)'!$AI$116+'平日晨峰(07-09)'!$AI$135+'平日晨峰(07-09)'!$AI$154 -> 0 | P35: =P26 -> 12:00~13:00 | Q35: =IF(ISERROR($S35/T35),"-",$S35/T35) -> - | R35: =IF(ISERROR($T35/U35),"-",$T35/U35) -> - | S35: =('平日中午(11-13)'!$AC$97+'平日中午(11-13)'!$AC$116+'平日中午(11-13)'!$AC$135+'平日中午(11-13)'!$AC$154)*15 -> 0 | T35: ='平日中午(11-13)'!$AG$97+'平日中午(11-13)'!$AG$116+'平日中午(11-13)'!$AG$135+'平日中午(11-13)'!$AG$154 -> 0 | U35: ='平日中午(11-13)'!$AI$97+'平日中午(11-13)'!$AI$116+'平日中午(11-13)'!$AI$135+'平日中午(11-13)'!$AI$154 -> 0 | W35: =W26 -> 13:00~14:00 | X35: =IF(ISERROR($Z35/AA35),"-",$Z35/AA35) -> - | Y35: =IF(ISERROR($Z35/AB35),"-",$Z35/AB35) -> - | Z35: =('平日中午(12-14)'!$AC$97+'平日中午(12-14)'!$AC$116+'平日中午(12-14)'!$AC$135+'平日中午(12-14)'!$AC$154)*15 -> 0 | AA35: ='平日中午(12-14)'!$AG$97+'平日中午(12-14)'!$AG$116+'平日中午(12-14)'!$AG$135+'平日中午(12-14)'!$AG$154 -> 0 | AB35: ='平日中午(12-14)'!$AI$97+'平日中午(12-14)'!$AI$116+'平日中午(12-14)'!$AI$135+'平日中午(12-14)'!$AI$154 -> 0 | AD35: =$AD$8 -> 18:00~19:00 | AE35: =IF(ISERROR($AG35/AH35),"-",$AG35/AH35) -> - | AF35: =IF(ISERROR($AG35/AI35),"-",$AG35/AI35) -> - | AG35: =('平日昏峰(17-19)'!$AC$97+'平日昏峰(17-19)'!$AC$116+'平日昏峰(17-19)'!$AC$135+'平日昏峰(17-19)'!$AC$154)*15 -> 0 | AH35: ='平日昏峰(17-19)'!$AG$97+'平日昏峰(17-19)'!$AG$116+'平日昏峰(17-19)'!$AG$135+'平日昏峰(17-19)'!$AG$154 -> 0 | AI35: ='平日昏峰(17-19)'!$AI$97+'平日昏峰(17-19)'!$AI$116+'平日昏峰(17-19)'!$AI$135+'平日昏峰(17-19)'!$AI$154 -> 0 | AK35: =$AK$8 -> 0 | AL35: =IF(ISERROR($AN35/AO35),"-",$AN35/AO35) -> - | AM35: =IF(ISERROR($AN35/AP35),"-",$AN35/AP35) -> - | AR35: =$AR$8 -> 0 | AS35: =IF(ISERROR($AU35/AV35),"-",$AU35/AV35) -> - | AT35: =IF(ISERROR($AU35/AW35),"-",$AU35/AW35) -> - | AY35: =AY26 -> 0 | AZ35: =IF(ISERROR($BB35/BC35),"-",$BB35/BC35) -> - | BA35: =IF(ISERROR($BB35/BD35),"-",$BB35/BD35) -> - | BF35: =BF26 -> 17:00~18:00 | BG35: =IF(ISERROR($BI35/BJ35),"-",$BI35/BJ35) -> - | BH35: =IF(ISERROR($BI35/BK35),"-",$BI35/BK35) -> - | BI35: =('假日(16-18)'!$AC$97+'假日(16-18)'!$AC$116+'假日(16-18)'!$AC$135+'假日(16-18)'!$AC$154)*15 -> 0 | BJ35: ='假日(16-18)'!$AG$97+'假日(16-18)'!$AG$116+'假日(16-18)'!$AG$135+'假日(16-18)'!$AG$154 -> 0 | BK35: ='假日(16-18)'!$AI$97+'假日(16-18)'!$AI$116+'假日(16-18)'!$AI$135+'假日(16-18)'!$AI$154 -> 0 | BM35: =BM26 -> 18:00~19:00 | BN35: =IF(ISERROR($BP35/BQ35),"-",$BP35/BQ35) -> - | BO35: =IF(ISERROR($BP35/BR35),"-",$BP35/BR35) -> - | BP35: =('假日(17-19)'!$AC$97+'假日(17-19)'!$AC$116+'假日(17-19)'!$AC$135+'假日(17-19)'!$AC$154)*15 -> 0 | BQ35: ='假日(17-19)'!$AG$97+'假日(17-19)'!$AG$116+'假日(17-19)'!$AG$135+'假日(17-19)'!$AG$154 -> 0 | BR35: ='假日(17-19)'!$AI$97+'假日(17-19)'!$AI$116+'假日(17-19)'!$AI$135+'假日(17-19)'!$AI$154 -> 0 | BT35: =CONCATENATE(基本資料!$C$18,"方向","平均停等車輛延滯") -> B方向平均停等車輛延滯 | BV35: =IF(ISERROR(VLOOKUP($BX$86,BT21:BV33,3,1)),"-",VLOOKUP($BX$86,BT21:BV33,3,1)) -> -
B36: =CONCATENATE(基本資料!$E$18,"方向","平均延滯") -> D方向平均延滯 | C36: =IF(ISERROR(VLOOKUP($F$45,B31:C35,2,1)),"-",VLOOKUP($F$45,B31:C35,2,1)) -> - | I36: =CONCATENATE(基本資料!$E$18,"方向","平均延滯") -> D方向平均延滯 | J36: =IF(ISERROR(VLOOKUP($M$45,I31:J35,2,1)),"-",VLOOKUP($M$45,I31:J35,2,1)) -> - | P36: =CONCATENATE(基本資料!$E$18,"方向","平均延滯") -> D方向平均延滯 | Q36: =IF(ISERROR(VLOOKUP($T$45,P31:Q35,2,1)),"-",VLOOKUP($T$45,P31:Q35,2,1)) -> - | W36: =CONCATENATE(基本資料!$E$18,"方向","平均延滯") -> D方向平均延滯 | X36: =IF(ISERROR(VLOOKUP($AA$45,W31:X35,2,1)),"-",VLOOKUP($AA$45,W31:X35,2,1)) -> - | AD36: =CONCATENATE(基本資料!$E$18,"方向","平均延滯") -> D方向平均延滯 | AE36: =IF(ISERROR(VLOOKUP($AH$45,AD31:AE35,2,1)),"-",VLOOKUP($AH$45,AD31:AE35,2,1)) -> - | AK36: =CONCATENATE(基本資料!$E$18,"方向","平均延滯") -> D方向平均延滯 | AL36: =IF(ISERROR(VLOOKUP($AO$45,AK31:AL35,2,1)),"-",VLOOKUP($AO$45,AK31:AL35,2,1)) -> - | AR36: =CONCATENATE(基本資料!$E$18,"方向","平均延滯") -> D方向平均延滯 | AS36: =IF(ISERROR(VLOOKUP($AV$45,AR31:AS35,2,1)),"-",VLOOKUP($AV$45,AR31:AS35,2,1)) -> - | AY36: =CONCATENATE(基本資料!$E$18,"方向","平均延滯") -> D方向平均延滯 | AZ36: =IF(ISERROR(VLOOKUP($BC$45,AY31:AZ35,2,1)),"-",VLOOKUP($BC$45,AY31:AZ35,2,1)) -> - | BF36: =CONCATENATE(基本資料!$E$18,"方向","平均延滯") -> D方向平均延滯 | BG36: =IF(ISERROR(VLOOKUP($BJ$45,BF31:BG35,2,1)),"-",VLOOKUP($BJ$45,BF31:BG35,2,1)) -> - | BM36: =CONCATENATE(基本資料!$E$18,"方向","平均延滯") -> D方向平均延滯 | BN36: =IF(ISERROR(VLOOKUP($BQ$45,BM31:BN35,2,1)),"-",VLOOKUP($BQ$45,BM31:BN35,2,1)) -> - | BT36: ='假日(16-18)'!$S$2 -> C方向：
B37: =CONCATENATE(基本資料!$E$18,"方向","平均停等車輛延滯") -> D方向平均停等車輛延滯 | D37: =IF(ISERROR(VLOOKUP($F$46,B31:D35,3,1)),"-",VLOOKUP($F$46,B31:D35,3,1)) -> - | I37: =CONCATENATE(基本資料!$E$18,"方向","平均停等車輛延滯") -> D方向平均停等車輛延滯 | K37: =IF(ISERROR(VLOOKUP($M$46,I31:K35,3,1)),"-",VLOOKUP($M$46,I31:K35,3,1)) -> - | P37: =CONCATENATE(基本資料!$E$18,"方向","平均停等車輛延滯") -> D方向平均停等車輛延滯 | R37: =IF(ISERROR(VLOOKUP($T$46,P31:R35,3,1)),"-",VLOOKUP($T$46,P31:R35,3,1)) -> - | W37: =CONCATENATE(基本資料!$E$18,"方向","平均停等車輛延滯") -> D方向平均停等車輛延滯 | Y37: =IF(ISERROR(VLOOKUP($AA$46,W31:Y35,3,1)),"-",VLOOKUP($AA$46,W31:Y35,3,1)) -> - | AD37: =CONCATENATE(基本資料!$E$18,"方向","平均停等車輛延滯") -> D方向平均停等車輛延滯 | AF37: =IF(ISERROR(VLOOKUP($AH$46,AD31:AF35,3,1)),"-",VLOOKUP($AH$46,AD31:AF35,3,1)) -> - | AK37: =CONCATENATE(基本資料!$E$18,"方向","平均停等車輛延滯") -> D方向平均停等車輛延滯 | AM37: =IF(ISERROR(VLOOKUP($AO$46,AK31:AM35,3,1)),"-",VLOOKUP($AO$46,AK31:AM35,3,1)) -> - | AR37: =CONCATENATE(基本資料!$E$18,"方向","平均停等車輛延滯") -> D方向平均停等車輛延滯 | AT37: =IF(ISERROR(VLOOKUP($AV$46,AR31:AT35,3,1)),"-",VLOOKUP($AV$46,AR31:AT35,3,1)) -> - | AY37: =CONCATENATE(基本資料!$E$18,"方向","平均停等車輛延滯") -> D方向平均停等車輛延滯 | BA37: =IF(ISERROR(VLOOKUP($BC$46,AY31:BA35,3,1)),"-",VLOOKUP($BC$46,AY31:BA35,3,1)) -> - | BF37: =CONCATENATE(基本資料!$E$18,"方向","平均停等車輛延滯") -> D方向平均停等車輛延滯 | BH37: =IF(ISERROR(VLOOKUP($BJ$46,BF31:BH35,3,1)),"-",VLOOKUP($BJ$46,BF31:BH35,3,1)) -> - | BM37: =CONCATENATE(基本資料!$E$18,"方向","平均停等車輛延滯") -> D方向平均停等車輛延滯 | BO37: =IF(ISERROR(VLOOKUP($BQ$46,BM31:BO35,3,1)),"-",VLOOKUP($BQ$46,BM31:BO35,3,1)) -> - | BT37: 時間 | BU37: 平均延滯 | BV37: 平均停等延滯 | BW37: 總延滯 | BX37: 車輛總數 | BY37: 停等車輛數
B38: 路口延滯 | I38: 路口延滯 | P38: 路口延滯 | W38: 路口延滯 | AD38: 路口延滯 | AK38: 路口延滯 | AR38: 路口延滯 | AY38: 路口延滯 | BF38: 路口延滯 | BM38: 路口延滯 | BT38: =BT21 -> 16:00~17:00 | BU38: =IF(ISERROR($BW38/BX38),"-",$BW38/BX38) -> - | BV38: =IF(ISERROR($BW38/BY38),"-",$BW38/BY38) -> - | BW38: =('假日(16-20)'!$T$21+'假日(16-20)'!$T$40+'假日(16-20)'!$T$59+'假日(16-20)'!$T$78)*15 -> 0 | BX38: ='假日(16-20)'!$X$21+'假日(16-20)'!$X$40+'假日(16-20)'!$X$59+'假日(16-20)'!$X$78 -> 0 | BY38: ='假日(16-20)'!$Z$21+'假日(16-20)'!$Z$40+'假日(16-20)'!$Z$59+'假日(16-20)'!$Z$78 -> 0
B39: 時間 | C39: 平均延滯 | D39: 平均停等延滯 | E39: 總延滯 | F39: 車輛總數 | G39: 停等車輛數 | I39: 時間 | J39: 平均延滯 | K39: 平均停等延滯 | L39: 總延滯 | M39: 車輛總數 | N39: 停等車輛數 | P39: 時間 | Q39: 平均延滯 | R39: 平均停等延滯 | S39: 總延滯 | T39: 車輛總數 | U39: 停等車輛數 | W39: 時間 | X39: 平均延滯 | Y39: 平均停等延滯 | Z39: 總延滯 | AA39: 車輛總數 | AB39: 停等車輛數 | AD39: 時間 | AE39: 平均延滯 | AF39: 平均停等延滯 | AG39: 總延滯 | AH39: 車輛總數 | AI39: 停等車輛數 | AK39: 時間 | AL39: 平均延滯 | AM39: 平均停等延滯 | AN39: 總延滯 | AO39: 車輛總數 | AP39: 停等車輛數 | AR39: 時間 | AS39: 平均延滯 | AT39: 平均停等延滯 | AU39: 總延滯 | AV39: 車輛總數 | AW39: 停等車輛數 | AY39: 時間 | AZ39: 平均延滯 | BA39: 平均停等延滯 | BB39: 總延滯 | BC39: 車輛總數 | BD39: 停等車輛數 | BF39: 時間 | BG39: 平均延滯 | BH39: 平均停等延滯 | BI39: 總延滯 | BJ39: 車輛總數 | BK39: 停等車輛數 | BM39: 時間 | BN39: 平均延滯 | BO39: 平均停等延滯 | BP39: 總延滯 | BQ39: 車輛總數 | BR39: 停等車輛數 | BT39: =BT22 -> 16:15~17:15 | BU39: =IF(ISERROR($BW39/BX39),"-",$BW39/BX39) -> - | BV39: =IF(ISERROR($BW39/BY39),"-",$BW39/BY39) -> - | BW39: =('假日(16-20)'!$T$40+'假日(16-20)'!$T$59+'假日(16-20)'!$T$78+'假日(16-20)'!$T$97)*15 -> 0 | BX39: ='假日(16-20)'!$X$40+'假日(16-20)'!$X$59+'假日(16-20)'!$X$78+'假日(16-20)'!$X$97 -> 0 | BY39: ='假日(16-20)'!$Z$40+'假日(16-20)'!$Z$59+'假日(16-20)'!$Z$78+'假日(16-20)'!$Z$97 -> 0
B40: 06:30~07:30 | C40: =IF(ISERROR($E40/F40),"-",$E40/F40) -> - | D40: =IF(ISERROR($E40/G40),"-",$E40/G40) -> - | E40: =E4+E13+E22+E31 -> 0 | F40: =F4+F13+F22+F31 -> 0 | G40: =G4+G13+G22+G31 -> 0 | I40: =$I$4 -> 07:00~08:00 | J40: =IF(ISERROR($L40/M40),"-",$L40/M40) -> - | K40: =IF(ISERROR($L40/N40),"-",$L40/N40) -> - | L40: =L4+L13+L22+L31 -> 0 | M40: =M4+M13+M22+M31 -> 0 | N40: =N4+N13+N22+N31 -> 0 | P40: =P31 -> 11:00~12:00 | Q40: =IF(ISERROR($S40/T40),"-",$S40/T40) -> - | R40: =IF(ISERROR($T40/U40),"-",$T40/U40) -> - | S40: =S4+S13+S22+S31 -> 0 | T40: =T4+T13+T22+T31 -> 0 | U40: =U4+U13+U22+U31 -> 0 | W40: =W31 -> 1200~13:00 | X40: =IF(ISERROR($Z40/AA40),"-",$Z40/AA40) -> - | Y40: =IF(ISERROR($Z40/AB40),"-",$Z40/AB40) -> - | Z40: =Z4+Z13+Z22+Z31 -> 0 | AA40: =AA4+AA13+AA22+AA31 -> 0 | AB40: =AB4+AB13+AB22+AB31 -> 0 | AD40: =$AD$4 -> 17:00~18:00 | AE40: =IF(ISERROR($AG40/AH40),"-",$AG40/AH40) -> - | AF40: =IF(ISERROR($AG40/AI40),"-",$AG40/AI40) -> - | AG40: =AG4+AG13+AG22+AG31 -> 0 | AH40: =AH4+AH13+AH22+AH31 -> 0 | AI40: =AI4+AI13+AI22+AI31 -> 0 | AK40: =$AK$4 -> 11:00~12:00 | AL40: =IF(ISERROR($AN40/AO40),"-",$AN40/AO40) -> - | AM40: =IF(ISERROR($AN40/AP40),"-",$AN40/AP40) -> - | AN40: =AN4+AN13+AN22+AN31 -> 0 | AO40: =AO4+AO13+AO22+AO31 -> 0 | AP40: =AP4+AP13+AP22+AP31 -> 0 | AR40: =$AR$4 -> 14:30~15:30 | AS40: =IF(ISERROR($AU40/AV40),"-",$AU40/AV40) -> - | AT40: =IF(ISERROR($AU40/AW40),"-",$AU40/AW40) -> - | AU40: =AU4+AU13+AU22+AU31 -> 0 | AV40: =AV4+AV13+AV22+AV31 -> 0 | AW40: =AW4+AW13+AW22+AW31 -> 0 | AY40: =AY31 -> 17:30~18:30 | AZ40: =IF(ISERROR($BB40/BC40),"-",$BB40/BC40) -> - | BA40: =IF(ISERROR($BB40/BD40),"-",$BB40/BD40) -> - | BB40: =BB4+BB13+BB22+BB31 -> 0 | BC40: =BC4+BC13+BC22+BC31 -> 0 | BD40: =BD4+BD13+BD22+BD31 -> 0 | BF40: =BF31 -> 16:00~17:00 | BG40: =IF(ISERROR($BI40/BJ40),"-",$BI40/BJ40) -> - | BH40: =IF(ISERROR($BI40/BK40),"-",$BI40/BK40) -> - | BI40: =BI4+BI13+BI22+BI31 -> 0 | BJ40: =BJ4+BJ13+BJ22+BJ31 -> 0 | BK40: =BK4+BK13+BK22+BK31 -> 0 | BM40: =BM31 -> 17:00~18:00 | BN40: =IF(ISERROR($BP40/BQ40),"-",$BP40/BQ40) -> - | BO40: =IF(ISERROR($BP40/BR40),"-",$BP40/BR40) -> - | BP40: =BP4+BP13+BP22+BP31 -> 0 | BQ40: =BQ4+BQ13+BQ22+BQ31 -> 0 | BR40: =BR4+BR13+BR22+BR31 -> 0 | BT40: =BT23 -> 16:30~17:30 | BU40: =IF(ISERROR($BW40/BX40),"-",$BW40/BX40) -> - | BV40: =IF(ISERROR($BW40/BY40),"-",$BW40/BY40) -> - | BW40: =('假日(16-20)'!$T$59+'假日(16-20)'!$T$78+'假日(16-20)'!$T$97+'假日(16-20)'!$T$116)*15 -> 0 | BX40: ='假日(16-20)'!$X$59+'假日(16-20)'!$X$78+'假日(16-20)'!$X$97+'假日(16-20)'!$X$116 -> 0 | BY40: ='假日(16-20)'!$Z$59+'假日(16-20)'!$Z$78+'假日(16-20)'!$Z$97+'假日(16-20)'!$Z$116 -> 0
B41: 06:45~07:45 | C41: =IF(ISERROR($E41/F41),"-",$E41/F41) -> - | D41: =IF(ISERROR($E41/G41),"-",$E41/G41) -> - | E41: =E5+E14+E23+E32 -> 0 | F41: =F5+F14+F23+F32 -> 0 | G41: =G5+G14+G23+G32 -> 0 | I41: =$I$5 -> 07:15~08:15 | J41: =IF(ISERROR($L41/M41),"-",$L41/M41) -> - | K41: =IF(ISERROR($L41/N41),"-",$L41/N41) -> - | L41: =L5+L14+L23+L32 -> 0 | M41: =M5+M14+M23+M32 -> 0 | N41: =N5+N14+N23+N32 -> 0 | P41: =P32 -> 11:15~12:15 | Q41: =IF(ISERROR($S41/T41),"-",$S41/T41) -> - | R41: =IF(ISERROR($T41/U41),"-",$T41/U41) -> - | S41: =S5+S14+S23+S32 -> 0 | T41: =T5+T14+T23+T32 -> 0 | U41: =U5+U14+U23+U32 -> 0 | W41: =W32 -> 12:15~13:15 | X41: =IF(ISERROR($Z41/AA41),"-",$Z41/AA41) -> - | Y41: =IF(ISERROR($Z41/AB41),"-",$Z41/AB41) -> - | Z41: =Z5+Z14+Z23+Z32 -> 0 | AA41: =AA5+AA14+AA23+AA32 -> 0 | AB41: =AB5+AB14+AB23+AB32 -> 0 | AD41: =$AD$5 -> 17:15~18:15 | AE41: =IF(ISERROR($AG41/AH41),"-",$AG41/AH41) -> - | AF41: =IF(ISERROR($AG41/AI41),"-",$AG41/AI41) -> - | AG41: =AG5+AG14+AG23+AG32 -> 0 | AH41: =AH5+AH14+AH23+AH32 -> 0 | AI41: =AI5+AI14+AI23+AI32 -> 0 | AK41: =$AK$5 -> 0 | AL41: =IF(ISERROR($AN41/AO41),"-",$AN41/AO41) -> - | AM41: =IF(ISERROR($AN41/AP41),"-",$AN41/AP41) -> - | AN41: =AN5+AN14+AN23+AN32 -> 0 | AO41: =AO5+AO14+AO23+AO32 -> 0 | AP41: =AP5+AP14+AP23+AP32 -> 0 | AR41: =$AR$5 -> 0 | AS41: =IF(ISERROR($AU41/AV41),"-",$AU41/AV41) -> - | AT41: =IF(ISERROR($AU41/AW41),"-",$AU41/AW41) -> - | AU41: =AU5+AU14+AU23+AU32 -> 0 | AV41: =AV5+AV14+AV23+AV32 -> 0 | AW41: =AW5+AW14+AW23+AW32 -> 0 | AY41: =AY32 -> 0 | AZ41: =IF(ISERROR($BB41/BC41),"-",$BB41/BC41) -> - | BA41: =IF(ISERROR($BB41/BD41),"-",$BB41/BD41) -> - | BB41: =BB5+BB14+BB23+BB32 -> 0 | BC41: =BC5+BC14+BC23+BC32 -> 0 | BD41: =BD5+BD14+BD23+BD32 -> 0 | BF41: =BF32 -> 16:15~17:15 | BG41: =IF(ISERROR($BI41/BJ41),"-",$BI41/BJ41) -> - | BH41: =IF(ISERROR($BI41/BK41),"-",$BI41/BK41) -> - | BI41: =BI5+BI14+BI23+BI32 -> 0 | BJ41: =BJ5+BJ14+BJ23+BJ32 -> 0 | BK41: =BK5+BK14+BK23+BK32 -> 0 | BM41: =BM32 -> 17:15~18:15 | BN41: =IF(ISERROR($BP41/BQ41),"-",$BP41/BQ41) -> - | BO41: =IF(ISERROR($BP41/BR41),"-",$BP41/BR41) -> - | BP41: =BP5+BP14+BP23+BP32 -> 0 | BQ41: =BQ5+BQ14+BQ23+BQ32 -> 0 | BR41: =BR5+BR14+BR23+BR32 -> 0 | BT41: =BT24 -> 16:45~17:45 | BU41: =IF(ISERROR($BW41/BX41),"-",$BW41/BX41) -> - | BV41: =IF(ISERROR($BW41/BY41),"-",$BW41/BY41) -> - | BW41: =('假日(16-20)'!$T$78+'假日(16-20)'!$T$97+'假日(16-20)'!$T$116+'假日(16-20)'!$T$135)*15 -> 0 | BX41: ='假日(16-20)'!$X$78+'假日(16-20)'!$X$97+'假日(16-20)'!$X$116+'假日(16-20)'!$X$135 -> 0 | BY41: ='假日(16-20)'!$Z$78+'假日(16-20)'!$Z$97+'假日(16-20)'!$Z$116+'假日(16-20)'!$Z$135 -> 0
B42: 07:00~08:00 | C42: =IF(ISERROR($E42/F42),"-",$E42/F42) -> - | D42: =IF(ISERROR($E42/G42),"-",$E42/G42) -> - | E42: =E6+E15+E24+E33 -> 0 | F42: =F6+F15+F24+F33 -> 0 | G42: =G6+G15+G24+G33 -> 0 | I42: =$I$6 -> 07:30~08:30 | J42: =IF(ISERROR($L42/M42),"-",$L42/M42) -> - | K42: =IF(ISERROR($L42/N42),"-",$L42/N42) -> - | L42: =L6+L15+L24+L33 -> 0 | M42: =M6+M15+M24+M33 -> 0 | N42: =N6+N15+N24+N33 -> 0 | P42: =P33 -> 11:30~12:30 | Q42: =IF(ISERROR($S42/T42),"-",$S42/T42) -> - | R42: =IF(ISERROR($T42/U42),"-",$T42/U42) -> - | S42: =S6+S15+S24+S33 -> 0 | T42: =T6+T15+T24+T33 -> 0 | U42: =U6+U15+U24+U33 -> 0 | W42: =W33 -> 12:30~13:30 | X42: =IF(ISERROR($Z42/AA42),"-",$Z42/AA42) -> - | Y42: =IF(ISERROR($Z42/AB42),"-",$Z42/AB42) -> - | Z42: =Z6+Z15+Z24+Z33 -> 0 | AA42: =AA6+AA15+AA24+AA33 -> 0 | AB42: =AB6+AB15+AB24+AB33 -> 0 | AD42: =$AD$6 -> 17:30~18:30 | AE42: =IF(ISERROR($AG42/AH42),"-",$AG42/AH42) -> - | AF42: =IF(ISERROR($AG42/AI42),"-",$AG42/AI42) -> - | AG42: =AG6+AG15+AG24+AG33 -> 0 | AH42: =AH6+AH15+AH24+AH33 -> 0 | AI42: =AI6+AI15+AI24+AI33 -> 0 | AK42: =$AK$6 -> 0 | AL42: =IF(ISERROR($AN42/AO42),"-",$AN42/AO42) -> - | AM42: =IF(ISERROR($AN42/AP42),"-",$AN42/AP42) -> - | AN42: =AN6+AN15+AN24+AN33 -> 0 | AO42: =AO6+AO15+AO24+AO33 -> 0 | AP42: =AP6+AP15+AP24+AP33 -> 0 | AR42: =$AR$6 -> 0 | AS42: =IF(ISERROR($AU42/AV42),"-",$AU42/AV42) -> - | AT42: =IF(ISERROR($AU42/AW42),"-",$AU42/AW42) -> - | AU42: =AU6+AU15+AU24+AU33 -> 0 | AV42: =AV6+AV15+AV24+AV33 -> 0 | AW42: =AW6+AW15+AW24+AW33 -> 0 | AY42: =AY33 -> 0 | AZ42: =IF(ISERROR($BB42/BC42),"-",$BB42/BC42) -> - | BA42: =IF(ISERROR($BB42/BD42),"-",$BB42/BD42) -> - | BB42: =BB6+BB15+BB24+BB33 -> 0 | BC42: =BC6+BC15+BC24+BC33 -> 0 | BD42: =BD6+BD15+BD24+BD33 -> 0 | BF42: =BF33 -> 16:30~17:30 | BG42: =IF(ISERROR($BI42/BJ42),"-",$BI42/BJ42) -> - | BH42: =IF(ISERROR($BI42/BK42),"-",$BI42/BK42) -> - | BI42: =BI6+BI15+BI24+BI33 -> 0 | BJ42: =BJ6+BJ15+BJ24+BJ33 -> 0 | BK42: =BK6+BK15+BK24+BK33 -> 0 | BM42: =BM33 -> 17:30~18:30 | BN42: =IF(ISERROR($BP42/BQ42),"-",$BP42/BQ42) -> - | BO42: =IF(ISERROR($BP42/BR42),"-",$BP42/BR42) -> - | BP42: =BP6+BP15+BP24+BP33 -> 0 | BQ42: =BQ6+BQ15+BQ24+BQ33 -> 0 | BR42: =BR6+BR15+BR24+BR33 -> 0 | BT42: =BT25 -> 17:00~18:00 | BU42: =IF(ISERROR($BW42/BX42),"-",$BW42/BX42) -> - | BV42: =IF(ISERROR($BW42/BY42),"-",$BW42/BY42) -> - | BW42: =('假日(16-20)'!$T$97+'假日(16-20)'!$T$116+'假日(16-20)'!$T$135+'假日(16-20)'!$T$154)*15 -> 0 | BX42: ='假日(16-20)'!$X$97+'假日(16-20)'!$X$116+'假日(16-20)'!$X$135+'假日(16-20)'!$X$154 -> 0 | BY42: ='假日(16-20)'!$Z$97+'假日(16-20)'!$Z$116+'假日(16-20)'!$Z$135+'假日(16-20)'!$Z$154 -> 0
B43: 07:15~08:15 | C43: =IF(ISERROR($E43/F43),"-",$E43/F43) -> - | D43: =IF(ISERROR($E43/G43),"-",$E43/G43) -> - | E43: =E7+E16+E25+E34 -> 0 | F43: =F7+F16+F25+F34 -> 0 | G43: =G7+G16+G25+G34 -> 0 | I43: =$I$7 -> 07:45~08:45 | J43: =IF(ISERROR($L43/M43),"-",$L43/M43) -> - | K43: =IF(ISERROR($L43/N43),"-",$L43/N43) -> - | L43: =L7+L16+L25+L34 -> 0 | M43: =M7+M16+M25+M34 -> 0 | N43: =N7+N16+N25+N34 -> 0 | P43: =P34 -> 11:45~12:45 | Q43: =IF(ISERROR($S43/T43),"-",$S43/T43) -> - | R43: =IF(ISERROR($T43/U43),"-",$T43/U43) -> - | S43: =S7+S16+S25+S34 -> 0 | T43: =T7+T16+T25+T34 -> 0 | U43: =U7+U16+U25+U34 -> 0 | W43: =W34 -> 12:45~13:45 | X43: =IF(ISERROR($Z43/AA43),"-",$Z43/AA43) -> - | Y43: =IF(ISERROR($Z43/AB43),"-",$Z43/AB43) -> - | Z43: =Z7+Z16+Z25+Z34 -> 0 | AA43: =AA7+AA16+AA25+AA34 -> 0 | AB43: =AB7+AB16+AB25+AB34 -> 0 | AD43: =$AD$7 -> 17:45~18:45 | AE43: =IF(ISERROR($AG43/AH43),"-",$AG43/AH43) -> - | AF43: =IF(ISERROR($AG43/AI43),"-",$AG43/AI43) -> - | AG43: =AG7+AG16+AG25+AG34 -> 0 | AH43: =AH7+AH16+AH25+AH34 -> 0 | AI43: =AI7+AI16+AI25+AI34 -> 0 | AK43: =$AK$7 -> 0 | AL43: =IF(ISERROR($AN43/AO43),"-",$AN43/AO43) -> - | AM43: =IF(ISERROR($AN43/AP43),"-",$AN43/AP43) -> - | AN43: =AN7+AN16+AN25+AN34 -> 0 | AO43: =AO7+AO16+AO25+AO34 -> 0 | AP43: =AP7+AP16+AP25+AP34 -> 0 | AR43: =$AR$7 -> 0 | AS43: =IF(ISERROR($AU43/AV43),"-",$AU43/AV43) -> - | AT43: =IF(ISERROR($AU43/AW43),"-",$AU43/AW43) -> - | AU43: =AU7+AU16+AU25+AU34 -> 0 | AV43: =AV7+AV16+AV25+AV34 -> 0 | AW43: =AW7+AW16+AW25+AW34 -> 0 | AY43: =AY34 -> 0 | AZ43: =IF(ISERROR($BB43/BC43),"-",$BB43/BC43) -> - | BA43: =IF(ISERROR($BB43/BD43),"-",$BB43/BD43) -> - | BB43: =BB7+BB16+BB25+BB34 -> 0 | BC43: =BC7+BC16+BC25+BC34 -> 0 | BD43: =BD7+BD16+BD25+BD34 -> 0 | BF43: =BF34 -> 16:45~17:45 | BG43: =IF(ISERROR($BI43/BJ43),"-",$BI43/BJ43) -> - | BH43: =IF(ISERROR($BI43/BK43),"-",$BI43/BK43) -> - | BI43: =BI7+BI16+BI25+BI34 -> 0 | BJ43: =BJ7+BJ16+BJ25+BJ34 -> 0 | BK43: =BK7+BK16+BK25+BK34 -> 0 | BM43: =BM34 -> 17:45~18:45 | BN43: =IF(ISERROR($BP43/BQ43),"-",$BP43/BQ43) -> - | BO43: =IF(ISERROR($BP43/BR43),"-",$BP43/BR43) -> - | BP43: =BP7+BP16+BP25+BP34 -> 0 | BQ43: =BQ7+BQ16+BQ25+BQ34 -> 0 | BR43: =BR7+BR16+BR25+BR34 -> 0 | BT43: 17:15~18:15 | BU43: =IF(ISERROR($BW43/BX43),"-",$BW43/BX43) -> - | BV43: =IF(ISERROR($BW43/BY43),"-",$BW43/BY43) -> - | BW43: =('假日(16-20)'!$T$116+'假日(16-20)'!$T$135+'假日(16-20)'!$T$154+'假日(16-20)'!$T$173)*15 -> 0 | BX43: ='假日(16-20)'!$X$116+'假日(16-20)'!$X$135+'假日(16-20)'!$X$154+'假日(16-20)'!$X$173 -> 0 | BY43: ='假日(16-20)'!$Z$116+'假日(16-20)'!$Z$135+'假日(16-20)'!$Z$154+'假日(16-20)'!$Z$173 -> 0
B44: 07:30~08:30 | C44: =IF(ISERROR($E44/F44),"-",$E44/F44) -> - | D44: =IF(ISERROR($E44/G44),"-",$E44/G44) -> - | E44: =E8+E17+E26+E35 -> 0 | F44: =F8+F17+F26+F35 -> 0 | G44: =G8+G17+G26+G35 -> 0 | I44: =$I$8 -> 08:00~09:00 | J44: =IF(ISERROR($L44/M44),"-",$L44/M44) -> - | K44: =IF(ISERROR($L44/N44),"-",$L44/N44) -> - | L44: =L8+L17+L26+L35 -> 0 | M44: =M8+M17+M26+M35 -> 0 | N44: =N8+N17+N26+N35 -> 0 | P44: =P35 -> 12:00~13:00 | Q44: =IF(ISERROR($S44/T44),"-",$S44/T44) -> - | R44: =IF(ISERROR($T44/U44),"-",$T44/U44) -> - | S44: =S8+S17+S26+S35 -> 0 | T44: =T8+T17+T26+T35 -> 0 | U44: =U8+U17+U26+U35 -> 0 | W44: =W35 -> 13:00~14:00 | X44: =IF(ISERROR($Z44/AA44),"-",$Z44/AA44) -> - | Y44: =IF(ISERROR($Z44/AB44),"-",$Z44/AB44) -> - | Z44: =Z8+Z17+Z26+Z35 -> 0 | AA44: =AA8+AA17+AA26+AA35 -> 0 | AB44: =AB8+AB17+AB26+AB35 -> 0 | AD44: =$AD$8 -> 18:00~19:00 | AE44: =IF(ISERROR($AG44/AH44),"-",$AG44/AH44) -> - | AF44: =IF(ISERROR($AG44/AI44),"-",$AG44/AI44) -> - | AG44: =AG8+AG17+AG26+AG35 -> 0 | AH44: =AH8+AH17+AH26+AH35 -> 0 | AI44: =AI8+AI17+AI26+AI35 -> 0 | AK44: =$AK$8 -> 0 | AL44: =IF(ISERROR($AN44/AO44),"-",$AN44/AO44) -> - | AM44: =IF(ISERROR($AN44/AP44),"-",$AN44/AP44) -> - | AN44: =AN8+AN17+AN26+AN35 -> 0 | AO44: =AO8+AO17+AO26+AO35 -> 0 | AP44: =AP8+AP17+AP26+AP35 -> 0 | AR44: =$AR$8 -> 0 | AS44: =IF(ISERROR($AU44/AV44),"-",$AU44/AV44) -> - | AT44: =IF(ISERROR($AU44/AW44),"-",$AU44/AW44) -> - | AU44: =AU8+AU17+AU26+AU35 -> 0 | AV44: =AV8+AV17+AV26+AV35 -> 0 | AW44: =AW8+AW17+AW26+AW35 -> 0 | AY44: =AY35 -> 0 | AZ44: =IF(ISERROR($BB44/BC44),"-",$BB44/BC44) -> - | BA44: =IF(ISERROR($BB44/BD44),"-",$BB44/BD44) -> - | BB44: =BB8+BB17+BB26+BB35 -> 0 | BC44: =BC8+BC17+BC26+BC35 -> 0 | BD44: =BD8+BD17+BD26+BD35 -> 0 | BF44: =BF35 -> 17:00~18:00 | BG44: =IF(ISERROR($BI44/BJ44),"-",$BI44/BJ44) -> - | BH44: =IF(ISERROR($BI44/BK44),"-",$BI44/BK44) -> - | BI44: =BI8+BI17+BI26+BI35 -> 0 | BJ44: =BJ8+BJ17+BJ26+BJ35 -> 0 | BK44: =BK8+BK17+BK26+BK35 -> 0 | BM44: =BM35 -> 18:00~19:00 | BN44: =IF(ISERROR($BP44/BQ44),"-",$BP44/BQ44) -> - | BO44: =IF(ISERROR($BP44/BR44),"-",$BP44/BR44) -> - | BP44: =BP8+BP17+BP26+BP35 -> 0 | BQ44: =BQ8+BQ17+BQ26+BQ35 -> 0 | BR44: =BR8+BR17+BR26+BR35 -> 0 | BT44: 17:30~18:30 | BU44: =IF(ISERROR($BW44/BX44),"-",$BW44/BX44) -> - | BV44: =IF(ISERROR($BW44/BY44),"-",$BW44/BY44) -> - | BW44: =('假日(16-20)'!$T$135+'假日(16-20)'!$T$154+'假日(16-20)'!$T$173+'假日(16-20)'!$T$192)*15 -> 0 | BX44: ='假日(16-20)'!$X$135+'假日(16-20)'!$X$154+'假日(16-20)'!$X$173+'假日(16-20)'!$X$192 -> 0 | BY44: ='假日(16-20)'!$Z$135+'假日(16-20)'!$Z$154+'假日(16-20)'!$Z$173+'假日(16-20)'!$Z$192 -> 0
B45: MAX平均延滯 | C45: =MAX(C40:C44) -> 0 | E45: MAX時段 | F45: =IF(C45=C40,B$40,IF(C45=C41,B$41,IF(C45=C42,B$42,IF(C45=C43,B$43,IF(C45=C44,B$44,"-"))))) -> - | I45: MAX平均延滯 | J45: =MAX(J40:J44) -> 0 | L45: MAX時段 | M45: =IF(J45=J40,I$40,IF(J45=J41,I$41,IF(J45=J42,I$42,IF(J45=J43,I$43,IF(J45=J44,I$44,"-"))))) -> - | P45: MAX平均延滯 | Q45: =MAX(Q40:Q44) -> 0 | S45: MAX時段 | T45: =IF(Q45=Q40,P$40,IF(Q45=Q41,P$41,IF(Q45=Q42,P$42,IF(Q45=Q43,P$43,IF(Q45=Q44,P$44,"-"))))) -> - | W45: MAX平均延滯 | X45: =MAX(X40:X44) -> 0 | Z45: MAX時段 | AA45: =IF(X45=X40,W$40,IF(X45=X41,W$41,IF(X45=X42,W$42,IF(X45=X43,W$43,IF(X45=X44,W$44,"-"))))) -> - | AD45: MAX平均延滯 | AE45: =MAX(AE40:AE44) -> 0 | AG45: MAX時段 | AH45: =IF(AE45=AE40,AD$40,IF(AE45=AE41,AD$41,IF(AE45=AE42,AD$42,IF(AE45=AE43,AD$43,IF(AE45=AE44,AD$44,"-"))))) -> - | AK45: MAX平均延滯 | AL45: =MAX(AL40:AL44) -> 0 | AN45: MAX時段 | AO45: =IF(AL45=AL40,AK$40,IF(AL45=AL41,AK$41,IF(AL45=AL42,AK$42,IF(AL45=AL43,AK$43,IF(AL45=AL44,AK$44,"-"))))) -> - | AR45: MAX平均延滯 | AS45: =MAX(AS40:AS44) -> 0 | AU45: MAX時段 | AV45: =IF(AS45=AS40,AR$40,IF(AS45=AS41,AR$41,IF(AS45=AS42,AR$42,IF(AS45=AS43,AR$43,IF(AS45=AS44,AR$44,"-"))))) -> - | AY45: MAX平均延滯 | AZ45: =MAX(AZ40:AZ44) -> 0 | BB45: MAX時段 | BC45: =IF(AZ45=AZ40,AY$40,IF(AZ45=AZ41,AY$41,IF(AZ45=AZ42,AY$42,IF(AZ45=AZ43,AY$43,IF(AZ45=AZ44,AY$44,"-"))))) -> - | BF45: MAX平均延滯 | BG45: =MAX(BG40:BG44) -> 0 | BI45: MAX時段 | BJ45: =IF(BG45=BG40,BF$40,IF(BG45=BG41,BF$41,IF(BG45=BG42,BF$42,IF(BG45=BG43,BF$43,IF(BG45=BG44,BF$44,"-"))))) -> - | BM45: MAX平均延滯 | BN45: =MAX(BN40:BN44) -> 0 | BP45: MAX時段 | BQ45: =IF(BN45=BN40,BM$40,IF(BN45=BN41,BM$41,IF(BN45=BN42,BM$42,IF(BN45=BN43,BM$43,IF(BN45=BN44,BM$44,"-"))))) -> - | BT45: 17:45~18:45 | BU45: =IF(ISERROR($BW45/BX45),"-",$BW45/BX45) -> - | BV45: =IF(ISERROR($BW45/BY45),"-",$BW45/BY45) -> - | BW45: =('假日(16-20)'!$T$154+'假日(16-20)'!$T$173+'假日(16-20)'!$T$192+'假日(16-20)'!$T$211)*15 -> 0 | BX45: ='假日(16-20)'!$X$154+'假日(16-20)'!$X$173+'假日(16-20)'!$X$192+'假日(16-20)'!$X$211 -> 0 | BY45: ='假日(16-20)'!$Z$154+'假日(16-20)'!$Z$173+'假日(16-20)'!$Z$192+'假日(16-20)'!$Z$211 -> 0
B46: MAX平均停等延滯 | D46: =MAX(D40:D44) -> 0 | E46: MAX時段 | F46: =IF(D46=D40,B$40,IF(D46=D41,B$41,IF(D46=D42,B$42,IF(D46=D43,B$43,IF(D46=D44,B$44,"-"))))) -> - | I46: MAX平均停等延滯 | K46: =MAX(K40:K44) -> 0 | L46: MAX時段 | M46: =IF(K46=K40,I$40,IF(K46=K41,I$41,IF(K46=K42,I$42,IF(K46=K43,I$43,IF(K46=K44,I$44,"-"))))) -> - | P46: MAX平均停等延滯 | R46: =MAX(R40:R44) -> 0 | S46: MAX時段 | T46: =IF(R46=R40,P$40,IF(R46=R41,P$41,IF(R46=R42,P$42,IF(R46=R43,P$43,IF(R46=R44,P$44,"-"))))) -> - | W46: MAX平均停等延滯 | Y46: =MAX(Y40:Y44) -> 0 | Z46: MAX時段 | AA46: =IF(Y46=Y40,W$40,IF(Y46=Y41,W$41,IF(Y46=Y42,W$42,IF(Y46=Y43,W$43,IF(Y46=Y44,W$44,"-"))))) -> - | AD46: MAX平均停等延滯 | AF46: =MAX(AF40:AF44) -> 0 | AG46: MAX時段 | AH46: =IF(AF46=AF40,AD$40,IF(AF46=AF41,AD$41,IF(AF46=AF42,AD$42,IF(AF46=AF43,AD$43,IF(AF46=AF44,AD$44,"-"))))) -> - | AK46: MAX平均停等延滯 | AM46: =MAX(AM40:AM44) -> 0 | AN46: MAX時段 | AO46: =IF(AM46=AM40,AK$40,IF(AM46=AM41,AK$41,IF(AM46=AM42,AK$42,IF(AM46=AM43,AK$43,IF(AM46=AM44,AK$44,"-"))))) -> - | AR46: MAX平均停等延滯 | AT46: =MAX(AT40:AT44) -> 0 | AU46: MAX時段 | AV46: =IF(AT46=AT40,AR$40,IF(AT46=AT41,AR$41,IF(AT46=AT42,AR$42,IF(AT46=AT43,AR$43,IF(AT46=AT44,AR$44,"-"))))) -> - | AY46: MAX平均停等延滯 | BA46: =MAX(BA40:BA44) -> 0 | BB46: MAX時段 | BC46: =IF(BA46=BA40,AY$40,IF(BA46=BA41,AY$41,IF(BA46=BA42,AY$42,IF(BA46=BA43,AY$43,IF(BA46=BA44,AY$44,"-"))))) -> - | BF46: MAX平均停等延滯 | BH46: =MAX(BH40:BH44) -> 0 | BI46: MAX時段 | BJ46: =IF(BH46=BH40,BF$40,IF(BH46=BH41,BF$41,IF(BH46=BH42,BF$42,IF(BH46=BH43,BF$43,IF(BH46=BH44,BF$44,"-"))))) -> - | BM46: MAX平均停等延滯 | BO46: =MAX(BO40:BO44) -> 0 | BP46: MAX時段 | BQ46: =IF(BO46=BO40,BM$40,IF(BO46=BO41,BM$41,IF(BO46=BO42,BM$42,IF(BO46=BO43,BM$43,IF(BO46=BO44,BM$44,"-"))))) -> - | BT46: 18:00~19:00 | BU46: =IF(ISERROR($BW46/BX46),"-",$BW46/BX46) -> - | BV46: =IF(ISERROR($BW46/BY46),"-",$BW46/BY46) -> - | BW46: =('假日(16-20)'!$T$173+'假日(16-20)'!$T$192+'假日(16-20)'!$T$211+'假日(16-20)'!$T$230)*15 -> 0 | BX46: ='假日(16-20)'!$X$173+'假日(16-20)'!$X$192+'假日(16-20)'!$X$211+'假日(16-20)'!$X$230 -> 0 | BY46: ='假日(16-20)'!$Z$173+'假日(16-20)'!$Z$192+'假日(16-20)'!$Z$211+'假日(16-20)'!$Z$230 -> 0
BT47: 18:15~19:15 | BU47: =IF(ISERROR($BW47/BX47),"-",$BW47/BX47) -> - | BV47: =IF(ISERROR($BW47/BY47),"-",$BW47/BY47) -> - | BW47: =('假日(16-20)'!$T$192+'假日(16-20)'!$T$211+'假日(16-20)'!$T$230+'假日(16-20)'!$T$249)*15 -> 0 | BX47: ='假日(16-20)'!$X$192+'假日(16-20)'!$X$211+'假日(16-20)'!$X$230+'假日(16-20)'!$X$249 -> 0 | BY47: ='假日(16-20)'!$Z$192+'假日(16-20)'!$Z$211+'假日(16-20)'!$Z$230+'假日(16-20)'!$Z$249 -> 0
BT48: 18:30~19:30 | BU48: =IF(ISERROR($BW48/BX48),"-",$BW48/BX48) -> - | BV48: =IF(ISERROR($BW48/BY48),"-",$BW48/BY48) -> - | BW48: =('假日(16-20)'!$T$211+'假日(16-20)'!$T$230+'假日(16-20)'!$T$249+'假日(16-20)'!$T$268)*15 -> 0 | BX48: ='假日(16-20)'!$X$211+'假日(16-20)'!$X$230+'假日(16-20)'!$X$249+'假日(16-20)'!$X$268 -> 0 | BY48: ='假日(16-20)'!$Z$211+'假日(16-20)'!$Z$230+'假日(16-20)'!$Z$249+'假日(16-20)'!$Z$268 -> 0
BT49: 18:45~19:45 | BU49: =IF(ISERROR($BW49/BX49),"-",$BW49/BX49) -> - | BV49: =IF(ISERROR($BW49/BY49),"-",$BW49/BY49) -> - | BW49: =('假日(16-20)'!$T$230+'假日(16-20)'!$T$249+'假日(16-20)'!$T$268+'假日(16-20)'!$T$287)*15 -> 0 | BX49: ='假日(16-20)'!$X$230+'假日(16-20)'!$X$249+'假日(16-20)'!$X$268+'假日(16-20)'!$X$287 -> 0 | BY49: ='假日(16-20)'!$Z$230+'假日(16-20)'!$Z$249+'假日(16-20)'!$Z$268+'假日(16-20)'!$Z$287 -> 0
BT50: 19:00~20:00 | BU50: =IF(ISERROR($BW50/BX50),"-",$BW50/BX50) -> - | BV50: =IF(ISERROR($BW50/BY50),"-",$BW50/BY50) -> - | BW50: =('假日(16-20)'!$T$249+'假日(16-20)'!$T$268+'假日(16-20)'!$T$287+'假日(16-20)'!$T$306)*15 -> 0 | BX50: ='假日(16-20)'!$X$249+'假日(16-20)'!$X$268+'假日(16-20)'!$X$287+'假日(16-20)'!$X$306 -> 0 | BY50: ='假日(16-20)'!$Z$249+'假日(16-20)'!$Z$268+'假日(16-20)'!$Z$287+'假日(16-20)'!$Z$306 -> 0
BT51: =CONCATENATE(基本資料!$D$18,"方向","平均延滯") -> C方向平均延滯 | BU51: =IF(ISERROR(VLOOKUP($BX$85,BT38:BU50,2,1)),"-",VLOOKUP($BX$85,BT38:BU50,2,1)) -> -
BT52: =CONCATENATE(基本資料!$D$18,"方向","平均停等車輛延滯") -> C方向平均停等車輛延滯 | BV52: =IF(ISERROR(VLOOKUP($BX$86,BT38:BV50,3,1)),"-",VLOOKUP($BX$86,BT38:BV50,3,1)) -> -
BT53: ='假日(16-18)'!$AB$2 -> D方向：
BT54: 時間 | BU54: 平均延滯 | BV54: 平均停等延滯 | BW54: 總延滯 | BX54: 車輛總數 | BY54: 停等車輛數
BT55: =BT38 -> 16:00~17:00 | BU55: =IF(ISERROR($BW55/BX55),"-",$BW55/BX55) -> - | BV55: =IF(ISERROR($BW55/BY55),"-",$BW55/BY55) -> - | BW55: =('假日(16-20)'!$AC$21+'假日(16-20)'!$AC$40+'假日(16-20)'!$AC$59+'假日(16-20)'!$AC$78)*15 -> 0 | BX55: ='假日(16-20)'!$AG$21+'假日(16-20)'!$AG$40+'假日(16-20)'!$AG$59+'假日(16-20)'!$AG$78 -> 0 | BY55: ='假日(16-20)'!$AI$21+'假日(16-20)'!$AI$40+'假日(16-20)'!$AI$59+'假日(16-20)'!$AI$78 -> 0
BT56: =BT39 -> 16:15~17:15 | BU56: =IF(ISERROR($BW56/BX56),"-",$BW56/BX56) -> - | BV56: =IF(ISERROR($BW56/BY56),"-",$BW56/BY56) -> - | BW56: =('假日(16-20)'!$AC$40+'假日(16-20)'!$AC$59+'假日(16-20)'!$AC$78+'假日(16-20)'!$AC$97)*15 -> 0 | BX56: ='假日(16-20)'!$AG$40+'假日(16-20)'!$AG$59+'假日(16-20)'!$AG$78+'假日(16-20)'!$AG$97 -> 0 | BY56: ='假日(16-20)'!$AI$40+'假日(16-20)'!$AI$59+'假日(16-20)'!$AI$78+'假日(16-20)'!$AI$97 -> 0
BT57: =BT40 -> 16:30~17:30 | BU57: =IF(ISERROR($BW57/BX57),"-",$BW57/BX57) -> - | BV57: =IF(ISERROR($BW57/BY57),"-",$BW57/BY57) -> - | BW57: =('假日(16-20)'!$AC$59+'假日(16-20)'!$AC$78+'假日(16-20)'!$AC$97+'假日(16-20)'!$AC$116)*15 -> 0 | BX57: ='假日(16-20)'!$AG$59+'假日(16-20)'!$AG$78+'假日(16-20)'!$AG$97+'假日(16-20)'!$AG$116 -> 0 | BY57: ='假日(16-20)'!$AI$59+'假日(16-20)'!$AI$78+'假日(16-20)'!$AI$97+'假日(16-20)'!$AI$116 -> 0
BT58: =BT41 -> 16:45~17:45 | BU58: =IF(ISERROR($BW58/BX58),"-",$BW58/BX58) -> - | BV58: =IF(ISERROR($BW58/BY58),"-",$BW58/BY58) -> - | BW58: =('假日(16-20)'!$AC$78+'假日(16-20)'!$AC$97+'假日(16-20)'!$AC$116+'假日(16-20)'!$AC$135)*15 -> 0 | BX58: ='假日(16-20)'!$AG$78+'假日(16-20)'!$AG$97+'假日(16-20)'!$AG$116+'假日(16-20)'!$AG$135 -> 0 | BY58: ='假日(16-20)'!$AI$78+'假日(16-20)'!$AI$97+'假日(16-20)'!$AI$116+'假日(16-20)'!$AI$135 -> 0
BT59: =BT42 -> 17:00~18:00 | BU59: =IF(ISERROR($BW59/BX59),"-",$BW59/BX59) -> - | BV59: =IF(ISERROR($BW59/BY59),"-",$BW59/BY59) -> - | BW59: =('假日(16-20)'!$AC$97+'假日(16-20)'!$AC$116+'假日(16-20)'!$AC$135+'假日(16-20)'!$AC$154)*15 -> 0 | BX59: ='假日(16-20)'!$AG$97+'假日(16-20)'!$AG$116+'假日(16-20)'!$AG$135+'假日(16-20)'!$AG$154 -> 0 | BY59: ='假日(16-20)'!$AI$97+'假日(16-20)'!$AI$116+'假日(16-20)'!$AI$135+'假日(16-20)'!$AI$154 -> 0
BT60: 17:15~18:15 | BU60: =IF(ISERROR($BW60/BX60),"-",$BW60/BX60) -> - | BV60: =IF(ISERROR($BW60/BY60),"-",$BW60/BY60) -> - | BW60: =('假日(16-20)'!$AC$116+'假日(16-20)'!$AC$135+'假日(16-20)'!$AC$154+'假日(16-20)'!$AC$173)*15 -> 0 | BX60: ='假日(16-20)'!$AG$116+'假日(16-20)'!$AG$135+'假日(16-20)'!$AG$154+'假日(16-20)'!$AG$173 -> 0 | BY60: ='假日(16-20)'!$AI$116+'假日(16-20)'!$AI$135+'假日(16-20)'!$AI$154+'假日(16-20)'!$AI$173 -> 0
BT61: 17:30~18:30 | BU61: =IF(ISERROR($BW61/BX61),"-",$BW61/BX61) -> - | BV61: =IF(ISERROR($BW61/BY61),"-",$BW61/BY61) -> - | BW61: =('假日(16-20)'!$AC$135+'假日(16-20)'!$AC$154+'假日(16-20)'!$AC$173+'假日(16-20)'!$AC$192)*15 -> 0 | BX61: ='假日(16-20)'!$AG$135+'假日(16-20)'!$AG$154+'假日(16-20)'!$AG$173+'假日(16-20)'!$AG$192 -> 0 | BY61: ='假日(16-20)'!$AI$135+'假日(16-20)'!$AI$154+'假日(16-20)'!$AI$173+'假日(16-20)'!$AI$192 -> 0
BT62: 17:45~18:45 | BU62: =IF(ISERROR($BW62/BX62),"-",$BW62/BX62) -> - | BV62: =IF(ISERROR($BW62/BY62),"-",$BW62/BY62) -> - | BW62: =('假日(16-20)'!$AC$154+'假日(16-20)'!$AC$173+'假日(16-20)'!$AC$192+'假日(16-20)'!$AC$211)*15 -> 0 | BX62: ='假日(16-20)'!$AG$154+'假日(16-20)'!$AG$173+'假日(16-20)'!$AG$192+'假日(16-20)'!$AG$211 -> 0 | BY62: ='假日(16-20)'!$AI$154+'假日(16-20)'!$AI$173+'假日(16-20)'!$AI$192+'假日(16-20)'!$AI$211 -> 0
BT63: 18:00~19:00 | BU63: =IF(ISERROR($BW63/BX63),"-",$BW63/BX63) -> - | BV63: =IF(ISERROR($BW63/BY63),"-",$BW63/BY63) -> - | BW63: =('假日(16-20)'!$AC$173+'假日(16-20)'!$AC$192+'假日(16-20)'!$AC$211+'假日(16-20)'!$AC$230)*15 -> 0 | BX63: ='假日(16-20)'!$AG$173+'假日(16-20)'!$AG$192+'假日(16-20)'!$AG$211+'假日(16-20)'!$AG$230 -> 0 | BY63: ='假日(16-20)'!$AI$173+'假日(16-20)'!$AI$192+'假日(16-20)'!$AI$211+'假日(16-20)'!$AI$230 -> 0
BT64: 18:15~19:15 | BU64: =IF(ISERROR($BW64/BX64),"-",$BW64/BX64) -> - | BV64: =IF(ISERROR($BW64/BY64),"-",$BW64/BY64) -> - | BW64: =('假日(16-20)'!$AC$192+'假日(16-20)'!$AC$211+'假日(16-20)'!$AC$230+'假日(16-20)'!$AC$249)*15 -> 0 | BX64: ='假日(16-20)'!$AG$192+'假日(16-20)'!$AG$211+'假日(16-20)'!$AG$230+'假日(16-20)'!$AG$249 -> 0 | BY64: ='假日(16-20)'!$AI$192+'假日(16-20)'!$AI$211+'假日(16-20)'!$AI$230+'假日(16-20)'!$AI$249 -> 0
BT65: 18:30~19:30 | BU65: =IF(ISERROR($BW65/BX65),"-",$BW65/BX65) -> - | BV65: =IF(ISERROR($BW65/BY65),"-",$BW65/BY65) -> - | BW65: =('假日(16-20)'!$AC$211+'假日(16-20)'!$AC$230+'假日(16-20)'!$AC$249+'假日(16-20)'!$AC$268)*15 -> 0 | BX65: ='假日(16-20)'!$AG$211+'假日(16-20)'!$AG$230+'假日(16-20)'!$AG$249+'假日(16-20)'!$AG$268 -> 0 | BY65: ='假日(16-20)'!$AI$211+'假日(16-20)'!$AI$230+'假日(16-20)'!$AI$249+'假日(16-20)'!$AI$268 -> 0
BT66: 18:45~19:45 | BU66: =IF(ISERROR($BW66/BX66),"-",$BW66/BX66) -> - | BV66: =IF(ISERROR($BW66/BY66),"-",$BW66/BY66) -> - | BW66: =('假日(16-20)'!$AC$230+'假日(16-20)'!$AC$249+'假日(16-20)'!$AC$268+'假日(16-20)'!$AC$287)*15 -> 0 | BX66: ='假日(16-20)'!$AG$230+'假日(16-20)'!$AG$249+'假日(16-20)'!$AG$268+'假日(16-20)'!$AG$287 -> 0 | BY66: ='假日(16-20)'!$AI$230+'假日(16-20)'!$AI$249+'假日(16-20)'!$AI$268+'假日(16-20)'!$AI$287 -> 0
BT67: 19:00~20:00 | BU67: =IF(ISERROR($BW67/BX67),"-",$BW67/BX67) -> - | BV67: =IF(ISERROR($BW67/BY67),"-",$BW67/BY67) -> - | BW67: =('假日(16-20)'!$AC$249+'假日(16-20)'!$AC$268+'假日(16-20)'!$AC$287+'假日(16-20)'!$AC$306)*15 -> 0 | BX67: ='假日(16-20)'!$AG$249+'假日(16-20)'!$AG$268+'假日(16-20)'!$AG$287+'假日(16-20)'!$AG$306 -> 0 | BY67: ='假日(16-20)'!$AI$249+'假日(16-20)'!$AI$268+'假日(16-20)'!$AI$287+'假日(16-20)'!$AI$306 -> 0
BT68: =CONCATENATE(基本資料!$E$18,"方向","平均延滯") -> D方向平均延滯 | BU68: =IF(ISERROR(VLOOKUP($BX$85,BT55:BU67,2,1)),"-",VLOOKUP($BX$85,BT55:BU67,2,1)) -> -
BT69: =CONCATENATE(基本資料!$E$18,"方向","平均停等車輛延滯") -> D方向平均停等車輛延滯 | BV69: =IF(ISERROR(VLOOKUP($BX$86,BT55:BV67,3,1)),"-",VLOOKUP($BX$86,BT55:BV67,3,1)) -> -
BT70: 路口延滯
BT71: 時間 | BU71: 平均延滯 | BV71: 平均停等延滯 | BW71: 總延滯 | BX71: 車輛總數 | BY71: 停等車輛數
BT72: =BT55 -> 16:00~17:00 | BU72: =IF(ISERROR($BW72/BX72),"-",$BW72/BX72) -> - | BV72: =IF(ISERROR($BW72/BY72),"-",$BW72/BY72) -> - | BW72: =BW4+BW21+BW38+BW55 -> 0 | BX72: =BX4+BX21+BX38+BX55 -> 0 | BY72: =BY4+BY21+BY38+BY55 -> 0
BT73: =BT56 -> 16:15~17:15 | BU73: =IF(ISERROR($BW73/BX73),"-",$BW73/BX73) -> - | BV73: =IF(ISERROR($BW73/BY73),"-",$BW73/BY73) -> - | BW73: =BW5+BW22+BW39+BW56 -> 0 | BX73: =BX5+BX22+BX39+BX56 -> 0 | BY73: =BY5+BY22+BY39+BY56 -> 0
BT74: =BT57 -> 16:30~17:30 | BU74: =IF(ISERROR($BW74/BX74),"-",$BW74/BX74) -> - | BV74: =IF(ISERROR($BW74/BY74),"-",$BW74/BY74) -> - | BW74: =BW6+BW23+BW40+BW57 -> 0 | BX74: =BX6+BX23+BX40+BX57 -> 0 | BY74: =BY6+BY23+BY40+BY57 -> 0
BT75: =BT58 -> 16:45~17:45 | BU75: =IF(ISERROR($BW75/BX75),"-",$BW75/BX75) -> - | BV75: =IF(ISERROR($BW75/BY75),"-",$BW75/BY75) -> - | BW75: =BW7+BW24+BW41+BW58 -> 0 | BX75: =BX7+BX24+BX41+BX58 -> 0 | BY75: =BY7+BY24+BY41+BY58 -> 0
BT76: =BT59 -> 17:00~18:00 | BU76: =IF(ISERROR($BW76/BX76),"-",$BW76/BX76) -> - | BV76: =IF(ISERROR($BW76/BY76),"-",$BW76/BY76) -> - | BW76: =BW8+BW25+BW42+BW59 -> 0 | BX76: =BX8+BX25+BX42+BX59 -> 0 | BY76: =BY8+BY25+BY42+BY59 -> 0
BT77: 17:15~18:15 | BU77: =IF(ISERROR($BW77/BX77),"-",$BW77/BX77) -> - | BV77: =IF(ISERROR($BW77/BY77),"-",$BW77/BY77) -> - | BW77: =BW9+BW26+BW43+BW60 -> 0 | BX77: =BX9+BX26+BX43+BX60 -> 0 | BY77: =BY9+BY26+BY43+BY60 -> 0
BT78: 17:30~18:30 | BU78: =IF(ISERROR($BW78/BX78),"-",$BW78/BX78) -> - | BV78: =IF(ISERROR($BW78/BY78),"-",$BW78/BY78) -> - | BW78: =BW10+BW27+BW44+BW61 -> 0 | BX78: =BX10+BX27+BX44+BX61 -> 0 | BY78: =BY10+BY27+BY44+BY61 -> 0
BT79: 17:45~18:45 | BU79: =IF(ISERROR($BW79/BX79),"-",$BW79/BX79) -> - | BV79: =IF(ISERROR($BW79/BY79),"-",$BW79/BY79) -> - | BW79: =BW11+BW28+BW45+BW62 -> 0 | BX79: =BX11+BX28+BX45+BX62 -> 0 | BY79: =BY11+BY28+BY45+BY62 -> 0
BT80: 18:00~19:00 | BU80: =IF(ISERROR($BW80/BX80),"-",$BW80/BX80) -> - | BV80: =IF(ISERROR($BW80/BY80),"-",$BW80/BY80) -> - | BW80: =BW12+BW29+BW46+BW63 -> 0 | BX80: =BX12+BX29+BX46+BX63 -> 0 | BY80: =BY12+BY29+BY46+BY63 -> 0
BT81: 18:15~19:15 | BU81: =IF(ISERROR($BW81/BX81),"-",$BW81/BX81) -> - | BV81: =IF(ISERROR($BW81/BY81),"-",$BW81/BY81) -> - | BW81: =BW13+BW30+BW47+BW64 -> 0 | BX81: =BX13+BX30+BX47+BX64 -> 0 | BY81: =BY13+BY30+BY47+BY64 -> 0
BT82: 18:30~19:30 | BU82: =IF(ISERROR($BW82/BX82),"-",$BW82/BX82) -> - | BV82: =IF(ISERROR($BW82/BY82),"-",$BW82/BY82) -> - | BW82: =BW14+BW31+BW48+BW65 -> 0 | BX82: =BX14+BX31+BX48+BX65 -> 0 | BY82: =BY14+BY31+BY48+BY65 -> 0
BT83: 18:45~19:45 | BU83: =IF(ISERROR($BW83/BX83),"-",$BW83/BX83) -> - | BV83: =IF(ISERROR($BW83/BY83),"-",$BW83/BY83) -> - | BW83: =BW15+BW32+BW49+BW66 -> 0 | BX83: =BX15+BX32+BX49+BX66 -> 0 | BY83: =BY15+BY32+BY49+BY66 -> 0
BT84: 19:00~20:00 | BU84: =IF(ISERROR($BW84/BX84),"-",$BW84/BX84) -> - | BV84: =IF(ISERROR($BW84/BY84),"-",$BW84/BY84) -> - | BW84: =BW16+BW33+BW50+BW67 -> 0 | BX84: =BX16+BX33+BX50+BX67 -> 0 | BY84: =BY16+BY33+BY50+BY67 -> 0
BT85: MAX平均延滯 | BU85: =MAX(BU72:BU84) -> 0 | BW85: MAX時段 | BX85: =IF(BU85=BU72,BT$72,IF(BU85=BU73,BT$73,IF(BU85=BU74,BT$74,IF(BU85=BU75,BT$75,IF(BU85=BU76,BT$76,IF(BU85=BU77,BT$77,IF(BU85=BU78,BT$78,IF(BU85=BU79,BT$79,IF(BU85=BU80,BT$80,IF(BU85=BU81,BT$81,IF(BU85=BU82,BT$82,IF(BU85=BU83,BT$83,IF(BU85=BU84,BT$84,"-"))))))))))))) -> -
BT86: MAX平均停等延滯 | BV86: =MAX(BV72:BV84) -> 0 | BW86: MAX時段 | BX86: =IF(BV86=BV72,BT$72,IF(BV86=BV73,BT$73,IF(BV86=BV74,BT$74,IF(BV86=BV75,BT$75,IF(BV86=BV76,BT$76,IF(BV86=BV77,BT$77,IF(BV86=BV78,BT$78,IF(BV86=BV79,BT$79,IF(BV86=BV80,BT$80,IF(BV86=BV81,BT$81,IF(BV86=BV82,BT$82,IF(BV86=BV83,BT$83,IF(BV86=BV84,BT$84,"-"))))))))))))) -> -

Sheet 資料整理
A1: 平均延滯(報告用)
A2: 方向 | C2: =資料分析!B1 -> 平日晨峰(0630-0830) | F2: =資料分析!I1 -> 平日晨峰(07-09) | I2: =資料分析!P1 -> 平日中午(11-13) | L2: =資料分析!W1 -> 平日中午(12-14) | O2: =資料分析!AD1 -> 平日昏峰(17-19)
C3: 各方向延滯 | D3: 服務水準 | E3: 平均延滯 | F3: 各方向延滯 | G3: 服務水準 | H3: 平均延滯 | I3: 各方向延滯 | J3: 服務水準 | K3: 平均延滯 | L3: 各方向延滯 | M3: 服務水準 | N3: 平均延滯 | O3: 各方向延滯 | P3: 服務水準 | Q3: 平均延滯
A4: A | B4: =CONCATENATE(基本資料!B19,基本資料!B20) | C4: =IF(資料分析!C9=0,"-",資料分析!C9) -> - | D4: =IF(C4="-","-",IF(C4<=15,"A",IF(C4<=30,"B",IF(C4<=45,"C",IF(C4<=60,"D",IF(C4<=80,"E","F")))))) -> - | E4: =IF(資料分析!C45=0,"-",資料分析!C45) -> - | F4: =IF(資料分析!J9=0,"-",資料分析!J9) -> - | G4: =IF(F4="-","-",IF(F4<=15,"A",IF(F4<=30,"B",IF(F4<=45,"C",IF(F4<=60,"D",IF(F4<=80,"E","F")))))) -> - | H4: =IF(資料分析!J45=0,"-",資料分析!J45) -> - | I4: =IF(資料分析!Q9=0,"-",資料分析!Q9) -> - | J4: =IF(I4="-","-",IF(I4<=15,"A",IF(I4<=30,"B",IF(I4<=45,"C",IF(I4<=60,"D",IF(I4<=80,"E","F")))))) -> - | K4: =IF(資料分析!Q45=0,"-",資料分析!Q45) -> - | L4: =IF(資料分析!X9=0,"-",資料分析!X9) -> - | M4: =IF(L4="-","-",IF(L4<=15,"A",IF(L4<=30,"B",IF(L4<=45,"C",IF(L4<=60,"D",IF(L4<=80,"E","F")))))) -> - | N4: =IF(資料分析!X45=0,"-",資料分析!X45) -> - | O4: =IF(資料分析!AE9=0,"-",資料分析!AE9) -> - | P4: =IF(O4="-","-",IF(O4<=15,"A",IF(O4<=30,"B",IF(O4<=45,"C",IF(O4<=60,"D",IF(O4<=80,"E","F")))))) -> - | Q4: =IF(資料分析!AE45=0,"-",資料分析!AE45) -> -
A5: B | B5: =CONCATENATE(基本資料!C19,基本資料!C20) | C5: =IF(資料分析!C18=0,"-",資料分析!C18) -> - | D5: =IF(C5="-","-",IF(C5<=15,"A",IF(C5<=30,"B",IF(C5<=45,"C",IF(C5<=60,"D",IF(C5<=80,"E","F")))))) -> - | E5: =IF(E4="-","-",IF(E4<=15,"A",IF(E4<=30,"B",IF(E4<=45,"C",IF(E4<=60,"D",IF(E4<=80,"E","F")))))) -> - | F5: =IF(資料分析!J18=0,"-",資料分析!J18) -> - | G5: =IF(F5="-","-",IF(F5<=15,"A",IF(F5<=30,"B",IF(F5<=45,"C",IF(F5<=60,"D",IF(F5<=80,"E","F")))))) -> - | H5: =IF(H4="-","-",IF(H4<=15,"A",IF(H4<=30,"B",IF(H4<=45,"C",IF(H4<=60,"D",IF(H4<=80,"E","F")))))) -> - | I5: =IF(資料分析!Q18=0,"-",資料分析!Q18) -> - | J5: =IF(I5="-","-",IF(I5<=15,"A",IF(I5<=30,"B",IF(I5<=45,"C",IF(I5<=60,"D",IF(I5<=80,"E","F")))))) -> - | K5: =IF(K4="-","-",IF(K4<=15,"A",IF(K4<=30,"B",IF(K4<=45,"C",IF(K4<=60,"D",IF(K4<=80,"E","F")))))) -> - | L5: =IF(資料分析!X18=0,"-",資料分析!X18) -> - | M5: =IF(L5="-","-",IF(L5<=15,"A",IF(L5<=30,"B",IF(L5<=45,"C",IF(L5<=60,"D",IF(L5<=80,"E","F")))))) -> - | N5: =IF(N4="-","-",IF(N4<=15,"A",IF(N4<=30,"B",IF(N4<=45,"C",IF(N4<=60,"D",IF(N4<=80,"E","F")))))) -> - | O5: =IF(資料分析!AE18=0,"-",資料分析!AE18) -> - | P5: =IF(O5="-","-",IF(O5<=15,"A",IF(O5<=30,"B",IF(O5<=45,"C",IF(O5<=60,"D",IF(O5<=80,"E","F")))))) -> - | Q5: =IF(Q4="-","-",IF(Q4<=15,"A",IF(Q4<=30,"B",IF(Q4<=45,"C",IF(Q4<=60,"D",IF(Q4<=80,"E","F")))))) -> -
A6: C | B6: =CONCATENATE(基本資料!D19,基本資料!D20) | C6: =IF(資料分析!C27=0,"-",資料分析!C27) -> - | D6: =IF(C6="-","-",IF(C6<=15,"A",IF(C6<=30,"B",IF(C6<=45,"C",IF(C6<=60,"D",IF(C6<=80,"E","F")))))) -> - | F6: =IF(資料分析!J27=0,"-",資料分析!J27) -> - | G6: =IF(F6="-","-",IF(F6<=15,"A",IF(F6<=30,"B",IF(F6<=45,"C",IF(F6<=60,"D",IF(F6<=80,"E","F")))))) -> - | I6: =IF(資料分析!Q27=0,"-",資料分析!Q27) -> - | J6: =IF(I6="-","-",IF(I6<=15,"A",IF(I6<=30,"B",IF(I6<=45,"C",IF(I6<=60,"D",IF(I6<=80,"E","F")))))) -> - | L6: =IF(資料分析!X27=0,"-",資料分析!X27) -> - | M6: =IF(L6="-","-",IF(L6<=15,"A",IF(L6<=30,"B",IF(L6<=45,"C",IF(L6<=60,"D",IF(L6<=80,"E","F")))))) -> - | O6: =IF(資料分析!AE27=0,"-",資料分析!AE27) -> - | P6: =IF(O6="-","-",IF(O6<=15,"A",IF(O6<=30,"B",IF(O6<=45,"C",IF(O6<=60,"D",IF(O6<=80,"E","F")))))) -> -
A7: D | B7: =CONCATENATE(基本資料!E19,基本資料!E20) | C7: =IF(資料分析!C36=0,"-",資料分析!C36) -> - | D7: =IF(C7="-","-",IF(C7<=15,"A",IF(C7<=30,"B",IF(C7<=45,"C",IF(C7<=60,"D",IF(C7<=80,"E","F")))))) -> - | F7: =IF(資料分析!J36=0,"-",資料分析!J36) -> - | G7: =IF(F7="-","-",IF(F7<=15,"A",IF(F7<=30,"B",IF(F7<=45,"C",IF(F7<=60,"D",IF(F7<=80,"E","F")))))) -> - | I7: =IF(資料分析!Q36=0,"-",資料分析!Q36) -> - | J7: =IF(I7="-","-",IF(I7<=15,"A",IF(I7<=30,"B",IF(I7<=45,"C",IF(I7<=60,"D",IF(I7<=80,"E","F")))))) -> - | L7: =IF(資料分析!X36=0,"-",資料分析!X36) -> - | M7: =IF(L7="-","-",IF(L7<=15,"A",IF(L7<=30,"B",IF(L7<=45,"C",IF(L7<=60,"D",IF(L7<=80,"E","F")))))) -> - | O7: =IF(資料分析!AE36=0,"-",資料分析!AE36) -> - | P7: =IF(O7="-","-",IF(O7<=15,"A",IF(O7<=30,"B",IF(O7<=45,"C",IF(O7<=60,"D",IF(O7<=80,"E","F")))))) -> -
A9: 平均延滯(報告用)
A10: 方向 | C10: =資料分析!AK1 -> 假日(11-12) | F10: =資料分析!AR1 -> 假日(1430~1530) | I10: =資料分析!AY1 -> 假日(1730~1830) | L10: =資料分析!BF1 -> 假日(16-18) | O10: =資料分析!BM1 -> 假日(17-19) | R10: =資料分析!BT1 -> 假日(16-20)
C11: 各方向延滯 | D11: 服務水準 | E11: 平均延滯 | F11: 各方向延滯 | G11: 服務水準 | H11: 平均延滯 | I11: 各方向延滯 | J11: 服務水準 | K11: 平均延滯 | L11: 各方向延滯 | M11: 服務水準 | N11: 平均延滯 | O11: 各方向延滯 | P11: 服務水準 | Q11: 平均延滯 | R11: 各方向延滯 | S11: 服務水準 | T11: 平均延滯
A12: A | B12: =B4 | C12: =IF(資料分析!AL9=0,"-",資料分析!AL9) -> - | D12: =IF(C12="-","-",IF(C12<=15,"A",IF(C12<=30,"B",IF(C12<=45,"C",IF(C12<=60,"D",IF(C12<=80,"E","F")))))) -> - | E12: =IF(資料分析!AL45=0,"-",資料分析!AL45) -> - | F12: =IF(資料分析!AS9=0,"-",資料分析!AS9) -> - | G12: =IF(F12="-","-",IF(F12<=15,"A",IF(F12<=30,"B",IF(F12<=45,"C",IF(F12<=60,"D",IF(F12<=80,"E","F")))))) -> - | H12: =IF(資料分析!AS45=0,"-",資料分析!AS45) -> - | I12: =IF(資料分析!AZ9=0,"-",資料分析!AZ9) -> - | J12: =IF(I12="-","-",IF(I12<=15,"A",IF(I12<=30,"B",IF(I12<=45,"C",IF(I12<=60,"D",IF(I12<=80,"E","F")))))) -> - | K12: =IF(資料分析!AZ45=0,"-",資料分析!AZ45) -> - | L12: =IF(資料分析!BG9=0,"-",資料分析!BG9) -> - | M12: =IF(L12="-","-",IF(L12<=15,"A",IF(L12<=30,"B",IF(L12<=45,"C",IF(L12<=60,"D",IF(L12<=80,"E","F")))))) -> - | N12: =IF(資料分析!BG45=0,"-",資料分析!BG45) -> - | O12: =IF(資料分析!BN9=0,"-",資料分析!BN9) -> - | P12: =IF(O12="-","-",IF(O12<=15,"A",IF(O12<=30,"B",IF(O12<=45,"C",IF(O12<=60,"D",IF(O12<=80,"E","F")))))) -> - | Q12: =IF(資料分析!BN45=0,"-",資料分析!BN45) -> - | R12: =IF(資料分析!BU17=0,"-",資料分析!BU17) -> - | S12: =IF(R12="-","-",IF(R12<=15,"A",IF(R12<=30,"B",IF(R12<=45,"C",IF(R12<=60,"D",IF(R12<=80,"E","F")))))) -> - | T12: =IF(資料分析!BU85=0,"-",資料分析!BU85) -> -
A13: B | B13: =B5 | C13: =IF(資料分析!AL18=0,"-",資料分析!AL18) -> - | D13: =IF(C13="-","-",IF(C13<=15,"A",IF(C13<=30,"B",IF(C13<=45,"C",IF(C13<=60,"D",IF(C13<=80,"E","F")))))) -> - | E13: =IF(E12="-","-",IF(E12<=15,"A",IF(E12<=30,"B",IF(E12<=45,"C",IF(E12<=60,"D",IF(E12<=80,"E","F")))))) -> - | F13: =IF(資料分析!AS18=0,"-",資料分析!AS18) -> - | G13: =IF(F13="-","-",IF(F13<=15,"A",IF(F13<=30,"B",IF(F13<=45,"C",IF(F13<=60,"D",IF(F13<=80,"E","F")))))) -> - | H13: =IF(H12="-","-",IF(H12<=15,"A",IF(H12<=30,"B",IF(H12<=45,"C",IF(H12<=60,"D",IF(H12<=80,"E","F")))))) -> - | I13: =IF(資料分析!AZ18=0,"-",資料分析!AZ18) -> - | J13: =IF(I13="-","-",IF(I13<=15,"A",IF(I13<=30,"B",IF(I13<=45,"C",IF(I13<=60,"D",IF(I13<=80,"E","F")))))) -> - | K13: =IF(K12="-","-",IF(K12<=15,"A",IF(K12<=30,"B",IF(K12<=45,"C",IF(K12<=60,"D",IF(K12<=80,"E","F")))))) -> - | L13: =IF(資料分析!BG18=0,"-",資料分析!BG18) -> - | M13: =IF(L13="-","-",IF(L13<=15,"A",IF(L13<=30,"B",IF(L13<=45,"C",IF(L13<=60,"D",IF(L13<=80,"E","F")))))) -> - | N13: =IF(N12="-","-",IF(N12<=15,"A",IF(N12<=30,"B",IF(N12<=45,"C",IF(N12<=60,"D",IF(N12<=80,"E","F")))))) -> - | O13: =IF(資料分析!BN18=0,"-",資料分析!BN18) -> - | P13: =IF(O13="-","-",IF(O13<=15,"A",IF(O13<=30,"B",IF(O13<=45,"C",IF(O13<=60,"D",IF(O13<=80,"E","F")))))) -> - | Q13: =IF(Q12="-","-",IF(Q12<=15,"A",IF(Q12<=30,"B",IF(Q12<=45,"C",IF(Q12<=60,"D",IF(Q12<=80,"E","F")))))) -> - | R13: =IF(資料分析!BU34=0,"-",資料分析!BU34) -> - | S13: =IF(R13="-","-",IF(R13<=15,"A",IF(R13<=30,"B",IF(R13<=45,"C",IF(R13<=60,"D",IF(R13<=80,"E","F")))))) -> - | T13: =IF(T12="-","-",IF(T12<=15,"A",IF(T12<=30,"B",IF(T12<=45,"C",IF(T12<=60,"D",IF(T12<=80,"E","F")))))) -> -
A14: C | B14: =B6 | C14: =IF(資料分析!AL27=0,"-",資料分析!AL27) -> - | D14: =IF(C14="-","-",IF(C14<=15,"A",IF(C14<=30,"B",IF(C14<=45,"C",IF(C14<=60,"D",IF(C14<=80,"E","F")))))) -> - | F14: =IF(資料分析!AS27=0,"-",資料分析!AS27) -> - | G14: =IF(F14="-","-",IF(F14<=15,"A",IF(F14<=30,"B",IF(F14<=45,"C",IF(F14<=60,"D",IF(F14<=80,"E","F")))))) -> - | I14: =IF(資料分析!AZ27=0,"-",資料分析!AZ27) -> - | J14: =IF(I14="-","-",IF(I14<=15,"A",IF(I14<=30,"B",IF(I14<=45,"C",IF(I14<=60,"D",IF(I14<=80,"E","F")))))) -> - | L14: =IF(資料分析!BG27=0,"-",資料分析!BG27) -> - | M14: =IF(L14="-","-",IF(L14<=15,"A",IF(L14<=30,"B",IF(L14<=45,"C",IF(L14<=60,"D",IF(L14<=80,"E","F")))))) -> - | O14: =IF(資料分析!BN27=0,"-",資料分析!BN27) -> - | P14: =IF(O14="-","-",IF(O14<=15,"A",IF(O14<=30,"B",IF(O14<=45,"C",IF(O14<=60,"D",IF(O14<=80,"E","F")))))) -> - | R14: =IF(資料分析!BU51=0,"-",資料分析!BU51) -> - | S14: =IF(R14="-","-",IF(R14<=15,"A",IF(R14<=30,"B",IF(R14<=45,"C",IF(R14<=60,"D",IF(R14<=80,"E","F")))))) -> -
A15: D | B15: =B7 | C15: =IF(資料分析!AL36=0,"-",資料分析!AL36) -> - | D15: =IF(C15="-","-",IF(C15<=15,"A",IF(C15<=30,"B",IF(C15<=45,"C",IF(C15<=60,"D",IF(C15<=80,"E","F")))))) -> - | F15: =IF(資料分析!AS36=0,"-",資料分析!AS36) -> - | G15: =IF(F15="-","-",IF(F15<=15,"A",IF(F15<=30,"B",IF(F15<=45,"C",IF(F15<=60,"D",IF(F15<=80,"E","F")))))) -> - | I15: =IF(資料分析!AZ36=0,"-",資料分析!AZ36) -> - | J15: =IF(I15="-","-",IF(I15<=15,"A",IF(I15<=30,"B",IF(I15<=45,"C",IF(I15<=60,"D",IF(I15<=80,"E","F")))))) -> - | L15: =IF(資料分析!BG36=0,"-",資料分析!BG36) -> - | M15: =IF(L15="-","-",IF(L15<=15,"A",IF(L15<=30,"B",IF(L15<=45,"C",IF(L15<=60,"D",IF(L15<=80,"E","F")))))) -> - | O15: =IF(資料分析!BN36=0,"-",資料分析!BN36) -> - | P15: =IF(O15="-","-",IF(O15<=15,"A",IF(O15<=30,"B",IF(O15<=45,"C",IF(O15<=60,"D",IF(O15<=80,"E","F")))))) -> - | R15: =IF(資料分析!BU68=0,"-",資料分析!BU68) -> - | S15: =IF(R15="-","-",IF(R15<=15,"A",IF(R15<=30,"B",IF(R15<=45,"C",IF(R15<=60,"D",IF(R15<=80,"E","F")))))) -> -
A17: 平均停等車輛延滯
A18: 方向 | C18: =C2 -> 平日晨峰(0630-0830) | F18: =F2 -> 平日晨峰(07-09) | I18: =I2 -> 平日中午(11-13) | L18: =L2 -> 平日中午(12-14) | O18: =O2 -> 平日昏峰(17-19)
C19: 各方向延滯 | D19: 服務水準 | E19: 平均延滯 | F19: 各方向延滯 | G19: 服務水準 | H19: 平均延滯 | I19: 各方向延滯 | J19: 服務水準 | K19: 平均延滯 | L19: 各方向延滯 | M19: 服務水準 | N19: 平均延滯 | O19: 各方向延滯 | P19: 服務水準 | Q19: 平均延滯
A20: A | B20: =B4 | C20: =IF(資料分析!D10=0,"-",資料分析!D10) -> - | D20: =IF(C20="-","-",IF(C20<=15,"A",IF(C20<=30,"B",IF(C20<=45,"C",IF(C20<=60,"D",IF(C20<=80,"E","F")))))) -> - | E20: =IF(資料分析!D46=0,"-",資料分析!D46) -> - | F20: =IF(資料分析!K10=0,"-",資料分析!K10) -> - | G20: =IF(F20="-","-",IF(F20<=15,"A",IF(F20<=30,"B",IF(F20<=45,"C",IF(F20<=60,"D",IF(F20<=80,"E","F")))))) -> - | H20: =IF(資料分析!K46=0,"-",資料分析!K46) -> - | I20: =IF(資料分析!R10=0,"-",資料分析!R10) -> - | J20: =IF(I20="-","-",IF(I20<=15,"A",IF(I20<=30,"B",IF(I20<=45,"C",IF(I20<=60,"D",IF(I20<=80,"E","F")))))) -> - | K20: =IF(資料分析!R46=0,"-",資料分析!R46) -> - | L20: =IF(資料分析!Y10=0,"-",資料分析!Y10) -> - | M20: =IF(L20="-","-",IF(L20<=15,"A",IF(L20<=30,"B",IF(L20<=45,"C",IF(L20<=60,"D",IF(L20<=80,"E","F")))))) -> - | N20: =IF(資料分析!Y46=0,"-",資料分析!Y46) -> - | O20: =IF(資料分析!AF10=0,"-",資料分析!AF10) -> - | P20: =IF(O20="-","-",IF(O20<=15,"A",IF(O20<=30,"B",IF(O20<=45,"C",IF(O20<=60,"D",IF(O20<=80,"E","F")))))) -> - | Q20: =IF(資料分析!AF46=0,"-",資料分析!AF46) -> -
A21: B | B21: =B5 | C21: =IF(資料分析!D19=0,"-",資料分析!D19) -> - | D21: =IF(C21="-","-",IF(C21<=15,"A",IF(C21<=30,"B",IF(C21<=45,"C",IF(C21<=60,"D",IF(C21<=80,"E","F")))))) -> - | E21: =IF(E20="-","-",IF(E20<=15,"A",IF(E20<=30,"B",IF(E20<=45,"C",IF(E20<=60,"D",IF(E20<=80,"E","F")))))) -> - | F21: =IF(資料分析!K19=0,"-",資料分析!K19) -> - | G21: =IF(F21="-","-",IF(F21<=15,"A",IF(F21<=30,"B",IF(F21<=45,"C",IF(F21<=60,"D",IF(F21<=80,"E","F")))))) -> - | H21: =IF(H20="-","-",IF(H20<=15,"A",IF(H20<=30,"B",IF(H20<=45,"C",IF(H20<=60,"D",IF(H20<=80,"E","F")))))) -> - | I21: =IF(資料分析!R19=0,"-",資料分析!R19) -> - | J21: =IF(I21="-","-",IF(I21<=15,"A",IF(I21<=30,"B",IF(I21<=45,"C",IF(I21<=60,"D",IF(I21<=80,"E","F")))))) -> - | K21: =IF(K20="-","-",IF(K20<=15,"A",IF(K20<=30,"B",IF(K20<=45,"C",IF(K20<=60,"D",IF(K20<=80,"E","F")))))) -> - | L21: =IF(資料分析!Y19=0,"-",資料分析!Y19) -> - | M21: =IF(L21="-","-",IF(L21<=15,"A",IF(L21<=30,"B",IF(L21<=45,"C",IF(L21<=60,"D",IF(L21<=80,"E","F")))))) -> - | N21: =IF(N20="-","-",IF(N20<=15,"A",IF(N20<=30,"B",IF(N20<=45,"C",IF(N20<=60,"D",IF(N20<=80,"E","F")))))) -> - | O21: =IF(資料分析!AF19=0,"-",資料分析!AF19) -> - | P21: =IF(O21="-","-",IF(O21<=15,"A",IF(O21<=30,"B",IF(O21<=45,"C",IF(O21<=60,"D",IF(O21<=80,"E","F")))))) -> - | Q21: =IF(Q20="-","-",IF(Q20<=15,"A",IF(Q20<=30,"B",IF(Q20<=45,"C",IF(Q20<=60,"D",IF(Q20<=80,"E","F")))))) -> -
A22: C | B22: =B6 | C22: =IF(資料分析!D28=0,"-",資料分析!D28) -> - | D22: =IF(C22="-","-",IF(C22<=15,"A",IF(C22<=30,"B",IF(C22<=45,"C",IF(C22<=60,"D",IF(C22<=80,"E","F")))))) -> - | F22: =IF(資料分析!K28=0,"-",資料分析!K28) -> - | G22: =IF(F22="-","-",IF(F22<=15,"A",IF(F22<=30,"B",IF(F22<=45,"C",IF(F22<=60,"D",IF(F22<=80,"E","F")))))) -> - | I22: =IF(資料分析!R28=0,"-",資料分析!R28) -> - | J22: =IF(I22="-","-",IF(I22<=15,"A",IF(I22<=30,"B",IF(I22<=45,"C",IF(I22<=60,"D",IF(I22<=80,"E","F")))))) -> - | L22: =IF(資料分析!Y28=0,"-",資料分析!Y28) -> - | M22: =IF(L22="-","-",IF(L22<=15,"A",IF(L22<=30,"B",IF(L22<=45,"C",IF(L22<=60,"D",IF(L22<=80,"E","F")))))) -> - | O22: =IF(資料分析!AF28=0,"-",資料分析!AF28) -> - | P22: =IF(O22="-","-",IF(O22<=15,"A",IF(O22<=30,"B",IF(O22<=45,"C",IF(O22<=60,"D",IF(O22<=80,"E","F")))))) -> -
A23: D | B23: =B7 | C23: =IF(資料分析!D37=0,"-",資料分析!D37) -> - | D23: =IF(C23="-","-",IF(C23<=15,"A",IF(C23<=30,"B",IF(C23<=45,"C",IF(C23<=60,"D",IF(C23<=80,"E","F")))))) -> - | F23: =IF(資料分析!K37=0,"-",資料分析!K37) -> - | G23: =IF(F23="-","-",IF(F23<=15,"A",IF(F23<=30,"B",IF(F23<=45,"C",IF(F23<=60,"D",IF(F23<=80,"E","F")))))) -> - | I23: =IF(資料分析!R37=0,"-",資料分析!R37) -> - | J23: =IF(I23="-","-",IF(I23<=15,"A",IF(I23<=30,"B",IF(I23<=45,"C",IF(I23<=60,"D",IF(I23<=80,"E","F")))))) -> - | L23: =IF(資料分析!Y37=0,"-",資料分析!Y37) -> - | M23: =IF(L23="-","-",IF(L23<=15,"A",IF(L23<=30,"B",IF(L23<=45,"C",IF(L23<=60,"D",IF(L23<=80,"E","F")))))) -> - | O23: =IF(資料分析!AF37=0,"-",資料分析!AF37) -> - | P23: =IF(O23="-","-",IF(O23<=15,"A",IF(O23<=30,"B",IF(O23<=45,"C",IF(O23<=60,"D",IF(O23<=80,"E","F")))))) -> -
A25: 平均停等車輛延滯
A26: 方向 | C26: =C10 -> 假日(11-12) | F26: =F10 -> 假日(1430~1530) | I26: =I10 -> 假日(1730~1830) | L26: =L10 -> 假日(16-18) | O26: =O10 -> 假日(17-19) | R26: =R10 -> 假日(16-20)
C27: 各方向延滯 | D27: 服務水準 | E27: 平均延滯 | F27: 各方向延滯 | G27: 服務水準 | H27: 平均延滯 | I27: 各方向延滯 | J27: 服務水準 | K27: 平均延滯 | L27: 各方向延滯 | M27: 服務水準 | N27: 平均延滯 | O27: 各方向延滯 | P27: 服務水準 | Q27: 平均延滯 | R27: 各方向延滯 | S27: 服務水準 | T27: 平均延滯
A28: A | B28: =B12 | C28: =IF(資料分析!AM10=0,"-",資料分析!AM10) -> - | D28: =IF(C28="-","-",IF(C28<=15,"A",IF(C28<=30,"B",IF(C28<=45,"C",IF(C28<=60,"D",IF(C28<=80,"E","F")))))) -> - | E28: =IF(資料分析!AM46=0,"-",資料分析!AM46) -> - | F28: =IF(資料分析!AT10=0,"-",資料分析!AT10) -> - | G28: =IF(F28="-","-",IF(F28<=15,"A",IF(F28<=30,"B",IF(F28<=45,"C",IF(F28<=60,"D",IF(F28<=80,"E","F")))))) -> - | H28: =IF(資料分析!AT46=0,"-",資料分析!AT46) -> - | I28: =IF(資料分析!BA10=0,"-",資料分析!BA10) -> - | J28: =IF(I28="-","-",IF(I28<=15,"A",IF(I28<=30,"B",IF(I28<=45,"C",IF(I28<=60,"D",IF(I28<=80,"E","F")))))) -> - | K28: =IF(資料分析!BA46=0,"-",資料分析!BA46) -> - | L28: =IF(資料分析!BH10=0,"-",資料分析!BH10) -> - | M28: =IF(L28="-","-",IF(L28<=15,"A",IF(L28<=30,"B",IF(L28<=45,"C",IF(L28<=60,"D",IF(L28<=80,"E","F")))))) -> - | N28: =IF(資料分析!BH46=0,"-",資料分析!BH46) -> - | O28: =IF(資料分析!BO10=0,"-",資料分析!BO10) -> - | P28: =IF(O28="-","-",IF(O28<=15,"A",IF(O28<=30,"B",IF(O28<=45,"C",IF(O28<=60,"D",IF(O28<=80,"E","F")))))) -> - | Q28: =IF(資料分析!BO46=0,"-",資料分析!BO46) -> - | R28: =IF(資料分析!BV18=0,"-",資料分析!BV18) -> - | S28: =IF(R28="-","-",IF(R28<=15,"A",IF(R28<=30,"B",IF(R28<=45,"C",IF(R28<=60,"D",IF(R28<=80,"E","F")))))) -> - | T28: =IF(資料分析!BV86=0,"-",資料分析!BV86) -> -
A29: B | B29: =B13 | C29: =IF(資料分析!AM19=0,"-",資料分析!AM19) -> - | D29: =IF(C29="-","-",IF(C29<=15,"A",IF(C29<=30,"B",IF(C29<=45,"C",IF(C29<=60,"D",IF(C29<=80,"E","F")))))) -> - | E29: =IF(E28="-","-",IF(E28<=15,"A",IF(E28<=30,"B",IF(E28<=45,"C",IF(E28<=60,"D",IF(E28<=80,"E","F")))))) -> - | F29: =IF(資料分析!AT19=0,"-",資料分析!AT19) -> - | G29: =IF(F29="-","-",IF(F29<=15,"A",IF(F29<=30,"B",IF(F29<=45,"C",IF(F29<=60,"D",IF(F29<=80,"E","F")))))) -> - | H29: =IF(H28="-","-",IF(H28<=15,"A",IF(H28<=30,"B",IF(H28<=45,"C",IF(H28<=60,"D",IF(H28<=80,"E","F")))))) -> - | I29: =IF(資料分析!BA19=0,"-",資料分析!BA19) -> - | J29: =IF(I29="-","-",IF(I29<=15,"A",IF(I29<=30,"B",IF(I29<=45,"C",IF(I29<=60,"D",IF(I29<=80,"E","F")))))) -> - | K29: =IF(K28="-","-",IF(K28<=15,"A",IF(K28<=30,"B",IF(K28<=45,"C",IF(K28<=60,"D",IF(K28<=80,"E","F")))))) -> - | L29: =IF(資料分析!BH19=0,"-",資料分析!BH19) -> - | M29: =IF(L29="-","-",IF(L29<=15,"A",IF(L29<=30,"B",IF(L29<=45,"C",IF(L29<=60,"D",IF(L29<=80,"E","F")))))) -> - | N29: =IF(N28="-","-",IF(N28<=15,"A",IF(N28<=30,"B",IF(N28<=45,"C",IF(N28<=60,"D",IF(N28<=80,"E","F")))))) -> - | O29: =IF(資料分析!BO19=0,"-",資料分析!BO19) -> - | P29: =IF(O29="-","-",IF(O29<=15,"A",IF(O29<=30,"B",IF(O29<=45,"C",IF(O29<=60,"D",IF(O29<=80,"E","F")))))) -> - | Q29: =IF(Q28="-","-",IF(Q28<=15,"A",IF(Q28<=30,"B",IF(Q28<=45,"C",IF(Q28<=60,"D",IF(Q28<=80,"E","F")))))) -> - | R29: =IF(資料分析!BV35=0,"-",資料分析!BV35) -> - | S29: =IF(R29="-","-",IF(R29<=15,"A",IF(R29<=30,"B",IF(R29<=45,"C",IF(R29<=60,"D",IF(R29<=80,"E","F")))))) -> - | T29: =IF(T28="-","-",IF(T28<=15,"A",IF(T28<=30,"B",IF(T28<=45,"C",IF(T28<=60,"D",IF(T28<=80,"E","F")))))) -> -
A30: C | B30: =B14 | C30: =IF(資料分析!AM28=0,"-",資料分析!AM28) -> - | D30: =IF(C30="-","-",IF(C30<=15,"A",IF(C30<=30,"B",IF(C30<=45,"C",IF(C30<=60,"D",IF(C30<=80,"E","F")))))) -> - | F30: =IF(資料分析!AT28=0,"-",資料分析!AT28) -> - | G30: =IF(F30="-","-",IF(F30<=15,"A",IF(F30<=30,"B",IF(F30<=45,"C",IF(F30<=60,"D",IF(F30<=80,"E","F")))))) -> - | I30: =IF(資料分析!BA28=0,"-",資料分析!BA28) -> - | J30: =IF(I30="-","-",IF(I30<=15,"A",IF(I30<=30,"B",IF(I30<=45,"C",IF(I30<=60,"D",IF(I30<=80,"E","F")))))) -> - | L30: =IF(資料分析!BH28=0,"-",資料分析!BH28) -> - | M30: =IF(L30="-","-",IF(L30<=15,"A",IF(L30<=30,"B",IF(L30<=45,"C",IF(L30<=60,"D",IF(L30<=80,"E","F")))))) -> - | O30: =IF(資料分析!BO28=0,"-",資料分析!BO28) -> - | P30: =IF(O30="-","-",IF(O30<=15,"A",IF(O30<=30,"B",IF(O30<=45,"C",IF(O30<=60,"D",IF(O30<=80,"E","F")))))) -> - | R30: =IF(資料分析!BV52=0,"-",資料分析!BV52) -> - | S30: =IF(R30="-","-",IF(R30<=15,"A",IF(R30<=30,"B",IF(R30<=45,"C",IF(R30<=60,"D",IF(R30<=80,"E","F")))))) -> -
A31: D | B31: =B15 | C31: =IF(資料分析!AM37=0,"-",資料分析!AM37) -> - | D31: =IF(C31="-","-",IF(C31<=15,"A",IF(C31<=30,"B",IF(C31<=45,"C",IF(C31<=60,"D",IF(C31<=80,"E","F")))))) -> - | F31: =IF(資料分析!AT37=0,"-",資料分析!AT37) -> - | G31: =IF(F31="-","-",IF(F31<=15,"A",IF(F31<=30,"B",IF(F31<=45,"C",IF(F31<=60,"D",IF(F31<=80,"E","F")))))) -> - | I31: =IF(資料分析!BA37=0,"-",資料分析!BA37) -> - | J31: =IF(I31="-","-",IF(I31<=15,"A",IF(I31<=30,"B",IF(I31<=45,"C",IF(I31<=60,"D",IF(I31<=80,"E","F")))))) -> - | L31: =IF(資料分析!BH37=0,"-",資料分析!BH37) -> - | M31: =IF(L31="-","-",IF(L31<=15,"A",IF(L31<=30,"B",IF(L31<=45,"C",IF(L31<=60,"D",IF(L31<=80,"E","F")))))) -> - | O31: =IF(資料分析!BO37=0,"-",資料分析!BO37) -> - | P31: =IF(O31="-","-",IF(O31<=15,"A",IF(O31<=30,"B",IF(O31<=45,"C",IF(O31<=60,"D",IF(O31<=80,"E","F")))))) -> - | R31: =IF(資料分析!BV69=0,"-",資料分析!BV69) -> - | S31: =IF(R31="-","-",IF(R31<=15,"A",IF(R31<=30,"B",IF(R31<=45,"C",IF(R31<=60,"D",IF(R31<=80,"E","F")))))) -> -

Sheet 平日晨峰(0630-0830)
A1: =基本資料!B11 -> 平日晨峰(0630-0830) | J1: =基本資料!B11 -> 平日晨峰(0630-0830) | S1: =基本資料!B11 -> 平日晨峰(0630-0830) | AB1: =基本資料!B11 -> 平日晨峰(0630-0830)
A2: =CONCATENATE(基本資料!B18,"方向：",基本資料!B19,基本資料!B20) -> A方向： | J2: =CONCATENATE(基本資料!C18,"方向：",基本資料!C19,基本資料!C20) -> B方向： | S2: =CONCATENATE(基本資料!D18,"方向：",基本資料!D19,基本資料!D20) -> C方向： | AB2: =CONCATENATE(基本資料!E18,"方向：",基本資料!E19,基本資料!E20) -> D方向：
A3: 06:30~06:45 | J3: 06:30~06:45 | S3: 06:30~06:45 | AB3: 06:30~06:45
A4: 開始時刻 | B4: 停車在臨近車道上的車輛總數 | F4: 臨近車道上的流量 | J4: 開始時刻 | K4: 停車在臨近車道上的車輛總數 | O4: 臨近車道上的流量 | S4: 開始時刻 | T4: 停車在臨近車道上的車輛總數 | X4: 臨近車道上的流量 | AB4: 開始時刻 | AC4: 停車在臨近車道上的車輛總數 | AG4: 臨近車道上的流量
A5: 0.27083333 | B5: 0秒 | C5: 15秒 | D5: 30秒 | E5: 45秒 | F5: 總數 | G5: 未受阻 | H5: 受阻 | J5: 0.27083333 | K5: 0秒 | L5: 15秒 | M5: 30秒 | N5: 45秒 | O5: 總數 | P5: 未受阻 | Q5: 受阻 | S5: 0.27083333 | T5: 0秒 | U5: 15秒 | V5: 30秒 | W5: 45秒 | X5: 總數 | Y5: 未受阻 | Z5: 受阻 | AB5: 0.27083333 | AC5: 0秒 | AD5: 15秒 | AE5: 30秒 | AF5: 45秒 | AG5: 總數 | AH5: 未受阻 | AI5: 受阻
A6: 31 | B6: =資料儲存!D2 -> 0 | C6: =資料儲存!E2 -> 0 | D6: =資料儲存!F2 -> 0 | E6: =資料儲存!G2 -> 0 | F6: =資料儲存!H2 -> 0 | G6: =資料儲存!I2 -> 0 | H6: =資料儲存!J2 -> 0 | J6: 31 | K6: =資料儲存!D122 -> 0 | L6: =資料儲存!E122 -> 0 | M6: =資料儲存!F122 -> 0 | N6: =資料儲存!G122 -> 0 | O6: =資料儲存!H122 -> 0 | P6: =資料儲存!I122 -> 0 | Q6: =資料儲存!J122 -> 0 | S6: 31 | T6: =資料儲存!D242 -> 0 | U6: =資料儲存!E242 -> 0 | V6: =資料儲存!F242 -> 0 | W6: =資料儲存!G242 -> 0 | X6: =資料儲存!H242 -> 0 | Y6: =資料儲存!I242 -> 0 | Z6: =資料儲存!J242 -> 0 | AB6: 31 | AC6: =資料儲存!D362 -> 0 | AD6: =資料儲存!E362 -> 0 | AE6: =資料儲存!F362 -> 0 | AF6: =資料儲存!G362 -> 0 | AG6: =資料儲存!H362 -> 0 | AH6: =資料儲存!I362 -> 0 | AI6: =資料儲存!J362 -> 0
A7: 32 | B7: =資料儲存!D3 -> 0 | C7: =資料儲存!E3 -> 0 | D7: =資料儲存!F3 -> 0 | E7: =資料儲存!G3 -> 0 | F7: =資料儲存!H3 -> 0 | G7: =資料儲存!I3 -> 0 | H7: =資料儲存!J3 -> 0 | J7: 32 | K7: =資料儲存!D123 -> 0 | L7: =資料儲存!E123 -> 0 | M7: =資料儲存!F123 -> 0 | N7: =資料儲存!G123 -> 0 | O7: =資料儲存!H123 -> 0 | P7: =資料儲存!I123 -> 0 | Q7: =資料儲存!J123 -> 0 | S7: 32 | T7: =資料儲存!D243 -> 0 | U7: =資料儲存!E243 -> 0 | V7: =資料儲存!F243 -> 0 | W7: =資料儲存!G243 -> 0 | X7: =資料儲存!H243 -> 0 | Y7: =資料儲存!I243 -> 0 | Z7: =資料儲存!J243 -> 0 | AB7: 32 | AC7: =資料儲存!D363 -> 0 | AD7: =資料儲存!E363 -> 0 | AE7: =資料儲存!F363 -> 0 | AF7: =資料儲存!G363 -> 0 | AG7: =資料儲存!H363 -> 0 | AH7: =資料儲存!I363 -> 0 | AI7: =資料儲存!J363 -> 0
A8: 33 | B8: =資料儲存!D4 -> 0 | C8: =資料儲存!E4 -> 0 | D8: =資料儲存!F4 -> 0 | E8: =資料儲存!G4 -> 0 | F8: =資料儲存!H4 -> 0 | G8: =資料儲存!I4 -> 0 | H8: =資料儲存!J4 -> 0 | J8: 33 | K8: =資料儲存!D124 -> 0 | L8: =資料儲存!E124 -> 0 | M8: =資料儲存!F124 -> 0 | N8: =資料儲存!G124 -> 0 | O8: =資料儲存!H124 -> 0 | P8: =資料儲存!I124 -> 0 | Q8: =資料儲存!J124 -> 0 | S8: 33 | T8: =資料儲存!D244 -> 0 | U8: =資料儲存!E244 -> 0 | V8: =資料儲存!F244 -> 0 | W8: =資料儲存!G244 -> 0 | X8: =資料儲存!H244 -> 0 | Y8: =資料儲存!I244 -> 0 | Z8: =資料儲存!J244 -> 0 | AB8: 33 | AC8: =資料儲存!D364 -> 0 | AD8: =資料儲存!E364 -> 0 | AE8: =資料儲存!F364 -> 0 | AF8: =資料儲存!G364 -> 0 | AG8: =資料儲存!H364 -> 0 | AH8: =資料儲存!I364 -> 0 | AI8: =資料儲存!J364 -> 0
A9: 34 | B9: =資料儲存!D5 -> 0 | C9: =資料儲存!E5 -> 0 | D9: =資料儲存!F5 -> 0 | E9: =資料儲存!G5 -> 0 | F9: =資料儲存!H5 -> 0 | G9: =資料儲存!I5 -> 0 | H9: =資料儲存!J5 -> 0 | J9: 34 | K9: =資料儲存!D125 -> 0 | L9: =資料儲存!E125 -> 0 | M9: =資料儲存!F125 -> 0 | N9: =資料儲存!G125 -> 0 | O9: =資料儲存!H125 -> 0 | P9: =資料儲存!I125 -> 0 | Q9: =資料儲存!J125 -> 0 | S9: 34 | T9: =資料儲存!D245 -> 0 | U9: =資料儲存!E245 -> 0 | V9: =資料儲存!F245 -> 0 | W9: =資料儲存!G245 -> 0 | X9: =資料儲存!H245 -> 0 | Y9: =資料儲存!I245 -> 0 | Z9: =資料儲存!J245 -> 0 | AB9: 34 | AC9: =資料儲存!D365 -> 0 | AD9: =資料儲存!E365 -> 0 | AE9: =資料儲存!F365 -> 0 | AF9: =資料儲存!G365 -> 0 | AG9: =資料儲存!H365 -> 0 | AH9: =資料儲存!I365 -> 0 | AI9: =資料儲存!J365 -> 0
A10: 35 | B10: =資料儲存!D6 -> 0 | C10: =資料儲存!E6 -> 0 | D10: =資料儲存!F6 -> 0 | E10: =資料儲存!G6 -> 0 | F10: =資料儲存!H6 -> 0 | G10: =資料儲存!I6 -> 0 | H10: =資料儲存!J6 -> 0 | J10: 35 | K10: =資料儲存!D126 -> 0 | L10: =資料儲存!E126 -> 0 | M10: =資料儲存!F126 -> 0 | N10: =資料儲存!G126 -> 0 | O10: =資料儲存!H126 -> 0 | P10: =資料儲存!I126 -> 0 | Q10: =資料儲存!J126 -> 0 | S10: 35 | T10: =資料儲存!D246 -> 0 | U10: =資料儲存!E246 -> 0 | V10: =資料儲存!F246 -> 0 | W10: =資料儲存!G246 -> 0 | X10: =資料儲存!H246 -> 0 | Y10: =資料儲存!I246 -> 0 | Z10: =資料儲存!J246 -> 0 | AB10: 35 | AC10: =資料儲存!D366 -> 0 | AD10: =資料儲存!E366 -> 0 | AE10: =資料儲存!F366 -> 0 | AF10: =資料儲存!G366 -> 0 | AG10: =資料儲存!H366 -> 0 | AH10: =資料儲存!I366 -> 0 | AI10: =資料儲存!J366 -> 0
A11: 36 | B11: =資料儲存!D7 -> 0 | C11: =資料儲存!E7 -> 0 | D11: =資料儲存!F7 -> 0 | E11: =資料儲存!G7 -> 0 | F11: =資料儲存!H7 -> 0 | G11: =資料儲存!I7 -> 0 | H11: =資料儲存!J7 -> 0 | J11: 36 | K11: =資料儲存!D127 -> 0 | L11: =資料儲存!E127 -> 0 | M11: =資料儲存!F127 -> 0 | N11: =資料儲存!G127 -> 0 | O11: =資料儲存!H127 -> 0 | P11: =資料儲存!I127 -> 0 | Q11: =資料儲存!J127 -> 0 | S11: 36 | T11: =資料儲存!D247 -> 0 | U11: =資料儲存!E247 -> 0 | V11: =資料儲存!F247 -> 0 | W11: =資料儲存!G247 -> 0 | X11: =資料儲存!H247 -> 0 | Y11: =資料儲存!I247 -> 0 | Z11: =資料儲存!J247 -> 0 | AB11: 36 | AC11: =資料儲存!D367 -> 0 | AD11: =資料儲存!E367 -> 0 | AE11: =資料儲存!F367 -> 0 | AF11: =資料儲存!G367 -> 0 | AG11: =資料儲存!H367 -> 0 | AH11: =資料儲存!I367 -> 0 | AI11: =資料儲存!J367 -> 0
A12: 37 | B12: =資料儲存!D8 -> 0 | C12: =資料儲存!E8 -> 0 | D12: =資料儲存!F8 -> 0 | E12: =資料儲存!G8 -> 0 | F12: =資料儲存!H8 -> 0 | G12: =資料儲存!I8 -> 0 | H12: =資料儲存!J8 -> 0 | J12: 37 | K12: =資料儲存!D128 -> 0 | L12: =資料儲存!E128 -> 0 | M12: =資料儲存!F128 -> 0 | N12: =資料儲存!G128 -> 0 | O12: =資料儲存!H128 -> 0 | P12: =資料儲存!I128 -> 0 | Q12: =資料儲存!J128 -> 0 | S12: 37 | T12: =資料儲存!D248 -> 0 | U12: =資料儲存!E248 -> 0 | V12: =資料儲存!F248 -> 0 | W12: =資料儲存!G248 -> 0 | X12: =資料儲存!H248 -> 0 | Y12: =資料儲存!I248 -> 0 | Z12: =資料儲存!J248 -> 0 | AB12: 37 | AC12: =資料儲存!D368 -> 0 | AD12: =資料儲存!E368 -> 0 | AE12: =資料儲存!F368 -> 0 | AF12: =資料儲存!G368 -> 0 | AG12: =資料儲存!H368 -> 0 | AH12: =資料儲存!I368 -> 0 | AI12: =資料儲存!J368 -> 0
A13: 38 | B13: =資料儲存!D9 -> 0 | C13: =資料儲存!E9 -> 0 | D13: =資料儲存!F9 -> 0 | E13: =資料儲存!G9 -> 0 | F13: =資料儲存!H9 -> 0 | G13: =資料儲存!I9 -> 0 | H13: =資料儲存!J9 -> 0 | J13: 38 | K13: =資料儲存!D129 -> 0 | L13: =資料儲存!E129 -> 0 | M13: =資料儲存!F129 -> 0 | N13: =資料儲存!G129 -> 0 | O13: =資料儲存!H129 -> 0 | P13: =資料儲存!I129 -> 0 | Q13: =資料儲存!J129 -> 0 | S13: 38 | T13: =資料儲存!D249 -> 0 | U13: =資料儲存!E249 -> 0 | V13: =資料儲存!F249 -> 0 | W13: =資料儲存!G249 -> 0 | X13: =資料儲存!H249 -> 0 | Y13: =資料儲存!I249 -> 0 | Z13: =資料儲存!J249 -> 0 | AB13: 38 | AC13: =資料儲存!D369 -> 0 | AD13: =資料儲存!E369 -> 0 | AE13: =資料儲存!F369 -> 0 | AF13: =資料儲存!G369 -> 0 | AG13: =資料儲存!H369 -> 0 | AH13: =資料儲存!I369 -> 0 | AI13: =資料儲存!J369 -> 0
A14: 39 | B14: =資料儲存!D10 -> 0 | C14: =資料儲存!E10 -> 0 | D14: =資料儲存!F10 -> 0 | E14: =資料儲存!G10 -> 0 | F14: =資料儲存!H10 -> 0 | G14: =資料儲存!I10 -> 0 | H14: =資料儲存!J10 -> 0 | J14: 39 | K14: =資料儲存!D130 -> 0 | L14: =資料儲存!E130 -> 0 | M14: =資料儲存!F130 -> 0 | N14: =資料儲存!G130 -> 0 | O14: =資料儲存!H130 -> 0 | P14: =資料儲存!I130 -> 0 | Q14: =資料儲存!J130 -> 0 | S14: 39 | T14: =資料儲存!D250 -> 0 | U14: =資料儲存!E250 -> 0 | V14: =資料儲存!F250 -> 0 | W14: =資料儲存!G250 -> 0 | X14: =資料儲存!H250 -> 0 | Y14: =資料儲存!I250 -> 0 | Z14: =資料儲存!J250 -> 0 | AB14: 39 | AC14: =資料儲存!D370 -> 0 | AD14: =資料儲存!E370 -> 0 | AE14: =資料儲存!F370 -> 0 | AF14: =資料儲存!G370 -> 0 | AG14: =資料儲存!H370 -> 0 | AH14: =資料儲存!I370 -> 0 | AI14: =資料儲存!J370 -> 0
A15: 40 | B15: =資料儲存!D11 -> 0 | C15: =資料儲存!E11 -> 0 | D15: =資料儲存!F11 -> 0 | E15: =資料儲存!G11 -> 0 | F15: =資料儲存!H11 -> 0 | G15: =資料儲存!I11 -> 0 | H15: =資料儲存!J11 -> 0 | J15: 40 | K15: =資料儲存!D131 -> 0 | L15: =資料儲存!E131 -> 0 | M15: =資料儲存!F131 -> 0 | N15: =資料儲存!G131 -> 0 | O15: =資料儲存!H131 -> 0 | P15: =資料儲存!I131 -> 0 | Q15: =資料儲存!J131 -> 0 | S15: 40 | T15: =資料儲存!D251 -> 0 | U15: =資料儲存!E251 -> 0 | V15: =資料儲存!F251 -> 0 | W15: =資料儲存!G251 -> 0 | X15: =資料儲存!H251 -> 0 | Y15: =資料儲存!I251 -> 0 | Z15: =資料儲存!J251 -> 0 | AB15: 40 | AC15: =資料儲存!D371 -> 0 | AD15: =資料儲存!E371 -> 0 | AE15: =資料儲存!F371 -> 0 | AF15: =資料儲存!G371 -> 0 | AG15: =資料儲存!H371 -> 0 | AH15: =資料儲存!I371 -> 0 | AI15: =資料儲存!J371 -> 0
A16: 41 | B16: =資料儲存!D12 -> 0 | C16: =資料儲存!E12 -> 0 | D16: =資料儲存!F12 -> 0 | E16: =資料儲存!G12 -> 0 | F16: =資料儲存!H12 -> 0 | G16: =資料儲存!I12 -> 0 | H16: =資料儲存!J12 -> 0 | J16: 41 | K16: =資料儲存!D132 -> 0 | L16: =資料儲存!E132 -> 0 | M16: =資料儲存!F132 -> 0 | N16: =資料儲存!G132 -> 0 | O16: =資料儲存!H132 -> 0 | P16: =資料儲存!I132 -> 0 | Q16: =資料儲存!J132 -> 0 | S16: 41 | T16: =資料儲存!D252 -> 0 | U16: =資料儲存!E252 -> 0 | V16: =資料儲存!F252 -> 0 | W16: =資料儲存!G252 -> 0 | X16: =資料儲存!H252 -> 0 | Y16: =資料儲存!I252 -> 0 | Z16: =資料儲存!J252 -> 0 | AB16: 41 | AC16: =資料儲存!D372 -> 0 | AD16: =資料儲存!E372 -> 0 | AE16: =資料儲存!F372 -> 0 | AF16: =資料儲存!G372 -> 0 | AG16: =資料儲存!H372 -> 0 | AH16: =資料儲存!I372 -> 0 | AI16: =資料儲存!J372 -> 0
A17: 42 | B17: =資料儲存!D13 -> 0 | C17: =資料儲存!E13 -> 0 | D17: =資料儲存!F13 -> 0 | E17: =資料儲存!G13 -> 0 | F17: =資料儲存!H13 -> 0 | G17: =資料儲存!I13 -> 0 | H17: =資料儲存!J13 -> 0 | J17: 42 | K17: =資料儲存!D133 -> 0 | L17: =資料儲存!E133 -> 0 | M17: =資料儲存!F133 -> 0 | N17: =資料儲存!G133 -> 0 | O17: =資料儲存!H133 -> 0 | P17: =資料儲存!I133 -> 0 | Q17: =資料儲存!J133 -> 0 | S17: 42 | T17: =資料儲存!D253 -> 0 | U17: =資料儲存!E253 -> 0 | V17: =資料儲存!F253 -> 0 | W17: =資料儲存!G253 -> 0 | X17: =資料儲存!H253 -> 0 | Y17: =資料儲存!I253 -> 0 | Z17: =資料儲存!J253 -> 0 | AB17: 42 | AC17: =資料儲存!D373 -> 0 | AD17: =資料儲存!E373 -> 0 | AE17: =資料儲存!F373 -> 0 | AF17: =資料儲存!G373 -> 0 | AG17: =資料儲存!H373 -> 0 | AH17: =資料儲存!I373 -> 0 | AI17: =資料儲存!J373 -> 0
... A20: 45 | B20: =資料儲存!D16 -> 0 | C20: =資料儲存!E16 -> 0 | D20: =資料儲存!F16 -> 0 | E20: =資料儲存!G16 -> 0 | F20: =資料儲存!H16 -> 0 | G20: =資料儲存!I16 -> 0 | H20: =資料儲存!J16 -> 0 | J20: 45 | K20: =資料儲存!D136 -> 0 | L20: =資料儲存!E136 -> 0 | M20: =資料儲存!F136 -> 0 | N20: =資料儲存!G136 -> 0 | O20: =資料儲存!H136 -> 0 | P20: =資料儲存!I136 -> 0 | Q20: =資料儲存!J136 -> 0 | S20: 45 | T20: =資料儲存!D256 -> 0 | U20: =資料儲存!E256 -> 0 | V20: =資料儲存!F256 -> 0 | W20: =資料儲存!G256 -> 0 | X20: =資料儲存!H256 -> 0 | Y20: =資料儲存!I256 -> 0 | Z20: =資料儲存!J256 -> 0 | AB20: 45 | AC20: =資料儲存!D376 -> 0 | AD20: =資料儲存!E376 -> 0 | AE20: =資料儲存!F376 -> 0 | AF20: =資料儲存!G376 -> 0 | AG20: =資料儲存!H376 -> 0 | AH20: =資料儲存!I376 -> 0 | AI20: =資料儲存!J376 -> 0
A21: 總 計 | B21: =SUM(B6:E20) -> 0 | F21: =F20 -> 0 | G21: =G20 -> 0 | H21: =H20 -> 0 | J21: 總 計 | K21: =SUM(K6:N20) -> 0 | O21: =O20 -> 0 | P21: =P20 -> 0 | Q21: =Q20 -> 0 | S21: 總 計 | T21: =SUM(T6:W20) -> 0 | X21: =X20 -> 0 | Y21: =Y20 -> 0 | Z21: =Z20 -> 0 | AB21: 總 計 | AC21: =SUM(AC6:AF20) -> 0 | AG21: =AG20 -> 0 | AH21: =AH20 -> 0 | AI21: =AI20 -> 0
A22: 06:45~07:00 | J22: 06:45~07:00 | S22: 06:45~07:00 | AB22: 06:45~07:00
A23: 開始時刻 | B23: 停車在臨近車道上的車輛總數 | F23: 臨近車道上的流量 | J23: 開始時刻 | K23: 停車在臨近車道上的車輛總數 | O23: 臨近車道上的流量 | S23: 開始時刻 | T23: 停車在臨近車道上的車輛總數 | X23: 臨近車道上的流量 | AB23: 開始時刻 | AC23: 停車在臨近車道上的車輛總數 | AG23: 臨近車道上的流量
A24: 0.28125 | B24: 0秒 | C24: 15秒 | D24: 30秒 | E24: 45秒 | F24: 總數 | G24: 未受阻 | H24: 受阻 | J24: 0.28125 | K24: 0秒 | L24: 15秒 | M24: 30秒 | N24: 45秒 | O24: 總數 | P24: 未受阻 | Q24: 受阻 | S24: 0.28125 | T24: 0秒 | U24: 15秒 | V24: 30秒 | W24: 45秒 | X24: 總數 | Y24: 未受阻 | Z24: 受阻 | AB24: 0.28125 | AC24: 0秒 | AD24: 15秒 | AE24: 30秒 | AF24: 45秒 | AG24: 總數 | AH24: 未受阻 | AI24: 受阻
A25: 46 | B25: =資料儲存!D17 -> 0 | C25: =資料儲存!E17 -> 0 | D25: =資料儲存!F17 -> 0 | E25: =資料儲存!G17 -> 0 | F25: =資料儲存!H17 -> 0 | G25: =資料儲存!I17 -> 0 | H25: =資料儲存!J17 -> 0 | J25: 46 | K25: =資料儲存!D137 -> 0 | L25: =資料儲存!E137 -> 0 | M25: =資料儲存!F137 -> 0 | N25: =資料儲存!G137 -> 0 | O25: =資料儲存!H137 -> 0 | P25: =資料儲存!I137 -> 0 | Q25: =資料儲存!J137 -> 0 | S25: 46 | T25: =資料儲存!D257 -> 0 | U25: =資料儲存!E257 -> 0 | V25: =資料儲存!F257 -> 0 | W25: =資料儲存!G257 -> 0 | X25: =資料儲存!H257 -> 0 | Y25: =資料儲存!I257 -> 0 | Z25: =資料儲存!J257 -> 0 | AB25: 46 | AC25: =資料儲存!D377 -> 0 | AD25: =資料儲存!E377 -> 0 | AE25: =資料儲存!F377 -> 0 | AF25: =資料儲存!G377 -> 0 | AG25: =資料儲存!H377 -> 0 | AH25: =資料儲存!I377 -> 0 | AI25: =資料儲存!J377 -> 0
A26: 47 | B26: =資料儲存!D18 -> 0 | C26: =資料儲存!E18 -> 0 | D26: =資料儲存!F18 -> 0 | E26: =資料儲存!G18 -> 0 | F26: =資料儲存!H18 -> 0 | G26: =資料儲存!I18 -> 0 | H26: =資料儲存!J18 -> 0 | J26: 47 | K26: =資料儲存!D138 -> 0 | L26: =資料儲存!E138 -> 0 | M26: =資料儲存!F138 -> 0 | N26: =資料儲存!G138 -> 0 | O26: =資料儲存!H138 -> 0 | P26: =資料儲存!I138 -> 0 | Q26: =資料儲存!J138 -> 0 | S26: 47 | T26: =資料儲存!D258 -> 0 | U26: =資料儲存!E258 -> 0 | V26: =資料儲存!F258 -> 0 | W26: =資料儲存!G258 -> 0 | X26: =資料儲存!H258 -> 0 | Y26: =資料儲存!I258 -> 0 | Z26: =資料儲存!J258 -> 0 | AB26: 47 | AC26: =資料儲存!D378 -> 0 | AD26: =資料儲存!E378 -> 0 | AE26: =資料儲存!F378 -> 0 | AF26: =資料儲存!G378 -> 0 | AG26: =資料儲存!H378 -> 0 | AH26: =資料儲存!I378 -> 0 | AI26: =資料儲存!J378 -> 0
A27: 48 | B27: =資料儲存!D19 -> 0 | C27: =資料儲存!E19 -> 0 | D27: =資料儲存!F19 -> 0 | E27: =資料儲存!G19 -> 0 | F27: =資料儲存!H19 -> 0 | G27: =資料儲存!I19 -> 0 | H27: =資料儲存!J19 -> 0 | J27: 48 | K27: =資料儲存!D139 -> 0 | L27: =資料儲存!E139 -> 0 | M27: =資料儲存!F139 -> 0 | N27: =資料儲存!G139 -> 0 | O27: =資料儲存!H139 -> 0 | P27: =資料儲存!I139 -> 0 | Q27: =資料儲存!J139 -> 0 | S27: 48 | T27: =資料儲存!D259 -> 0 | U27: =資料儲存!E259 -> 0 | V27: =資料儲存!F259 -> 0 | W27: =資料儲存!G259 -> 0 | X27: =資料儲存!H259 -> 0 | Y27: =資料儲存!I259 -> 0 | Z27: =資料儲存!J259 -> 0 | AB27: 48 | AC27: =資料儲存!D379 -> 0 | AD27: =資料儲存!E379 -> 0 | AE27: =資料儲存!F379 -> 0 | AF27: =資料儲存!G379 -> 0 | AG27: =資料儲存!H379 -> 0 | AH27: =資料儲存!I379 -> 0 | AI27: =資料儲存!J379 -> 0
A28: 49 | B28: =資料儲存!D20 -> 0 | C28: =資料儲存!E20 -> 0 | D28: =資料儲存!F20 -> 0 | E28: =資料儲存!G20 -> 0 | F28: =資料儲存!H20 -> 0 | G28: =資料儲存!I20 -> 0 | H28: =資料儲存!J20 -> 0 | J28: 49 | K28: =資料儲存!D140 -> 0 | L28: =資料儲存!E140 -> 0 | M28: =資料儲存!F140 -> 0 | N28: =資料儲存!G140 -> 0 | O28: =資料儲存!H140 -> 0 | P28: =資料儲存!I140 -> 0 | Q28: =資料儲存!J140 -> 0 | S28: 49 | T28: =資料儲存!D260 -> 0 | U28: =資料儲存!E260 -> 0 | V28: =資料儲存!F260 -> 0 | W28: =資料儲存!G260 -> 0 | X28: =資料儲存!H260 -> 0 | Y28: =資料儲存!I260 -> 0 | Z28: =資料儲存!J260 -> 0 | AB28: 49 | AC28: =資料儲存!D380 -> 0 | AD28: =資料儲存!E380 -> 0 | AE28: =資料儲存!F380 -> 0 | AF28: =資料儲存!G380 -> 0 | AG28: =資料儲存!H380 -> 0 | AH28: =資料儲存!I380 -> 0 | AI28: =資料儲存!J380 -> 0
A29: 50 | B29: =資料儲存!D21 -> 0 | C29: =資料儲存!E21 -> 0 | D29: =資料儲存!F21 -> 0 | E29: =資料儲存!G21 -> 0 | F29: =資料儲存!H21 -> 0 | G29: =資料儲存!I21 -> 0 | H29: =資料儲存!J21 -> 0 | J29: 50 | K29: =資料儲存!D141 -> 0 | L29: =資料儲存!E141 -> 0 | M29: =資料儲存!F141 -> 0 | N29: =資料儲存!G141 -> 0 | O29: =資料儲存!H141 -> 0 | P29: =資料儲存!I141 -> 0 | Q29: =資料儲存!J141 -> 0 | S29: 50 | T29: =資料儲存!D261 -> 0 | U29: =資料儲存!E261 -> 0 | V29: =資料儲存!F261 -> 0 | W29: =資料儲存!G261 -> 0 | X29: =資料儲存!H261 -> 0 | Y29: =資料儲存!I261 -> 0 | Z29: =資料儲存!J261 -> 0 | AB29: 50 | AC29: =資料儲存!D381 -> 0 | AD29: =資料儲存!E381 -> 0 | AE29: =資料儲存!F381 -> 0 | AF29: =資料儲存!G381 -> 0 | AG29: =資料儲存!H381 -> 0 | AH29: =資料儲存!I381 -> 0 | AI29: =資料儲存!J381 -> 0
A30: 51 | B30: =資料儲存!D22 -> 0 | C30: =資料儲存!E22 -> 0 | D30: =資料儲存!F22 -> 0 | E30: =資料儲存!G22 -> 0 | F30: =資料儲存!H22 -> 0 | G30: =資料儲存!I22 -> 0 | H30: =資料儲存!J22 -> 0 | J30: 51 | K30: =資料儲存!D142 -> 0 | L30: =資料儲存!E142 -> 0 | M30: =資料儲存!F142 -> 0 | N30: =資料儲存!G142 -> 0 | O30: =資料儲存!H142 -> 0 | P30: =資料儲存!I142 -> 0 | Q30: =資料儲存!J142 -> 0 | S30: 51 | T30: =資料儲存!D262 -> 0 | U30: =資料儲存!E262 -> 0 | V30: =資料儲存!F262 -> 0 | W30: =資料儲存!G262 -> 0 | X30: =資料儲存!H262 -> 0 | Y30: =資料儲存!I262 -> 0 | Z30: =資料儲存!J262 -> 0 | AB30: 51 | AC30: =資料儲存!D382 -> 0 | AD30: =資料儲存!E382 -> 0 | AE30: =資料儲存!F382 -> 0 | AF30: =資料儲存!G382 -> 0 | AG30: =資料儲存!H382 -> 0 | AH30: =資料儲存!I382 -> 0 | AI30: =資料儲存!J382 -> 0
A31: 52 | B31: =資料儲存!D23 -> 0 | C31: =資料儲存!E23 -> 0 | D31: =資料儲存!F23 -> 0 | E31: =資料儲存!G23 -> 0 | F31: =資料儲存!H23 -> 0 | G31: =資料儲存!I23 -> 0 | H31: =資料儲存!J23 -> 0 | J31: 52 | K31: =資料儲存!D143 -> 0 | L31: =資料儲存!E143 -> 0 | M31: =資料儲存!F143 -> 0 | N31: =資料儲存!G143 -> 0 | O31: =資料儲存!H143 -> 0 | P31: =資料儲存!I143 -> 0 | Q31: =資料儲存!J143 -> 0 | S31: 52 | T31: =資料儲存!D263 -> 0 | U31: =資料儲存!E263 -> 0 | V31: =資料儲存!F263 -> 0 | W31: =資料儲存!G263 -> 0 | X31: =資料儲存!H263 -> 0 | Y31: =資料儲存!I263 -> 0 | Z31: =資料儲存!J263 -> 0 | AB31: 52 | AC31: =資料儲存!D383 -> 0 | AD31: =資料儲存!E383 -> 0 | AE31: =資料儲存!F383 -> 0 | AF31: =資料儲存!G383 -> 0 | AG31: =資料儲存!H383 -> 0 | AH31: =資料儲存!I383 -> 0 | AI31: =資料儲存!J383 -> 0
A32: 53 | B32: =資料儲存!D24 -> 0 | C32: =資料儲存!E24 -> 0 | D32: =資料儲存!F24 -> 0 | E32: =資料儲存!G24 -> 0 | F32: =資料儲存!H24 -> 0 | G32: =資料儲存!I24 -> 0 | H32: =資料儲存!J24 -> 0 | J32: 53 | K32: =資料儲存!D144 -> 0 | L32: =資料儲存!E144 -> 0 | M32: =資料儲存!F144 -> 0 | N32: =資料儲存!G144 -> 0 | O32: =資料儲存!H144 -> 0 | P32: =資料儲存!I144 -> 0 | Q32: =資料儲存!J144 -> 0 | S32: 53 | T32: =資料儲存!D264 -> 0 | U32: =資料儲存!E264 -> 0 | V32: =資料儲存!F264 -> 0 | W32: =資料儲存!G264 -> 0 | X32: =資料儲存!H264 -> 0 | Y32: =資料儲存!I264 -> 0 | Z32: =資料儲存!J264 -> 0 | AB32: 53 | AC32: =資料儲存!D384 -> 0 | AD32: =資料儲存!E384 -> 0 | AE32: =資料儲存!F384 -> 0 | AF32: =資料儲存!G384 -> 0 | AG32: =資料儲存!H384 -> 0 | AH32: =資料儲存!I384 -> 0 | AI32: =資料儲存!J384 -> 0
A33: 54 | B33: =資料儲存!D25 -> 0 | C33: =資料儲存!E25 -> 0 | D33: =資料儲存!F25 -> 0 | E33: =資料儲存!G25 -> 0 | F33: =資料儲存!H25 -> 0 | G33: =資料儲存!I25 -> 0 | H33: =資料儲存!J25 -> 0 | J33: 54 | K33: =資料儲存!D145 -> 0 | L33: =資料儲存!E145 -> 0 | M33: =資料儲存!F145 -> 0 | N33: =資料儲存!G145 -> 0 | O33: =資料儲存!H145 -> 0 | P33: =資料儲存!I145 -> 0 | Q33: =資料儲存!J145 -> 0 | S33: 54 | T33: =資料儲存!D265 -> 0 | U33: =資料儲存!E265 -> 0 | V33: =資料儲存!F265 -> 0 | W33: =資料儲存!G265 -> 0 | X33: =資料儲存!H265 -> 0 | Y33: =資料儲存!I265 -> 0 | Z33: =資料儲存!J265 -> 0 | AB33: 54 | AC33: =資料儲存!D385 -> 0 | AD33: =資料儲存!E385 -> 0 | AE33: =資料儲存!F385 -> 0 | AF33: =資料儲存!G385 -> 0 | AG33: =資料儲存!H385 -> 0 | AH33: =資料儲存!I385 -> 0 | AI33: =資料儲存!J385 -> 0
A34: 55 | B34: =資料儲存!D26 -> 0 | C34: =資料儲存!E26 -> 0 | D34: =資料儲存!F26 -> 0 | E34: =資料儲存!G26 -> 0 | F34: =資料儲存!H26 -> 0 | G34: =資料儲存!I26 -> 0 | H34: =資料儲存!J26 -> 0 | J34: 55 | K34: =資料儲存!D146 -> 0 | L34: =資料儲存!E146 -> 0 | M34: =資料儲存!F146 -> 0 | N34: =資料儲存!G146 -> 0 | O34: =資料儲存!H146 -> 0 | P34: =資料儲存!I146 -> 0 | Q34: =資料儲存!J146 -> 0 | S34: 55 | T34: =資料儲存!D266 -> 0 | U34: =資料儲存!E266 -> 0 | V34: =資料儲存!F266 -> 0 | W34: =資料儲存!G266 -> 0 | X34: =資料儲存!H266 -> 0 | Y34: =資料儲存!I266 -> 0 | Z34: =資料儲存!J266 -> 0 | AB34: 55 | AC34: =資料儲存!D386 -> 0 | AD34: =資料儲存!E386 -> 0 | AE34: =資料儲存!F386 -> 0 | AF34: =資料儲存!G386 -> 0 | AG34: =資料儲存!H386 -> 0 | AH34: =資料儲存!I386 -> 0 | AI34: =資料儲存!J386 -> 0
A35: 56 | B35: =資料儲存!D27 -> 0 | C35: =資料儲存!E27 -> 0 | D35: =資料儲存!F27 -> 0 | E35: =資料儲存!G27 -> 0 | F35: =資料儲存!H27 -> 0 | G35: =資料儲存!I27 -> 0 | H35: =資料儲存!J27 -> 0 | J35: 56 | K35: =資料儲存!D147 -> 0 | L35: =資料儲存!E147 -> 0 | M35: =資料儲存!F147 -> 0 | N35: =資料儲存!G147 -> 0 | O35: =資料儲存!H147 -> 0 | P35: =資料儲存!I147 -> 0 | Q35: =資料儲存!J147 -> 0 | S35: 56 | T35: =資料儲存!D267 -> 0 | U35: =資料儲存!E267 -> 0 | V35: =資料儲存!F267 -> 0 | W35: =資料儲存!G267 -> 0 | X35: =資料儲存!H267 -> 0 | Y35: =資料儲存!I267 -> 0 | Z35: =資料儲存!J267 -> 0 | AB35: 56 | AC35: =資料儲存!D387 -> 0 | AD35: =資料儲存!E387 -> 0 | AE35: =資料儲存!F387 -> 0 | AF35: =資料儲存!G387 -> 0 | AG35: =資料儲存!H387 -> 0 | AH35: =資料儲存!I387 -> 0 | AI35: =資料儲存!J387 -> 0
A36: 57 | B36: =資料儲存!D28 -> 0 | C36: =資料儲存!E28 -> 0 | D36: =資料儲存!F28 -> 0 | E36: =資料儲存!G28 -> 0 | F36: =資料儲存!H28 -> 0 | G36: =資料儲存!I28 -> 0 | H36: =資料儲存!J28 -> 0 | J36: 57 | K36: =資料儲存!D148 -> 0 | L36: =資料儲存!E148 -> 0 | M36: =資料儲存!F148 -> 0 | N36: =資料儲存!G148 -> 0 | O36: =資料儲存!H148 -> 0 | P36: =資料儲存!I148 -> 0 | Q36: =資料儲存!J148 -> 0 | S36: 57 | T36: =資料儲存!D268 -> 0 | U36: =資料儲存!E268 -> 0 | V36: =資料儲存!F268 -> 0 | W36: =資料儲存!G268 -> 0 | X36: =資料儲存!H268 -> 0 | Y36: =資料儲存!I268 -> 0 | Z36: =資料儲存!J268 -> 0 | AB36: 57 | AC36: =資料儲存!D388 -> 0 | AD36: =資料儲存!E388 -> 0 | AE36: =資料儲存!F388 -> 0 | AF36: =資料儲存!G388 -> 0 | AG36: =資料儲存!H388 -> 0 | AH36: =資料儲存!I388 -> 0 | AI36: =資料儲存!J388 -> 0
... A39: 60 | B39: =資料儲存!D31 -> 0 | C39: =資料儲存!E31 -> 0 | D39: =資料儲存!F31 -> 0 | E39: =資料儲存!G31 -> 0 | F39: =資料儲存!H31 -> 0 | G39: =資料儲存!I31 -> 0 | H39: =資料儲存!J31 -> 0 | J39: 60 | K39: =資料儲存!D151 -> 0 | L39: =資料儲存!E151 -> 0 | M39: =資料儲存!F151 -> 0 | N39: =資料儲存!G151 -> 0 | O39: =資料儲存!H151 -> 0 | P39: =資料儲存!I151 -> 0 | Q39: =資料儲存!J151 -> 0 | S39: 60 | T39: =資料儲存!D271 -> 0 | U39: =資料儲存!E271 -> 0 | V39: =資料儲存!F271 -> 0 | W39: =資料儲存!G271 -> 0 | X39: =資料儲存!H271 -> 0 | Y39: =資料儲存!I271 -> 0 | Z39: =資料儲存!J271 -> 0 | AB39: 60 | AC39: =資料儲存!D391 -> 0 | AD39: =資料儲存!E391 -> 0 | AE39: =資料儲存!F391 -> 0 | AF39: =資料儲存!G391 -> 0 | AG39: =資料儲存!H391 -> 0 | AH39: =資料儲存!I391 -> 0 | AI39: =資料儲存!J391 -> 0
A40: 總 計 | B40: =SUM(B25:E39) -> 0 | F40: =F39 -> 0 | G40: =G39 -> 0 | H40: =H39 -> 0 | J40: 總 計 | K40: =SUM(K25:N39) -> 0 | O40: =O39 -> 0 | P40: =P39 -> 0 | Q40: =Q39 -> 0 | S40: 總 計 | T40: =SUM(T25:W39) -> 0 | X40: =X39 -> 0 | Y40: =Y39 -> 0 | Z40: =Z39 -> 0 | AB40: 總 計 | AC40: =SUM(AC25:AF39) -> 0 | AG40: =AG39 -> 0 | AH40: =AH39 -> 0 | AI40: =AI39 -> 0
A41: 07:00~07:15 | J41: 07:00~07:15 | S41: 07:00~07:15 | AB41: 07:00~07:15
A42: 開始時刻 | B42: 停車在臨近車道上的車輛總數 | F42: 臨近車道上的流量 | J42: 開始時刻 | K42: 停車在臨近車道上的車輛總數 | O42: 臨近車道上的流量 | S42: 開始時刻 | T42: 停車在臨近車道上的車輛總數 | X42: 臨近車道上的流量 | AB42: 開始時刻 | AC42: 停車在臨近車道上的車輛總數 | AG42: 臨近車道上的流量
A43: 07:00 | B43: 0秒 | C43: 15秒 | D43: 30秒 | E43: 45秒 | F43: 總數 | G43: 未受阻 | H43: 受阻 | J43: 07:00 | K43: 0秒 | L43: 15秒 | M43: 30秒 | N43: 45秒 | O43: 總數 | P43: 未受阻 | Q43: 受阻 | S43: 07:00 | T43: 0秒 | U43: 15秒 | V43: 30秒 | W43: 45秒 | X43: 總數 | Y43: 未受阻 | Z43: 受阻 | AB43: 07:00 | AC43: 0秒 | AD43: 15秒 | AE43: 30秒 | AF43: 45秒 | AG43: 總數 | AH43: 未受阻 | AI43: 受阻
A44: 1 | B44: =資料儲存!D32 -> 0 | C44: =資料儲存!E32 -> 0 | D44: =資料儲存!F32 -> 0 | E44: =資料儲存!G32 -> 0 | F44: =資料儲存!H32 -> 0 | G44: =資料儲存!I32 -> 0 | H44: =資料儲存!J32 -> 0 | J44: 1 | K44: =資料儲存!D152 -> 0 | L44: =資料儲存!E152 -> 0 | M44: =資料儲存!F152 -> 0 | N44: =資料儲存!G152 -> 0 | O44: =資料儲存!H152 -> 0 | P44: =資料儲存!I152 -> 0 | Q44: =資料儲存!J152 -> 0 | S44: 1 | T44: =資料儲存!D272 -> 0 | U44: =資料儲存!E272 -> 0 | V44: =資料儲存!F272 -> 0 | W44: =資料儲存!G272 -> 0 | X44: =資料儲存!H272 -> 0 | Y44: =資料儲存!I272 -> 0 | Z44: =資料儲存!J272 -> 0 | AB44: 1 | AC44: =資料儲存!D392 -> 0 | AD44: =資料儲存!E392 -> 0 | AE44: =資料儲存!F392 -> 0 | AF44: =資料儲存!G392 -> 0 | AG44: =資料儲存!H392 -> 0 | AH44: =資料儲存!I392 -> 0 | AI44: =資料儲存!J392 -> 0
A45: 2 | B45: =資料儲存!D33 -> 0 | C45: =資料儲存!E33 -> 0 | D45: =資料儲存!F33 -> 0 | E45: =資料儲存!G33 -> 0 | F45: =資料儲存!H33 -> 0 | G45: =資料儲存!I33 -> 0 | H45: =資料儲存!J33 -> 0 | J45: 2 | K45: =資料儲存!D153 -> 0 | L45: =資料儲存!E153 -> 0 | M45: =資料儲存!F153 -> 0 | N45: =資料儲存!G153 -> 0 | O45: =資料儲存!H153 -> 0 | P45: =資料儲存!I153 -> 0 | Q45: =資料儲存!J153 -> 0 | S45: 2 | T45: =資料儲存!D273 -> 0 | U45: =資料儲存!E273 -> 0 | V45: =資料儲存!F273 -> 0 | W45: =資料儲存!G273 -> 0 | X45: =資料儲存!H273 -> 0 | Y45: =資料儲存!I273 -> 0 | Z45: =資料儲存!J273 -> 0 | AB45: 2 | AC45: =資料儲存!D393 -> 0 | AD45: =資料儲存!E393 -> 0 | AE45: =資料儲存!F393 -> 0 | AF45: =資料儲存!G393 -> 0 | AG45: =資料儲存!H393 -> 0 | AH45: =資料儲存!I393 -> 0 | AI45: =資料儲存!J393 -> 0
A46: 3 | B46: =資料儲存!D34 -> 0 | C46: =資料儲存!E34 -> 0 | D46: =資料儲存!F34 -> 0 | E46: =資料儲存!G34 -> 0 | F46: =資料儲存!H34 -> 0 | G46: =資料儲存!I34 -> 0 | H46: =資料儲存!J34 -> 0 | J46: 3 | K46: =資料儲存!D154 -> 0 | L46: =資料儲存!E154 -> 0 | M46: =資料儲存!F154 -> 0 | N46: =資料儲存!G154 -> 0 | O46: =資料儲存!H154 -> 0 | P46: =資料儲存!I154 -> 0 | Q46: =資料儲存!J154 -> 0 | S46: 3 | T46: =資料儲存!D274 -> 0 | U46: =資料儲存!E274 -> 0 | V46: =資料儲存!F274 -> 0 | W46: =資料儲存!G274 -> 0 | X46: =資料儲存!H274 -> 0 | Y46: =資料儲存!I274 -> 0 | Z46: =資料儲存!J274 -> 0 | AB46: 3 | AC46: =資料儲存!D394 -> 0 | AD46: =資料儲存!E394 -> 0 | AE46: =資料儲存!F394 -> 0 | AF46: =資料儲存!G394 -> 0 | AG46: =資料儲存!H394 -> 0 | AH46: =資料儲存!I394 -> 0 | AI46: =資料儲存!J394 -> 0
A47: 4 | B47: =資料儲存!D35 -> 0 | C47: =資料儲存!E35 -> 0 | D47: =資料儲存!F35 -> 0 | E47: =資料儲存!G35 -> 0 | F47: =資料儲存!H35 -> 0 | G47: =資料儲存!I35 -> 0 | H47: =資料儲存!J35 -> 0 | J47: 4 | K47: =資料儲存!D155 -> 0 | L47: =資料儲存!E155 -> 0 | M47: =資料儲存!F155 -> 0 | N47: =資料儲存!G155 -> 0 | O47: =資料儲存!H155 -> 0 | P47: =資料儲存!I155 -> 0 | Q47: =資料儲存!J155 -> 0 | S47: 4 | T47: =資料儲存!D275 -> 0 | U47: =資料儲存!E275 -> 0 | V47: =資料儲存!F275 -> 0 | W47: =資料儲存!G275 -> 0 | X47: =資料儲存!H275 -> 0 | Y47: =資料儲存!I275 -> 0 | Z47: =資料儲存!J275 -> 0 | AB47: 4 | AC47: =資料儲存!D395 -> 0 | AD47: =資料儲存!E395 -> 0 | AE47: =資料儲存!F395 -> 0 | AF47: =資料儲存!G395 -> 0 | AG47: =資料儲存!H395 -> 0 | AH47: =資料儲存!I395 -> 0 | AI47: =資料儲存!J395 -> 0
A48: 5 | B48: =資料儲存!D36 -> 0 | C48: =資料儲存!E36 -> 0 | D48: =資料儲存!F36 -> 0 | E48: =資料儲存!G36 -> 0 | F48: =資料儲存!H36 -> 0 | G48: =資料儲存!I36 -> 0 | H48: =資料儲存!J36 -> 0 | J48: 5 | K48: =資料儲存!D156 -> 0 | L48: =資料儲存!E156 -> 0 | M48: =資料儲存!F156 -> 0 | N48: =資料儲存!G156 -> 0 | O48: =資料儲存!H156 -> 0 | P48: =資料儲存!I156 -> 0 | Q48: =資料儲存!J156 -> 0 | S48: 5 | T48: =資料儲存!D276 -> 0 | U48: =資料儲存!E276 -> 0 | V48: =資料儲存!F276 -> 0 | W48: =資料儲存!G276 -> 0 | X48: =資料儲存!H276 -> 0 | Y48: =資料儲存!I276 -> 0 | Z48: =資料儲存!J276 -> 0 | AB48: 5 | AC48: =資料儲存!D396 -> 0 | AD48: =資料儲存!E396 -> 0 | AE48: =資料儲存!F396 -> 0 | AF48: =資料儲存!G396 -> 0 | AG48: =資料儲存!H396 -> 0 | AH48: =資料儲存!I396 -> 0 | AI48: =資料儲存!J396 -> 0
A49: 6 | B49: =資料儲存!D37 -> 0 | C49: =資料儲存!E37 -> 0 | D49: =資料儲存!F37 -> 0 | E49: =資料儲存!G37 -> 0 | F49: =資料儲存!H37 -> 0 | G49: =資料儲存!I37 -> 0 | H49: =資料儲存!J37 -> 0 | J49: 6 | K49: =資料儲存!D157 -> 0 | L49: =資料儲存!E157 -> 0 | M49: =資料儲存!F157 -> 0 | N49: =資料儲存!G157 -> 0 | O49: =資料儲存!H157 -> 0 | P49: =資料儲存!I157 -> 0 | Q49: =資料儲存!J157 -> 0 | S49: 6 | T49: =資料儲存!D277 -> 0 | U49: =資料儲存!E277 -> 0 | V49: =資料儲存!F277 -> 0 | W49: =資料儲存!G277 -> 0 | X49: =資料儲存!H277 -> 0 | Y49: =資料儲存!I277 -> 0 | Z49: =資料儲存!J277 -> 0 | AB49: 6 | AC49: =資料儲存!D397 -> 0 | AD49: =資料儲存!E397 -> 0 | AE49: =資料儲存!F397 -> 0 | AF49: =資料儲存!G397 -> 0 | AG49: =資料儲存!H397 -> 0 | AH49: =資料儲存!I397 -> 0 | AI49: =資料儲存!J397 -> 0
A50: 7 | B50: =資料儲存!D38 -> 0 | C50: =資料儲存!E38 -> 0 | D50: =資料儲存!F38 -> 0 | E50: =資料儲存!G38 -> 0 | F50: =資料儲存!H38 -> 0 | G50: =資料儲存!I38 -> 0 | H50: =資料儲存!J38 -> 0 | J50: 7 | K50: =資料儲存!D158 -> 0 | L50: =資料儲存!E158 -> 0 | M50: =資料儲存!F158 -> 0 | N50: =資料儲存!G158 -> 0 | O50: =資料儲存!H158 -> 0 | P50: =資料儲存!I158 -> 0 | Q50: =資料儲存!J158 -> 0 | S50: 7 | T50: =資料儲存!D278 -> 0 | U50: =資料儲存!E278 -> 0 | V50: =資料儲存!F278 -> 0 | W50: =資料儲存!G278 -> 0 | X50: =資料儲存!H278 -> 0 | Y50: =資料儲存!I278 -> 0 | Z50: =資料儲存!J278 -> 0 | AB50: 7 | AC50: =資料儲存!D398 -> 0 | AD50: =資料儲存!E398 -> 0 | AE50: =資料儲存!F398 -> 0 | AF50: =資料儲存!G398 -> 0 | AG50: =資料儲存!H398 -> 0 | AH50: =資料儲存!I398 -> 0 | AI50: =資料儲存!J398 -> 0
A51: 8 | B51: =資料儲存!D39 -> 0 | C51: =資料儲存!E39 -> 0 | D51: =資料儲存!F39 -> 0 | E51: =資料儲存!G39 -> 0 | F51: =資料儲存!H39 -> 0 | G51: =資料儲存!I39 -> 0 | H51: =資料儲存!J39 -> 0 | J51: 8 | K51: =資料儲存!D159 -> 0 | L51: =資料儲存!E159 -> 0 | M51: =資料儲存!F159 -> 0 | N51: =資料儲存!G159 -> 0 | O51: =資料儲存!H159 -> 0 | P51: =資料儲存!I159 -> 0 | Q51: =資料儲存!J159 -> 0 | S51: 8 | T51: =資料儲存!D279 -> 0 | U51: =資料儲存!E279 -> 0 | V51: =資料儲存!F279 -> 0 | W51: =資料儲存!G279 -> 0 | X51: =資料儲存!H279 -> 0 | Y51: =資料儲存!I279 -> 0 | Z51: =資料儲存!J279 -> 0 | AB51: 8 | AC51: =資料儲存!D399 -> 0 | AD51: =資料儲存!E399 -> 0 | AE51: =資料儲存!F399 -> 0 | AF51: =資料儲存!G399 -> 0 | AG51: =資料儲存!H399 -> 0 | AH51: =資料儲存!I399 -> 0 | AI51: =資料儲存!J399 -> 0
A52: 9 | B52: =資料儲存!D40 -> 0 | C52: =資料儲存!E40 -> 0 | D52: =資料儲存!F40 -> 0 | E52: =資料儲存!G40 -> 0 | F52: =資料儲存!H40 -> 0 | G52: =資料儲存!I40 -> 0 | H52: =資料儲存!J40 -> 0 | J52: 9 | K52: =資料儲存!D160 -> 0 | L52: =資料儲存!E160 -> 0 | M52: =資料儲存!F160 -> 0 | N52: =資料儲存!G160 -> 0 | O52: =資料儲存!H160 -> 0 | P52: =資料儲存!I160 -> 0 | Q52: =資料儲存!J160 -> 0 | S52: 9 | T52: =資料儲存!D280 -> 0 | U52: =資料儲存!E280 -> 0 | V52: =資料儲存!F280 -> 0 | W52: =資料儲存!G280 -> 0 | X52: =資料儲存!H280 -> 0 | Y52: =資料儲存!I280 -> 0 | Z52: =資料儲存!J280 -> 0 | AB52: 9 | AC52: =資料儲存!D400 -> 0 | AD52: =資料儲存!E400 -> 0 | AE52: =資料儲存!F400 -> 0 | AF52: =資料儲存!G400 -> 0 | AG52: =資料儲存!H400 -> 0 | AH52: =資料儲存!I400 -> 0 | AI52: =資料儲存!J400 -> 0
A53: 10 | B53: =資料儲存!D41 -> 0 | C53: =資料儲存!E41 -> 0 | D53: =資料儲存!F41 -> 0 | E53: =資料儲存!G41 -> 0 | F53: =資料儲存!H41 -> 0 | G53: =資料儲存!I41 -> 0 | H53: =資料儲存!J41 -> 0 | J53: 10 | K53: =資料儲存!D161 -> 0 | L53: =資料儲存!E161 -> 0 | M53: =資料儲存!F161 -> 0 | N53: =資料儲存!G161 -> 0 | O53: =資料儲存!H161 -> 0 | P53: =資料儲存!I161 -> 0 | Q53: =資料儲存!J161 -> 0 | S53: 10 | T53: =資料儲存!D281 -> 0 | U53: =資料儲存!E281 -> 0 | V53: =資料儲存!F281 -> 0 | W53: =資料儲存!G281 -> 0 | X53: =資料儲存!H281 -> 0 | Y53: =資料儲存!I281 -> 0 | Z53: =資料儲存!J281 -> 0 | AB53: 10 | AC53: =資料儲存!D401 -> 0 | AD53: =資料儲存!E401 -> 0 | AE53: =資料儲存!F401 -> 0 | AF53: =資料儲存!G401 -> 0 | AG53: =資料儲存!H401 -> 0 | AH53: =資料儲存!I401 -> 0 | AI53: =資料儲存!J401 -> 0
A54: 11 | B54: =資料儲存!D42 -> 0 | C54: =資料儲存!E42 -> 0 | D54: =資料儲存!F42 -> 0 | E54: =資料儲存!G42 -> 0 | F54: =資料儲存!H42 -> 0 | G54: =資料儲存!I42 -> 0 | H54: =資料儲存!J42 -> 0 | J54: 11 | K54: =資料儲存!D162 -> 0 | L54: =資料儲存!E162 -> 0 | M54: =資料儲存!F162 -> 0 | N54: =資料儲存!G162 -> 0 | O54: =資料儲存!H162 -> 0 | P54: =資料儲存!I162 -> 0 | Q54: =資料儲存!J162 -> 0 | S54: 11 | T54: =資料儲存!D282 -> 0 | U54: =資料儲存!E282 -> 0 | V54: =資料儲存!F282 -> 0 | W54: =資料儲存!G282 -> 0 | X54: =資料儲存!H282 -> 0 | Y54: =資料儲存!I282 -> 0 | Z54: =資料儲存!J282 -> 0 | AB54: 11 | AC54: =資料儲存!D402 -> 0 | AD54: =資料儲存!E402 -> 0 | AE54: =資料儲存!F402 -> 0 | AF54: =資料儲存!G402 -> 0 | AG54: =資料儲存!H402 -> 0 | AH54: =資料儲存!I402 -> 0 | AI54: =資料儲存!J402 -> 0
A55: 12 | B55: =資料儲存!D43 -> 0 | C55: =資料儲存!E43 -> 0 | D55: =資料儲存!F43 -> 0 | E55: =資料儲存!G43 -> 0 | F55: =資料儲存!H43 -> 0 | G55: =資料儲存!I43 -> 0 | H55: =資料儲存!J43 -> 0 | J55: 12 | K55: =資料儲存!D163 -> 0 | L55: =資料儲存!E163 -> 0 | M55: =資料儲存!F163 -> 0 | N55: =資料儲存!G163 -> 0 | O55: =資料儲存!H163 -> 0 | P55: =資料儲存!I163 -> 0 | Q55: =資料儲存!J163 -> 0 | S55: 12 | T55: =資料儲存!D283 -> 0 | U55: =資料儲存!E283 -> 0 | V55: =資料儲存!F283 -> 0 | W55: =資料儲存!G283 -> 0 | X55: =資料儲存!H283 -> 0 | Y55: =資料儲存!I283 -> 0 | Z55: =資料儲存!J283 -> 0 | AB55: 12 | AC55: =資料儲存!D403 -> 0 | AD55: =資料儲存!E403 -> 0 | AE55: =資料儲存!F403 -> 0 | AF55: =資料儲存!G403 -> 0 | AG55: =資料儲存!H403 -> 0 | AH55: =資料儲存!I403 -> 0 | AI55: =資料儲存!J403 -> 0
... A58: 15 | B58: =資料儲存!D46 -> 0 | C58: =資料儲存!E46 -> 0 | D58: =資料儲存!F46 -> 0 | E58: =資料儲存!G46 -> 0 | F58: =資料儲存!H46 -> 0 | G58: =資料儲存!I46 -> 0 | H58: =資料儲存!J46 -> 0 | J58: 15 | K58: =資料儲存!D166 -> 0 | L58: =資料儲存!E166 -> 0 | M58: =資料儲存!F166 -> 0 | N58: =資料儲存!G166 -> 0 | O58: =資料儲存!H166 -> 0 | P58: =資料儲存!I166 -> 0 | Q58: =資料儲存!J166 -> 0 | S58: 15 | T58: =資料儲存!D286 -> 0 | U58: =資料儲存!E286 -> 0 | V58: =資料儲存!F286 -> 0 | W58: =資料儲存!G286 -> 0 | X58: =資料儲存!H286 -> 0 | Y58: =資料儲存!I286 -> 0 | Z58: =資料儲存!J286 -> 0 | AB58: 15 | AC58: =資料儲存!D406 -> 0 | AD58: =資料儲存!E406 -> 0 | AE58: =資料儲存!F406 -> 0 | AF58: =資料儲存!G406 -> 0 | AG58: =資料儲存!H406 -> 0 | AH58: =資料儲存!I406 -> 0 | AI58: =資料儲存!J406 -> 0
A59: 總 計 | B59: =SUM(B44:E58) -> 0 | F59: =F58 -> 0 | G59: =G58 -> 0 | H59: =H58 -> 0 | J59: 總 計 | K59: =SUM(K44:N58) -> 0 | O59: =O58 -> 0 | P59: =P58 -> 0 | Q59: =Q58 -> 0 | S59: 總 計 | T59: =SUM(T44:W58) -> 0 | X59: =X58 -> 0 | Y59: =Y58 -> 0 | Z59: =Z58 -> 0 | AB59: 總 計 | AC59: =SUM(AC44:AF58) -> 0 | AG59: =AG58 -> 0 | AH59: =AH58 -> 0 | AI59: =AI58 -> 0
A60: 07:15~07:30 | J60: 07:15~07:30 | S60: 07:15~07:30 | AB60: 07:15~07:30
A61: 開始時刻 | B61: 停車在臨近車道上的車輛總數 | F61: 臨近車道上的流量 | J61: 開始時刻 | K61: 停車在臨近車道上的車輛總數 | O61: 臨近車道上的流量 | S61: 開始時刻 | T61: 停車在臨近車道上的車輛總數 | X61: 臨近車道上的流量 | AB61: 開始時刻 | AC61: 停車在臨近車道上的車輛總數 | AG61: 臨近車道上的流量
A62: 07:15 | B62: 0秒 | C62: 15秒 | D62: 30秒 | E62: 45秒 | F62: 總數 | G62: 未受阻 | H62: 受阻 | J62: 07:15 | K62: 0秒 | L62: 15秒 | M62: 30秒 | N62: 45秒 | O62: 總數 | P62: 未受阻 | Q62: 受阻 | S62: 07:15 | T62: 0秒 | U62: 15秒 | V62: 30秒 | W62: 45秒 | X62: 總數 | Y62: 未受阻 | Z62: 受阻 | AB62: 07:15 | AC62: 0秒 | AD62: 15秒 | AE62: 30秒 | AF62: 45秒 | AG62: 總數 | AH62: 未受阻 | AI62: 受阻
A63: 16 | B63: =資料儲存!D47 -> 0 | C63: =資料儲存!E47 -> 0 | D63: =資料儲存!F47 -> 0 | E63: =資料儲存!G47 -> 0 | F63: =資料儲存!H47 -> 0 | G63: =資料儲存!I47 -> 0 | H63: =資料儲存!J47 -> 0 | J63: 16 | K63: =資料儲存!D167 -> 0 | L63: =資料儲存!E167 -> 0 | M63: =資料儲存!F167 -> 0 | N63: =資料儲存!G167 -> 0 | O63: =資料儲存!H167 -> 0 | P63: =資料儲存!I167 -> 0 | Q63: =資料儲存!J167 -> 0 | S63: 16 | T63: =資料儲存!D287 -> 0 | U63: =資料儲存!E287 -> 0 | V63: =資料儲存!F287 -> 0 | W63: =資料儲存!G287 -> 0 | X63: =資料儲存!H287 -> 0 | Y63: =資料儲存!I287 -> 0 | Z63: =資料儲存!J287 -> 0 | AB63: 16 | AC63: =資料儲存!D407 -> 0 | AD63: =資料儲存!E407 -> 0 | AE63: =資料儲存!F407 -> 0 | AF63: =資料儲存!G407 -> 0 | AG63: =資料儲存!H407 -> 0 | AH63: =資料儲存!I407 -> 0 | AI63: =資料儲存!J407 -> 0
A64: 17 | B64: =資料儲存!D48 -> 0 | C64: =資料儲存!E48 -> 0 | D64: =資料儲存!F48 -> 0 | E64: =資料儲存!G48 -> 0 | F64: =資料儲存!H48 -> 0 | G64: =資料儲存!I48 -> 0 | H64: =資料儲存!J48 -> 0 | J64: 17 | K64: =資料儲存!D168 -> 0 | L64: =資料儲存!E168 -> 0 | M64: =資料儲存!F168 -> 0 | N64: =資料儲存!G168 -> 0 | O64: =資料儲存!H168 -> 0 | P64: =資料儲存!I168 -> 0 | Q64: =資料儲存!J168 -> 0 | S64: 17 | T64: =資料儲存!D288 -> 0 | U64: =資料儲存!E288 -> 0 | V64: =資料儲存!F288 -> 0 | W64: =資料儲存!G288 -> 0 | X64: =資料儲存!H288 -> 0 | Y64: =資料儲存!I288 -> 0 | Z64: =資料儲存!J288 -> 0 | AB64: 17 | AC64: =資料儲存!D408 -> 0 | AD64: =資料儲存!E408 -> 0 | AE64: =資料儲存!F408 -> 0 | AF64: =資料儲存!G408 -> 0 | AG64: =資料儲存!H408 -> 0 | AH64: =資料儲存!I408 -> 0 | AI64: =資料儲存!J408 -> 0
A65: 18 | B65: =資料儲存!D49 -> 0 | C65: =資料儲存!E49 -> 0 | D65: =資料儲存!F49 -> 0 | E65: =資料儲存!G49 -> 0 | F65: =資料儲存!H49 -> 0 | G65: =資料儲存!I49 -> 0 | H65: =資料儲存!J49 -> 0 | J65: 18 | K65: =資料儲存!D169 -> 0 | L65: =資料儲存!E169 -> 0 | M65: =資料儲存!F169 -> 0 | N65: =資料儲存!G169 -> 0 | O65: =資料儲存!H169 -> 0 | P65: =資料儲存!I169 -> 0 | Q65: =資料儲存!J169 -> 0 | S65: 18 | T65: =資料儲存!D289 -> 0 | U65: =資料儲存!E289 -> 0 | V65: =資料儲存!F289 -> 0 | W65: =資料儲存!G289 -> 0 | X65: =資料儲存!H289 -> 0 | Y65: =資料儲存!I289 -> 0 | Z65: =資料儲存!J289 -> 0 | AB65: 18 | AC65: =資料儲存!D409 -> 0 | AD65: =資料儲存!E409 -> 0 | AE65: =資料儲存!F409 -> 0 | AF65: =資料儲存!G409 -> 0 | AG65: =資料儲存!H409 -> 0 | AH65: =資料儲存!I409 -> 0 | AI65: =資料儲存!J409 -> 0
A66: 19 | B66: =資料儲存!D50 -> 0 | C66: =資料儲存!E50 -> 0 | D66: =資料儲存!F50 -> 0 | E66: =資料儲存!G50 -> 0 | F66: =資料儲存!H50 -> 0 | G66: =資料儲存!I50 -> 0 | H66: =資料儲存!J50 -> 0 | J66: 19 | K66: =資料儲存!D170 -> 0 | L66: =資料儲存!E170 -> 0 | M66: =資料儲存!F170 -> 0 | N66: =資料儲存!G170 -> 0 | O66: =資料儲存!H170 -> 0 | P66: =資料儲存!I170 -> 0 | Q66: =資料儲存!J170 -> 0 | S66: 19 | T66: =資料儲存!D290 -> 0 | U66: =資料儲存!E290 -> 0 | V66: =資料儲存!F290 -> 0 | W66: =資料儲存!G290 -> 0 | X66: =資料儲存!H290 -> 0 | Y66: =資料儲存!I290 -> 0 | Z66: =資料儲存!J290 -> 0 | AB66: 19 | AC66: =資料儲存!D410 -> 0 | AD66: =資料儲存!E410 -> 0 | AE66: =資料儲存!F410 -> 0 | AF66: =資料儲存!G410 -> 0 | AG66: =資料儲存!H410 -> 0 | AH66: =資料儲存!I410 -> 0 | AI66: =資料儲存!J410 -> 0
A67: 20 | B67: =資料儲存!D51 -> 0 | C67: =資料儲存!E51 -> 0 | D67: =資料儲存!F51 -> 0 | E67: =資料儲存!G51 -> 0 | F67: =資料儲存!H51 -> 0 | G67: =資料儲存!I51 -> 0 | H67: =資料儲存!J51 -> 0 | J67: 20 | K67: =資料儲存!D171 -> 0 | L67: =資料儲存!E171 -> 0 | M67: =資料儲存!F171 -> 0 | N67: =資料儲存!G171 -> 0 | O67: =資料儲存!H171 -> 0 | P67: =資料儲存!I171 -> 0 | Q67: =資料儲存!J171 -> 0 | S67: 20 | T67: =資料儲存!D291 -> 0 | U67: =資料儲存!E291 -> 0 | V67: =資料儲存!F291 -> 0 | W67: =資料儲存!G291 -> 0 | X67: =資料儲存!H291 -> 0 | Y67: =資料儲存!I291 -> 0 | Z67: =資料儲存!J291 -> 0 | AB67: 20 | AC67: =資料儲存!D411 -> 0 | AD67: =資料儲存!E411 -> 0 | AE67: =資料儲存!F411 -> 0 | AF67: =資料儲存!G411 -> 0 | AG67: =資料儲存!H411 -> 0 | AH67: =資料儲存!I411 -> 0 | AI67: =資料儲存!J411 -> 0
A68: 21 | B68: =資料儲存!D52 -> 0 | C68: =資料儲存!E52 -> 0 | D68: =資料儲存!F52 -> 0 | E68: =資料儲存!G52 -> 0 | F68: =資料儲存!H52 -> 0 | G68: =資料儲存!I52 -> 0 | H68: =資料儲存!J52 -> 0 | J68: 21 | K68: =資料儲存!D172 -> 0 | L68: =資料儲存!E172 -> 0 | M68: =資料儲存!F172 -> 0 | N68: =資料儲存!G172 -> 0 | O68: =資料儲存!H172 -> 0 | P68: =資料儲存!I172 -> 0 | Q68: =資料儲存!J172 -> 0 | S68: 21 | T68: =資料儲存!D292 -> 0 | U68: =資料儲存!E292 -> 0 | V68: =資料儲存!F292 -> 0 | W68: =資料儲存!G292 -> 0 | X68: =資料儲存!H292 -> 0 | Y68: =資料儲存!I292 -> 0 | Z68: =資料儲存!J292 -> 0 | AB68: 21 | AC68: =資料儲存!D412 -> 0 | AD68: =資料儲存!E412 -> 0 | AE68: =資料儲存!F412 -> 0 | AF68: =資料儲存!G412 -> 0 | AG68: =資料儲存!H412 -> 0 | AH68: =資料儲存!I412 -> 0 | AI68: =資料儲存!J412 -> 0
A69: 22 | B69: =資料儲存!D53 -> 0 | C69: =資料儲存!E53 -> 0 | D69: =資料儲存!F53 -> 0 | E69: =資料儲存!G53 -> 0 | F69: =資料儲存!H53 -> 0 | G69: =資料儲存!I53 -> 0 | H69: =資料儲存!J53 -> 0 | J69: 22 | K69: =資料儲存!D173 -> 0 | L69: =資料儲存!E173 -> 0 | M69: =資料儲存!F173 -> 0 | N69: =資料儲存!G173 -> 0 | O69: =資料儲存!H173 -> 0 | P69: =資料儲存!I173 -> 0 | Q69: =資料儲存!J173 -> 0 | S69: 22 | T69: =資料儲存!D293 -> 0 | U69: =資料儲存!E293 -> 0 | V69: =資料儲存!F293 -> 0 | W69: =資料儲存!G293 -> 0 | X69: =資料儲存!H293 -> 0 | Y69: =資料儲存!I293 -> 0 | Z69: =資料儲存!J293 -> 0 | AB69: 22 | AC69: =資料儲存!D413 -> 0 | AD69: =資料儲存!E413 -> 0 | AE69: =資料儲存!F413 -> 0 | AF69: =資料儲存!G413 -> 0 | AG69: =資料儲存!H413 -> 0 | AH69: =資料儲存!I413 -> 0 | AI69: =資料儲存!J413 -> 0
A70: 23 | B70: =資料儲存!D54 -> 0 | C70: =資料儲存!E54 -> 0 | D70: =資料儲存!F54 -> 0 | E70: =資料儲存!G54 -> 0 | F70: =資料儲存!H54 -> 0 | G70: =資料儲存!I54 -> 0 | H70: =資料儲存!J54 -> 0 | J70: 23 | K70: =資料儲存!D174 -> 0 | L70: =資料儲存!E174 -> 0 | M70: =資料儲存!F174 -> 0 | N70: =資料儲存!G174 -> 0 | O70: =資料儲存!H174 -> 0 | P70: =資料儲存!I174 -> 0 | Q70: =資料儲存!J174 -> 0 | S70: 23 | T70: =資料儲存!D294 -> 0 | U70: =資料儲存!E294 -> 0 | V70: =資料儲存!F294 -> 0 | W70: =資料儲存!G294 -> 0 | X70: =資料儲存!H294 -> 0 | Y70: =資料儲存!I294 -> 0 | Z70: =資料儲存!J294 -> 0 | AB70: 23 | AC70: =資料儲存!D414 -> 0 | AD70: =資料儲存!E414 -> 0 | AE70: =資料儲存!F414 -> 0 | AF70: =資料儲存!G414 -> 0 | AG70: =資料儲存!H414 -> 0 | AH70: =資料儲存!I414 -> 0 | AI70: =資料儲存!J414 -> 0
A71: 24 | B71: =資料儲存!D55 -> 0 | C71: =資料儲存!E55 -> 0 | D71: =資料儲存!F55 -> 0 | E71: =資料儲存!G55 -> 0 | F71: =資料儲存!H55 -> 0 | G71: =資料儲存!I55 -> 0 | H71: =資料儲存!J55 -> 0 | J71: 24 | K71: =資料儲存!D175 -> 0 | L71: =資料儲存!E175 -> 0 | M71: =資料儲存!F175 -> 0 | N71: =資料儲存!G175 -> 0 | O71: =資料儲存!H175 -> 0 | P71: =資料儲存!I175 -> 0 | Q71: =資料儲存!J175 -> 0 | S71: 24 | T71: =資料儲存!D295 -> 0 | U71: =資料儲存!E295 -> 0 | V71: =資料儲存!F295 -> 0 | W71: =資料儲存!G295 -> 0 | X71: =資料儲存!H295 -> 0 | Y71: =資料儲存!I295 -> 0 | Z71: =資料儲存!J295 -> 0 | AB71: 24 | AC71: =資料儲存!D415 -> 0 | AD71: =資料儲存!E415 -> 0 | AE71: =資料儲存!F415 -> 0 | AF71: =資料儲存!G415 -> 0 | AG71: =資料儲存!H415 -> 0 | AH71: =資料儲存!I415 -> 0 | AI71: =資料儲存!J415 -> 0
A72: 25 | B72: =資料儲存!D56 -> 0 | C72: =資料儲存!E56 -> 0 | D72: =資料儲存!F56 -> 0 | E72: =資料儲存!G56 -> 0 | F72: =資料儲存!H56 -> 0 | G72: =資料儲存!I56 -> 0 | H72: =資料儲存!J56 -> 0 | J72: 25 | K72: =資料儲存!D176 -> 0 | L72: =資料儲存!E176 -> 0 | M72: =資料儲存!F176 -> 0 | N72: =資料儲存!G176 -> 0 | O72: =資料儲存!H176 -> 0 | P72: =資料儲存!I176 -> 0 | Q72: =資料儲存!J176 -> 0 | S72: 25 | T72: =資料儲存!D296 -> 0 | U72: =資料儲存!E296 -> 0 | V72: =資料儲存!F296 -> 0 | W72: =資料儲存!G296 -> 0 | X72: =資料儲存!H296 -> 0 | Y72: =資料儲存!I296 -> 0 | Z72: =資料儲存!J296 -> 0 | AB72: 25 | AC72: =資料儲存!D416 -> 0 | AD72: =資料儲存!E416 -> 0 | AE72: =資料儲存!F416 -> 0 | AF72: =資料儲存!G416 -> 0 | AG72: =資料儲存!H416 -> 0 | AH72: =資料儲存!I416 -> 0 | AI72: =資料儲存!J416 -> 0
A73: 26 | B73: =資料儲存!D57 -> 0 | C73: =資料儲存!E57 -> 0 | D73: =資料儲存!F57 -> 0 | E73: =資料儲存!G57 -> 0 | F73: =資料儲存!H57 -> 0 | G73: =資料儲存!I57 -> 0 | H73: =資料儲存!J57 -> 0 | J73: 26 | K73: =資料儲存!D177 -> 0 | L73: =資料儲存!E177 -> 0 | M73: =資料儲存!F177 -> 0 | N73: =資料儲存!G177 -> 0 | O73: =資料儲存!H177 -> 0 | P73: =資料儲存!I177 -> 0 | Q73: =資料儲存!J177 -> 0 | S73: 26 | T73: =資料儲存!D297 -> 0 | U73: =資料儲存!E297 -> 0 | V73: =資料儲存!F297 -> 0 | W73: =資料儲存!G297 -> 0 | X73: =資料儲存!H297 -> 0 | Y73: =資料儲存!I297 -> 0 | Z73: =資料儲存!J297 -> 0 | AB73: 26 | AC73: =資料儲存!D417 -> 0 | AD73: =資料儲存!E417 -> 0 | AE73: =資料儲存!F417 -> 0 | AF73: =資料儲存!G417 -> 0 | AG73: =資料儲存!H417 -> 0 | AH73: =資料儲存!I417 -> 0 | AI73: =資料儲存!J417 -> 0
A74: 27 | B74: =資料儲存!D58 -> 0 | C74: =資料儲存!E58 -> 0 | D74: =資料儲存!F58 -> 0 | E74: =資料儲存!G58 -> 0 | F74: =資料儲存!H58 -> 0 | G74: =資料儲存!I58 -> 0 | H74: =資料儲存!J58 -> 0 | J74: 27 | K74: =資料儲存!D178 -> 0 | L74: =資料儲存!E178 -> 0 | M74: =資料儲存!F178 -> 0 | N74: =資料儲存!G178 -> 0 | O74: =資料儲存!H178 -> 0 | P74: =資料儲存!I178 -> 0 | Q74: =資料儲存!J178 -> 0 | S74: 27 | T74: =資料儲存!D298 -> 0 | U74: =資料儲存!E298 -> 0 | V74: =資料儲存!F298 -> 0 | W74: =資料儲存!G298 -> 0 | X74: =資料儲存!H298 -> 0 | Y74: =資料儲存!I298 -> 0 | Z74: =資料儲存!J298 -> 0 | AB74: 27 | AC74: =資料儲存!D418 -> 0 | AD74: =資料儲存!E418 -> 0 | AE74: =資料儲存!F418 -> 0 | AF74: =資料儲存!G418 -> 0 | AG74: =資料儲存!H418 -> 0 | AH74: =資料儲存!I418 -> 0 | AI74: =資料儲存!J418 -> 0
... A77: 30 | B77: =資料儲存!D61 -> 0 | C77: =資料儲存!E61 -> 0 | D77: =資料儲存!F61 -> 0 | E77: =資料儲存!G61 -> 0 | F77: =資料儲存!H61 -> 0 | G77: =資料儲存!I61 -> 0 | H77: =資料儲存!J61 -> 0 | J77: 30 | K77: =資料儲存!D181 -> 0 | L77: =資料儲存!E181 -> 0 | M77: =資料儲存!F181 -> 0 | N77: =資料儲存!G181 -> 0 | O77: =資料儲存!H181 -> 0 | P77: =資料儲存!I181 -> 0 | Q77: =資料儲存!J181 -> 0 | S77: 30 | T77: =資料儲存!D301 -> 0 | U77: =資料儲存!E301 -> 0 | V77: =資料儲存!F301 -> 0 | W77: =資料儲存!G301 -> 0 | X77: =資料儲存!H301 -> 0 | Y77: =資料儲存!I301 -> 0 | Z77: =資料儲存!J301 -> 0 | AB77: 30 | AC77: =資料儲存!D421 -> 0 | AD77: =資料儲存!E421 -> 0 | AE77: =資料儲存!F421 -> 0 | AF77: =資料儲存!G421 -> 0 | AG77: =資料儲存!H421 -> 0 | AH77: =資料儲存!I421 -> 0 | AI77: =資料儲存!J421 -> 0
A78: 總 計 | B78: =SUM(B63:E77) -> 0 | F78: =F77 -> 0 | G78: =G77 -> 0 | H78: =H77 -> 0 | J78: 總 計 | K78: =SUM(K63:N77) -> 0 | O78: =O77 -> 0 | P78: =P77 -> 0 | Q78: =Q77 -> 0 | S78: 總 計 | T78: =SUM(T63:W77) -> 0 | X78: =X77 -> 0 | Y78: =Y77 -> 0 | Z78: =Z77 -> 0 | AB78: 總 計 | AC78: =SUM(AC63:AF77) -> 0 | AG78: =AG77 -> 0 | AH78: =AH77 -> 0 | AI78: =AI77 -> 0
A79: 07:30~07:45 | J79: 07:30~07:45 | S79: 07:30~07:45 | AB79: 07:30~07:45
A80: 開始時刻 | B80: 停車在臨近車道上的車輛總數 | F80: 臨近車道上的流量 | J80: 開始時刻 | K80: 停車在臨近車道上的車輛總數 | O80: 臨近車道上的流量 | S80: 開始時刻 | T80: 停車在臨近車道上的車輛總數 | X80: 臨近車道上的流量 | AB80: 開始時刻 | AC80: 停車在臨近車道上的車輛總數 | AG80: 臨近車道上的流量
A81: 07:30 | B81: 0秒 | C81: 15秒 | D81: 30秒 | E81: 45秒 | F81: 總數 | G81: 未受阻 | H81: 受阻 | J81: 07:30 | K81: 0秒 | L81: 15秒 | M81: 30秒 | N81: 45秒 | O81: 總數 | P81: 未受阻 | Q81: 受阻 | S81: 07:30 | T81: 0秒 | U81: 15秒 | V81: 30秒 | W81: 45秒 | X81: 總數 | Y81: 未受阻 | Z81: 受阻 | AB81: 07:30 | AC81: 0秒 | AD81: 15秒 | AE81: 30秒 | AF81: 45秒 | AG81: 總數 | AH81: 未受阻 | AI81: 受阻
A82: 31 | B82: =資料儲存!D62 -> 0 | C82: =資料儲存!E62 -> 0 | D82: =資料儲存!F62 -> 0 | E82: =資料儲存!G62 -> 0 | F82: =資料儲存!H62 -> 0 | G82: =資料儲存!I62 -> 0 | H82: =資料儲存!J62 -> 0 | J82: 31 | K82: =資料儲存!D182 -> 0 | L82: =資料儲存!E182 -> 0 | M82: =資料儲存!F182 -> 0 | N82: =資料儲存!G182 -> 0 | O82: =資料儲存!H182 -> 0 | P82: =資料儲存!I182 -> 0 | Q82: =資料儲存!J182 -> 0 | S82: 31 | T82: =資料儲存!D302 -> 0 | U82: =資料儲存!E302 -> 0 | V82: =資料儲存!F302 -> 0 | W82: =資料儲存!G302 -> 0 | X82: =資料儲存!H302 -> 0 | Y82: =資料儲存!I302 -> 0 | Z82: =資料儲存!J302 -> 0 | AB82: 31 | AC82: =資料儲存!D422 -> 0 | AD82: =資料儲存!E422 -> 0 | AE82: =資料儲存!F422 -> 0 | AF82: =資料儲存!G422 -> 0 | AG82: =資料儲存!H422 -> 0 | AH82: =資料儲存!I422 -> 0 | AI82: =資料儲存!J422 -> 0
A83: 32 | B83: =資料儲存!D63 -> 0 | C83: =資料儲存!E63 -> 0 | D83: =資料儲存!F63 -> 0 | E83: =資料儲存!G63 -> 0 | F83: =資料儲存!H63 -> 0 | G83: =資料儲存!I63 -> 0 | H83: =資料儲存!J63 -> 0 | J83: 32 | K83: =資料儲存!D183 -> 0 | L83: =資料儲存!E183 -> 0 | M83: =資料儲存!F183 -> 0 | N83: =資料儲存!G183 -> 0 | O83: =資料儲存!H183 -> 0 | P83: =資料儲存!I183 -> 0 | Q83: =資料儲存!J183 -> 0 | S83: 32 | T83: =資料儲存!D303 -> 0 | U83: =資料儲存!E303 -> 0 | V83: =資料儲存!F303 -> 0 | W83: =資料儲存!G303 -> 0 | X83: =資料儲存!H303 -> 0 | Y83: =資料儲存!I303 -> 0 | Z83: =資料儲存!J303 -> 0 | AB83: 32 | AC83: =資料儲存!D423 -> 0 | AD83: =資料儲存!E423 -> 0 | AE83: =資料儲存!F423 -> 0 | AF83: =資料儲存!G423 -> 0 | AG83: =資料儲存!H423 -> 0 | AH83: =資料儲存!I423 -> 0 | AI83: =資料儲存!J423 -> 0
A84: 33 | B84: =資料儲存!D64 -> 0 | C84: =資料儲存!E64 -> 0 | D84: =資料儲存!F64 -> 0 | E84: =資料儲存!G64 -> 0 | F84: =資料儲存!H64 -> 0 | G84: =資料儲存!I64 -> 0 | H84: =資料儲存!J64 -> 0 | J84: 33 | K84: =資料儲存!D184 -> 0 | L84: =資料儲存!E184 -> 0 | M84: =資料儲存!F184 -> 0 | N84: =資料儲存!G184 -> 0 | O84: =資料儲存!H184 -> 0 | P84: =資料儲存!I184 -> 0 | Q84: =資料儲存!J184 -> 0 | S84: 33 | T84: =資料儲存!D304 -> 0 | U84: =資料儲存!E304 -> 0 | V84: =資料儲存!F304 -> 0 | W84: =資料儲存!G304 -> 0 | X84: =資料儲存!H304 -> 0 | Y84: =資料儲存!I304 -> 0 | Z84: =資料儲存!J304 -> 0 | AB84: 33 | AC84: =資料儲存!D424 -> 0 | AD84: =資料儲存!E424 -> 0 | AE84: =資料儲存!F424 -> 0 | AF84: =資料儲存!G424 -> 0 | AG84: =資料儲存!H424 -> 0 | AH84: =資料儲存!I424 -> 0 | AI84: =資料儲存!J424 -> 0
A85: 34 | B85: =資料儲存!D65 -> 0 | C85: =資料儲存!E65 -> 0 | D85: =資料儲存!F65 -> 0 | E85: =資料儲存!G65 -> 0 | F85: =資料儲存!H65 -> 0 | G85: =資料儲存!I65 -> 0 | H85: =資料儲存!J65 -> 0 | J85: 34 | K85: =資料儲存!D185 -> 0 | L85: =資料儲存!E185 -> 0 | M85: =資料儲存!F185 -> 0 | N85: =資料儲存!G185 -> 0 | O85: =資料儲存!H185 -> 0 | P85: =資料儲存!I185 -> 0 | Q85: =資料儲存!J185 -> 0 | S85: 34 | T85: =資料儲存!D305 -> 0 | U85: =資料儲存!E305 -> 0 | V85: =資料儲存!F305 -> 0 | W85: =資料儲存!G305 -> 0 | X85: =資料儲存!H305 -> 0 | Y85: =資料儲存!I305 -> 0 | Z85: =資料儲存!J305 -> 0 | AB85: 34 | AC85: =資料儲存!D425 -> 0 | AD85: =資料儲存!E425 -> 0 | AE85: =資料儲存!F425 -> 0 | AF85: =資料儲存!G425 -> 0 | AG85: =資料儲存!H425 -> 0 | AH85: =資料儲存!I425 -> 0 | AI85: =資料儲存!J425 -> 0
A86: 35 | B86: =資料儲存!D66 -> 0 | C86: =資料儲存!E66 -> 0 | D86: =資料儲存!F66 -> 0 | E86: =資料儲存!G66 -> 0 | F86: =資料儲存!H66 -> 0 | G86: =資料儲存!I66 -> 0 | H86: =資料儲存!J66 -> 0 | J86: 35 | K86: =資料儲存!D186 -> 0 | L86: =資料儲存!E186 -> 0 | M86: =資料儲存!F186 -> 0 | N86: =資料儲存!G186 -> 0 | O86: =資料儲存!H186 -> 0 | P86: =資料儲存!I186 -> 0 | Q86: =資料儲存!J186 -> 0 | S86: 35 | T86: =資料儲存!D306 -> 0 | U86: =資料儲存!E306 -> 0 | V86: =資料儲存!F306 -> 0 | W86: =資料儲存!G306 -> 0 | X86: =資料儲存!H306 -> 0 | Y86: =資料儲存!I306 -> 0 | Z86: =資料儲存!J306 -> 0 | AB86: 35 | AC86: =資料儲存!D426 -> 0 | AD86: =資料儲存!E426 -> 0 | AE86: =資料儲存!F426 -> 0 | AF86: =資料儲存!G426 -> 0 | AG86: =資料儲存!H426 -> 0 | AH86: =資料儲存!I426 -> 0 | AI86: =資料儲存!J426 -> 0
A87: 36 | B87: =資料儲存!D67 -> 0 | C87: =資料儲存!E67 -> 0 | D87: =資料儲存!F67 -> 0 | E87: =資料儲存!G67 -> 0 | F87: =資料儲存!H67 -> 0 | G87: =資料儲存!I67 -> 0 | H87: =資料儲存!J67 -> 0 | J87: 36 | K87: =資料儲存!D187 -> 0 | L87: =資料儲存!E187 -> 0 | M87: =資料儲存!F187 -> 0 | N87: =資料儲存!G187 -> 0 | O87: =資料儲存!H187 -> 0 | P87: =資料儲存!I187 -> 0 | Q87: =資料儲存!J187 -> 0 | S87: 36 | T87: =資料儲存!D307 -> 0 | U87: =資料儲存!E307 -> 0 | V87: =資料儲存!F307 -> 0 | W87: =資料儲存!G307 -> 0 | X87: =資料儲存!H307 -> 0 | Y87: =資料儲存!I307 -> 0 | Z87: =資料儲存!J307 -> 0 | AB87: 36 | AC87: =資料儲存!D427 -> 0 | AD87: =資料儲存!E427 -> 0 | AE87: =資料儲存!F427 -> 0 | AF87: =資料儲存!G427 -> 0 | AG87: =資料儲存!H427 -> 0 | AH87: =資料儲存!I427 -> 0 | AI87: =資料儲存!J427 -> 0
A88: 37 | B88: =資料儲存!D68 -> 0 | C88: =資料儲存!E68 -> 0 | D88: =資料儲存!F68 -> 0 | E88: =資料儲存!G68 -> 0 | F88: =資料儲存!H68 -> 0 | G88: =資料儲存!I68 -> 0 | H88: =資料儲存!J68 -> 0 | J88: 37 | K88: =資料儲存!D188 -> 0 | L88: =資料儲存!E188 -> 0 | M88: =資料儲存!F188 -> 0 | N88: =資料儲存!G188 -> 0 | O88: =資料儲存!H188 -> 0 | P88: =資料儲存!I188 -> 0 | Q88: =資料儲存!J188 -> 0 | S88: 37 | T88: =資料儲存!D308 -> 0 | U88: =資料儲存!E308 -> 0 | V88: =資料儲存!F308 -> 0 | W88: =資料儲存!G308 -> 0 | X88: =資料儲存!H308 -> 0 | Y88: =資料儲存!I308 -> 0 | Z88: =資料儲存!J308 -> 0 | AB88: 37 | AC88: =資料儲存!D428 -> 0 | AD88: =資料儲存!E428 -> 0 | AE88: =資料儲存!F428 -> 0 | AF88: =資料儲存!G428 -> 0 | AG88: =資料儲存!H428 -> 0 | AH88: =資料儲存!I428 -> 0 | AI88: =資料儲存!J428 -> 0
A89: 38 | B89: =資料儲存!D69 -> 0 | C89: =資料儲存!E69 -> 0 | D89: =資料儲存!F69 -> 0 | E89: =資料儲存!G69 -> 0 | F89: =資料儲存!H69 -> 0 | G89: =資料儲存!I69 -> 0 | H89: =資料儲存!J69 -> 0 | J89: 38 | K89: =資料儲存!D189 -> 0 | L89: =資料儲存!E189 -> 0 | M89: =資料儲存!F189 -> 0 | N89: =資料儲存!G189 -> 0 | O89: =資料儲存!H189 -> 0 | P89: =資料儲存!I189 -> 0 | Q89: =資料儲存!J189 -> 0 | S89: 38 | T89: =資料儲存!D309 -> 0 | U89: =資料儲存!E309 -> 0 | V89: =資料儲存!F309 -> 0 | W89: =資料儲存!G309 -> 0 | X89: =資料儲存!H309 -> 0 | Y89: =資料儲存!I309 -> 0 | Z89: =資料儲存!J309 -> 0 | AB89: 38 | AC89: =資料儲存!D429 -> 0 | AD89: =資料儲存!E429 -> 0 | AE89: =資料儲存!F429 -> 0 | AF89: =資料儲存!G429 -> 0 | AG89: =資料儲存!H429 -> 0 | AH89: =資料儲存!I429 -> 0 | AI89: =資料儲存!J429 -> 0
A90: 39 | B90: =資料儲存!D70 -> 0 | C90: =資料儲存!E70 -> 0 | D90: =資料儲存!F70 -> 0 | E90: =資料儲存!G70 -> 0 | F90: =資料儲存!H70 -> 0 | G90: =資料儲存!I70 -> 0 | H90: =資料儲存!J70 -> 0 | J90: 39 | K90: =資料儲存!D190 -> 0 | L90: =資料儲存!E190 -> 0 | M90: =資料儲存!F190 -> 0 | N90: =資料儲存!G190 -> 0 | O90: =資料儲存!H190 -> 0 | P90: =資料儲存!I190 -> 0 | Q90: =資料儲存!J190 -> 0 | S90: 39 | T90: =資料儲存!D310 -> 0 | U90: =資料儲存!E310 -> 0 | V90: =資料儲存!F310 -> 0 | W90: =資料儲存!G310 -> 0 | X90: =資料儲存!H310 -> 0 | Y90: =資料儲存!I310 -> 0 | Z90: =資料儲存!J310 -> 0 | AB90: 39 | AC90: =資料儲存!D430 -> 0 | AD90: =資料儲存!E430 -> 0 | AE90: =資料儲存!F430 -> 0 | AF90: =資料儲存!G430 -> 0 | AG90: =資料儲存!H430 -> 0 | AH90: =資料儲存!I430 -> 0 | AI90: =資料儲存!J430 -> 0
A91: 40 | B91: =資料儲存!D71 -> 0 | C91: =資料儲存!E71 -> 0 | D91: =資料儲存!F71 -> 0 | E91: =資料儲存!G71 -> 0 | F91: =資料儲存!H71 -> 0 | G91: =資料儲存!I71 -> 0 | H91: =資料儲存!J71 -> 0 | J91: 40 | K91: =資料儲存!D191 -> 0 | L91: =資料儲存!E191 -> 0 | M91: =資料儲存!F191 -> 0 | N91: =資料儲存!G191 -> 0 | O91: =資料儲存!H191 -> 0 | P91: =資料儲存!I191 -> 0 | Q91: =資料儲存!J191 -> 0 | S91: 40 | T91: =資料儲存!D311 -> 0 | U91: =資料儲存!E311 -> 0 | V91: =資料儲存!F311 -> 0 | W91: =資料儲存!G311 -> 0 | X91: =資料儲存!H311 -> 0 | Y91: =資料儲存!I311 -> 0 | Z91: =資料儲存!J311 -> 0 | AB91: 40 | AC91: =資料儲存!D431 -> 0 | AD91: =資料儲存!E431 -> 0 | AE91: =資料儲存!F431 -> 0 | AF91: =資料儲存!G431 -> 0 | AG91: =資料儲存!H431 -> 0 | AH91: =資料儲存!I431 -> 0 | AI91: =資料儲存!J431 -> 0
A92: 41 | B92: =資料儲存!D72 -> 0 | C92: =資料儲存!E72 -> 0 | D92: =資料儲存!F72 -> 0 | E92: =資料儲存!G72 -> 0 | F92: =資料儲存!H72 -> 0 | G92: =資料儲存!I72 -> 0 | H92: =資料儲存!J72 -> 0 | J92: 41 | K92: =資料儲存!D192 -> 0 | L92: =資料儲存!E192 -> 0 | M92: =資料儲存!F192 -> 0 | N92: =資料儲存!G192 -> 0 | O92: =資料儲存!H192 -> 0 | P92: =資料儲存!I192 -> 0 | Q92: =資料儲存!J192 -> 0 | S92: 41 | T92: =資料儲存!D312 -> 0 | U92: =資料儲存!E312 -> 0 | V92: =資料儲存!F312 -> 0 | W92: =資料儲存!G312 -> 0 | X92: =資料儲存!H312 -> 0 | Y92: =資料儲存!I312 -> 0 | Z92: =資料儲存!J312 -> 0 | AB92: 41 | AC92: =資料儲存!D432 -> 0 | AD92: =資料儲存!E432 -> 0 | AE92: =資料儲存!F432 -> 0 | AF92: =資料儲存!G432 -> 0 | AG92: =資料儲存!H432 -> 0 | AH92: =資料儲存!I432 -> 0 | AI92: =資料儲存!J432 -> 0
A93: 42 | B93: =資料儲存!D73 -> 0 | C93: =資料儲存!E73 -> 0 | D93: =資料儲存!F73 -> 0 | E93: =資料儲存!G73 -> 0 | F93: =資料儲存!H73 -> 0 | G93: =資料儲存!I73 -> 0 | H93: =資料儲存!J73 -> 0 | J93: 42 | K93: =資料儲存!D193 -> 0 | L93: =資料儲存!E193 -> 0 | M93: =資料儲存!F193 -> 0 | N93: =資料儲存!G193 -> 0 | O93: =資料儲存!H193 -> 0 | P93: =資料儲存!I193 -> 0 | Q93: =資料儲存!J193 -> 0 | S93: 42 | T93: =資料儲存!D313 -> 0 | U93: =資料儲存!E313 -> 0 | V93: =資料儲存!F313 -> 0 | W93: =資料儲存!G313 -> 0 | X93: =資料儲存!H313 -> 0 | Y93: =資料儲存!I313 -> 0 | Z93: =資料儲存!J313 -> 0 | AB93: 42 | AC93: =資料儲存!D433 -> 0 | AD93: =資料儲存!E433 -> 0 | AE93: =資料儲存!F433 -> 0 | AF93: =資料儲存!G433 -> 0 | AG93: =資料儲存!H433 -> 0 | AH93: =資料儲存!I433 -> 0 | AI93: =資料儲存!J433 -> 0
... A96: 45 | B96: =資料儲存!D76 -> 0 | C96: =資料儲存!E76 -> 0 | D96: =資料儲存!F76 -> 0 | E96: =資料儲存!G76 -> 0 | F96: =資料儲存!H76 -> 0 | G96: =資料儲存!I76 -> 0 | H96: =資料儲存!J76 -> 0 | J96: 45 | K96: =資料儲存!D196 -> 0 | L96: =資料儲存!E196 -> 0 | M96: =資料儲存!F196 -> 0 | N96: =資料儲存!G196 -> 0 | O96: =資料儲存!H196 -> 0 | P96: =資料儲存!I196 -> 0 | Q96: =資料儲存!J196 -> 0 | S96: 45 | T96: =資料儲存!D316 -> 0 | U96: =資料儲存!E316 -> 0 | V96: =資料儲存!F316 -> 0 | W96: =資料儲存!G316 -> 0 | X96: =資料儲存!H316 -> 0 | Y96: =資料儲存!I316 -> 0 | Z96: =資料儲存!J316 -> 0 | AB96: 45 | AC96: =資料儲存!D436 -> 0 | AD96: =資料儲存!E436 -> 0 | AE96: =資料儲存!F436 -> 0 | AF96: =資料儲存!G436 -> 0 | AG96: =資料儲存!H436 -> 0 | AH96: =資料儲存!I436 -> 0 | AI96: =資料儲存!J436 -> 0
A97: 總 計 | B97: =SUM(B82:E96) -> 0 | F97: =F96 -> 0 | G97: =G96 -> 0 | H97: =H96 -> 0 | J97: 總 計 | K97: =SUM(K82:N96) -> 0 | O97: =O96 -> 0 | P97: =P96 -> 0 | Q97: =Q96 -> 0 | S97: 總 計 | T97: =SUM(T82:W96) -> 0 | X97: =X96 -> 0 | Y97: =Y96 -> 0 | Z97: =Z96 -> 0 | AB97: 總 計 | AC97: =SUM(AC82:AF96) -> 0 | AG97: =AG96 -> 0 | AH97: =AH96 -> 0 | AI97: =AI96 -> 0
A98: 07:45~08:00 | J98: 07:45~08:00 | S98: 07:45~08:00 | AB98: 07:45~08:00
A99: 開始時刻 | B99: 停車在臨近車道上的車輛總數 | F99: 臨近車道上的流量 | J99: 開始時刻 | K99: 停車在臨近車道上的車輛總數 | O99: 臨近車道上的流量 | S99: 開始時刻 | T99: 停車在臨近車道上的車輛總數 | X99: 臨近車道上的流量 | AB99: 開始時刻 | AC99: 停車在臨近車道上的車輛總數 | AG99: 臨近車道上的流量
A100: 07:45 | B100: 0秒 | C100: 15秒 | D100: 30秒 | E100: 45秒 | F100: 總數 | G100: 未受阻 | H100: 受阻 | J100: 07:45 | K100: 0秒 | L100: 15秒 | M100: 30秒 | N100: 45秒 | O100: 總數 | P100: 未受阻 | Q100: 受阻 | S100: 07:45 | T100: 0秒 | U100: 15秒 | V100: 30秒 | W100: 45秒 | X100: 總數 | Y100: 未受阻 | Z100: 受阻 | AB100: 07:45 | AC100: 0秒 | AD100: 15秒 | AE100: 30秒 | AF100: 45秒 | AG100: 總數 | AH100: 未受阻 | AI100: 受阻
A101: 46 | B101: =資料儲存!D77 -> 0 | C101: =資料儲存!E77 -> 0 | D101: =資料儲存!F77 -> 0 | E101: =資料儲存!G77 -> 0 | F101: =資料儲存!H77 -> 0 | G101: =資料儲存!I77 -> 0 | H101: =資料儲存!J77 -> 0 | J101: 46 | K101: =資料儲存!D197 -> 0 | L101: =資料儲存!E197 -> 0 | M101: =資料儲存!F197 -> 0 | N101: =資料儲存!G197 -> 0 | O101: =資料儲存!H197 -> 0 | P101: =資料儲存!I197 -> 0 | Q101: =資料儲存!J197 -> 0 | S101: 46 | T101: =資料儲存!D317 -> 0 | U101: =資料儲存!E317 -> 0 | V101: =資料儲存!F317 -> 0 | W101: =資料儲存!G317 -> 0 | X101: =資料儲存!H317 -> 0 | Y101: =資料儲存!I317 -> 0 | Z101: =資料儲存!J317 -> 0 | AB101: 46 | AC101: =資料儲存!D437 -> 0 | AD101: =資料儲存!E437 -> 0 | AE101: =資料儲存!F437 -> 0 | AF101: =資料儲存!G437 -> 0 | AG101: =資料儲存!H437 -> 0 | AH101: =資料儲存!I437 -> 0 | AI101: =資料儲存!J437 -> 0
A102: 47 | B102: =資料儲存!D78 -> 0 | C102: =資料儲存!E78 -> 0 | D102: =資料儲存!F78 -> 0 | E102: =資料儲存!G78 -> 0 | F102: =資料儲存!H78 -> 0 | G102: =資料儲存!I78 -> 0 | H102: =資料儲存!J78 -> 0 | J102: 47 | K102: =資料儲存!D198 -> 0 | L102: =資料儲存!E198 -> 0 | M102: =資料儲存!F198 -> 0 | N102: =資料儲存!G198 -> 0 | O102: =資料儲存!H198 -> 0 | P102: =資料儲存!I198 -> 0 | Q102: =資料儲存!J198 -> 0 | S102: 47 | T102: =資料儲存!D318 -> 0 | U102: =資料儲存!E318 -> 0 | V102: =資料儲存!F318 -> 0 | W102: =資料儲存!G318 -> 0 | X102: =資料儲存!H318 -> 0 | Y102: =資料儲存!I318 -> 0 | Z102: =資料儲存!J318 -> 0 | AB102: 47 | AC102: =資料儲存!D438 -> 0 | AD102: =資料儲存!E438 -> 0 | AE102: =資料儲存!F438 -> 0 | AF102: =資料儲存!G438 -> 0 | AG102: =資料儲存!H438 -> 0 | AH102: =資料儲存!I438 -> 0 | AI102: =資料儲存!J438 -> 0
