Workbook
Name _PCU11: [1]基本!$B$35
Name _PCU12: [1]基本!$C$35
Name _PCU13: [1]基本!$D$35
Name _PCU14: [1]基本!$E$35
Name _PCU21: [1]基本!$F$35
Name _PCU22: [1]基本!$G$35
Name _PCU23: [1]基本!$H$35
Name _PCU31: [1]基本!$I$35
Name _PCU32: [1]基本!$J$35
Name _PCU33: [1]基本!$K$35
Name GAM: #REF!
Name GINFO: #REF!
Name GPM: #REF!
Name GRAPH: #REF!
Name HN: [1]集賢!$M$1
Name ROADNAME: [2]基本!$I$5,[2]基本!$G$9,[2]基本!$E$5,[2]基本!$G$1
Name TABLE: #REF!
Name 尖峰: #REF!
Name 夜間: #REF!
Name 時制A: #REF!,#REF!,#REF!,#REF!,#REF!
Name 時制B: #REF!,#REF!,#REF!,#REF!,#REF!
Name 假日: #REF!
Name 週五夜: #REF!
Name 離峰: #REF!

Sheet 轉向量
A1: 套用PCE | E1: 大車左轉 | F1: 大車直行 | G1: 大車右轉 | I1: 小車左轉 | J1: 小車直行 | K1: 小車右轉 | N1: 機車二段左轉 | O1: 機車左轉 | Q1: 機車直行 | S1: 機車右轉
E2: 2 | F2: 1.8 | G2: 2.7 | I2: 1.05 | J2: 1 | K2: 1.08 | N2: 0 | O2: 0.43 | Q2: 0.42 | S2: 0.45
A4: 臨近路段 | B4: 起始時間 | C4: 結束時間 | D4: 大車A | E4: 大車B | F4: 大車C | G4: 大車D | H4: 小車A | I4: 小車B | J4: 小車C | K4: 小車D | L4: 機車兩段A | M4: 機車A | N4: 機車兩段B | O4: 機車B | P4: 機車兩段C | Q4: 機車C | R4: 機車兩段D | S4: 機車D | V4: 大車(左) | W4: 大車(直) | X4: 大車(右) | Z4: 小車(左) | AA4: 小車(直) | AB4: 小車(右) | AD4: 機車(左) | AE4: 機車(直) | AF4: 機車(右) | AH4: 機車二段
A5: A | B5: 0 | C5: 0.010416667 | D5: - | E5: ='調查(集賢)'!D2+'調查(集賢)'!E2+'調查(集賢)'!F2+'調查(集賢)'!G2+'調查(集賢)'!H2+'調查(集賢)'!I2+'調查(集賢)'!AR2+'調查(集賢)'!AS2+'調查(集賢)'!AT2+'調查(集賢)'!AU2+'調查(集賢)'!AV2+'調查(集賢)'!AW2+'調查(集賢)'!CF2+'調查(集賢)'!CG2+'調查(集賢)'!CH2+'調查(集賢)'!CI2+'調查(集賢)'!CJ2+'調查(集賢)'!CK2+'調查(集賢)'!DS2+'調查(集賢)'!DT2+'調查(集賢)'!DU2+'調查(集賢)'!DV2+'調查(集賢)'!DW2+'調查(集賢)'!DX2 -> 0 | F5: ='調查(集賢)'!R2+'調查(集賢)'!S2+'調查(集賢)'!T2+'調查(集賢)'!U2+'調查(集賢)'!V2+'調查(集賢)'!W2+'調查(集賢)'!BF2+'調查(集賢)'!BG2+'調查(集賢)'!BH2+'調查(集賢)'!BI2+'調查(集賢)'!BJ2+'調查(集賢)'!BK2+'調查(集賢)'!CS2+'調查(集賢)'!CT2+'調查(集賢)'!CU2+'調查(集賢)'!CV2+'調查(集賢)'!CW2+'調查(集賢)'!CX2+'調查(集賢)'!EF2+'調查(集賢)'!EG2+'調查(集賢)'!EH2+'調查(集賢)'!EI2+'調查(集賢)'!EJ2+'調查(集賢)'!EK2 -> 0 | G5: ='調查(集賢)'!AE2+'調查(集賢)'!AF2+'調查(集賢)'!AG2+'調查(集賢)'!AH2+'調查(集賢)'!AI2+'調查(集賢)'!AJ2+'調查(集賢)'!BS2+'調查(集賢)'!BT2+'調查(集賢)'!BU2+'調查(集賢)'!BV2+'調查(集賢)'!BW2+'調查(集賢)'!BX2+'調查(集賢)'!DF2+'調查(集賢)'!DG2+'調查(集賢)'!DH2+'調查(集賢)'!DI2+'調查(集賢)'!DJ2+'調查(集賢)'!DK2+'調查(集賢)'!ES2+'調查(集賢)'!ET2+'調查(集賢)'!EU2+'調查(集賢)'!EV2+'調查(集賢)'!EW2+'調查(集賢)'!EX2 -> 0 | H5: - | I5: ='調查(集賢)'!J2+'調查(集賢)'!K2+'調查(集賢)'!L2+'調查(集賢)'!M2+'調查(集賢)'!AX2+'調查(集賢)'!AY2+'調查(集賢)'!AZ2+'調查(集賢)'!BA2+'調查(集賢)'!CL2+'調查(集賢)'!CM2+'調查(集賢)'!CN2+'調查(集賢)'!CO2+'調查(集賢)'!DY2+'調查(集賢)'!DZ2+'調查(集賢)'!EA2+'調查(集賢)'!EB2 -> 0 | J5: ='調查(集賢)'!X2+'調查(集賢)'!Y2+'調查(集賢)'!Z2+'調查(集賢)'!AA2+'調查(集賢)'!BL2+'調查(集賢)'!BM2+'調查(集賢)'!BN2+'調查(集賢)'!BO2+'調查(集賢)'!CY2+'調查(集賢)'!CZ2+'調查(集賢)'!DA2+'調查(集賢)'!DB2+'調查(集賢)'!EL2+'調查(集賢)'!EM2+'調查(集賢)'!EN2+'調查(集賢)'!EO2 -> 0 | K5: ='調查(集賢)'!AK2+'調查(集賢)'!AL2+'調查(集賢)'!AM2+'調查(集賢)'!AN2+'調查(集賢)'!BY2+'調查(集賢)'!BZ2+'調查(集賢)'!CA2+'調查(集賢)'!CB2+'調查(集賢)'!DL2+'調查(集賢)'!DM2+'調查(集賢)'!DN2+'調查(集賢)'!DO2+'調查(集賢)'!EY2+'調查(集賢)'!EZ2+'調查(集賢)'!FA2+'調查(集賢)'!FB2 -> 0 | L5: - | M5: - | N5: ='調查(集賢)'!Q2+'調查(集賢)'!BE2 -> 0 | O5: ='調查(集賢)'!N2+'調查(集賢)'!O2+'調查(集賢)'!P2+'調查(集賢)'!BB2+'調查(集賢)'!BC2+'調查(集賢)'!BD2+'調查(集賢)'!CP2+'調查(集賢)'!CQ2+'調查(集賢)'!CR2+'調查(集賢)'!EC2+'調查(集賢)'!ED2+'調查(集賢)'!EE2 -> 0 | P5: - | Q5: =IF(AE5>0,AE5-AH5-AH101,0) -> 0 | R5: - | S5: ='調查(集賢)'!AO2+'調查(集賢)'!AP2+'調查(集賢)'!AQ2+'調查(集賢)'!CC2+'調查(集賢)'!CD2+'調查(集賢)'!CE2+'調查(集賢)'!DP2+'調查(集賢)'!DQ2+'調查(集賢)'!DR2+'調查(集賢)'!FC2+'調查(集賢)'!FD2+'調查(集賢)'!FE2 -> 0 | V5: ='調查(集賢)'!D2+'調查(集賢)'!E2+'調查(集賢)'!F2+'調查(集賢)'!G2+'調查(集賢)'!H2+'調查(集賢)'!I2+'調查(集賢)'!AR2+'調查(集賢)'!AS2+'調查(集賢)'!AT2+'調查(集賢)'!AU2+'調查(集賢)'!AV2+'調查(集賢)'!AW2+'調查(集賢)'!CF2+'調查(集賢)'!CG2+'調查(集賢)'!CH2+'調查(集賢)'!CI2+'調查(集賢)'!CJ2+'調查(集賢)'!CK2+'調查(集賢)'!DS2+'調查(集賢)'!DT2+'調查(集賢)'!DU2+'調查(集賢)'!DV2+'調查(集賢)'!DW2+'調查(集賢)'!DX2 -> 0 | W5: ='調查(集賢)'!R2+'調查(集賢)'!S2+'調查(集賢)'!T2+'調查(集賢)'!U2+'調查(集賢)'!V2+'調查(集賢)'!W2+'調查(集賢)'!BF2+'調查(集賢)'!BG2+'調查(集賢)'!BH2+'調查(集賢)'!BI2+'調查(集賢)'!BJ2+'調查(集賢)'!BK2+'調查(集賢)'!CS2+'調查(集賢)'!CT2+'調查(集賢)'!CU2+'調查(集賢)'!CV2+'調查(集賢)'!CW2+'調查(集賢)'!CX2+'調查(集賢)'!EF2+'調查(集賢)'!EG2+'調查(集賢)'!EH2+'調查(集賢)'!EI2+'調查(集賢)'!EJ2+'調查(集賢)'!EK2 -> 0 | X5: ='調查(集賢)'!AE2+'調查(集賢)'!AF2+'調查(集賢)'!AG2+'調查(集賢)'!AH2+'調查(集賢)'!AI2+'調查(集賢)'!AJ2+'調查(集賢)'!BS2+'調查(集賢)'!BT2+'調查(集賢)'!BU2+'調查(集賢)'!BV2+'調查(集賢)'!BW2+'調查(集賢)'!BX2+'調查(集賢)'!DF2+'調查(集賢)'!DG2+'調查(集賢)'!DH2+'調查(集賢)'!DI2+'調查(集賢)'!DJ2+'調查(集賢)'!DK2+'調查(集賢)'!ES2+'調查(集賢)'!ET2+'調查(集賢)'!EU2+'調查(集賢)'!EV2+'調查(集賢)'!EW2+'調查(集賢)'!EX2 -> 0 | Z5: ='調查(集賢)'!J2+'調查(集賢)'!K2+'調查(集賢)'!L2+'調查(集賢)'!M2+'調查(集賢)'!AX2+'調查(集賢)'!AY2+'調查(集賢)'!AZ2+'調查(集賢)'!BA2+'調查(集賢)'!CL2+'調查(集賢)'!CM2+'調查(集賢)'!CN2+'調查(集賢)'!CO2+'調查(集賢)'!DY2+'調查(集賢)'!DZ2+'調查(集賢)'!EA2+'調查(集賢)'!EB2 -> 0 | AA5: ='調查(集賢)'!X2+'調查(集賢)'!Y2+'調查(集賢)'!Z2+'調查(集賢)'!AA2+'調查(集賢)'!BL2+'調查(集賢)'!BM2+'調查(集賢)'!BN2+'調查(集賢)'!BO2+'調查(集賢)'!CY2+'調查(集賢)'!CZ2+'調查(集賢)'!DA2+'調查(集賢)'!DB2+'調查(集賢)'!EL2+'調查(集賢)'!EM2+'調查(集賢)'!EN2+'調查(集賢)'!EO2 -> 0 | AB5: ='調查(集賢)'!AK2+'調查(集賢)'!AL2+'調查(集賢)'!AM2+'調查(集賢)'!AN2+'調查(集賢)'!BY2+'調查(集賢)'!BZ2+'調查(集賢)'!CA2+'調查(集賢)'!CB2+'調查(集賢)'!DL2+'調查(集賢)'!DM2+'調查(集賢)'!DN2+'調查(集賢)'!DO2+'調查(集賢)'!EY2+'調查(集賢)'!EZ2+'調查(集賢)'!FA2+'調查(集賢)'!FB2 -> 0 | AD5: ='調查(集賢)'!N2+'調查(集賢)'!O2+'調查(集賢)'!P2+'調查(集賢)'!BB2+'調查(集賢)'!BC2+'調查(集賢)'!BD2+'調查(集賢)'!CP2+'調查(集賢)'!CQ2+'調查(集賢)'!CR2+'調查(集賢)'!EC2+'調查(集賢)'!ED2+'調查(集賢)'!EE2 -> 0 | AE5: ='調查(集賢)'!AB2+'調查(集賢)'!AC2+'調查(集賢)'!AD2+'調查(集賢)'!BP2+'調查(集賢)'!BQ2+'調查(集賢)'!BR2+'調查(集賢)'!DC2+'調查(集賢)'!DD2+'調查(集賢)'!DE2+'調查(集賢)'!EP2+'調查(集賢)'!EQ2+'調查(集賢)'!ER2 -> 0 | AF5: ='調查(集賢)'!AO2+'調查(集賢)'!AP2+'調查(集賢)'!AQ2+'調查(集賢)'!CC2+'調查(集賢)'!CD2+'調查(集賢)'!CE2+'調查(集賢)'!DP2+'調查(集賢)'!DQ2+'調查(集賢)'!DR2+'調查(集賢)'!FC2+'調查(集賢)'!FD2+'調查(集賢)'!FE2 -> 0 | AH5: ='調查(集賢)'!Q2+'調查(集賢)'!BE2 -> 0
A6: A | B6: 0.010416667 | C6: 0.020833333 | D6: - | E6: ='調查(集賢)'!D3+'調查(集賢)'!E3+'調查(集賢)'!F3+'調查(集賢)'!G3+'調查(集賢)'!H3+'調查(集賢)'!I3+'調查(集賢)'!AR3+'調查(集賢)'!AS3+'調查(集賢)'!AT3+'調查(集賢)'!AU3+'調查(集賢)'!AV3+'調查(集賢)'!AW3+'調查(集賢)'!CF3+'調查(集賢)'!CG3+'調查(集賢)'!CH3+'調查(集賢)'!CI3+'調查(集賢)'!CJ3+'調查(集賢)'!CK3+'調查(集賢)'!DS3+'調查(集賢)'!DT3+'調查(集賢)'!DU3+'調查(集賢)'!DV3+'調查(集賢)'!DW3+'調查(集賢)'!DX3 -> 0 | F6: ='調查(集賢)'!R3+'調查(集賢)'!S3+'調查(集賢)'!T3+'調查(集賢)'!U3+'調查(集賢)'!V3+'調查(集賢)'!W3+'調查(集賢)'!BF3+'調查(集賢)'!BG3+'調查(集賢)'!BH3+'調查(集賢)'!BI3+'調查(集賢)'!BJ3+'調查(集賢)'!BK3+'調查(集賢)'!CS3+'調查(集賢)'!CT3+'調查(集賢)'!CU3+'調查(集賢)'!CV3+'調查(集賢)'!CW3+'調查(集賢)'!CX3+'調查(集賢)'!EF3+'調查(集賢)'!EG3+'調查(集賢)'!EH3+'調查(集賢)'!EI3+'調查(集賢)'!EJ3+'調查(集賢)'!EK3 -> 0 | G6: ='調查(集賢)'!AE3+'調查(集賢)'!AF3+'調查(集賢)'!AG3+'調查(集賢)'!AH3+'調查(集賢)'!AI3+'調查(集賢)'!AJ3+'調查(集賢)'!BS3+'調查(集賢)'!BT3+'調查(集賢)'!BU3+'調查(集賢)'!BV3+'調查(集賢)'!BW3+'調查(集賢)'!BX3+'調查(集賢)'!DF3+'調查(集賢)'!DG3+'調查(集賢)'!DH3+'調查(集賢)'!DI3+'調查(集賢)'!DJ3+'調查(集賢)'!DK3+'調查(集賢)'!ES3+'調查(集賢)'!ET3+'調查(集賢)'!EU3+'調查(集賢)'!EV3+'調查(集賢)'!EW3+'調查(集賢)'!EX3 -> 0 | H6: - | I6: ='調查(集賢)'!J3+'調查(集賢)'!K3+'調查(集賢)'!L3+'調查(集賢)'!M3+'調查(集賢)'!AX3+'調查(集賢)'!AY3+'調查(集賢)'!AZ3+'調查(集賢)'!BA3+'調查(集賢)'!CL3+'調查(集賢)'!CM3+'調查(集賢)'!CN3+'調查(集賢)'!CO3+'調查(集賢)'!DY3+'調查(集賢)'!DZ3+'調查(集賢)'!EA3+'調查(集賢)'!EB3 -> 0 | J6: ='調查(集賢)'!X3+'調查(集賢)'!Y3+'調查(集賢)'!Z3+'調查(集賢)'!AA3+'調查(集賢)'!BL3+'調查(集賢)'!BM3+'調查(集賢)'!BN3+'調查(集賢)'!BO3+'調查(集賢)'!CY3+'調查(集賢)'!CZ3+'調查(集賢)'!DA3+'調查(集賢)'!DB3+'調查(集賢)'!EL3+'調查(集賢)'!EM3+'調查(集賢)'!EN3+'調查(集賢)'!EO3 -> 0 | K6: ='調查(集賢)'!AK3+'調查(集賢)'!AL3+'調查(集賢)'!AM3+'調查(集賢)'!AN3+'調查(集賢)'!BY3+'調查(集賢)'!BZ3+'調查(集賢)'!CA3+'調查(集賢)'!CB3+'調查(集賢)'!DL3+'調查(集賢)'!DM3+'調查(集賢)'!DN3+'調查(集賢)'!DO3+'調查(集賢)'!EY3+'調查(集賢)'!EZ3+'調查(集賢)'!FA3+'調查(集賢)'!FB3 -> 0 | L6: - | M6: - | N6: ='調查(集賢)'!Q3+'調查(集賢)'!BE3 -> 0 | O6: ='調查(集賢)'!N3+'調查(集賢)'!O3+'調查(集賢)'!P3+'調查(集賢)'!BB3+'調查(集賢)'!BC3+'調查(集賢)'!BD3+'調查(集賢)'!CP3+'調查(集賢)'!CQ3+'調查(集賢)'!CR3+'調查(集賢)'!EC3+'調查(集賢)'!ED3+'調查(集賢)'!EE3 -> 0 | P6: - | Q6: =IF(AE6>0,AE6-AH6-AH102,0) -> 0 | R6: - | S6: ='調查(集賢)'!AO3+'調查(集賢)'!AP3+'調查(集賢)'!AQ3+'調查(集賢)'!CC3+'調查(集賢)'!CD3+'調查(集賢)'!CE3+'調查(集賢)'!DP3+'調查(集賢)'!DQ3+'調查(集賢)'!DR3+'調查(集賢)'!FC3+'調查(集賢)'!FD3+'調查(集賢)'!FE3 -> 0 | V6: ='調查(集賢)'!D3+'調查(集賢)'!E3+'調查(集賢)'!F3+'調查(集賢)'!G3+'調查(集賢)'!H3+'調查(集賢)'!I3+'調查(集賢)'!AR3+'調查(集賢)'!AS3+'調查(集賢)'!AT3+'調查(集賢)'!AU3+'調查(集賢)'!AV3+'調查(集賢)'!AW3+'調查(集賢)'!CF3+'調查(集賢)'!CG3+'調查(集賢)'!CH3+'調查(集賢)'!CI3+'調查(集賢)'!CJ3+'調查(集賢)'!CK3+'調查(集賢)'!DS3+'調查(集賢)'!DT3+'調查(集賢)'!DU3+'調查(集賢)'!DV3+'調查(集賢)'!DW3+'調查(集賢)'!DX3 -> 0 | W6: ='調查(集賢)'!R3+'調查(集賢)'!S3+'調查(集賢)'!T3+'調查(集賢)'!U3+'調查(集賢)'!V3+'調查(集賢)'!W3+'調查(集賢)'!BF3+'調查(集賢)'!BG3+'調查(集賢)'!BH3+'調查(集賢)'!BI3+'調查(集賢)'!BJ3+'調查(集賢)'!BK3+'調查(集賢)'!CS3+'調查(集賢)'!CT3+'調查(集賢)'!CU3+'調查(集賢)'!CV3+'調查(集賢)'!CW3+'調查(集賢)'!CX3+'調查(集賢)'!EF3+'調查(集賢)'!EG3+'調查(集賢)'!EH3+'調查(集賢)'!EI3+'調查(集賢)'!EJ3+'調查(集賢)'!EK3 -> 0 | X6: ='調查(集賢)'!AE3+'調查(集賢)'!AF3+'調查(集賢)'!AG3+'調查(集賢)'!AH3+'調查(集賢)'!AI3+'調查(集賢)'!AJ3+'調查(集賢)'!BS3+'調查(集賢)'!BT3+'調查(集賢)'!BU3+'調查(集賢)'!BV3+'調查(集賢)'!BW3+'調查(集賢)'!BX3+'調查(集賢)'!DF3+'調查(集賢)'!DG3+'調查(集賢)'!DH3+'調查(集賢)'!DI3+'調查(集賢)'!DJ3+'調查(集賢)'!DK3+'調查(集賢)'!ES3+'調查(集賢)'!ET3+'調查(集賢)'!EU3+'調查(集賢)'!EV3+'調查(集賢)'!EW3+'調查(集賢)'!EX3 -> 0 | Z6: ='調查(集賢)'!J3+'調查(集賢)'!K3+'調查(集賢)'!L3+'調查(集賢)'!M3+'調查(集賢)'!AX3+'調查(集賢)'!AY3+'調查(集賢)'!AZ3+'調查(集賢)'!BA3+'調查(集賢)'!CL3+'調查(集賢)'!CM3+'調查(集賢)'!CN3+'調查(集賢)'!CO3+'調查(集賢)'!DY3+'調查(集賢)'!DZ3+'調查(集賢)'!EA3+'調查(集賢)'!EB3 -> 0 | AA6: ='調查(集賢)'!X3+'調查(集賢)'!Y3+'調查(集賢)'!Z3+'調查(集賢)'!AA3+'調查(集賢)'!BL3+'調查(集賢)'!BM3+'調查(集賢)'!BN3+'調查(集賢)'!BO3+'調查(集賢)'!CY3+'調查(集賢)'!CZ3+'調查(集賢)'!DA3+'調查(集賢)'!DB3+'調查(集賢)'!EL3+'調查(集賢)'!EM3+'調查(集賢)'!EN3+'調查(集賢)'!EO3 -> 0 | AB6: ='調查(集賢)'!AK3+'調查(集賢)'!AL3+'調查(集賢)'!AM3+'調查(集賢)'!AN3+'調查(集賢)'!BY3+'調查(集賢)'!BZ3+'調查(集賢)'!CA3+'調查(集賢)'!CB3+'調查(集賢)'!DL3+'調查(集賢)'!DM3+'調查(集賢)'!DN3+'調查(集賢)'!DO3+'調查(集賢)'!EY3+'調查(集賢)'!EZ3+'調查(集賢)'!FA3+'調查(集賢)'!FB3 -> 0 | AD6: ='調查(集賢)'!N3+'調查(集賢)'!O3+'調查(集賢)'!P3+'調查(集賢)'!BB3+'調查(集賢)'!BC3+'調查(集賢)'!BD3+'調查(集賢)'!CP3+'調查(集賢)'!CQ3+'調查(集賢)'!CR3+'調查(集賢)'!EC3+'調查(集賢)'!ED3+'調查(集賢)'!EE3 -> 0 | AE6: ='調查(集賢)'!AB3+'調查(集賢)'!AC3+'調查(集賢)'!AD3+'調查(集賢)'!BP3+'調查(集賢)'!BQ3+'調查(集賢)'!BR3+'調查(集賢)'!DC3+'調查(集賢)'!DD3+'調查(集賢)'!DE3+'調查(集賢)'!EP3+'調查(集賢)'!EQ3+'調查(集賢)'!ER3 -> 0 | AF6: ='調查(集賢)'!AO3+'調查(集賢)'!AP3+'調查(集賢)'!AQ3+'調查(集賢)'!CC3+'調查(集賢)'!CD3+'調查(集賢)'!CE3+'調查(集賢)'!DP3+'調查(集賢)'!DQ3+'調查(集賢)'!DR3+'調查(集賢)'!FC3+'調查(集賢)'!FD3+'調查(集賢)'!FE3 -> 0 | AH6: ='調查(集賢)'!Q3+'調查(集賢)'!BE3 -> 0
A7: A | B7: 0.020833333 | C7: 0.03125 | D7: - | E7: ='調查(集賢)'!D4+'調查(集賢)'!E4+'調查(集賢)'!F4+'調查(集賢)'!G4+'調查(集賢)'!H4+'調查(集賢)'!I4+'調查(集賢)'!AR4+'調查(集賢)'!AS4+'調查(集賢)'!AT4+'調查(集賢)'!AU4+'調查(集賢)'!AV4+'調查(集賢)'!AW4+'調查(集賢)'!CF4+'調查(集賢)'!CG4+'調查(集賢)'!CH4+'調查(集賢)'!CI4+'調查(集賢)'!CJ4+'調查(集賢)'!CK4+'調查(集賢)'!DS4+'調查(集賢)'!DT4+'調查(集賢)'!DU4+'調查(集賢)'!DV4+'調查(集賢)'!DW4+'調查(集賢)'!DX4 -> 0 | F7: ='調查(集賢)'!R4+'調查(集賢)'!S4+'調查(集賢)'!T4+'調查(集賢)'!U4+'調查(集賢)'!V4+'調查(集賢)'!W4+'調查(集賢)'!BF4+'調查(集賢)'!BG4+'調查(集賢)'!BH4+'調查(集賢)'!BI4+'調查(集賢)'!BJ4+'調查(集賢)'!BK4+'調查(集賢)'!CS4+'調查(集賢)'!CT4+'調查(集賢)'!CU4+'調查(集賢)'!CV4+'調查(集賢)'!CW4+'調查(集賢)'!CX4+'調查(集賢)'!EF4+'調查(集賢)'!EG4+'調查(集賢)'!EH4+'調查(集賢)'!EI4+'調查(集賢)'!EJ4+'調查(集賢)'!EK4 -> 0 | G7: ='調查(集賢)'!AE4+'調查(集賢)'!AF4+'調查(集賢)'!AG4+'調查(集賢)'!AH4+'調查(集賢)'!AI4+'調查(集賢)'!AJ4+'調查(集賢)'!BS4+'調查(集賢)'!BT4+'調查(集賢)'!BU4+'調查(集賢)'!BV4+'調查(集賢)'!BW4+'調查(集賢)'!BX4+'調查(集賢)'!DF4+'調查(集賢)'!DG4+'調查(集賢)'!DH4+'調查(集賢)'!DI4+'調查(集賢)'!DJ4+'調查(集賢)'!DK4+'調查(集賢)'!ES4+'調查(集賢)'!ET4+'調查(集賢)'!EU4+'調查(集賢)'!EV4+'調查(集賢)'!EW4+'調查(集賢)'!EX4 -> 0 | H7: - | I7: ='調查(集賢)'!J4+'調查(集賢)'!K4+'調查(集賢)'!L4+'調查(集賢)'!M4+'調查(集賢)'!AX4+'調查(集賢)'!AY4+'調查(集賢)'!AZ4+'調查(集賢)'!BA4+'調查(集賢)'!CL4+'調查(集賢)'!CM4+'調查(集賢)'!CN4+'調查(集賢)'!CO4+'調查(集賢)'!DY4+'調查(集賢)'!DZ4+'調查(集賢)'!EA4+'調查(集賢)'!EB4 -> 0 | J7: ='調查(集賢)'!X4+'調查(集賢)'!Y4+'調查(集賢)'!Z4+'調查(集賢)'!AA4+'調查(集賢)'!BL4+'調查(集賢)'!BM4+'調查(集賢)'!BN4+'調查(集賢)'!BO4+'調查(集賢)'!CY4+'調查(集賢)'!CZ4+'調查(集賢)'!DA4+'調查(集賢)'!DB4+'調查(集賢)'!EL4+'調查(集賢)'!EM4+'調查(集賢)'!EN4+'調查(集賢)'!EO4 -> 0 | K7: ='調查(集賢)'!AK4+'調查(集賢)'!AL4+'調查(集賢)'!AM4+'調查(集賢)'!AN4+'調查(集賢)'!BY4+'調查(集賢)'!BZ4+'調查(集賢)'!CA4+'調查(集賢)'!CB4+'調查(集賢)'!DL4+'調查(集賢)'!DM4+'調查(集賢)'!DN4+'調查(集賢)'!DO4+'調查(集賢)'!EY4+'調查(集賢)'!EZ4+'調查(集賢)'!FA4+'調查(集賢)'!FB4 -> 0 | L7: - | M7: - | N7: ='調查(集賢)'!Q4+'調查(集賢)'!BE4 -> 0 | O7: ='調查(集賢)'!N4+'調查(集賢)'!O4+'調查(集賢)'!P4+'調查(集賢)'!BB4+'調查(集賢)'!BC4+'調查(集賢)'!BD4+'調查(集賢)'!CP4+'調查(集賢)'!CQ4+'調查(集賢)'!CR4+'調查(集賢)'!EC4+'調查(集賢)'!ED4+'調查(集賢)'!EE4 -> 0 | P7: - | Q7: =IF(AE7>0,AE7-AH7-AH103,0) -> 0 | R7: - | S7: ='調查(集賢)'!AO4+'調查(集賢)'!AP4+'調查(集賢)'!AQ4+'調查(集賢)'!CC4+'調查(集賢)'!CD4+'調查(集賢)'!CE4+'調查(集賢)'!DP4+'調查(集賢)'!DQ4+'調查(集賢)'!DR4+'調查(集賢)'!FC4+'調查(集賢)'!FD4+'調查(集賢)'!FE4 -> 0 | V7: ='調查(集賢)'!D4+'調查(集賢)'!E4+'調查(集賢)'!F4+'調查(集賢)'!G4+'調查(集賢)'!H4+'調查(集賢)'!I4+'調查(集賢)'!AR4+'調查(集賢)'!AS4+'調查(集賢)'!AT4+'調查(集賢)'!AU4+'調查(集賢)'!AV4+'調查(集賢)'!AW4+'調查(集賢)'!CF4+'調查(集賢)'!CG4+'調查(集賢)'!CH4+'調查(集賢)'!CI4+'調查(集賢)'!CJ4+'調查(集賢)'!CK4+'調查(集賢)'!DS4+'調查(集賢)'!DT4+'調查(集賢)'!DU4+'調查(集賢)'!DV4+'調查(集賢)'!DW4+'調查(集賢)'!DX4 -> 0 | W7: ='調查(集賢)'!R4+'調查(集賢)'!S4+'調查(集賢)'!T4+'調查(集賢)'!U4+'調查(集賢)'!V4+'調查(集賢)'!W4+'調查(集賢)'!BF4+'調查(集賢)'!BG4+'調查(集賢)'!BH4+'調查(集賢)'!BI4+'調查(集賢)'!BJ4+'調查(集賢)'!BK4+'調查(集賢)'!CS4+'調查(集賢)'!CT4+'調查(集賢)'!CU4+'調查(集賢)'!CV4+'調查(集賢)'!CW4+'調查(集賢)'!CX4+'調查(集賢)'!EF4+'調查(集賢)'!EG4+'調查(集賢)'!EH4+'調查(集賢)'!EI4+'調查(集賢)'!EJ4+'調查(集賢)'!EK4 -> 0 | X7: ='調查(集賢)'!AE4+'調查(集賢)'!AF4+'調查(集賢)'!AG4+'調查(集賢)'!AH4+'調查(集賢)'!AI4+'調查(集賢)'!AJ4+'調查(集賢)'!BS4+'調查(集賢)'!BT4+'調查(集賢)'!BU4+'調查(集賢)'!BV4+'調查(集賢)'!BW4+'調查(集賢)'!BX4+'調查(集賢)'!DF4+'調查(集賢)'!DG4+'調查(集賢)'!DH4+'調查(集賢)'!DI4+'調查(集賢)'!DJ4+'調查(集賢)'!DK4+'調查(集賢)'!ES4+'調查(集賢)'!ET4+'調查(集賢)'!EU4+'調查(集賢)'!EV4+'調查(集賢)'!EW4+'調查(集賢)'!EX4 -> 0 | Z7: ='調查(集賢)'!J4+'調查(集賢)'!K4+'調查(集賢)'!L4+'調查(集賢)'!M4+'調查(集賢)'!AX4+'調查(集賢)'!AY4+'調查(集賢)'!AZ4+'調查(集賢)'!BA4+'調查(集賢)'!CL4+'調查(集賢)'!CM4+'調查(集賢)'!CN4+'調查(集賢)'!CO4+'調查(集賢)'!DY4+'調查(集賢)'!DZ4+'調查(集賢)'!EA4+'調查(集賢)'!EB4 -> 0 | AA7: ='調查(集賢)'!X4+'調查(集賢)'!Y4+'調查(集賢)'!Z4+'調查(集賢)'!AA4+'調查(集賢)'!BL4+'調查(集賢)'!BM4+'調查(集賢)'!BN4+'調查(集賢)'!BO4+'調查(集賢)'!CY4+'調查(集賢)'!CZ4+'調查(集賢)'!DA4+'調查(集賢)'!DB4+'調查(集賢)'!EL4+'調查(集賢)'!EM4+'調查(集賢)'!EN4+'調查(集賢)'!EO4 -> 0 | AB7: ='調查(集賢)'!AK4+'調查(集賢)'!AL4+'調查(集賢)'!AM4+'調查(集賢)'!AN4+'調查(集賢)'!BY4+'調查(集賢)'!BZ4+'調查(集賢)'!CA4+'調查(集賢)'!CB4+'調查(集賢)'!DL4+'調查(集賢)'!DM4+'調查(集賢)'!DN4+'調查(集賢)'!DO4+'調查(集賢)'!EY4+'調查(集賢)'!EZ4+'調查(集賢)'!FA4+'調查(集賢)'!FB4 -> 0 | AD7: ='調查(集賢)'!N4+'調查(集賢)'!O4+'調查(集賢)'!P4+'調查(集賢)'!BB4+'調查(集賢)'!BC4+'調查(集賢)'!BD4+'調查(集賢)'!CP4+'調查(集賢)'!CQ4+'調查(集賢)'!CR4+'調查(集賢)'!EC4+'調查(集賢)'!ED4+'調查(集賢)'!EE4 -> 0 | AE7: ='調查(集賢)'!AB4+'調查(集賢)'!AC4+'調查(集賢)'!AD4+'調查(集賢)'!BP4+'調查(集賢)'!BQ4+'調查(集賢)'!BR4+'調查(集賢)'!DC4+'調查(集賢)'!DD4+'調查(集賢)'!DE4+'調查(集賢)'!EP4+'調查(集賢)'!EQ4+'調查(集賢)'!ER4 -> 0 | AF7: ='調查(集賢)'!AO4+'調查(集賢)'!AP4+'調查(集賢)'!AQ4+'調查(集賢)'!CC4+'調查(集賢)'!CD4+'調查(集賢)'!CE4+'調查(集賢)'!DP4+'調查(集賢)'!DQ4+'調查(集賢)'!DR4+'調查(集賢)'!FC4+'調查(集賢)'!FD4+'調查(集賢)'!FE4 -> 0 | AH7: ='調查(集賢)'!Q4+'調查(集賢)'!BE4 -> 0
A8: A | B8: 0.03125 | C8: 0.041666667 | D8: - | E8: ='調查(集賢)'!D5+'調查(集賢)'!E5+'調查(集賢)'!F5+'調查(集賢)'!G5+'調查(集賢)'!H5+'調查(集賢)'!I5+'調查(集賢)'!AR5+'調查(集賢)'!AS5+'調查(集賢)'!AT5+'調查(集賢)'!AU5+'調查(集賢)'!AV5+'調查(集賢)'!AW5+'調查(集賢)'!CF5+'調查(集賢)'!CG5+'調查(集賢)'!CH5+'調查(集賢)'!CI5+'調查(集賢)'!CJ5+'調查(集賢)'!CK5+'調查(集賢)'!DS5+'調查(集賢)'!DT5+'調查(集賢)'!DU5+'調查(集賢)'!DV5+'調查(集賢)'!DW5+'調查(集賢)'!DX5 -> 0 | F8: ='調查(集賢)'!R5+'調查(集賢)'!S5+'調查(集賢)'!T5+'調查(集賢)'!U5+'調查(集賢)'!V5+'調查(集賢)'!W5+'調查(集賢)'!BF5+'調查(集賢)'!BG5+'調查(集賢)'!BH5+'調查(集賢)'!BI5+'調查(集賢)'!BJ5+'調查(集賢)'!BK5+'調查(集賢)'!CS5+'調查(集賢)'!CT5+'調查(集賢)'!CU5+'調查(集賢)'!CV5+'調查(集賢)'!CW5+'調查(集賢)'!CX5+'調查(集賢)'!EF5+'調查(集賢)'!EG5+'調查(集賢)'!EH5+'調查(集賢)'!EI5+'調查(集賢)'!EJ5+'調查(集賢)'!EK5 -> 0 | G8: ='調查(集賢)'!AE5+'調查(集賢)'!AF5+'調查(集賢)'!AG5+'調查(集賢)'!AH5+'調查(集賢)'!AI5+'調查(集賢)'!AJ5+'調查(集賢)'!BS5+'調查(集賢)'!BT5+'調查(集賢)'!BU5+'調查(集賢)'!BV5+'調查(集賢)'!BW5+'調查(集賢)'!BX5+'調查(集賢)'!DF5+'調查(集賢)'!DG5+'調查(集賢)'!DH5+'調查(集賢)'!DI5+'調查(集賢)'!DJ5+'調查(集賢)'!DK5+'調查(集賢)'!ES5+'調查(集賢)'!ET5+'調查(集賢)'!EU5+'調查(集賢)'!EV5+'調查(集賢)'!EW5+'調查(集賢)'!EX5 -> 0 | H8: - | I8: ='調查(集賢)'!J5+'調查(集賢)'!K5+'調查(集賢)'!L5+'調查(集賢)'!M5+'調查(集賢)'!AX5+'調查(集賢)'!AY5+'調查(集賢)'!AZ5+'調查(集賢)'!BA5+'調查(集賢)'!CL5+'調查(集賢)'!CM5+'調查(集賢)'!CN5+'調查(集賢)'!CO5+'調查(集賢)'!DY5+'調查(集賢)'!DZ5+'調查(集賢)'!EA5+'調查(集賢)'!EB5 -> 0 | J8: ='調查(集賢)'!X5+'調查(集賢)'!Y5+'調查(集賢)'!Z5+'調查(集賢)'!AA5+'調查(集賢)'!BL5+'調查(集賢)'!BM5+'調查(集賢)'!BN5+'調查(集賢)'!BO5+'調查(集賢)'!CY5+'調查(集賢)'!CZ5+'調查(集賢)'!DA5+'調查(集賢)'!DB5+'調查(集賢)'!EL5+'調查(集賢)'!EM5+'調查(集賢)'!EN5+'調查(集賢)'!EO5 -> 0 | K8: ='調查(集賢)'!AK5+'調查(集賢)'!AL5+'調查(集賢)'!AM5+'調查(集賢)'!AN5+'調查(集賢)'!BY5+'調查(集賢)'!BZ5+'調查(集賢)'!CA5+'調查(集賢)'!CB5+'調查(集賢)'!DL5+'調查(集賢)'!DM5+'調查(集賢)'!DN5+'調查(集賢)'!DO5+'調查(集賢)'!EY5+'調查(集賢)'!EZ5+'調查(集賢)'!FA5+'調查(集賢)'!FB5 -> 0 | L8: - | M8: - | N8: ='調查(集賢)'!Q5+'調查(集賢)'!BE5 -> 0 | O8: ='調查(集賢)'!N5+'調查(集賢)'!O5+'調查(集賢)'!P5+'調查(集賢)'!BB5+'調查(集賢)'!BC5+'調查(集賢)'!BD5+'調查(集賢)'!CP5+'調查(集賢)'!CQ5+'調查(集賢)'!CR5+'調查(集賢)'!EC5+'調查(集賢)'!ED5+'調查(集賢)'!EE5 -> 0 | P8: - | Q8: =IF(AE8>0,AE8-AH8-AH104,0) -> 0 | R8: - | S8: ='調查(集賢)'!AO5+'調查(集賢)'!AP5+'調查(集賢)'!AQ5+'調查(集賢)'!CC5+'調查(集賢)'!CD5+'調查(集賢)'!CE5+'調查(集賢)'!DP5+'調查(集賢)'!DQ5+'調查(集賢)'!DR5+'調查(集賢)'!FC5+'調查(集賢)'!FD5+'調查(集賢)'!FE5 -> 0 | V8: ='調查(集賢)'!D5+'調查(集賢)'!E5+'調查(集賢)'!F5+'調查(集賢)'!G5+'調查(集賢)'!H5+'調查(集賢)'!I5+'調查(集賢)'!AR5+'調查(集賢)'!AS5+'調查(集賢)'!AT5+'調查(集賢)'!AU5+'調查(集賢)'!AV5+'調查(集賢)'!AW5+'調查(集賢)'!CF5+'調查(集賢)'!CG5+'調查(集賢)'!CH5+'調查(集賢)'!CI5+'調查(集賢)'!CJ5+'調查(集賢)'!CK5+'調查(集賢)'!DS5+'調查(集賢)'!DT5+'調查(集賢)'!DU5+'調查(集賢)'!DV5+'調查(集賢)'!DW5+'調查(集賢)'!DX5 -> 0 | W8: ='調查(集賢)'!R5+'調查(集賢)'!S5+'調查(集賢)'!T5+'調查(集賢)'!U5+'調查(集賢)'!V5+'調查(集賢)'!W5+'調查(集賢)'!BF5+'調查(集賢)'!BG5+'調查(集賢)'!BH5+'調查(集賢)'!BI5+'調查(集賢)'!BJ5+'調查(集賢)'!BK5+'調查(集賢)'!CS5+'調查(集賢)'!CT5+'調查(集賢)'!CU5+'調查(集賢)'!CV5+'調查(集賢)'!CW5+'調查(集賢)'!CX5+'調查(集賢)'!EF5+'調查(集賢)'!EG5+'調查(集賢)'!EH5+'調查(集賢)'!EI5+'調查(集賢)'!EJ5+'調查(集賢)'!EK5 -> 0 | X8: ='調查(集賢)'!AE5+'調查(集賢)'!AF5+'調查(集賢)'!AG5+'調查(集賢)'!AH5+'調查(集賢)'!AI5+'調查(集賢)'!AJ5+'調查(集賢)'!BS5+'調查(集賢)'!BT5+'調查(集賢)'!BU5+'調查(集賢)'!BV5+'調查(集賢)'!BW5+'調查(集賢)'!BX5+'調查(集賢)'!DF5+'調查(集賢)'!DG5+'調查(集賢)'!DH5+'調查(集賢)'!DI5+'調查(集賢)'!DJ5+'調查(集賢)'!DK5+'調查(集賢)'!ES5+'調查(集賢)'!ET5+'調查(集賢)'!EU5+'調查(集賢)'!EV5+'調查(集賢)'!EW5+'調查(集賢)'!EX5 -> 0 | Z8: ='調查(集賢)'!J5+'調查(集賢)'!K5+'調查(集賢)'!L5+'調查(集賢)'!M5+'調查(集賢)'!AX5+'調查(集賢)'!AY5+'調查(集賢)'!AZ5+'調查(集賢)'!BA5+'調查(集賢)'!CL5+'調查(集賢)'!CM5+'調查(集賢)'!CN5+'調查(集賢)'!CO5+'調查(集賢)'!DY5+'調查(集賢)'!DZ5+'調查(集賢)'!EA5+'調查(集賢)'!EB5 -> 0 | AA8: ='調查(集賢)'!X5+'調查(集賢)'!Y5+'調查(集賢)'!Z5+'調查(集賢)'!AA5+'調查(集賢)'!BL5+'調查(集賢)'!BM5+'調查(集賢)'!BN5+'調查(集賢)'!BO5+'調查(集賢)'!CY5+'調查(集賢)'!CZ5+'調查(集賢)'!DA5+'調查(集賢)'!DB5+'調查(集賢)'!EL5+'調查(集賢)'!EM5+'調查(集賢)'!EN5+'調查(集賢)'!EO5 -> 0 | AB8: ='調查(集賢)'!AK5+'調查(集賢)'!AL5+'調查(集賢)'!AM5+'調查(集賢)'!AN5+'調查(集賢)'!BY5+'調查(集賢)'!BZ5+'調查(集賢)'!CA5+'調查(集賢)'!CB5+'調查(集賢)'!DL5+'調查(集賢)'!DM5+'調查(集賢)'!DN5+'調查(集賢)'!DO5+'調查(集賢)'!EY5+'調查(集賢)'!EZ5+'調查(集賢)'!FA5+'調查(集賢)'!FB5 -> 0 | AD8: ='調查(集賢)'!N5+'調查(集賢)'!O5+'調查(集賢)'!P5+'調查(集賢)'!BB5+'調查(集賢)'!BC5+'調查(集賢)'!BD5+'調查(集賢)'!CP5+'調查(集賢)'!CQ5+'調查(集賢)'!CR5+'調查(集賢)'!EC5+'調查(集賢)'!ED5+'調查(集賢)'!EE5 -> 0 | AE8: ='調查(集賢)'!AB5+'調查(集賢)'!AC5+'調查(集賢)'!AD5+'調查(集賢)'!BP5+'調查(集賢)'!BQ5+'調查(集賢)'!BR5+'調查(集賢)'!DC5+'調查(集賢)'!DD5+'調查(集賢)'!DE5+'調查(集賢)'!EP5+'調查(集賢)'!EQ5+'調查(集賢)'!ER5 -> 0 | AF8: ='調查(集賢)'!AO5+'調查(集賢)'!AP5+'調查(集賢)'!AQ5+'調查(集賢)'!CC5+'調查(集賢)'!CD5+'調查(集賢)'!CE5+'調查(集賢)'!DP5+'調查(集賢)'!DQ5+'調查(集賢)'!DR5+'調查(集賢)'!FC5+'調查(集賢)'!FD5+'調查(集賢)'!FE5 -> 0 | AH8: ='調查(集賢)'!Q5+'調查(集賢)'!BE5 -> 0
A9: A | B9: 0.041666667 | C9: 0.052083333 | D9: - | E9: ='調查(集賢)'!D6+'調查(集賢)'!E6+'調查(集賢)'!F6+'調查(集賢)'!G6+'調查(集賢)'!H6+'調查(集賢)'!I6+'調查(集賢)'!AR6+'調查(集賢)'!AS6+'調查(集賢)'!AT6+'調查(集賢)'!AU6+'調查(集賢)'!AV6+'調查(集賢)'!AW6+'調查(集賢)'!CF6+'調查(集賢)'!CG6+'調查(集賢)'!CH6+'調查(集賢)'!CI6+'調查(集賢)'!CJ6+'調查(集賢)'!CK6+'調查(集賢)'!DS6+'調查(集賢)'!DT6+'調查(集賢)'!DU6+'調查(集賢)'!DV6+'調查(集賢)'!DW6+'調查(集賢)'!DX6 -> 0 | F9: ='調查(集賢)'!R6+'調查(集賢)'!S6+'調查(集賢)'!T6+'調查(集賢)'!U6+'調查(集賢)'!V6+'調查(集賢)'!W6+'調查(集賢)'!BF6+'調查(集賢)'!BG6+'調查(集賢)'!BH6+'調查(集賢)'!BI6+'調查(集賢)'!BJ6+'調查(集賢)'!BK6+'調查(集賢)'!CS6+'調查(集賢)'!CT6+'調查(集賢)'!CU6+'調查(集賢)'!CV6+'調查(集賢)'!CW6+'調查(集賢)'!CX6+'調查(集賢)'!EF6+'調查(集賢)'!EG6+'調查(集賢)'!EH6+'調查(集賢)'!EI6+'調查(集賢)'!EJ6+'調查(集賢)'!EK6 -> 0 | G9: ='調查(集賢)'!AE6+'調查(集賢)'!AF6+'調查(集賢)'!AG6+'調查(集賢)'!AH6+'調查(集賢)'!AI6+'調查(集賢)'!AJ6+'調查(集賢)'!BS6+'調查(集賢)'!BT6+'調查(集賢)'!BU6+'調查(集賢)'!BV6+'調查(集賢)'!BW6+'調查(集賢)'!BX6+'調查(集賢)'!DF6+'調查(集賢)'!DG6+'調查(集賢)'!DH6+'調查(集賢)'!DI6+'調查(集賢)'!DJ6+'調查(集賢)'!DK6+'調查(集賢)'!ES6+'調查(集賢)'!ET6+'調查(集賢)'!EU6+'調查(集賢)'!EV6+'調查(集賢)'!EW6+'調查(集賢)'!EX6 -> 0 | H9: - | I9: ='調查(集賢)'!J6+'調查(集賢)'!K6+'調查(集賢)'!L6+'調查(集賢)'!M6+'調查(集賢)'!AX6+'調查(集賢)'!AY6+'調查(集賢)'!AZ6+'調查(集賢)'!BA6+'調查(集賢)'!CL6+'調查(集賢)'!CM6+'調查(集賢)'!CN6+'調查(集賢)'!CO6+'調查(集賢)'!DY6+'調查(集賢)'!DZ6+'調查(集賢)'!EA6+'調查(集賢)'!EB6 -> 0 | J9: ='調查(集賢)'!X6+'調查(集賢)'!Y6+'調查(集賢)'!Z6+'調查(集賢)'!AA6+'調查(集賢)'!BL6+'調查(集賢)'!BM6+'調查(集賢)'!BN6+'調查(集賢)'!BO6+'調查(集賢)'!CY6+'調查(集賢)'!CZ6+'調查(集賢)'!DA6+'調查(集賢)'!DB6+'調查(集賢)'!EL6+'調查(集賢)'!EM6+'調查(集賢)'!EN6+'調查(集賢)'!EO6 -> 0 | K9: ='調查(集賢)'!AK6+'調查(集賢)'!AL6+'調查(集賢)'!AM6+'調查(集賢)'!AN6+'調查(集賢)'!BY6+'調查(集賢)'!BZ6+'調查(集賢)'!CA6+'調查(集賢)'!CB6+'調查(集賢)'!DL6+'調查(集賢)'!DM6+'調查(集賢)'!DN6+'調查(集賢)'!DO6+'調查(集賢)'!EY6+'調查(集賢)'!EZ6+'調查(集賢)'!FA6+'調查(集賢)'!FB6 -> 0 | L9: - | M9: - | N9: ='調查(集賢)'!Q6+'調查(集賢)'!BE6 -> 0 | O9: ='調查(集賢)'!N6+'調查(集賢)'!O6+'調查(集賢)'!P6+'調查(集賢)'!BB6+'調查(集賢)'!BC6+'調查(集賢)'!BD6+'調查(集賢)'!CP6+'調查(集賢)'!CQ6+'調查(集賢)'!CR6+'調查(集賢)'!EC6+'調查(集賢)'!ED6+'調查(集賢)'!EE6 -> 0 | P9: - | Q9: =IF(AE9>0,AE9-AH9-AH105,0) -> 0 | R9: - | S9: ='調查(集賢)'!AO6+'調查(集賢)'!AP6+'調查(集賢)'!AQ6+'調查(集賢)'!CC6+'調查(集賢)'!CD6+'調查(集賢)'!CE6+'調查(集賢)'!DP6+'調查(集賢)'!DQ6+'調查(集賢)'!DR6+'調查(集賢)'!FC6+'調查(集賢)'!FD6+'調查(集賢)'!FE6 -> 0 | V9: ='調查(集賢)'!D6+'調查(集賢)'!E6+'調查(集賢)'!F6+'調查(集賢)'!G6+'調查(集賢)'!H6+'調查(集賢)'!I6+'調查(集賢)'!AR6+'調查(集賢)'!AS6+'調查(集賢)'!AT6+'調查(集賢)'!AU6+'調查(集賢)'!AV6+'調查(集賢)'!AW6+'調查(集賢)'!CF6+'調查(集賢)'!CG6+'調查(集賢)'!CH6+'調查(集賢)'!CI6+'調查(集賢)'!CJ6+'調查(集賢)'!CK6+'調查(集賢)'!DS6+'調查(集賢)'!DT6+'調查(集賢)'!DU6+'調查(集賢)'!DV6+'調查(集賢)'!DW6+'調查(集賢)'!DX6 -> 0 | W9: ='調查(集賢)'!R6+'調查(集賢)'!S6+'調查(集賢)'!T6+'調查(集賢)'!U6+'調查(集賢)'!V6+'調查(集賢)'!W6+'調查(集賢)'!BF6+'調查(集賢)'!BG6+'調查(集賢)'!BH6+'調查(集賢)'!BI6+'調查(集賢)'!BJ6+'調查(集賢)'!BK6+'調查(集賢)'!CS6+'調查(集賢)'!CT6+'調查(集賢)'!CU6+'調查(集賢)'!CV6+'調查(集賢)'!CW6+'調查(集賢)'!CX6+'調查(集賢)'!EF6+'調查(集賢)'!EG6+'調查(集賢)'!EH6+'調查(集賢)'!EI6+'調查(集賢)'!EJ6+'調查(集賢)'!EK6 -> 0 | X9: ='調查(集賢)'!AE6+'調查(集賢)'!AF6+'調查(集賢)'!AG6+'調查(集賢)'!AH6+'調查(集賢)'!AI6+'調查(集賢)'!AJ6+'調查(集賢)'!BS6+'調查(集賢)'!BT6+'調查(集賢)'!BU6+'調查(集賢)'!BV6+'調查(集賢)'!BW6+'調查(集賢)'!BX6+'調查(集賢)'!DF6+'調查(集賢)'!DG6+'調查(集賢)'!DH6+'調查(集賢)'!DI6+'調查(集賢)'!DJ6+'調查(集賢)'!DK6+'調查(集賢)'!ES6+'調查(集賢)'!ET6+'調查(集賢)'!EU6+'調查(集賢)'!EV6+'調查(集賢)'!EW6+'調查(集賢)'!EX6 -> 0 | Z9: ='調查(集賢)'!J6+'調查(集賢)'!K6+'調查(集賢)'!L6+'調查(集賢)'!M6+'調查(集賢)'!AX6+'調查(集賢)'!AY6+'調查(集賢)'!AZ6+'調查(集賢)'!BA6+'調查(集賢)'!CL6+'調查(集賢)'!CM6+'調查(集賢)'!CN6+'調查(集賢)'!CO6+'調查(集賢)'!DY6+'調查(集賢)'!DZ6+'調查(集賢)'!EA6+'調查(集賢)'!EB6 -> 0 | AA9: ='調查(集賢)'!X6+'調查(集賢)'!Y6+'調查(集賢)'!Z6+'調查(集賢)'!AA6+'調查(集賢)'!BL6+'調查(集賢)'!BM6+'調查(集賢)'!BN6+'調查(集賢)'!BO6+'調查(集賢)'!CY6+'調查(集賢)'!CZ6+'調查(集賢)'!DA6+'調查(集賢)'!DB6+'調查(集賢)'!EL6+'調查(集賢)'!EM6+'調查(集賢)'!EN6+'調查(集賢)'!EO6 -> 0 | AB9: ='調查(集賢)'!AK6+'調查(集賢)'!AL6+'調查(集賢)'!AM6+'調查(集賢)'!AN6+'調查(集賢)'!BY6+'調查(集賢)'!BZ6+'調查(集賢)'!CA6+'調查(集賢)'!CB6+'調查(集賢)'!DL6+'調查(集賢)'!DM6+'調查(集賢)'!DN6+'調查(集賢)'!DO6+'調查(集賢)'!EY6+'調查(集賢)'!EZ6+'調查(集賢)'!FA6+'調查(集賢)'!FB6 -> 0 | AD9: ='調查(集賢)'!N6+'調查(集賢)'!O6+'調查(集賢)'!P6+'調查(集賢)'!BB6+'調查(集賢)'!BC6+'調查(集賢)'!BD6+'調查(集賢)'!CP6+'調查(集賢)'!CQ6+'調查(集賢)'!CR6+'調查(集賢)'!EC6+'調查(集賢)'!ED6+'調查(集賢)'!EE6 -> 0 | AE9: ='調查(集賢)'!AB6+'調查(集賢)'!AC6+'調查(集賢)'!AD6+'調查(集賢)'!BP6+'調查(集賢)'!BQ6+'調查(集賢)'!BR6+'調查(集賢)'!DC6+'調查(集賢)'!DD6+'調查(集賢)'!DE6+'調查(集賢)'!EP6+'調查(集賢)'!EQ6+'調查(集賢)'!ER6 -> 0 | AF9: ='調查(集賢)'!AO6+'調查(集賢)'!AP6+'調查(集賢)'!AQ6+'調查(集賢)'!CC6+'調查(集賢)'!CD6+'調查(集賢)'!CE6+'調查(集賢)'!DP6+'調查(集賢)'!DQ6+'調查(集賢)'!DR6+'調查(集賢)'!FC6+'調查(集賢)'!FD6+'調查(集賢)'!FE6 -> 0 | AH9: ='調查(集賢)'!Q6+'調查(集賢)'!BE6 -> 0
A10: A | B10: 0.052083333 | C10: 0.0625 | D10: - | E10: ='調查(集賢)'!D7+'調查(集賢)'!E7+'調查(集賢)'!F7+'調查(集賢)'!G7+'調查(集賢)'!H7+'調查(集賢)'!I7+'調查(集賢)'!AR7+'調查(集賢)'!AS7+'調查(集賢)'!AT7+'調查(集賢)'!AU7+'調查(集賢)'!AV7+'調查(集賢)'!AW7+'調查(集賢)'!CF7+'調查(集賢)'!CG7+'調查(集賢)'!CH7+'調查(集賢)'!CI7+'調查(集賢)'!CJ7+'調查(集賢)'!CK7+'調查(集賢)'!DS7+'調查(集賢)'!DT7+'調查(集賢)'!DU7+'調查(集賢)'!DV7+'調查(集賢)'!DW7+'調查(集賢)'!DX7 -> 0 | F10: ='調查(集賢)'!R7+'調查(集賢)'!S7+'調查(集賢)'!T7+'調查(集賢)'!U7+'調查(集賢)'!V7+'調查(集賢)'!W7+'調查(集賢)'!BF7+'調查(集賢)'!BG7+'調查(集賢)'!BH7+'調查(集賢)'!BI7+'調查(集賢)'!BJ7+'調查(集賢)'!BK7+'調查(集賢)'!CS7+'調查(集賢)'!CT7+'調查(集賢)'!CU7+'調查(集賢)'!CV7+'調查(集賢)'!CW7+'調查(集賢)'!CX7+'調查(集賢)'!EF7+'調查(集賢)'!EG7+'調查(集賢)'!EH7+'調查(集賢)'!EI7+'調查(集賢)'!EJ7+'調查(集賢)'!EK7 -> 0 | G10: ='調查(集賢)'!AE7+'調查(集賢)'!AF7+'調查(集賢)'!AG7+'調查(集賢)'!AH7+'調查(集賢)'!AI7+'調查(集賢)'!AJ7+'調查(集賢)'!BS7+'調查(集賢)'!BT7+'調查(集賢)'!BU7+'調查(集賢)'!BV7+'調查(集賢)'!BW7+'調查(集賢)'!BX7+'調查(集賢)'!DF7+'調查(集賢)'!DG7+'調查(集賢)'!DH7+'調查(集賢)'!DI7+'調查(集賢)'!DJ7+'調查(集賢)'!DK7+'調查(集賢)'!ES7+'調查(集賢)'!ET7+'調查(集賢)'!EU7+'調查(集賢)'!EV7+'調查(集賢)'!EW7+'調查(集賢)'!EX7 -> 0 | H10: - | I10: ='調查(集賢)'!J7+'調查(集賢)'!K7+'調查(集賢)'!L7+'調查(集賢)'!M7+'調查(集賢)'!AX7+'調查(集賢)'!AY7+'調查(集賢)'!AZ7+'調查(集賢)'!BA7+'調查(集賢)'!CL7+'調查(集賢)'!CM7+'調查(集賢)'!CN7+'調查(集賢)'!CO7+'調查(集賢)'!DY7+'調查(集賢)'!DZ7+'調查(集賢)'!EA7+'調查(集賢)'!EB7 -> 0 | J10: ='調查(集賢)'!X7+'調查(集賢)'!Y7+'調查(集賢)'!Z7+'調查(集賢)'!AA7+'調查(集賢)'!BL7+'調查(集賢)'!BM7+'調查(集賢)'!BN7+'調查(集賢)'!BO7+'調查(集賢)'!CY7+'調查(集賢)'!CZ7+'調查(集賢)'!DA7+'調查(集賢)'!DB7+'調查(集賢)'!EL7+'調查(集賢)'!EM7+'調查(集賢)'!EN7+'調查(集賢)'!EO7 -> 0 | K10: ='調查(集賢)'!AK7+'調查(集賢)'!AL7+'調查(集賢)'!AM7+'調查(集賢)'!AN7+'調查(集賢)'!BY7+'調查(集賢)'!BZ7+'調查(集賢)'!CA7+'調查(集賢)'!CB7+'調查(集賢)'!DL7+'調查(集賢)'!DM7+'調查(集賢)'!DN7+'調查(集賢)'!DO7+'調查(集賢)'!EY7+'調查(集賢)'!EZ7+'調查(集賢)'!FA7+'調查(集賢)'!FB7 -> 0 | L10: - | M10: - | N10: ='調查(集賢)'!Q7+'調查(集賢)'!BE7 -> 0 | O10: ='調查(集賢)'!N7+'調查(集賢)'!O7+'調查(集賢)'!P7+'調查(集賢)'!BB7+'調查(集賢)'!BC7+'調查(集賢)'!BD7+'調查(集賢)'!CP7+'調查(集賢)'!CQ7+'調查(集賢)'!CR7+'調查(集賢)'!EC7+'調查(集賢)'!ED7+'調查(集賢)'!EE7 -> 0 | P10: - | Q10: =IF(AE10>0,AE10-AH10-AH106,0) -> 0 | R10: - | S10: ='調查(集賢)'!AO7+'調查(集賢)'!AP7+'調查(集賢)'!AQ7+'調查(集賢)'!CC7+'調查(集賢)'!CD7+'調查(集賢)'!CE7+'調查(集賢)'!DP7+'調查(集賢)'!DQ7+'調查(集賢)'!DR7+'調查(集賢)'!FC7+'調查(集賢)'!FD7+'調查(集賢)'!FE7 -> 0 | V10: ='調查(集賢)'!D7+'調查(集賢)'!E7+'調查(集賢)'!F7+'調查(集賢)'!G7+'調查(集賢)'!H7+'調查(集賢)'!I7+'調查(集賢)'!AR7+'調查(集賢)'!AS7+'調查(集賢)'!AT7+'調查(集賢)'!AU7+'調查(集賢)'!AV7+'調查(集賢)'!AW7+'調查(集賢)'!CF7+'調查(集賢)'!CG7+'調查(集賢)'!CH7+'調查(集賢)'!CI7+'調查(集賢)'!CJ7+'調查(集賢)'!CK7+'調查(集賢)'!DS7+'調查(集賢)'!DT7+'調查(集賢)'!DU7+'調查(集賢)'!DV7+'調查(集賢)'!DW7+'調查(集賢)'!DX7 -> 0 | W10: ='調查(集賢)'!R7+'調查(集賢)'!S7+'調查(集賢)'!T7+'調查(集賢)'!U7+'調查(集賢)'!V7+'調查(集賢)'!W7+'調查(集賢)'!BF7+'調查(集賢)'!BG7+'調查(集賢)'!BH7+'調查(集賢)'!BI7+'調查(集賢)'!BJ7+'調查(集賢)'!BK7+'調查(集賢)'!CS7+'調查(集賢)'!CT7+'調查(集賢)'!CU7+'調查(集賢)'!CV7+'調查(集賢)'!CW7+'調查(集賢)'!CX7+'調查(集賢)'!EF7+'調查(集賢)'!EG7+'調查(集賢)'!EH7+'調查(集賢)'!EI7+'調查(集賢)'!EJ7+'調查(集賢)'!EK7 -> 0 | X10: ='調查(集賢)'!AE7+'調查(集賢)'!AF7+'調查(集賢)'!AG7+'調查(集賢)'!AH7+'調查(集賢)'!AI7+'調查(集賢)'!AJ7+'調查(集賢)'!BS7+'調查(集賢)'!BT7+'調查(集賢)'!BU7+'調查(集賢)'!BV7+'調查(集賢)'!BW7+'調查(集賢)'!BX7+'調查(集賢)'!DF7+'調查(集賢)'!DG7+'調查(集賢)'!DH7+'調查(集賢)'!DI7+'調查(集賢)'!DJ7+'調查(集賢)'!DK7+'調查(集賢)'!ES7+'調查(集賢)'!ET7+'調查(集賢)'!EU7+'調查(集賢)'!EV7+'調查(集賢)'!EW7+'調查(集賢)'!EX7 -> 0 | Z10: ='調查(集賢)'!J7+'調查(集賢)'!K7+'調查(集賢)'!L7+'調查(集賢)'!M7+'調查(集賢)'!AX7+'調查(集賢)'!AY7+'調查(集賢)'!AZ7+'調查(集賢)'!BA7+'調查(集賢)'!CL7+'調查(集賢)'!CM7+'調查(集賢)'!CN7+'調查(集賢)'!CO7+'調查(集賢)'!DY7+'調查(集賢)'!DZ7+'調查(集賢)'!EA7+'調查(集賢)'!EB7 -> 0 | AA10: ='調查(集賢)'!X7+'調查(集賢)'!Y7+'調查(集賢)'!Z7+'調查(集賢)'!AA7+'調查(集賢)'!BL7+'調查(集賢)'!BM7+'調查(集賢)'!BN7+'調查(集賢)'!BO7+'調查(集賢)'!CY7+'調查(集賢)'!CZ7+'調查(集賢)'!DA7+'調查(集賢)'!DB7+'調查(集賢)'!EL7+'調查(集賢)'!EM7+'調查(集賢)'!EN7+'調查(集賢)'!EO7 -> 0 | AB10: ='調查(集賢)'!AK7+'調查(集賢)'!AL7+'調查(集賢)'!AM7+'調查(集賢)'!AN7+'調查(集賢)'!BY7+'調查(集賢)'!BZ7+'調查(集賢)'!CA7+'調查(集賢)'!CB7+'調查(集賢)'!DL7+'調查(集賢)'!DM7+'調查(集賢)'!DN7+'調查(集賢)'!DO7+'調查(集賢)'!EY7+'調查(集賢)'!EZ7+'調查(集賢)'!FA7+'調查(集賢)'!FB7 -> 0 | AD10: ='調查(集賢)'!N7+'調查(集賢)'!O7+'調查(集賢)'!P7+'調查(集賢)'!BB7+'調查(集賢)'!BC7+'調查(集賢)'!BD7+'調查(集賢)'!CP7+'調查(集賢)'!CQ7+'調查(集賢)'!CR7+'調查(集賢)'!EC7+'調查(集賢)'!ED7+'調查(集賢)'!EE7 -> 0 | AE10: ='調查(集賢)'!AB7+'調查(集賢)'!AC7+'調查(集賢)'!AD7+'調查(集賢)'!BP7+'調查(集賢)'!BQ7+'調查(集賢)'!BR7+'調查(集賢)'!DC7+'調查(集賢)'!DD7+'調查(集賢)'!DE7+'調查(集賢)'!EP7+'調查(集賢)'!EQ7+'調查(集賢)'!ER7 -> 0 | AF10: ='調查(集賢)'!AO7+'調查(集賢)'!AP7+'調查(集賢)'!AQ7+'調查(集賢)'!CC7+'調查(集賢)'!CD7+'調查(集賢)'!CE7+'調查(集賢)'!DP7+'調查(集賢)'!DQ7+'調查(集賢)'!DR7+'調查(集賢)'!FC7+'調查(集賢)'!FD7+'調查(集賢)'!FE7 -> 0 | AH10: ='調查(集賢)'!Q7+'調查(集賢)'!BE7 -> 0
A11: A | B11: 0.0625 | C11: 0.072916667 | D11: - | E11: ='調查(集賢)'!D8+'調查(集賢)'!E8+'調查(集賢)'!F8+'調查(集賢)'!G8+'調查(集賢)'!H8+'調查(集賢)'!I8+'調查(集賢)'!AR8+'調查(集賢)'!AS8+'調查(集賢)'!AT8+'調查(集賢)'!AU8+'調查(集賢)'!AV8+'調查(集賢)'!AW8+'調查(集賢)'!CF8+'調查(集賢)'!CG8+'調查(集賢)'!CH8+'調查(集賢)'!CI8+'調查(集賢)'!CJ8+'調查(集賢)'!CK8+'調查(集賢)'!DS8+'調查(集賢)'!DT8+'調查(集賢)'!DU8+'調查(集賢)'!DV8+'調查(集賢)'!DW8+'調查(集賢)'!DX8 -> 0 | F11: ='調查(集賢)'!R8+'調查(集賢)'!S8+'調查(集賢)'!T8+'調查(集賢)'!U8+'調查(集賢)'!V8+'調查(集賢)'!W8+'調查(集賢)'!BF8+'調查(集賢)'!BG8+'調查(集賢)'!BH8+'調查(集賢)'!BI8+'調查(集賢)'!BJ8+'調查(集賢)'!BK8+'調查(集賢)'!CS8+'調查(集賢)'!CT8+'調查(集賢)'!CU8+'調查(集賢)'!CV8+'調查(集賢)'!CW8+'調查(集賢)'!CX8+'調查(集賢)'!EF8+'調查(集賢)'!EG8+'調查(集賢)'!EH8+'調查(集賢)'!EI8+'調查(集賢)'!EJ8+'調查(集賢)'!EK8 -> 0 | G11: ='調查(集賢)'!AE8+'調查(集賢)'!AF8+'調查(集賢)'!AG8+'調查(集賢)'!AH8+'調查(集賢)'!AI8+'調查(集賢)'!AJ8+'調查(集賢)'!BS8+'調查(集賢)'!BT8+'調查(集賢)'!BU8+'調查(集賢)'!BV8+'調查(集賢)'!BW8+'調查(集賢)'!BX8+'調查(集賢)'!DF8+'調查(集賢)'!DG8+'調查(集賢)'!DH8+'調查(集賢)'!DI8+'調查(集賢)'!DJ8+'調查(集賢)'!DK8+'調查(集賢)'!ES8+'調查(集賢)'!ET8+'調查(集賢)'!EU8+'調查(集賢)'!EV8+'調查(集賢)'!EW8+'調查(集賢)'!EX8 -> 0 | H11: - | I11: ='調查(集賢)'!J8+'調查(集賢)'!K8+'調查(集賢)'!L8+'調查(集賢)'!M8+'調查(集賢)'!AX8+'調查(集賢)'!AY8+'調查(集賢)'!AZ8+'調查(集賢)'!BA8+'調查(集賢)'!CL8+'調查(集賢)'!CM8+'調查(集賢)'!CN8+'調查(集賢)'!CO8+'調查(集賢)'!DY8+'調查(集賢)'!DZ8+'調查(集賢)'!EA8+'調查(集賢)'!EB8 -> 0 | J11: ='調查(集賢)'!X8+'調查(集賢)'!Y8+'調查(集賢)'!Z8+'調查(集賢)'!AA8+'調查(集賢)'!BL8+'調查(集賢)'!BM8+'調查(集賢)'!BN8+'調查(集賢)'!BO8+'調查(集賢)'!CY8+'調查(集賢)'!CZ8+'調查(集賢)'!DA8+'調查(集賢)'!DB8+'調查(集賢)'!EL8+'調查(集賢)'!EM8+'調查(集賢)'!EN8+'調查(集賢)'!EO8 -> 0 | K11: ='調查(集賢)'!AK8+'調查(集賢)'!AL8+'調查(集賢)'!AM8+'調查(集賢)'!AN8+'調查(集賢)'!BY8+'調查(集賢)'!BZ8+'調查(集賢)'!CA8+'調查(集賢)'!CB8+'調查(集賢)'!DL8+'調查(集賢)'!DM8+'調查(集賢)'!DN8+'調查(集賢)'!DO8+'調查(集賢)'!EY8+'調查(集賢)'!EZ8+'調查(集賢)'!FA8+'調查(集賢)'!FB8 -> 0 | L11: - | M11: - | N11: ='調查(集賢)'!Q8+'調查(集賢)'!BE8 -> 0 | O11: ='調查(集賢)'!N8+'調查(集賢)'!O8+'調查(集賢)'!P8+'調查(集賢)'!BB8+'調查(集賢)'!BC8+'調查(集賢)'!BD8+'調查(集賢)'!CP8+'調查(集賢)'!CQ8+'調查(集賢)'!CR8+'調查(集賢)'!EC8+'調查(集賢)'!ED8+'調查(集賢)'!EE8 -> 0 | P11: - | Q11: =IF(AE11>0,AE11-AH11-AH107,0) -> 0 | R11: - | S11: ='調查(集賢)'!AO8+'調查(集賢)'!AP8+'調查(集賢)'!AQ8+'調查(集賢)'!CC8+'調查(集賢)'!CD8+'調查(集賢)'!CE8+'調查(集賢)'!DP8+'調查(集賢)'!DQ8+'調查(集賢)'!DR8+'調查(集賢)'!FC8+'調查(集賢)'!FD8+'調查(集賢)'!FE8 -> 0 | V11: ='調查(集賢)'!D8+'調查(集賢)'!E8+'調查(集賢)'!F8+'調查(集賢)'!G8+'調查(集賢)'!H8+'調查(集賢)'!I8+'調查(集賢)'!AR8+'調查(集賢)'!AS8+'調查(集賢)'!AT8+'調查(集賢)'!AU8+'調查(集賢)'!AV8+'調查(集賢)'!AW8+'調查(集賢)'!CF8+'調查(集賢)'!CG8+'調查(集賢)'!CH8+'調查(集賢)'!CI8+'調查(集賢)'!CJ8+'調查(集賢)'!CK8+'調查(集賢)'!DS8+'調查(集賢)'!DT8+'調查(集賢)'!DU8+'調查(集賢)'!DV8+'調查(集賢)'!DW8+'調查(集賢)'!DX8 -> 0 | W11: ='調查(集賢)'!R8+'調查(集賢)'!S8+'調查(集賢)'!T8+'調查(集賢)'!U8+'調查(集賢)'!V8+'調查(集賢)'!W8+'調查(集賢)'!BF8+'調查(集賢)'!BG8+'調查(集賢)'!BH8+'調查(集賢)'!BI8+'調查(集賢)'!BJ8+'調查(集賢)'!BK8+'調查(集賢)'!CS8+'調查(集賢)'!CT8+'調查(集賢)'!CU8+'調查(集賢)'!CV8+'調查(集賢)'!CW8+'調查(集賢)'!CX8+'調查(集賢)'!EF8+'調查(集賢)'!EG8+'調查(集賢)'!EH8+'調查(集賢)'!EI8+'調查(集賢)'!EJ8+'調查(集賢)'!EK8 -> 0 | X11: ='調查(集賢)'!AE8+'調查(集賢)'!AF8+'調查(集賢)'!AG8+'調查(集賢)'!AH8+'調查(集賢)'!AI8+'調查(集賢)'!AJ8+'調查(集賢)'!BS8+'調查(集賢)'!BT8+'調查(集賢)'!BU8+'調查(集賢)'!BV8+'調查(集賢)'!BW8+'調查(集賢)'!BX8+'調查(集賢)'!DF8+'調查(集賢)'!DG8+'調查(集賢)'!DH8+'調查(集賢)'!DI8+'調查(集賢)'!DJ8+'調查(集賢)'!DK8+'調查(集賢)'!ES8+'調查(集賢)'!ET8+'調查(集賢)'!EU8+'調查(集賢)'!EV8+'調查(集賢)'!EW8+'調查(集賢)'!EX8 -> 0 | Z11: ='調查(集賢)'!J8+'調查(集賢)'!K8+'調查(集賢)'!L8+'調查(集賢)'!M8+'調查(集賢)'!AX8+'調查(集賢)'!AY8+'調查(集賢)'!AZ8+'調查(集賢)'!BA8+'調查(集賢)'!CL8+'調查(集賢)'!CM8+'調查(集賢)'!CN8+'調查(集賢)'!CO8+'調查(集賢)'!DY8+'調查(集賢)'!DZ8+'調查(集賢)'!EA8+'調查(集賢)'!EB8 -> 0 | AA11: ='調查(集賢)'!X8+'調查(集賢)'!Y8+'調查(集賢)'!Z8+'調查(集賢)'!AA8+'調查(集賢)'!BL8+'調查(集賢)'!BM8+'調查(集賢)'!BN8+'調查(集賢)'!BO8+'調查(集賢)'!CY8+'調查(集賢)'!CZ8+'調查(集賢)'!DA8+'調查(集賢)'!DB8+'調查(集賢)'!EL8+'調查(集賢)'!EM8+'調查(集賢)'!EN8+'調查(集賢)'!EO8 -> 0 | AB11: ='調查(集賢)'!AK8+'調查(集賢)'!AL8+'調查(集賢)'!AM8+'調查(集賢)'!AN8+'調查(集賢)'!BY8+'調查(集賢)'!BZ8+'調查(集賢)'!CA8+'調查(集賢)'!CB8+'調查(集賢)'!DL8+'調查(集賢)'!DM8+'調查(集賢)'!DN8+'調查(集賢)'!DO8+'調查(集賢)'!EY8+'調查(集賢)'!EZ8+'調查(集賢)'!FA8+'調查(集賢)'!FB8 -> 0 | AD11: ='調查(集賢)'!N8+'調查(集賢)'!O8+'調查(集賢)'!P8+'調查(集賢)'!BB8+'調查(集賢)'!BC8+'調查(集賢)'!BD8+'調查(集賢)'!CP8+'調查(集賢)'!CQ8+'調查(集賢)'!CR8+'調查(集賢)'!EC8+'調查(集賢)'!ED8+'調查(集賢)'!EE8 -> 0 | AE11: ='調查(集賢)'!AB8+'調查(集賢)'!AC8+'調查(集賢)'!AD8+'調查(集賢)'!BP8+'調查(集賢)'!BQ8+'調查(集賢)'!BR8+'調查(集賢)'!DC8+'調查(集賢)'!DD8+'調查(集賢)'!DE8+'調查(集賢)'!EP8+'調查(集賢)'!EQ8+'調查(集賢)'!ER8 -> 0 | AF11: ='調查(集賢)'!AO8+'調查(集賢)'!AP8+'調查(集賢)'!AQ8+'調查(集賢)'!CC8+'調查(集賢)'!CD8+'調查(集賢)'!CE8+'調查(集賢)'!DP8+'調查(集賢)'!DQ8+'調查(集賢)'!DR8+'調查(集賢)'!FC8+'調查(集賢)'!FD8+'調查(集賢)'!FE8 -> 0 | AH11: ='調查(集賢)'!Q8+'調查(集賢)'!BE8 -> 0
A12: A | B12: 0.072916667 | C12: 0.083333333 | D12: - | E12: ='調查(集賢)'!D9+'調查(集賢)'!E9+'調查(集賢)'!F9+'調查(集賢)'!G9+'調查(集賢)'!H9+'調查(集賢)'!I9+'調查(集賢)'!AR9+'調查(集賢)'!AS9+'調查(集賢)'!AT9+'調查(集賢)'!AU9+'調查(集賢)'!AV9+'調查(集賢)'!AW9+'調查(集賢)'!CF9+'調查(集賢)'!CG9+'調查(集賢)'!CH9+'調查(集賢)'!CI9+'調查(集賢)'!CJ9+'調查(集賢)'!CK9+'調查(集賢)'!DS9+'調查(集賢)'!DT9+'調查(集賢)'!DU9+'調查(集賢)'!DV9+'調查(集賢)'!DW9+'調查(集賢)'!DX9 -> 0 | F12: ='調查(集賢)'!R9+'調查(集賢)'!S9+'調查(集賢)'!T9+'調查(集賢)'!U9+'調查(集賢)'!V9+'調查(集賢)'!W9+'調查(集賢)'!BF9+'調查(集賢)'!BG9+'調查(集賢)'!BH9+'調查(集賢)'!BI9+'調查(集賢)'!BJ9+'調查(集賢)'!BK9+'調查(集賢)'!CS9+'調查(集賢)'!CT9+'調查(集賢)'!CU9+'調查(集賢)'!CV9+'調查(集賢)'!CW9+'調查(集賢)'!CX9+'調查(集賢)'!EF9+'調查(集賢)'!EG9+'調查(集賢)'!EH9+'調查(集賢)'!EI9+'調查(集賢)'!EJ9+'調查(集賢)'!EK9 -> 0 | G12: ='調查(集賢)'!AE9+'調查(集賢)'!AF9+'調查(集賢)'!AG9+'調查(集賢)'!AH9+'調查(集賢)'!AI9+'調查(集賢)'!AJ9+'調查(集賢)'!BS9+'調查(集賢)'!BT9+'調查(集賢)'!BU9+'調查(集賢)'!BV9+'調查(集賢)'!BW9+'調查(集賢)'!BX9+'調查(集賢)'!DF9+'調查(集賢)'!DG9+'調查(集賢)'!DH9+'調查(集賢)'!DI9+'調查(集賢)'!DJ9+'調查(集賢)'!DK9+'調查(集賢)'!ES9+'調查(集賢)'!ET9+'調查(集賢)'!EU9+'調查(集賢)'!EV9+'調查(集賢)'!EW9+'調查(集賢)'!EX9 -> 0 | H12: - | I12: ='調查(集賢)'!J9+'調查(集賢)'!K9+'調查(集賢)'!L9+'調查(集賢)'!M9+'調查(集賢)'!AX9+'調查(集賢)'!AY9+'調查(集賢)'!AZ9+'調查(集賢)'!BA9+'調查(集賢)'!CL9+'調查(集賢)'!CM9+'調查(集賢)'!CN9+'調查(集賢)'!CO9+'調查(集賢)'!DY9+'調查(集賢)'!DZ9+'調查(集賢)'!EA9+'調查(集賢)'!EB9 -> 0 | J12: ='調查(集賢)'!X9+'調查(集賢)'!Y9+'調查(集賢)'!Z9+'調查(集賢)'!AA9+'調查(集賢)'!BL9+'調查(集賢)'!BM9+'調查(集賢)'!BN9+'調查(集賢)'!BO9+'調查(集賢)'!CY9+'調查(集賢)'!CZ9+'調查(集賢)'!DA9+'調查(集賢)'!DB9+'調查(集賢)'!EL9+'調查(集賢)'!EM9+'調查(集賢)'!EN9+'調查(集賢)'!EO9 -> 0 | K12: ='調查(集賢)'!AK9+'調查(集賢)'!AL9+'調查(集賢)'!AM9+'調查(集賢)'!AN9+'調查(集賢)'!BY9+'調查(集賢)'!BZ9+'調查(集賢)'!CA9+'調查(集賢)'!CB9+'調查(集賢)'!DL9+'調查(集賢)'!DM9+'調查(集賢)'!DN9+'調查(集賢)'!DO9+'調查(集賢)'!EY9+'調查(集賢)'!EZ9+'調查(集賢)'!FA9+'調查(集賢)'!FB9 -> 0 | L12: - | M12: - | N12: ='調查(集賢)'!Q9+'調查(集賢)'!BE9 -> 0 | O12: ='調查(集賢)'!N9+'調查(集賢)'!O9+'調查(集賢)'!P9+'調查(集賢)'!BB9+'調查(集賢)'!BC9+'調查(集賢)'!BD9+'調查(集賢)'!CP9+'調查(集賢)'!CQ9+'調查(集賢)'!CR9+'調查(集賢)'!EC9+'調查(集賢)'!ED9+'調查(集賢)'!EE9 -> 0 | P12: - | Q12: =IF(AE12>0,AE12-AH12-AH108,0) -> 0 | R12: - | S12: ='調查(集賢)'!AO9+'調查(集賢)'!AP9+'調查(集賢)'!AQ9+'調查(集賢)'!CC9+'調查(集賢)'!CD9+'調查(集賢)'!CE9+'調查(集賢)'!DP9+'調查(集賢)'!DQ9+'調查(集賢)'!DR9+'調查(集賢)'!FC9+'調查(集賢)'!FD9+'調查(集賢)'!FE9 -> 0 | V12: ='調查(集賢)'!D9+'調查(集賢)'!E9+'調查(集賢)'!F9+'調查(集賢)'!G9+'調查(集賢)'!H9+'調查(集賢)'!I9+'調查(集賢)'!AR9+'調查(集賢)'!AS9+'調查(集賢)'!AT9+'調查(集賢)'!AU9+'調查(集賢)'!AV9+'調查(集賢)'!AW9+'調查(集賢)'!CF9+'調查(集賢)'!CG9+'調查(集賢)'!CH9+'調查(集賢)'!CI9+'調查(集賢)'!CJ9+'調查(集賢)'!CK9+'調查(集賢)'!DS9+'調查(集賢)'!DT9+'調查(集賢)'!DU9+'調查(集賢)'!DV9+'調查(集賢)'!DW9+'調查(集賢)'!DX9 -> 0 | W12: ='調查(集賢)'!R9+'調查(集賢)'!S9+'調查(集賢)'!T9+'調查(集賢)'!U9+'調查(集賢)'!V9+'調查(集賢)'!W9+'調查(集賢)'!BF9+'調查(集賢)'!BG9+'調查(集賢)'!BH9+'調查(集賢)'!BI9+'調查(集賢)'!BJ9+'調查(集賢)'!BK9+'調查(集賢)'!CS9+'調查(集賢)'!CT9+'調查(集賢)'!CU9+'調查(集賢)'!CV9+'調查(集賢)'!CW9+'調查(集賢)'!CX9+'調查(集賢)'!EF9+'調查(集賢)'!EG9+'調查(集賢)'!EH9+'調查(集賢)'!EI9+'調查(集賢)'!EJ9+'調查(集賢)'!EK9 -> 0 | X12: ='調查(集賢)'!AE9+'調查(集賢)'!AF9+'調查(集賢)'!AG9+'調查(集賢)'!AH9+'調查(集賢)'!AI9+'調查(集賢)'!AJ9+'調查(集賢)'!BS9+'調查(集賢)'!BT9+'調查(集賢)'!BU9+'調查(集賢)'!BV9+'調查(集賢)'!BW9+'調查(集賢)'!BX9+'調查(集賢)'!DF9+'調查(集賢)'!DG9+'調查(集賢)'!DH9+'調查(集賢)'!DI9+'調查(集賢)'!DJ9+'調查(集賢)'!DK9+'調查(集賢)'!ES9+'調查(集賢)'!ET9+'調查(集賢)'!EU9+'調查(集賢)'!EV9+'調查(集賢)'!EW9+'調查(集賢)'!EX9 -> 0 | Z12: ='調查(集賢)'!J9+'調查(集賢)'!K9+'調查(集賢)'!L9+'調查(集賢)'!M9+'調查(集賢)'!AX9+'調查(集賢)'!AY9+'調查(集賢)'!AZ9+'調查(集賢)'!BA9+'調查(集賢)'!CL9+'調查(集賢)'!CM9+'調查(集賢)'!CN9+'調查(集賢)'!CO9+'調查(集賢)'!DY9+'調查(集賢)'!DZ9+'調查(集賢)'!EA9+'調查(集賢)'!EB9 -> 0 | AA12: ='調查(集賢)'!X9+'調查(集賢)'!Y9+'調查(集賢)'!Z9+'調查(集賢)'!AA9+'調查(集賢)'!BL9+'調查(集賢)'!BM9+'調查(集賢)'!BN9+'調查(集賢)'!BO9+'調查(集賢)'!CY9+'調查(集賢)'!CZ9+'調查(集賢)'!DA9+'調查(集賢)'!DB9+'調查(集賢)'!EL9+'調查(集賢)'!EM9+'調查(集賢)'!EN9+'調查(集賢)'!EO9 -> 0 | AB12: ='調查(集賢)'!AK9+'調查(集賢)'!AL9+'調查(集賢)'!AM9+'調查(集賢)'!AN9+'調查(集賢)'!BY9+'調查(集賢)'!BZ9+'調查(集賢)'!CA9+'調查(集賢)'!CB9+'調查(集賢)'!DL9+'調查(集賢)'!DM9+'調查(集賢)'!DN9+'調查(集賢)'!DO9+'調查(集賢)'!EY9+'調查(集賢)'!EZ9+'調查(集賢)'!FA9+'調查(集賢)'!FB9 -> 0 | AD12: ='調查(集賢)'!N9+'調查(集賢)'!O9+'調查(集賢)'!P9+'調查(集賢)'!BB9+'調查(集賢)'!BC9+'調查(集賢)'!BD9+'調查(集賢)'!CP9+'調查(集賢)'!CQ9+'調查(集賢)'!CR9+'調查(集賢)'!EC9+'調查(集賢)'!ED9+'調查(集賢)'!EE9 -> 0 | AE12: ='調查(集賢)'!AB9+'調查(集賢)'!AC9+'調查(集賢)'!AD9+'調查(集賢)'!BP9+'調查(集賢)'!BQ9+'調查(集賢)'!BR9+'調查(集賢)'!DC9+'調查(集賢)'!DD9+'調查(集賢)'!DE9+'調查(集賢)'!EP9+'調查(集賢)'!EQ9+'調查(集賢)'!ER9 -> 0 | AF12: ='調查(集賢)'!AO9+'調查(集賢)'!AP9+'調查(集賢)'!AQ9+'調查(集賢)'!CC9+'調查(集賢)'!CD9+'調查(集賢)'!CE9+'調查(集賢)'!DP9+'調查(集賢)'!DQ9+'調查(集賢)'!DR9+'調查(集賢)'!FC9+'調查(集賢)'!FD9+'調查(集賢)'!FE9 -> 0 | AH12: ='調查(集賢)'!Q9+'調查(集賢)'!BE9 -> 0
A13: A | B13: 0.083333333 | C13: 0.09375 | D13: - | E13: ='調查(集賢)'!D10+'調查(集賢)'!E10+'調查(集賢)'!F10+'調查(集賢)'!G10+'調查(集賢)'!H10+'調查(集賢)'!I10+'調查(集賢)'!AR10+'調查(集賢)'!AS10+'調查(集賢)'!AT10+'調查(集賢)'!AU10+'調查(集賢)'!AV10+'調查(集賢)'!AW10+'調查(集賢)'!CF10+'調查(集賢)'!CG10+'調查(集賢)'!CH10+'調查(集賢)'!CI10+'調查(集賢)'!CJ10+'調查(集賢)'!CK10+'調查(集賢)'!DS10+'調查(集賢)'!DT10+'調查(集賢)'!DU10+'調查(集賢)'!DV10+'調查(集賢)'!DW10+'調查(集賢)'!DX10 -> 0 | F13: ='調查(集賢)'!R10+'調查(集賢)'!S10+'調查(集賢)'!T10+'調查(集賢)'!U10+'調查(集賢)'!V10+'調查(集賢)'!W10+'調查(集賢)'!BF10+'調查(集賢)'!BG10+'調查(集賢)'!BH10+'調查(集賢)'!BI10+'調查(集賢)'!BJ10+'調查(集賢)'!BK10+'調查(集賢)'!CS10+'調查(集賢)'!CT10+'調查(集賢)'!CU10+'調查(集賢)'!CV10+'調查(集賢)'!CW10+'調查(集賢)'!CX10+'調查(集賢)'!EF10+'調查(集賢)'!EG10+'調查(集賢)'!EH10+'調查(集賢)'!EI10+'調查(集賢)'!EJ10+'調查(集賢)'!EK10 -> 0 | G13: ='調查(集賢)'!AE10+'調查(集賢)'!AF10+'調查(集賢)'!AG10+'調查(集賢)'!AH10+'調查(集賢)'!AI10+'調查(集賢)'!AJ10+'調查(集賢)'!BS10+'調查(集賢)'!BT10+'調查(集賢)'!BU10+'調查(集賢)'!BV10+'調查(集賢)'!BW10+'調查(集賢)'!BX10+'調查(集賢)'!DF10+'調查(集賢)'!DG10+'調查(集賢)'!DH10+'調查(集賢)'!DI10+'調查(集賢)'!DJ10+'調查(集賢)'!DK10+'調查(集賢)'!ES10+'調查(集賢)'!ET10+'調查(集賢)'!EU10+'調查(集賢)'!EV10+'調查(集賢)'!EW10+'調查(集賢)'!EX10 -> 0 | H13: - | I13: ='調查(集賢)'!J10+'調查(集賢)'!K10+'調查(集賢)'!L10+'調查(集賢)'!M10+'調查(集賢)'!AX10+'調查(集賢)'!AY10+'調查(集賢)'!AZ10+'調查(集賢)'!BA10+'調查(集賢)'!CL10+'調查(集賢)'!CM10+'調查(集賢)'!CN10+'調查(集賢)'!CO10+'調查(集賢)'!DY10+'調查(集賢)'!DZ10+'調查(集賢)'!EA10+'調查(集賢)'!EB10 -> 0 | J13: ='調查(集賢)'!X10+'調查(集賢)'!Y10+'調查(集賢)'!Z10+'調查(集賢)'!AA10+'調查(集賢)'!BL10+'調查(集賢)'!BM10+'調查(集賢)'!BN10+'調查(集賢)'!BO10+'調查(集賢)'!CY10+'調查(集賢)'!CZ10+'調查(集賢)'!DA10+'調查(集賢)'!DB10+'調查(集賢)'!EL10+'調查(集賢)'!EM10+'調查(集賢)'!EN10+'調查(集賢)'!EO10 -> 0 | K13: ='調查(集賢)'!AK10+'調查(集賢)'!AL10+'調查(集賢)'!AM10+'調查(集賢)'!AN10+'調查(集賢)'!BY10+'調查(集賢)'!BZ10+'調查(集賢)'!CA10+'調查(集賢)'!CB10+'調查(集賢)'!DL10+'調查(集賢)'!DM10+'調查(集賢)'!DN10+'調查(集賢)'!DO10+'調查(集賢)'!EY10+'調查(集賢)'!EZ10+'調查(集賢)'!FA10+'調查(集賢)'!FB10 -> 0 | L13: - | M13: - | N13: ='調查(集賢)'!Q10+'調查(集賢)'!BE10 -> 0 | O13: ='調查(集賢)'!N10+'調查(集賢)'!O10+'調查(集賢)'!P10+'調查(集賢)'!BB10+'調查(集賢)'!BC10+'調查(集賢)'!BD10+'調查(集賢)'!CP10+'調查(集賢)'!CQ10+'調查(集賢)'!CR10+'調查(集賢)'!EC10+'調查(集賢)'!ED10+'調查(集賢)'!EE10 -> 0 | P13: - | Q13: =IF(AE13>0,AE13-AH13-AH109,0) -> 0 | R13: - | S13: ='調查(集賢)'!AO10+'調查(集賢)'!AP10+'調查(集賢)'!AQ10+'調查(集賢)'!CC10+'調查(集賢)'!CD10+'調查(集賢)'!CE10+'調查(集賢)'!DP10+'調查(集賢)'!DQ10+'調查(集賢)'!DR10+'調查(集賢)'!FC10+'調查(集賢)'!FD10+'調查(集賢)'!FE10 -> 0 | V13: ='調查(集賢)'!D10+'調查(集賢)'!E10+'調查(集賢)'!F10+'調查(集賢)'!G10+'調查(集賢)'!H10+'調查(集賢)'!I10+'調查(集賢)'!AR10+'調查(集賢)'!AS10+'調查(集賢)'!AT10+'調查(集賢)'!AU10+'調查(集賢)'!AV10+'調查(集賢)'!AW10+'調查(集賢)'!CF10+'調查(集賢)'!CG10+'調查(集賢)'!CH10+'調查(集賢)'!CI10+'調查(集賢)'!CJ10+'調查(集賢)'!CK10+'調查(集賢)'!DS10+'調查(集賢)'!DT10+'調查(集賢)'!DU10+'調查(集賢)'!DV10+'調查(集賢)'!DW10+'調查(集賢)'!DX10 -> 0 | W13: ='調查(集賢)'!R10+'調查(集賢)'!S10+'調查(集賢)'!T10+'調查(集賢)'!U10+'調查(集賢)'!V10+'調查(集賢)'!W10+'調查(集賢)'!BF10+'調查(集賢)'!BG10+'調查(集賢)'!BH10+'調查(集賢)'!BI10+'調查(集賢)'!BJ10+'調查(集賢)'!BK10+'調查(集賢)'!CS10+'調查(集賢)'!CT10+'調查(集賢)'!CU10+'調查(集賢)'!CV10+'調查(集賢)'!CW10+'調查(集賢)'!CX10+'調查(集賢)'!EF10+'調查(集賢)'!EG10+'調查(集賢)'!EH10+'調查(集賢)'!EI10+'調查(集賢)'!EJ10+'調查(集賢)'!EK10 -> 0 | X13: ='調查(集賢)'!AE10+'調查(集賢)'!AF10+'調查(集賢)'!AG10+'調查(集賢)'!AH10+'調查(集賢)'!AI10+'調查(集賢)'!AJ10+'調查(集賢)'!BS10+'調查(集賢)'!BT10+'調查(集賢)'!BU10+'調查(集賢)'!BV10+'調查(集賢)'!BW10+'調查(集賢)'!BX10+'調查(集賢)'!DF10+'調查(集賢)'!DG10+'調查(集賢)'!DH10+'調查(集賢)'!DI10+'調查(集賢)'!DJ10+'調查(集賢)'!DK10+'調查(集賢)'!ES10+'調查(集賢)'!ET10+'調查(集賢)'!EU10+'調查(集賢)'!EV10+'調查(集賢)'!EW10+'調查(集賢)'!EX10 -> 0 | Z13: ='調查(集賢)'!J10+'調查(集賢)'!K10+'調查(集賢)'!L10+'調查(集賢)'!M10+'調查(集賢)'!AX10+'調查(集賢)'!AY10+'調查(集賢)'!AZ10+'調查(集賢)'!BA10+'調查(集賢)'!CL10+'調查(集賢)'!CM10+'調查(集賢)'!CN10+'調查(集賢)'!CO10+'調查(集賢)'!DY10+'調查(集賢)'!DZ10+'調查(集賢)'!EA10+'調查(集賢)'!EB10 -> 0 | AA13: ='調查(集賢)'!X10+'調查(集賢)'!Y10+'調查(集賢)'!Z10+'調查(集賢)'!AA10+'調查(集賢)'!BL10+'調查(集賢)'!BM10+'調查(集賢)'!BN10+'調查(集賢)'!BO10+'調查(集賢)'!CY10+'調查(集賢)'!CZ10+'調查(集賢)'!DA10+'調查(集賢)'!DB10+'調查(集賢)'!EL10+'調查(集賢)'!EM10+'調查(集賢)'!EN10+'調查(集賢)'!EO10 -> 0 | AB13: ='調查(集賢)'!AK10+'調查(集賢)'!AL10+'調查(集賢)'!AM10+'調查(集賢)'!AN10+'調查(集賢)'!BY10+'調查(集賢)'!BZ10+'調查(集賢)'!CA10+'調查(集賢)'!CB10+'調查(集賢)'!DL10+'調查(集賢)'!DM10+'調查(集賢)'!DN10+'調查(集賢)'!DO10+'調查(集賢)'!EY10+'調查(集賢)'!EZ10+'調查(集賢)'!FA10+'調查(集賢)'!FB10 -> 0 | AD13: ='調查(集賢)'!N10+'調查(集賢)'!O10+'調查(集賢)'!P10+'調查(集賢)'!BB10+'調查(集賢)'!BC10+'調查(集賢)'!BD10+'調查(集賢)'!CP10+'調查(集賢)'!CQ10+'調查(集賢)'!CR10+'調查(集賢)'!EC10+'調查(集賢)'!ED10+'調查(集賢)'!EE10 -> 0 | AE13: ='調查(集賢)'!AB10+'調查(集賢)'!AC10+'調查(集賢)'!AD10+'調查(集賢)'!BP10+'調查(集賢)'!BQ10+'調查(集賢)'!BR10+'調查(集賢)'!DC10+'調查(集賢)'!DD10+'調查(集賢)'!DE10+'調查(集賢)'!EP10+'調查(集賢)'!EQ10+'調查(集賢)'!ER10 -> 0 | AF13: ='調查(集賢)'!AO10+'調查(集賢)'!AP10+'調查(集賢)'!AQ10+'調查(集賢)'!CC10+'調查(集賢)'!CD10+'調查(集賢)'!CE10+'調查(集賢)'!DP10+'調查(集賢)'!DQ10+'調查(集賢)'!DR10+'調查(集賢)'!FC10+'調查(集賢)'!FD10+'調查(集賢)'!FE10 -> 0 | AH13: ='調查(集賢)'!Q10+'調查(集賢)'!BE10 -> 0
A14: A | B14: 0.09375 | C14: 0.10416667 | D14: - | E14: ='調查(集賢)'!D11+'調查(集賢)'!E11+'調查(集賢)'!F11+'調查(集賢)'!G11+'調查(集賢)'!H11+'調查(集賢)'!I11+'調查(集賢)'!AR11+'調查(集賢)'!AS11+'調查(集賢)'!AT11+'調查(集賢)'!AU11+'調查(集賢)'!AV11+'調查(集賢)'!AW11+'調查(集賢)'!CF11+'調查(集賢)'!CG11+'調查(集賢)'!CH11+'調查(集賢)'!CI11+'調查(集賢)'!CJ11+'調查(集賢)'!CK11+'調查(集賢)'!DS11+'調查(集賢)'!DT11+'調查(集賢)'!DU11+'調查(集賢)'!DV11+'調查(集賢)'!DW11+'調查(集賢)'!DX11 -> 0 | F14: ='調查(集賢)'!R11+'調查(集賢)'!S11+'調查(集賢)'!T11+'調查(集賢)'!U11+'調查(集賢)'!V11+'調查(集賢)'!W11+'調查(集賢)'!BF11+'調查(集賢)'!BG11+'調查(集賢)'!BH11+'調查(集賢)'!BI11+'調查(集賢)'!BJ11+'調查(集賢)'!BK11+'調查(集賢)'!CS11+'調查(集賢)'!CT11+'調查(集賢)'!CU11+'調查(集賢)'!CV11+'調查(集賢)'!CW11+'調查(集賢)'!CX11+'調查(集賢)'!EF11+'調查(集賢)'!EG11+'調查(集賢)'!EH11+'調查(集賢)'!EI11+'調查(集賢)'!EJ11+'調查(集賢)'!EK11 -> 0 | G14: ='調查(集賢)'!AE11+'調查(集賢)'!AF11+'調查(集賢)'!AG11+'調查(集賢)'!AH11+'調查(集賢)'!AI11+'調查(集賢)'!AJ11+'調查(集賢)'!BS11+'調查(集賢)'!BT11+'調查(集賢)'!BU11+'調查(集賢)'!BV11+'調查(集賢)'!BW11+'調查(集賢)'!BX11+'調查(集賢)'!DF11+'調查(集賢)'!DG11+'調查(集賢)'!DH11+'調查(集賢)'!DI11+'調查(集賢)'!DJ11+'調查(集賢)'!DK11+'調查(集賢)'!ES11+'調查(集賢)'!ET11+'調查(集賢)'!EU11+'調查(集賢)'!EV11+'調查(集賢)'!EW11+'調查(集賢)'!EX11 -> 0 | H14: - | I14: ='調查(集賢)'!J11+'調查(集賢)'!K11+'調查(集賢)'!L11+'調查(集賢)'!M11+'調查(集賢)'!AX11+'調查(集賢)'!AY11+'調查(集賢)'!AZ11+'調查(集賢)'!BA11+'調查(集賢)'!CL11+'調查(集賢)'!CM11+'調查(集賢)'!CN11+'調查(集賢)'!CO11+'調查(集賢)'!DY11+'調查(集賢)'!DZ11+'調查(集賢)'!EA11+'調查(集賢)'!EB11 -> 0 | J14: ='調查(集賢)'!X11+'調查(集賢)'!Y11+'調查(集賢)'!Z11+'調查(集賢)'!AA11+'調查(集賢)'!BL11+'調查(集賢)'!BM11+'調查(集賢)'!BN11+'調查(集賢)'!BO11+'調查(集賢)'!CY11+'調查(集賢)'!CZ11+'調查(集賢)'!DA11+'調查(集賢)'!DB11+'調查(集賢)'!EL11+'調查(集賢)'!EM11+'調查(集賢)'!EN11+'調查(集賢)'!EO11 -> 0 | K14: ='調查(集賢)'!AK11+'調查(集賢)'!AL11+'調查(集賢)'!AM11+'調查(集賢)'!AN11+'調查(集賢)'!BY11+'調查(集賢)'!BZ11+'調查(集賢)'!CA11+'調查(集賢)'!CB11+'調查(集賢)'!DL11+'調查(集賢)'!DM11+'調查(集賢)'!DN11+'調查(集賢)'!DO11+'調查(集賢)'!EY11+'調查(集賢)'!EZ11+'調查(集賢)'!FA11+'調查(集賢)'!FB11 -> 0 | L14: - | M14: - | N14: ='調查(集賢)'!Q11+'調查(集賢)'!BE11 -> 0 | O14: ='調查(集賢)'!N11+'調查(集賢)'!O11+'調查(集賢)'!P11+'調查(集賢)'!BB11+'調查(集賢)'!BC11+'調查(集賢)'!BD11+'調查(集賢)'!CP11+'調查(集賢)'!CQ11+'調查(集賢)'!CR11+'調查(集賢)'!EC11+'調查(集賢)'!ED11+'調查(集賢)'!EE11 -> 0 | P14: - | Q14: =IF(AE14>0,AE14-AH14-AH110,0) -> 0 | R14: - | S14: ='調查(集賢)'!AO11+'調查(集賢)'!AP11+'調查(集賢)'!AQ11+'調查(集賢)'!CC11+'調查(集賢)'!CD11+'調查(集賢)'!CE11+'調查(集賢)'!DP11+'調查(集賢)'!DQ11+'調查(集賢)'!DR11+'調查(集賢)'!FC11+'調查(集賢)'!FD11+'調查(集賢)'!FE11 -> 0 | V14: ='調查(集賢)'!D11+'調查(集賢)'!E11+'調查(集賢)'!F11+'調查(集賢)'!G11+'調查(集賢)'!H11+'調查(集賢)'!I11+'調查(集賢)'!AR11+'調查(集賢)'!AS11+'調查(集賢)'!AT11+'調查(集賢)'!AU11+'調查(集賢)'!AV11+'調查(集賢)'!AW11+'調查(集賢)'!CF11+'調查(集賢)'!CG11+'調查(集賢)'!CH11+'調查(集賢)'!CI11+'調查(集賢)'!CJ11+'調查(集賢)'!CK11+'調查(集賢)'!DS11+'調查(集賢)'!DT11+'調查(集賢)'!DU11+'調查(集賢)'!DV11+'調查(集賢)'!DW11+'調查(集賢)'!DX11 -> 0 | W14: ='調查(集賢)'!R11+'調查(集賢)'!S11+'調查(集賢)'!T11+'調查(集賢)'!U11+'調查(集賢)'!V11+'調查(集賢)'!W11+'調查(集賢)'!BF11+'調查(集賢)'!BG11+'調查(集賢)'!BH11+'調查(集賢)'!BI11+'調查(集賢)'!BJ11+'調查(集賢)'!BK11+'調查(集賢)'!CS11+'調查(集賢)'!CT11+'調查(集賢)'!CU11+'調查(集賢)'!CV11+'調查(集賢)'!CW11+'調查(集賢)'!CX11+'調查(集賢)'!EF11+'調查(集賢)'!EG11+'調查(集賢)'!EH11+'調查(集賢)'!EI11+'調查(集賢)'!EJ11+'調查(集賢)'!EK11 -> 0 | X14: ='調查(集賢)'!AE11+'調查(集賢)'!AF11+'調查(集賢)'!AG11+'調查(集賢)'!AH11+'調查(集賢)'!AI11+'調查(集賢)'!AJ11+'調查(集賢)'!BS11+'調查(集賢)'!BT11+'調查(集賢)'!BU11+'調查(集賢)'!BV11+'調查(集賢)'!BW11+'調查(集賢)'!BX11+'調查(集賢)'!DF11+'調查(集賢)'!DG11+'調查(集賢)'!DH11+'調查(集賢)'!DI11+'調查(集賢)'!DJ11+'調查(集賢)'!DK11+'調查(集賢)'!ES11+'調查(集賢)'!ET11+'調查(集賢)'!EU11+'調查(集賢)'!EV11+'調查(集賢)'!EW11+'調查(集賢)'!EX11 -> 0 | Z14: ='調查(集賢)'!J11+'調查(集賢)'!K11+'調查(集賢)'!L11+'調查(集賢)'!M11+'調查(集賢)'!AX11+'調查(集賢)'!AY11+'調查(集賢)'!AZ11+'調查(集賢)'!BA11+'調查(集賢)'!CL11+'調查(集賢)'!CM11+'調查(集賢)'!CN11+'調查(集賢)'!CO11+'調查(集賢)'!DY11+'調查(集賢)'!DZ11+'調查(集賢)'!EA11+'調查(集賢)'!EB11 -> 0 | AA14: ='調查(集賢)'!X11+'調查(集賢)'!Y11+'調查(集賢)'!Z11+'調查(集賢)'!AA11+'調查(集賢)'!BL11+'調查(集賢)'!BM11+'調查(集賢)'!BN11+'調查(集賢)'!BO11+'調查(集賢)'!CY11+'調查(集賢)'!CZ11+'調查(集賢)'!DA11+'調查(集賢)'!DB11+'調查(集賢)'!EL11+'調查(集賢)'!EM11+'調查(集賢)'!EN11+'調查(集賢)'!EO11 -> 0 | AB14: ='調查(集賢)'!AK11+'調查(集賢)'!AL11+'調查(集賢)'!AM11+'調查(集賢)'!AN11+'調查(集賢)'!BY11+'調查(集賢)'!BZ11+'調查(集賢)'!CA11+'調查(集賢)'!CB11+'調查(集賢)'!DL11+'調查(集賢)'!DM11+'調查(集賢)'!DN11+'調查(集賢)'!DO11+'調查(集賢)'!EY11+'調查(集賢)'!EZ11+'調查(集賢)'!FA11+'調查(集賢)'!FB11 -> 0 | AD14: ='調查(集賢)'!N11+'調查(集賢)'!O11+'調查(集賢)'!P11+'調查(集賢)'!BB11+'調查(集賢)'!BC11+'調查(集賢)'!BD11+'調查(集賢)'!CP11+'調查(集賢)'!CQ11+'調查(集賢)'!CR11+'調查(集賢)'!EC11+'調查(集賢)'!ED11+'調查(集賢)'!EE11 -> 0 | AE14: ='調查(集賢)'!AB11+'調查(集賢)'!AC11+'調查(集賢)'!AD11+'調查(集賢)'!BP11+'調查(集賢)'!BQ11+'調查(集賢)'!BR11+'調查(集賢)'!DC11+'調查(集賢)'!DD11+'調查(集賢)'!DE11+'調查(集賢)'!EP11+'調查(集賢)'!EQ11+'調查(集賢)'!ER11 -> 0 | AF14: ='調查(集賢)'!AO11+'調查(集賢)'!AP11+'調查(集賢)'!AQ11+'調查(集賢)'!CC11+'調查(集賢)'!CD11+'調查(集賢)'!CE11+'調查(集賢)'!DP11+'調查(集賢)'!DQ11+'調查(集賢)'!DR11+'調查(集賢)'!FC11+'調查(集賢)'!FD11+'調查(集賢)'!FE11 -> 0 | AH14: ='調查(集賢)'!Q11+'調查(集賢)'!BE11 -> 0
A15: A | B15: 0.10416667 | C15: 0.11458333 | D15: - | E15: ='調查(集賢)'!D12+'調查(集賢)'!E12+'調查(集賢)'!F12+'調查(集賢)'!G12+'調查(集賢)'!H12+'調查(集賢)'!I12+'調查(集賢)'!AR12+'調查(集賢)'!AS12+'調查(集賢)'!AT12+'調查(集賢)'!AU12+'調查(集賢)'!AV12+'調查(集賢)'!AW12+'調查(集賢)'!CF12+'調查(集賢)'!CG12+'調查(集賢)'!CH12+'調查(集賢)'!CI12+'調查(集賢)'!CJ12+'調查(集賢)'!CK12+'調查(集賢)'!DS12+'調查(集賢)'!DT12+'調查(集賢)'!DU12+'調查(集賢)'!DV12+'調查(集賢)'!DW12+'調查(集賢)'!DX12 -> 0 | F15: ='調查(集賢)'!R12+'調查(集賢)'!S12+'調查(集賢)'!T12+'調查(集賢)'!U12+'調查(集賢)'!V12+'調查(集賢)'!W12+'調查(集賢)'!BF12+'調查(集賢)'!BG12+'調查(集賢)'!BH12+'調查(集賢)'!BI12+'調查(集賢)'!BJ12+'調查(集賢)'!BK12+'調查(集賢)'!CS12+'調查(集賢)'!CT12+'調查(集賢)'!CU12+'調查(集賢)'!CV12+'調查(集賢)'!CW12+'調查(集賢)'!CX12+'調查(集賢)'!EF12+'調查(集賢)'!EG12+'調查(集賢)'!EH12+'調查(集賢)'!EI12+'調查(集賢)'!EJ12+'調查(集賢)'!EK12 -> 0 | G15: ='調查(集賢)'!AE12+'調查(集賢)'!AF12+'調查(集賢)'!AG12+'調查(集賢)'!AH12+'調查(集賢)'!AI12+'調查(集賢)'!AJ12+'調查(集賢)'!BS12+'調查(集賢)'!BT12+'調查(集賢)'!BU12+'調查(集賢)'!BV12+'調查(集賢)'!BW12+'調查(集賢)'!BX12+'調查(集賢)'!DF12+'調查(集賢)'!DG12+'調查(集賢)'!DH12+'調查(集賢)'!DI12+'調查(集賢)'!DJ12+'調查(集賢)'!DK12+'調查(集賢)'!ES12+'調查(集賢)'!ET12+'調查(集賢)'!EU12+'調查(集賢)'!EV12+'調查(集賢)'!EW12+'調查(集賢)'!EX12 -> 0 | H15: - | I15: ='調查(集賢)'!J12+'調查(集賢)'!K12+'調查(集賢)'!L12+'調查(集賢)'!M12+'調查(集賢)'!AX12+'調查(集賢)'!AY12+'調查(集賢)'!AZ12+'調查(集賢)'!BA12+'調查(集賢)'!CL12+'調查(集賢)'!CM12+'調查(集賢)'!CN12+'調查(集賢)'!CO12+'調查(集賢)'!DY12+'調查(集賢)'!DZ12+'調查(集賢)'!EA12+'調查(集賢)'!EB12 -> 0 | J15: ='調查(集賢)'!X12+'調查(集賢)'!Y12+'調查(集賢)'!Z12+'調查(集賢)'!AA12+'調查(集賢)'!BL12+'調查(集賢)'!BM12+'調查(集賢)'!BN12+'調查(集賢)'!BO12+'調查(集賢)'!CY12+'調查(集賢)'!CZ12+'調查(集賢)'!DA12+'調查(集賢)'!DB12+'調查(集賢)'!EL12+'調查(集賢)'!EM12+'調查(集賢)'!EN12+'調查(集賢)'!EO12 -> 0 | K15: ='調查(集賢)'!AK12+'調查(集賢)'!AL12+'調查(集賢)'!AM12+'調查(集賢)'!AN12+'調查(集賢)'!BY12+'調查(集賢)'!BZ12+'調查(集賢)'!CA12+'調查(集賢)'!CB12+'調查(集賢)'!DL12+'調查(集賢)'!DM12+'調查(集賢)'!DN12+'調查(集賢)'!DO12+'調查(集賢)'!EY12+'調查(集賢)'!EZ12+'調查(集賢)'!FA12+'調查(集賢)'!FB12 -> 0 | L15: - | M15: - | N15: ='調查(集賢)'!Q12+'調查(集賢)'!BE12 -> 0 | O15: ='調查(集賢)'!N12+'調查(集賢)'!O12+'調查(集賢)'!P12+'調查(集賢)'!BB12+'調查(集賢)'!BC12+'調查(集賢)'!BD12+'調查(集賢)'!CP12+'調查(集賢)'!CQ12+'調查(集賢)'!CR12+'調查(集賢)'!EC12+'調查(集賢)'!ED12+'調查(集賢)'!EE12 -> 0 | P15: - | Q15: =IF(AE15>0,AE15-AH15-AH111,0) -> 0 | R15: - | S15: ='調查(集賢)'!AO12+'調查(集賢)'!AP12+'調查(集賢)'!AQ12+'調查(集賢)'!CC12+'調查(集賢)'!CD12+'調查(集賢)'!CE12+'調查(集賢)'!DP12+'調查(集賢)'!DQ12+'調查(集賢)'!DR12+'調查(集賢)'!FC12+'調查(集賢)'!FD12+'調查(集賢)'!FE12 -> 0 | V15: ='調查(集賢)'!D12+'調查(集賢)'!E12+'調查(集賢)'!F12+'調查(集賢)'!G12+'調查(集賢)'!H12+'調查(集賢)'!I12+'調查(集賢)'!AR12+'調查(集賢)'!AS12+'調查(集賢)'!AT12+'調查(集賢)'!AU12+'調查(集賢)'!AV12+'調查(集賢)'!AW12+'調查(集賢)'!CF12+'調查(集賢)'!CG12+'調查(集賢)'!CH12+'調查(集賢)'!CI12+'調查(集賢)'!CJ12+'調查(集賢)'!CK12+'調查(集賢)'!DS12+'調查(集賢)'!DT12+'調查(集賢)'!DU12+'調查(集賢)'!DV12+'調查(集賢)'!DW12+'調查(集賢)'!DX12 -> 0 | W15: ='調查(集賢)'!R12+'調查(集賢)'!S12+'調查(集賢)'!T12+'調查(集賢)'!U12+'調查(集賢)'!V12+'調查(集賢)'!W12+'調查(集賢)'!BF12+'調查(集賢)'!BG12+'調查(集賢)'!BH12+'調查(集賢)'!BI12+'調查(集賢)'!BJ12+'調查(集賢)'!BK12+'調查(集賢)'!CS12+'調查(集賢)'!CT12+'調查(集賢)'!CU12+'調查(集賢)'!CV12+'調查(集賢)'!CW12+'調查(集賢)'!CX12+'調查(集賢)'!EF12+'調查(集賢)'!EG12+'調查(集賢)'!EH12+'調查(集賢)'!EI12+'調查(集賢)'!EJ12+'調查(集賢)'!EK12 -> 0 | X15: ='調查(集賢)'!AE12+'調查(集賢)'!AF12+'調查(集賢)'!AG12+'調查(集賢)'!AH12+'調查(集賢)'!AI12+'調查(集賢)'!AJ12+'調查(集賢)'!BS12+'調查(集賢)'!BT12+'調查(集賢)'!BU12+'調查(集賢)'!BV12+'調查(集賢)'!BW12+'調查(集賢)'!BX12+'調查(集賢)'!DF12+'調查(集賢)'!DG12+'調查(集賢)'!DH12+'調查(集賢)'!DI12+'調查(集賢)'!DJ12+'調查(集賢)'!DK12+'調查(集賢)'!ES12+'調查(集賢)'!ET12+'調查(集賢)'!EU12+'調查(集賢)'!EV12+'調查(集賢)'!EW12+'調查(集賢)'!EX12 -> 0 | Z15: ='調查(集賢)'!J12+'調查(集賢)'!K12+'調查(集賢)'!L12+'調查(集賢)'!M12+'調查(集賢)'!AX12+'調查(集賢)'!AY12+'調查(集賢)'!AZ12+'調查(集賢)'!BA12+'調查(集賢)'!CL12+'調查(集賢)'!CM12+'調查(集賢)'!CN12+'調查(集賢)'!CO12+'調查(集賢)'!DY12+'調查(集賢)'!DZ12+'調查(集賢)'!EA12+'調查(集賢)'!EB12 -> 0 | AA15: ='調查(集賢)'!X12+'調查(集賢)'!Y12+'調查(集賢)'!Z12+'調查(集賢)'!AA12+'調查(集賢)'!BL12+'調查(集賢)'!BM12+'調查(集賢)'!BN12+'調查(集賢)'!BO12+'調查(集賢)'!CY12+'調查(集賢)'!CZ12+'調查(集賢)'!DA12+'調查(集賢)'!DB12+'調查(集賢)'!EL12+'調查(集賢)'!EM12+'調查(集賢)'!EN12+'調查(集賢)'!EO12 -> 0 | AB15: ='調查(集賢)'!AK12+'調查(集賢)'!AL12+'調查(集賢)'!AM12+'調查(集賢)'!AN12+'調查(集賢)'!BY12+'調查(集賢)'!BZ12+'調查(集賢)'!CA12+'調查(集賢)'!CB12+'調查(集賢)'!DL12+'調查(集賢)'!DM12+'調查(集賢)'!DN12+'調查(集賢)'!DO12+'調查(集賢)'!EY12+'調查(集賢)'!EZ12+'調查(集賢)'!FA12+'調查(集賢)'!FB12 -> 0 | AD15: ='調查(集賢)'!N12+'調查(集賢)'!O12+'調查(集賢)'!P12+'調查(集賢)'!BB12+'調查(集賢)'!BC12+'調查(集賢)'!BD12+'調查(集賢)'!CP12+'調查(集賢)'!CQ12+'調查(集賢)'!CR12+'調查(集賢)'!EC12+'調查(集賢)'!ED12+'調查(集賢)'!EE12 -> 0 | AE15: ='調查(集賢)'!AB12+'調查(集賢)'!AC12+'調查(集賢)'!AD12+'調查(集賢)'!BP12+'調查(集賢)'!BQ12+'調查(集賢)'!BR12+'調查(集賢)'!DC12+'調查(集賢)'!DD12+'調查(集賢)'!DE12+'調查(集賢)'!EP12+'調查(集賢)'!EQ12+'調查(集賢)'!ER12 -> 0 | AF15: ='調查(集賢)'!AO12+'調查(集賢)'!AP12+'調查(集賢)'!AQ12+'調查(集賢)'!CC12+'調查(集賢)'!CD12+'調查(集賢)'!CE12+'調查(集賢)'!DP12+'調查(集賢)'!DQ12+'調查(集賢)'!DR12+'調查(集賢)'!FC12+'調查(集賢)'!FD12+'調查(集賢)'!FE12 -> 0 | AH15: ='調查(集賢)'!Q12+'調查(集賢)'!BE12 -> 0
A16: A | B16: 0.11458333 | C16: 0.125 | D16: - | E16: ='調查(集賢)'!D13+'調查(集賢)'!E13+'調查(集賢)'!F13+'調查(集賢)'!G13+'調查(集賢)'!H13+'調查(集賢)'!I13+'調查(集賢)'!AR13+'調查(集賢)'!AS13+'調查(集賢)'!AT13+'調查(集賢)'!AU13+'調查(集賢)'!AV13+'調查(集賢)'!AW13+'調查(集賢)'!CF13+'調查(集賢)'!CG13+'調查(集賢)'!CH13+'調查(集賢)'!CI13+'調查(集賢)'!CJ13+'調查(集賢)'!CK13+'調查(集賢)'!DS13+'調查(集賢)'!DT13+'調查(集賢)'!DU13+'調查(集賢)'!DV13+'調查(集賢)'!DW13+'調查(集賢)'!DX13 -> 0 | F16: ='調查(集賢)'!R13+'調查(集賢)'!S13+'調查(集賢)'!T13+'調查(集賢)'!U13+'調查(集賢)'!V13+'調查(集賢)'!W13+'調查(集賢)'!BF13+'調查(集賢)'!BG13+'調查(集賢)'!BH13+'調查(集賢)'!BI13+'調查(集賢)'!BJ13+'調查(集賢)'!BK13+'調查(集賢)'!CS13+'調查(集賢)'!CT13+'調查(集賢)'!CU13+'調查(集賢)'!CV13+'調查(集賢)'!CW13+'調查(集賢)'!CX13+'調查(集賢)'!EF13+'調查(集賢)'!EG13+'調查(集賢)'!EH13+'調查(集賢)'!EI13+'調查(集賢)'!EJ13+'調查(集賢)'!EK13 -> 0 | G16: ='調查(集賢)'!AE13+'調查(集賢)'!AF13+'調查(集賢)'!AG13+'調查(集賢)'!AH13+'調查(集賢)'!AI13+'調查(集賢)'!AJ13+'調查(集賢)'!BS13+'調查(集賢)'!BT13+'調查(集賢)'!BU13+'調查(集賢)'!BV13+'調查(集賢)'!BW13+'調查(集賢)'!BX13+'調查(集賢)'!DF13+'調查(集賢)'!DG13+'調查(集賢)'!DH13+'調查(集賢)'!DI13+'調查(集賢)'!DJ13+'調查(集賢)'!DK13+'調查(集賢)'!ES13+'調查(集賢)'!ET13+'調查(集賢)'!EU13+'調查(集賢)'!EV13+'調查(集賢)'!EW13+'調查(集賢)'!EX13 -> 0 | H16: - | I16: ='調查(集賢)'!J13+'調查(集賢)'!K13+'調查(集賢)'!L13+'調查(集賢)'!M13+'調查(集賢)'!AX13+'調查(集賢)'!AY13+'調查(集賢)'!AZ13+'調查(集賢)'!BA13+'調查(集賢)'!CL13+'調查(集賢)'!CM13+'調查(集賢)'!CN13+'調查(集賢)'!CO13+'調查(集賢)'!DY13+'調查(集賢)'!DZ13+'調查(集賢)'!EA13+'調查(集賢)'!EB13 -> 0 | J16: ='調查(集賢)'!X13+'調查(集賢)'!Y13+'調查(集賢)'!Z13+'調查(集賢)'!AA13+'調查(集賢)'!BL13+'調查(集賢)'!BM13+'調查(集賢)'!BN13+'調查(集賢)'!BO13+'調查(集賢)'!CY13+'調查(集賢)'!CZ13+'調查(集賢)'!DA13+'調查(集賢)'!DB13+'調查(集賢)'!EL13+'調查(集賢)'!EM13+'調查(集賢)'!EN13+'調查(集賢)'!EO13 -> 0 | K16: ='調查(集賢)'!AK13+'調查(集賢)'!AL13+'調查(集賢)'!AM13+'調查(集賢)'!AN13+'調查(集賢)'!BY13+'調查(集賢)'!BZ13+'調查(集賢)'!CA13+'調查(集賢)'!CB13+'調查(集賢)'!DL13+'調查(集賢)'!DM13+'調查(集賢)'!DN13+'調查(集賢)'!DO13+'調查(集賢)'!EY13+'調查(集賢)'!EZ13+'調查(集賢)'!FA13+'調查(集賢)'!FB13 -> 0 | L16: - | M16: - | N16: ='調查(集賢)'!Q13+'調查(集賢)'!BE13 -> 0 | O16: ='調查(集賢)'!N13+'調查(集賢)'!O13+'調查(集賢)'!P13+'調查(集賢)'!BB13+'調查(集賢)'!BC13+'調查(集賢)'!BD13+'調查(集賢)'!CP13+'調查(集賢)'!CQ13+'調查(集賢)'!CR13+'調查(集賢)'!EC13+'調查(集賢)'!ED13+'調查(集賢)'!EE13 -> 0 | P16: - | Q16: =IF(AE16>0,AE16-AH16-AH112,0) -> 0 | R16: - | S16: ='調查(集賢)'!AO13+'調查(集賢)'!AP13+'調查(集賢)'!AQ13+'調查(集賢)'!CC13+'調查(集賢)'!CD13+'調查(集賢)'!CE13+'調查(集賢)'!DP13+'調查(集賢)'!DQ13+'調查(集賢)'!DR13+'調查(集賢)'!FC13+'調查(集賢)'!FD13+'調查(集賢)'!FE13 -> 0 | V16: ='調查(集賢)'!D13+'調查(集賢)'!E13+'調查(集賢)'!F13+'調查(集賢)'!G13+'調查(集賢)'!H13+'調查(集賢)'!I13+'調查(集賢)'!AR13+'調查(集賢)'!AS13+'調查(集賢)'!AT13+'調查(集賢)'!AU13+'調查(集賢)'!AV13+'調查(集賢)'!AW13+'調查(集賢)'!CF13+'調查(集賢)'!CG13+'調查(集賢)'!CH13+'調查(集賢)'!CI13+'調查(集賢)'!CJ13+'調查(集賢)'!CK13+'調查(集賢)'!DS13+'調查(集賢)'!DT13+'調查(集賢)'!DU13+'調查(集賢)'!DV13+'調查(集賢)'!DW13+'調查(集賢)'!DX13 -> 0 | W16: ='調查(集賢)'!R13+'調查(集賢)'!S13+'調查(集賢)'!T13+'調查(集賢)'!U13+'調查(集賢)'!V13+'調查(集賢)'!W13+'調查(集賢)'!BF13+'調查(集賢)'!BG13+'調查(集賢)'!BH13+'調查(集賢)'!BI13+'調查(集賢)'!BJ13+'調查(集賢)'!BK13+'調查(集賢)'!CS13+'調查(集賢)'!CT13+'調查(集賢)'!CU13+'調查(集賢)'!CV13+'調查(集賢)'!CW13+'調查(集賢)'!CX13+'調查(集賢)'!EF13+'調查(集賢)'!EG13+'調查(集賢)'!EH13+'調查(集賢)'!EI13+'調查(集賢)'!EJ13+'調查(集賢)'!EK13 -> 0 | X16: ='調查(集賢)'!AE13+'調查(集賢)'!AF13+'調查(集賢)'!AG13+'調查(集賢)'!AH13+'調查(集賢)'!AI13+'調查(集賢)'!AJ13+'調查(集賢)'!BS13+'調查(集賢)'!BT13+'調查(集賢)'!BU13+'調查(集賢)'!BV13+'調查(集賢)'!BW13+'調查(集賢)'!BX13+'調查(集賢)'!DF13+'調查(集賢)'!DG13+'調查(集賢)'!DH13+'調查(集賢)'!DI13+'調查(集賢)'!DJ13+'調查(集賢)'!DK13+'調查(集賢)'!ES13+'調查(集賢)'!ET13+'調查(集賢)'!EU13+'調查(集賢)'!EV13+'調查(集賢)'!EW13+'調查(集賢)'!EX13 -> 0 | Z16: ='調查(集賢)'!J13+'調查(集賢)'!K13+'調查(集賢)'!L13+'調查(集賢)'!M13+'調查(集賢)'!AX13+'調查(集賢)'!AY13+'調查(集賢)'!AZ13+'調查(集賢)'!BA13+'調查(集賢)'!CL13+'調查(集賢)'!CM13+'調查(集賢)'!CN13+'調查(集賢)'!CO13+'調查(集賢)'!DY13+'調查(集賢)'!DZ13+'調查(集賢)'!EA13+'調查(集賢)'!EB13 -> 0 | AA16: ='調查(集賢)'!X13+'調查(集賢)'!Y13+'調查(集賢)'!Z13+'調查(集賢)'!AA13+'調查(集賢)'!BL13+'調查(集賢)'!BM13+'調查(集賢)'!BN13+'調查(集賢)'!BO13+'調查(集賢)'!CY13+'調查(集賢)'!CZ13+'調查(集賢)'!DA13+'調查(集賢)'!DB13+'調查(集賢)'!EL13+'調查(集賢)'!EM13+'調查(集賢)'!EN13+'調查(集賢)'!EO13 -> 0 | AB16: ='調查(集賢)'!AK13+'調查(集賢)'!AL13+'調查(集賢)'!AM13+'調查(集賢)'!AN13+'調查(集賢)'!BY13+'調查(集賢)'!BZ13+'調查(集賢)'!CA13+'調查(集賢)'!CB13+'調查(集賢)'!DL13+'調查(集賢)'!DM13+'調查(集賢)'!DN13+'調查(集賢)'!DO13+'調查(集賢)'!EY13+'調查(集賢)'!EZ13+'調查(集賢)'!FA13+'調查(集賢)'!FB13 -> 0 | AD16: ='調查(集賢)'!N13+'調查(集賢)'!O13+'調查(集賢)'!P13+'調查(集賢)'!BB13+'調查(集賢)'!BC13+'調查(集賢)'!BD13+'調查(集賢)'!CP13+'調查(集賢)'!CQ13+'調查(集賢)'!CR13+'調查(集賢)'!EC13+'調查(集賢)'!ED13+'調查(集賢)'!EE13 -> 0 | AE16: ='調查(集賢)'!AB13+'調查(集賢)'!AC13+'調查(集賢)'!AD13+'調查(集賢)'!BP13+'調查(集賢)'!BQ13+'調查(集賢)'!BR13+'調查(集賢)'!DC13+'調查(集賢)'!DD13+'調查(集賢)'!DE13+'調查(集賢)'!EP13+'調查(集賢)'!EQ13+'調查(集賢)'!ER13 -> 0 | AF16: ='調查(集賢)'!AO13+'調查(集賢)'!AP13+'調查(集賢)'!AQ13+'調查(集賢)'!CC13+'調查(集賢)'!CD13+'調查(集賢)'!CE13+'調查(集賢)'!DP13+'調查(集賢)'!DQ13+'調查(集賢)'!DR13+'調查(集賢)'!FC13+'調查(集賢)'!FD13+'調查(集賢)'!FE13 -> 0 | AH16: ='調查(集賢)'!Q13+'調查(集賢)'!BE13 -> 0
... A99: A | B99: 0.97916667 | C99: 0.98958333 | D99: - | E99: ='調查(集賢)'!D96+'調查(集賢)'!E96+'調查(集賢)'!F96+'調查(集賢)'!G96+'調查(集賢)'!H96+'調查(集賢)'!I96+'調查(集賢)'!AR96+'調查(集賢)'!AS96+'調查(集賢)'!AT96+'調查(集賢)'!AU96+'調查(集賢)'!AV96+'調查(集賢)'!AW96+'調查(集賢)'!CF96+'調查(集賢)'!CG96+'調查(集賢)'!CH96+'調查(集賢)'!CI96+'調查(集賢)'!CJ96+'調查(集賢)'!CK96+'調查(集賢)'!DS96+'調查(集賢)'!DT96+'調查(集賢)'!DU96+'調查(集賢)'!DV96+'調查(集賢)'!DW96+'調查(集賢)'!DX96 -> 0 | F99: ='調查(集賢)'!R96+'調查(集賢)'!S96+'調查(集賢)'!T96+'調查(集賢)'!U96+'調查(集賢)'!V96+'調查(集賢)'!W96+'調查(集賢)'!BF96+'調查(集賢)'!BG96+'調查(集賢)'!BH96+'調查(集賢)'!BI96+'調查(集賢)'!BJ96+'調查(集賢)'!BK96+'調查(集賢)'!CS96+'調查(集賢)'!CT96+'調查(集賢)'!CU96+'調查(集賢)'!CV96+'調查(集賢)'!CW96+'調查(集賢)'!CX96+'調查(集賢)'!EF96+'調查(集賢)'!EG96+'調查(集賢)'!EH96+'調查(集賢)'!EI96+'調查(集賢)'!EJ96+'調查(集賢)'!EK96 -> 0 | G99: ='調查(集賢)'!AE96+'調查(集賢)'!AF96+'調查(集賢)'!AG96+'調查(集賢)'!AH96+'調查(集賢)'!AI96+'調查(集賢)'!AJ96+'調查(集賢)'!BS96+'調查(集賢)'!BT96+'調查(集賢)'!BU96+'調查(集賢)'!BV96+'調查(集賢)'!BW96+'調查(集賢)'!BX96+'調查(集賢)'!DF96+'調查(集賢)'!DG96+'調查(集賢)'!DH96+'調查(集賢)'!DI96+'調查(集賢)'!DJ96+'調查(集賢)'!DK96+'調查(集賢)'!ES96+'調查(集賢)'!ET96+'調查(集賢)'!EU96+'調查(集賢)'!EV96+'調查(集賢)'!EW96+'調查(集賢)'!EX96 -> 0 | H99: - | I99: ='調查(集賢)'!J96+'調查(集賢)'!K96+'調查(集賢)'!L96+'調查(集賢)'!M96+'調查(集賢)'!AX96+'調查(集賢)'!AY96+'調查(集賢)'!AZ96+'調查(集賢)'!BA96+'調查(集賢)'!CL96+'調查(集賢)'!CM96+'調查(集賢)'!CN96+'調查(集賢)'!CO96+'調查(集賢)'!DY96+'調查(集賢)'!DZ96+'調查(集賢)'!EA96+'調查(集賢)'!EB96 -> 0 | J99: ='調查(集賢)'!X96+'調查(集賢)'!Y96+'調查(集賢)'!Z96+'調查(集賢)'!AA96+'調查(集賢)'!BL96+'調查(集賢)'!BM96+'調查(集賢)'!BN96+'調查(集賢)'!BO96+'調查(集賢)'!CY96+'調查(集賢)'!CZ96+'調查(集賢)'!DA96+'調查(集賢)'!DB96+'調查(集賢)'!EL96+'調查(集賢)'!EM96+'調查(集賢)'!EN96+'調查(集賢)'!EO96 -> 0 | K99: ='調查(集賢)'!AK96+'調查(集賢)'!AL96+'調查(集賢)'!AM96+'調查(集賢)'!AN96+'調查(集賢)'!BY96+'調查(集賢)'!BZ96+'調查(集賢)'!CA96+'調查(集賢)'!CB96+'調查(集賢)'!DL96+'調查(集賢)'!DM96+'調查(集賢)'!DN96+'調查(集賢)'!DO96+'調查(集賢)'!EY96+'調查(集賢)'!EZ96+'調查(集賢)'!FA96+'調查(集賢)'!FB96 -> 0 | L99: - | M99: - | N99: ='調查(集賢)'!Q96+'調查(集賢)'!BE96 -> 0 | O99: ='調查(集賢)'!N96+'調查(集賢)'!O96+'調查(集賢)'!P96+'調查(集賢)'!BB96+'調查(集賢)'!BC96+'調查(集賢)'!BD96+'調查(集賢)'!CP96+'調查(集賢)'!CQ96+'調查(集賢)'!CR96+'調查(集賢)'!EC96+'調查(集賢)'!ED96+'調查(集賢)'!EE96 -> 0 | P99: - | Q99: =IF(AE99>0,AE99-AH99-AH195,0) -> 0 | R99: - | S99: ='調查(集賢)'!AO96+'調查(集賢)'!AP96+'調查(集賢)'!AQ96+'調查(集賢)'!CC96+'調查(集賢)'!CD96+'調查(集賢)'!CE96+'調查(集賢)'!DP96+'調查(集賢)'!DQ96+'調查(集賢)'!DR96+'調查(集賢)'!FC96+'調查(集賢)'!FD96+'調查(集賢)'!FE96 -> 0 | V99: ='調查(集賢)'!D96+'調查(集賢)'!E96+'調查(集賢)'!F96+'調查(集賢)'!G96+'調查(集賢)'!H96+'調查(集賢)'!I96+'調查(集賢)'!AR96+'調查(集賢)'!AS96+'調查(集賢)'!AT96+'調查(集賢)'!AU96+'調查(集賢)'!AV96+'調查(集賢)'!AW96+'調查(集賢)'!CF96+'調查(集賢)'!CG96+'調查(集賢)'!CH96+'調查(集賢)'!CI96+'調查(集賢)'!CJ96+'調查(集賢)'!CK96+'調查(集賢)'!DS96+'調查(集賢)'!DT96+'調查(集賢)'!DU96+'調查(集賢)'!DV96+'調查(集賢)'!DW96+'調查(集賢)'!DX96 -> 0 | W99: ='調查(集賢)'!R96+'調查(集賢)'!S96+'調查(集賢)'!T96+'調查(集賢)'!U96+'調查(集賢)'!V96+'調查(集賢)'!W96+'調查(集賢)'!BF96+'調查(集賢)'!BG96+'調查(集賢)'!BH96+'調查(集賢)'!BI96+'調查(集賢)'!BJ96+'調查(集賢)'!BK96+'調查(集賢)'!CS96+'調查(集賢)'!CT96+'調查(集賢)'!CU96+'調查(集賢)'!CV96+'調查(集賢)'!CW96+'調查(集賢)'!CX96+'調查(集賢)'!EF96+'調查(集賢)'!EG96+'調查(集賢)'!EH96+'調查(集賢)'!EI96+'調查(集賢)'!EJ96+'調查(集賢)'!EK96 -> 0 | X99: ='調查(集賢)'!AE96+'調查(集賢)'!AF96+'調查(集賢)'!AG96+'調查(集賢)'!AH96+'調查(集賢)'!AI96+'調查(集賢)'!AJ96+'調查(集賢)'!BS96+'調查(集賢)'!BT96+'調查(集賢)'!BU96+'調查(集賢)'!BV96+'調查(集賢)'!BW96+'調查(集賢)'!BX96+'調查(集賢)'!DF96+'調查(集賢)'!DG96+'調查(集賢)'!DH96+'調查(集賢)'!DI96+'調查(集賢)'!DJ96+'調查(集賢)'!DK96+'調查(集賢)'!ES96+'調查(集賢)'!ET96+'調查(集賢)'!EU96+'調查(集賢)'!EV96+'調查(集賢)'!EW96+'調查(集賢)'!EX96 -> 0 | Z99: ='調查(集賢)'!J96+'調查(集賢)'!K96+'調查(集賢)'!L96+'調查(集賢)'!M96+'調查(集賢)'!AX96+'調查(集賢)'!AY96+'調查(集賢)'!AZ96+'調查(集賢)'!BA96+'調查(集賢)'!CL96+'調查(集賢)'!CM96+'調查(集賢)'!CN96+'調查(集賢)'!CO96+'調查(集賢)'!DY96+'調查(集賢)'!DZ96+'調查(集賢)'!EA96+'調查(集賢)'!EB96 -> 0 | AA99: ='調查(集賢)'!X96+'調查(集賢)'!Y96+'調查(集賢)'!Z96+'調查(集賢)'!AA96+'調查(集賢)'!BL96+'調查(集賢)'!BM96+'調查(集賢)'!BN96+'調查(集賢)'!BO96+'調查(集賢)'!CY96+'調查(集賢)'!CZ96+'調查(集賢)'!DA96+'調查(集賢)'!DB96+'調查(集賢)'!EL96+'調查(集賢)'!EM96+'調查(集賢)'!EN96+'調查(集賢)'!EO96 -> 0 | AB99: ='調查(集賢)'!AK96+'調查(集賢)'!AL96+'調查(集賢)'!AM96+'調查(集賢)'!AN96+'調查(集賢)'!BY96+'調查(集賢)'!BZ96+'調查(集賢)'!CA96+'調查(集賢)'!CB96+'調查(集賢)'!DL96+'調查(集賢)'!DM96+'調查(集賢)'!DN96+'調查(集賢)'!DO96+'調查(集賢)'!EY96+'調查(集賢)'!EZ96+'調查(集賢)'!FA96+'調查(集賢)'!FB96 -> 0 | AD99: ='調查(集賢)'!N96+'調查(集賢)'!O96+'調查(集賢)'!P96+'調查(集賢)'!BB96+'調查(集賢)'!BC96+'調查(集賢)'!BD96+'調查(集賢)'!CP96+'調查(集賢)'!CQ96+'調查(集賢)'!CR96+'調查(集賢)'!EC96+'調查(集賢)'!ED96+'調查(集賢)'!EE96 -> 0 | AE99: ='調查(集賢)'!AB96+'調查(集賢)'!AC96+'調查(集賢)'!AD96+'調查(集賢)'!BP96+'調查(集賢)'!BQ96+'調查(集賢)'!BR96+'調查(集賢)'!DC96+'調查(集賢)'!DD96+'調查(集賢)'!DE96+'調查(集賢)'!EP96+'調查(集賢)'!EQ96+'調查(集賢)'!ER96 -> 0 | AF99: ='調查(集賢)'!AO96+'調查(集賢)'!AP96+'調查(集賢)'!AQ96+'調查(集賢)'!CC96+'調查(集賢)'!CD96+'調查(集賢)'!CE96+'調查(集賢)'!DP96+'調查(集賢)'!DQ96+'調查(集賢)'!DR96+'調查(集賢)'!FC96+'調查(集賢)'!FD96+'調查(集賢)'!FE96 -> 0 | AH99: ='調查(集賢)'!Q96+'調查(集賢)'!BE96 -> 0
A100: A | B100: 0.98958333 | C100: 24:00 | D100: - | E100: ='調查(集賢)'!D97+'調查(集賢)'!E97+'調查(集賢)'!F97+'調查(集賢)'!G97+'調查(集賢)'!H97+'調查(集賢)'!I97+'調查(集賢)'!AR97+'調查(集賢)'!AS97+'調查(集賢)'!AT97+'調查(集賢)'!AU97+'調查(集賢)'!AV97+'調查(集賢)'!AW97+'調查(集賢)'!CF97+'調查(集賢)'!CG97+'調查(集賢)'!CH97+'調查(集賢)'!CI97+'調查(集賢)'!CJ97+'調查(集賢)'!CK97+'調查(集賢)'!DS97+'調查(集賢)'!DT97+'調查(集賢)'!DU97+'調查(集賢)'!DV97+'調查(集賢)'!DW97+'調查(集賢)'!DX97 -> 0 | F100: ='調查(集賢)'!R97+'調查(集賢)'!S97+'調查(集賢)'!T97+'調查(集賢)'!U97+'調查(集賢)'!V97+'調查(集賢)'!W97+'調查(集賢)'!BF97+'調查(集賢)'!BG97+'調查(集賢)'!BH97+'調查(集賢)'!BI97+'調查(集賢)'!BJ97+'調查(集賢)'!BK97+'調查(集賢)'!CS97+'調查(集賢)'!CT97+'調查(集賢)'!CU97+'調查(集賢)'!CV97+'調查(集賢)'!CW97+'調查(集賢)'!CX97+'調查(集賢)'!EF97+'調查(集賢)'!EG97+'調查(集賢)'!EH97+'調查(集賢)'!EI97+'調查(集賢)'!EJ97+'調查(集賢)'!EK97 -> 0 | G100: ='調查(集賢)'!AE97+'調查(集賢)'!AF97+'調查(集賢)'!AG97+'調查(集賢)'!AH97+'調查(集賢)'!AI97+'調查(集賢)'!AJ97+'調查(集賢)'!BS97+'調查(集賢)'!BT97+'調查(集賢)'!BU97+'調查(集賢)'!BV97+'調查(集賢)'!BW97+'調查(集賢)'!BX97+'調查(集賢)'!DF97+'調查(集賢)'!DG97+'調查(集賢)'!DH97+'調查(集賢)'!DI97+'調查(集賢)'!DJ97+'調查(集賢)'!DK97+'調查(集賢)'!ES97+'調查(集賢)'!ET97+'調查(集賢)'!EU97+'調查(集賢)'!EV97+'調查(集賢)'!EW97+'調查(集賢)'!EX97 -> 0 | H100: - | I100: ='調查(集賢)'!J97+'調查(集賢)'!K97+'調查(集賢)'!L97+'調查(集賢)'!M97+'調查(集賢)'!AX97+'調查(集賢)'!AY97+'調查(集賢)'!AZ97+'調查(集賢)'!BA97+'調查(集賢)'!CL97+'調查(集賢)'!CM97+'調查(集賢)'!CN97+'調查(集賢)'!CO97+'調查(集賢)'!DY97+'調查(集賢)'!DZ97+'調查(集賢)'!EA97+'調查(集賢)'!EB97 -> 0 | J100: ='調查(集賢)'!X97+'調查(集賢)'!Y97+'調查(集賢)'!Z97+'調查(集賢)'!AA97+'調查(集賢)'!BL97+'調查(集賢)'!BM97+'調查(集賢)'!BN97+'調查(集賢)'!BO97+'調查(集賢)'!CY97+'調查(集賢)'!CZ97+'調查(集賢)'!DA97+'調查(集賢)'!DB97+'調查(集賢)'!EL97+'調查(集賢)'!EM97+'調查(集賢)'!EN97+'調查(集賢)'!EO97 -> 0 | K100: ='調查(集賢)'!AK97+'調查(集賢)'!AL97+'調查(集賢)'!AM97+'調查(集賢)'!AN97+'調查(集賢)'!BY97+'調查(集賢)'!BZ97+'調查(集賢)'!CA97+'調查(集賢)'!CB97+'調查(集賢)'!DL97+'調查(集賢)'!DM97+'調查(集賢)'!DN97+'調查(集賢)'!DO97+'調查(集賢)'!EY97+'調查(集賢)'!EZ97+'調查(集賢)'!FA97+'調查(集賢)'!FB97 -> 0 | L100: - | M100: - | N100: ='調查(集賢)'!Q97+'調查(集賢)'!BE97 -> 0 | O100: ='調查(集賢)'!N97+'調查(集賢)'!O97+'調查(集賢)'!P97+'調查(集賢)'!BB97+'調查(集賢)'!BC97+'調查(集賢)'!BD97+'調查(集賢)'!CP97+'調查(集賢)'!CQ97+'調查(集賢)'!CR97+'調查(集賢)'!EC97+'調查(集賢)'!ED97+'調查(集賢)'!EE97 -> 0 | P100: - | Q100: =IF(AE100>0,AE100-AH100-AH196,0) -> 0 | R100: - | S100: ='調查(集賢)'!AO97+'調查(集賢)'!AP97+'調查(集賢)'!AQ97+'調查(集賢)'!CC97+'調查(集賢)'!CD97+'調查(集賢)'!CE97+'調查(集賢)'!DP97+'調查(集賢)'!DQ97+'調查(集賢)'!DR97+'調查(集賢)'!FC97+'調查(集賢)'!FD97+'調查(集賢)'!FE97 -> 0 | V100: ='調查(集賢)'!D97+'調查(集賢)'!E97+'調查(集賢)'!F97+'調查(集賢)'!G97+'調查(集賢)'!H97+'調查(集賢)'!I97+'調查(集賢)'!AR97+'調查(集賢)'!AS97+'調查(集賢)'!AT97+'調查(集賢)'!AU97+'調查(集賢)'!AV97+'調查(集賢)'!AW97+'調查(集賢)'!CF97+'調查(集賢)'!CG97+'調查(集賢)'!CH97+'調查(集賢)'!CI97+'調查(集賢)'!CJ97+'調查(集賢)'!CK97+'調查(集賢)'!DS97+'調查(集賢)'!DT97+'調查(集賢)'!DU97+'調查(集賢)'!DV97+'調查(集賢)'!DW97+'調查(集賢)'!DX97 -> 0 | W100: ='調查(集賢)'!R97+'調查(集賢)'!S97+'調查(集賢)'!T97+'調查(集賢)'!U97+'調查(集賢)'!V97+'調查(集賢)'!W97+'調查(集賢)'!BF97+'調查(集賢)'!BG97+'調查(集賢)'!BH97+'調查(集賢)'!BI97+'調查(集賢)'!BJ97+'調查(集賢)'!BK97+'調查(集賢)'!CS97+'調查(集賢)'!CT97+'調查(集賢)'!CU97+'調查(集賢)'!CV97+'調查(集賢)'!CW97+'調查(集賢)'!CX97+'調查(集賢)'!EF97+'調查(集賢)'!EG97+'調查(集賢)'!EH97+'調查(集賢)'!EI97+'調查(集賢)'!EJ97+'調查(集賢)'!EK97 -> 0 | X100: ='調查(集賢)'!AE97+'調查(集賢)'!AF97+'調查(集賢)'!AG97+'調查(集賢)'!AH97+'調查(集賢)'!AI97+'調查(集賢)'!AJ97+'調查(集賢)'!BS97+'調查(集賢)'!BT97+'調查(集賢)'!BU97+'調查(集賢)'!BV97+'調查(集賢)'!BW97+'調查(集賢)'!BX97+'調查(集賢)'!DF97+'調查(集賢)'!DG97+'調查(集賢)'!DH97+'調查(集賢)'!DI97+'調查(集賢)'!DJ97+'調查(集賢)'!DK97+'調查(集賢)'!ES97+'調查(集賢)'!ET97+'調查(集賢)'!EU97+'調查(集賢)'!EV97+'調查(集賢)'!EW97+'調查(集賢)'!EX97 -> 0 | Z100: ='調查(集賢)'!J97+'調查(集賢)'!K97+'調查(集賢)'!L97+'調查(集賢)'!M97+'調查(集賢)'!AX97+'調查(集賢)'!AY97+'調查(集賢)'!AZ97+'調查(集賢)'!BA97+'調查(集賢)'!CL97+'調查(集賢)'!CM97+'調查(集賢)'!CN97+'調查(集賢)'!CO97+'調查(集賢)'!DY97+'調查(集賢)'!DZ97+'調查(集賢)'!EA97+'調查(集賢)'!EB97 -> 0 | AA100: ='調查(集賢)'!X97+'調查(集賢)'!Y97+'調查(集賢)'!Z97+'調查(集賢)'!AA97+'調查(集賢)'!BL97+'調查(集賢)'!BM97+'調查(集賢)'!BN97+'調查(集賢)'!BO97+'調查(集賢)'!CY97+'調查(集賢)'!CZ97+'調查(集賢)'!DA97+'調查(集賢)'!DB97+'調查(集賢)'!EL97+'調查(集賢)'!EM97+'調查(集賢)'!EN97+'調查(集賢)'!EO97 -> 0 | AB100: ='調查(集賢)'!AK97+'調查(集賢)'!AL97+'調查(集賢)'!AM97+'調查(集賢)'!AN97+'調查(集賢)'!BY97+'調查(集賢)'!BZ97+'調查(集賢)'!CA97+'調查(集賢)'!CB97+'調查(集賢)'!DL97+'調查(集賢)'!DM97+'調查(集賢)'!DN97+'調查(集賢)'!DO97+'調查(集賢)'!EY97+'調查(集賢)'!EZ97+'調查(集賢)'!FA97+'調查(集賢)'!FB97 -> 0 | AD100: ='調查(集賢)'!N97+'調查(集賢)'!O97+'調查(集賢)'!P97+'調查(集賢)'!BB97+'調查(集賢)'!BC97+'調查(集賢)'!BD97+'調查(集賢)'!CP97+'調查(集賢)'!CQ97+'調查(集賢)'!CR97+'調查(集賢)'!EC97+'調查(集賢)'!ED97+'調查(集賢)'!EE97 -> 0 | AE100: ='調查(集賢)'!AB97+'調查(集賢)'!AC97+'調查(集賢)'!AD97+'調查(集賢)'!BP97+'調查(集賢)'!BQ97+'調查(集賢)'!BR97+'調查(集賢)'!DC97+'調查(集賢)'!DD97+'調查(集賢)'!DE97+'調查(集賢)'!EP97+'調查(集賢)'!EQ97+'調查(集賢)'!ER97 -> 0 | AF100: ='調查(集賢)'!AO97+'調查(集賢)'!AP97+'調查(集賢)'!AQ97+'調查(集賢)'!CC97+'調查(集賢)'!CD97+'調查(集賢)'!CE97+'調查(集賢)'!DP97+'調查(集賢)'!DQ97+'調查(集賢)'!DR97+'調查(集賢)'!FC97+'調查(集賢)'!FD97+'調查(集賢)'!FE97 -> 0 | AH100: ='調查(集賢)'!Q97+'調查(集賢)'!BE97 -> 0
A101: B | B101: 0 | C101: 0.010416667 | D101: ='調查(集賢)'!AE98+'調查(集賢)'!AF98+'調查(集賢)'!AG98+'調查(集賢)'!AH98+'調查(集賢)'!AI98+'調查(集賢)'!AJ98+'調查(集賢)'!BS98+'調查(集賢)'!BT98+'調查(集賢)'!BU98+'調查(集賢)'!BV98+'調查(集賢)'!BW98+'調查(集賢)'!BX98+'調查(集賢)'!DF98+'調查(集賢)'!DG98+'調查(集賢)'!DH98+'調查(集賢)'!DI98+'調查(集賢)'!DJ98+'調查(集賢)'!DK98+'調查(集賢)'!ES98+'調查(集賢)'!ET98+'調查(集賢)'!EU98+'調查(集賢)'!EV98+'調查(集賢)'!EW98+'調查(集賢)'!EX98 -> 0 | E101: - | F101: ='調查(集賢)'!D98+'調查(集賢)'!E98+'調查(集賢)'!F98+'調查(集賢)'!G98+'調查(集賢)'!H98+'調查(集賢)'!I98+'調查(集賢)'!AR98+'調查(集賢)'!AS98+'調查(集賢)'!AT98+'調查(集賢)'!AU98+'調查(集賢)'!AV98+'調查(集賢)'!AW98+'調查(集賢)'!CF98+'調查(集賢)'!CG98+'調查(集賢)'!CH98+'調查(集賢)'!CI98+'調查(集賢)'!CJ98+'調查(集賢)'!CK98+'調查(集賢)'!DS98+'調查(集賢)'!DT98+'調查(集賢)'!DU98+'調查(集賢)'!DV98+'調查(集賢)'!DW98+'調查(集賢)'!DX98 -> 0 | G101: ='調查(集賢)'!R98+'調查(集賢)'!S98+'調查(集賢)'!T98+'調查(集賢)'!U98+'調查(集賢)'!V98+'調查(集賢)'!W98+'調查(集賢)'!BF98+'調查(集賢)'!BG98+'調查(集賢)'!BH98+'調查(集賢)'!BI98+'調查(集賢)'!BJ98+'調查(集賢)'!BK98+'調查(集賢)'!CS98+'調查(集賢)'!CT98+'調查(集賢)'!CU98+'調查(集賢)'!CV98+'調查(集賢)'!CW98+'調查(集賢)'!CX98+'調查(集賢)'!EF98+'調查(集賢)'!EG98+'調查(集賢)'!EH98+'調查(集賢)'!EI98+'調查(集賢)'!EJ98+'調查(集賢)'!EK98 -> 0 | H101: ='調查(集賢)'!AK98+'調查(集賢)'!AL98+'調查(集賢)'!AM98+'調查(集賢)'!AN98+'調查(集賢)'!BY98+'調查(集賢)'!BZ98+'調查(集賢)'!CA98+'調查(集賢)'!CB98+'調查(集賢)'!DL98+'調查(集賢)'!DM98+'調查(集賢)'!DN98+'調查(集賢)'!DO98+'調查(集賢)'!EY98+'調查(集賢)'!EZ98+'調查(集賢)'!FA98+'調查(集賢)'!FB98 -> 0 | I101: - | J101: ='調查(集賢)'!J98+'調查(集賢)'!K98+'調查(集賢)'!L98+'調查(集賢)'!M98+'調查(集賢)'!AX98+'調查(集賢)'!AY98+'調查(集賢)'!AZ98+'調查(集賢)'!BA98+'調查(集賢)'!CL98+'調查(集賢)'!CM98+'調查(集賢)'!CN98+'調查(集賢)'!CO98+'調查(集賢)'!DY98+'調查(集賢)'!DZ98+'調查(集賢)'!EA98+'調查(集賢)'!EB98 -> 0 | K101: ='調查(集賢)'!X98+'調查(集賢)'!Y98+'調查(集賢)'!Z98+'調查(集賢)'!AA98+'調查(集賢)'!BL98+'調查(集賢)'!BM98+'調查(集賢)'!BN98+'調查(集賢)'!BO98+'調查(集賢)'!CY98+'調查(集賢)'!CZ98+'調查(集賢)'!DA98+'調查(集賢)'!DB98+'調查(集賢)'!EL98+'調查(集賢)'!EM98+'調查(集賢)'!EN98+'調查(集賢)'!EO98 -> 0 | L101: - | M101: ='調查(集賢)'!AO98+'調查(集賢)'!AP98+'調查(集賢)'!AQ98+'調查(集賢)'!CC98+'調查(集賢)'!CD98+'調查(集賢)'!CE98+'調查(集賢)'!DP98+'調查(集賢)'!DQ98+'調查(集賢)'!DR98+'調查(集賢)'!FC98+'調查(集賢)'!FD98+'調查(集賢)'!FE98 -> 0 | N101: - | O101: - | P101: ='調查(集賢)'!Q98+'調查(集賢)'!BE98 -> 0 | Q101: ='調查(集賢)'!N98+'調查(集賢)'!O98+'調查(集賢)'!P98+'調查(集賢)'!BB98+'調查(集賢)'!BC98+'調查(集賢)'!BD98+'調查(集賢)'!CP98+'調查(集賢)'!CQ98+'調查(集賢)'!CR98+'調查(集賢)'!EC98+'調查(集賢)'!ED98+'調查(集賢)'!EE98 -> 0 | R101: - | S101: =IF(AE101>0,AE101-AH101-AH197,0) -> 0 | V101: ='調查(集賢)'!D98+'調查(集賢)'!E98+'調查(集賢)'!F98+'調查(集賢)'!G98+'調查(集賢)'!H98+'調查(集賢)'!I98+'調查(集賢)'!AR98+'調查(集賢)'!AS98+'調查(集賢)'!AT98+'調查(集賢)'!AU98+'調查(集賢)'!AV98+'調查(集賢)'!AW98+'調查(集賢)'!CF98+'調查(集賢)'!CG98+'調查(集賢)'!CH98+'調查(集賢)'!CI98+'調查(集賢)'!CJ98+'調查(集賢)'!CK98+'調查(集賢)'!DS98+'調查(集賢)'!DT98+'調查(集賢)'!DU98+'調查(集賢)'!DV98+'調查(集賢)'!DW98+'調查(集賢)'!DX98 -> 0 | W101: ='調查(集賢)'!R98+'調查(集賢)'!S98+'調查(集賢)'!T98+'調查(集賢)'!U98+'調查(集賢)'!V98+'調查(集賢)'!W98+'調查(集賢)'!BF98+'調查(集賢)'!BG98+'調查(集賢)'!BH98+'調查(集賢)'!BI98+'調查(集賢)'!BJ98+'調查(集賢)'!BK98+'調查(集賢)'!CS98+'調查(集賢)'!CT98+'調查(集賢)'!CU98+'調查(集賢)'!CV98+'調查(集賢)'!CW98+'調查(集賢)'!CX98+'調查(集賢)'!EF98+'調查(集賢)'!EG98+'調查(集賢)'!EH98+'調查(集賢)'!EI98+'調查(集賢)'!EJ98+'調查(集賢)'!EK98 -> 0 | X101: ='調查(集賢)'!AE98+'調查(集賢)'!AF98+'調查(集賢)'!AG98+'調查(集賢)'!AH98+'調查(集賢)'!AI98+'調查(集賢)'!AJ98+'調查(集賢)'!BS98+'調查(集賢)'!BT98+'調查(集賢)'!BU98+'調查(集賢)'!BV98+'調查(集賢)'!BW98+'調查(集賢)'!BX98+'調查(集賢)'!DF98+'調查(集賢)'!DG98+'調查(集賢)'!DH98+'調查(集賢)'!DI98+'調查(集賢)'!DJ98+'調查(集賢)'!DK98+'調查(集賢)'!ES98+'調查(集賢)'!ET98+'調查(集賢)'!EU98+'調查(集賢)'!EV98+'調查(集賢)'!EW98+'調查(集賢)'!EX98 -> 0 | Z101: ='調查(集賢)'!J98+'調查(集賢)'!K98+'調查(集賢)'!L98+'調查(集賢)'!M98+'調查(集賢)'!AX98+'調查(集賢)'!AY98+'調查(集賢)'!AZ98+'調查(集賢)'!BA98+'調查(集賢)'!CL98+'調查(集賢)'!CM98+'調查(集賢)'!CN98+'調查(集賢)'!CO98+'調查(集賢)'!DY98+'調查(集賢)'!DZ98+'調查(集賢)'!EA98+'調查(集賢)'!EB98 -> 0 | AA101: ='調查(集賢)'!X98+'調查(集賢)'!Y98+'調查(集賢)'!Z98+'調查(集賢)'!AA98+'調查(集賢)'!BL98+'調查(集賢)'!BM98+'調查(集賢)'!BN98+'調查(集賢)'!BO98+'調查(集賢)'!CY98+'調查(集賢)'!CZ98+'調查(集賢)'!DA98+'調查(集賢)'!DB98+'調查(集賢)'!EL98+'調查(集賢)'!EM98+'調查(集賢)'!EN98+'調查(集賢)'!EO98 -> 0 | AB101: ='調查(集賢)'!AK98+'調查(集賢)'!AL98+'調查(集賢)'!AM98+'調查(集賢)'!AN98+'調查(集賢)'!BY98+'調查(集賢)'!BZ98+'調查(集賢)'!CA98+'調查(集賢)'!CB98+'調查(集賢)'!DL98+'調查(集賢)'!DM98+'調查(集賢)'!DN98+'調查(集賢)'!DO98+'調查(集賢)'!EY98+'調查(集賢)'!EZ98+'調查(集賢)'!FA98+'調查(集賢)'!FB98 -> 0 | AD101: ='調查(集賢)'!N98+'調查(集賢)'!O98+'調查(集賢)'!P98+'調查(集賢)'!BB98+'調查(集賢)'!BC98+'調查(集賢)'!BD98+'調查(集賢)'!CP98+'調查(集賢)'!CQ98+'調查(集賢)'!CR98+'調查(集賢)'!EC98+'調查(集賢)'!ED98+'調查(集賢)'!EE98 -> 0 | AE101: ='調查(集賢)'!AB98+'調查(集賢)'!AC98+'調查(集賢)'!AD98+'調查(集賢)'!BP98+'調查(集賢)'!BQ98+'調查(集賢)'!BR98+'調查(集賢)'!DC98+'調查(集賢)'!DD98+'調查(集賢)'!DE98+'調查(集賢)'!EP98+'調查(集賢)'!EQ98+'調查(集賢)'!ER98 -> 0 | AF101: ='調查(集賢)'!AO98+'調查(集賢)'!AP98+'調查(集賢)'!AQ98+'調查(集賢)'!CC98+'調查(集賢)'!CD98+'調查(集賢)'!CE98+'調查(集賢)'!DP98+'調查(集賢)'!DQ98+'調查(集賢)'!DR98+'調查(集賢)'!FC98+'調查(集賢)'!FD98+'調查(集賢)'!FE98 -> 0 | AH101: ='調查(集賢)'!Q98+'調查(集賢)'!BE98 -> 0
A102: B | B102: 0.010416667 | C102: 0.020833333 | D102: ='調查(集賢)'!AE99+'調查(集賢)'!AF99+'調查(集賢)'!AG99+'調查(集賢)'!AH99+'調查(集賢)'!AI99+'調查(集賢)'!AJ99+'調查(集賢)'!BS99+'調查(集賢)'!BT99+'調查(集賢)'!BU99+'調查(集賢)'!BV99+'調查(集賢)'!BW99+'調查(集賢)'!BX99+'調查(集賢)'!DF99+'調查(集賢)'!DG99+'調查(集賢)'!DH99+'調查(集賢)'!DI99+'調查(集賢)'!DJ99+'調查(集賢)'!DK99+'調查(集賢)'!ES99+'調查(集賢)'!ET99+'調查(集賢)'!EU99+'調查(集賢)'!EV99+'調查(集賢)'!EW99+'調查(集賢)'!EX99 -> 0 | E102: - | F102: ='調查(集賢)'!D99+'調查(集賢)'!E99+'調查(集賢)'!F99+'調查(集賢)'!G99+'調查(集賢)'!H99+'調查(集賢)'!I99+'調查(集賢)'!AR99+'調查(集賢)'!AS99+'調查(集賢)'!AT99+'調查(集賢)'!AU99+'調查(集賢)'!AV99+'調查(集賢)'!AW99+'調查(集賢)'!CF99+'調查(集賢)'!CG99+'調查(集賢)'!CH99+'調查(集賢)'!CI99+'調查(集賢)'!CJ99+'調查(集賢)'!CK99+'調查(集賢)'!DS99+'調查(集賢)'!DT99+'調查(集賢)'!DU99+'調查(集賢)'!DV99+'調查(集賢)'!DW99+'調查(集賢)'!DX99 -> 0 | G102: ='調查(集賢)'!R99+'調查(集賢)'!S99+'調查(集賢)'!T99+'調查(集賢)'!U99+'調查(集賢)'!V99+'調查(集賢)'!W99+'調查(集賢)'!BF99+'調查(集賢)'!BG99+'調查(集賢)'!BH99+'調查(集賢)'!BI99+'調查(集賢)'!BJ99+'調查(集賢)'!BK99+'調查(集賢)'!CS99+'調查(集賢)'!CT99+'調查(集賢)'!CU99+'調查(集賢)'!CV99+'調查(集賢)'!CW99+'調查(集賢)'!CX99+'調查(集賢)'!EF99+'調查(集賢)'!EG99+'調查(集賢)'!EH99+'調查(集賢)'!EI99+'調查(集賢)'!EJ99+'調查(集賢)'!EK99 -> 0 | H102: ='調查(集賢)'!AK99+'調查(集賢)'!AL99+'調查(集賢)'!AM99+'調查(集賢)'!AN99+'調查(集賢)'!BY99+'調查(集賢)'!BZ99+'調查(集賢)'!CA99+'調查(集賢)'!CB99+'調查(集賢)'!DL99+'調查(集賢)'!DM99+'調查(集賢)'!DN99+'調查(集賢)'!DO99+'調查(集賢)'!EY99+'調查(集賢)'!EZ99+'調查(集賢)'!FA99+'調查(集賢)'!FB99 -> 0 | I102: - | J102: ='調查(集賢)'!J99+'調查(集賢)'!K99+'調查(集賢)'!L99+'調查(集賢)'!M99+'調查(集賢)'!AX99+'調查(集賢)'!AY99+'調查(集賢)'!AZ99+'調查(集賢)'!BA99+'調查(集賢)'!CL99+'調查(集賢)'!CM99+'調查(集賢)'!CN99+'調查(集賢)'!CO99+'調查(集賢)'!DY99+'調查(集賢)'!DZ99+'調查(集賢)'!EA99+'調查(集賢)'!EB99 -> 0 | K102: ='調查(集賢)'!X99+'調查(集賢)'!Y99+'調查(集賢)'!Z99+'調查(集賢)'!AA99+'調查(集賢)'!BL99+'調查(集賢)'!BM99+'調查(集賢)'!BN99+'調查(集賢)'!BO99+'調查(集賢)'!CY99+'調查(集賢)'!CZ99+'調查(集賢)'!DA99+'調查(集賢)'!DB99+'調查(集賢)'!EL99+'調查(集賢)'!EM99+'調查(集賢)'!EN99+'調查(集賢)'!EO99 -> 0 | L102: - | M102: ='調查(集賢)'!AO99+'調查(集賢)'!AP99+'調查(集賢)'!AQ99+'調查(集賢)'!CC99+'調查(集賢)'!CD99+'調查(集賢)'!CE99+'調查(集賢)'!DP99+'調查(集賢)'!DQ99+'調查(集賢)'!DR99+'調查(集賢)'!FC99+'調查(集賢)'!FD99+'調查(集賢)'!FE99 -> 0 | N102: - | O102: - | P102: ='調查(集賢)'!Q99+'調查(集賢)'!BE99 -> 0 | Q102: ='調查(集賢)'!N99+'調查(集賢)'!O99+'調查(集賢)'!P99+'調查(集賢)'!BB99+'調查(集賢)'!BC99+'調查(集賢)'!BD99+'調查(集賢)'!CP99+'調查(集賢)'!CQ99+'調查(集賢)'!CR99+'調查(集賢)'!EC99+'調查(集賢)'!ED99+'調查(集賢)'!EE99 -> 0 | R102: - | S102: =IF(AE102>0,AE102-AH102-AH198,0) -> 0 | V102: ='調查(集賢)'!D99+'調查(集賢)'!E99+'調查(集賢)'!F99+'調查(集賢)'!G99+'調查(集賢)'!H99+'調查(集賢)'!I99+'調查(集賢)'!AR99+'調查(集賢)'!AS99+'調查(集賢)'!AT99+'調查(集賢)'!AU99+'調查(集賢)'!AV99+'調查(集賢)'!AW99+'調查(集賢)'!CF99+'調查(集賢)'!CG99+'調查(集賢)'!CH99+'調查(集賢)'!CI99+'調查(集賢)'!CJ99+'調查(集賢)'!CK99+'調查(集賢)'!DS99+'調查(集賢)'!DT99+'調查(集賢)'!DU99+'調查(集賢)'!DV99+'調查(集賢)'!DW99+'調查(集賢)'!DX99 -> 0 | W102: ='調查(集賢)'!R99+'調查(集賢)'!S99+'調查(集賢)'!T99+'調查(集賢)'!U99+'調查(集賢)'!V99+'調查(集賢)'!W99+'調查(集賢)'!BF99+'調查(集賢)'!BG99+'調查(集賢)'!BH99+'調查(集賢)'!BI99+'調查(集賢)'!BJ99+'調查(集賢)'!BK99+'調查(集賢)'!CS99+'調查(集賢)'!CT99+'調查(集賢)'!CU99+'調查(集賢)'!CV99+'調查(集賢)'!CW99+'調查(集賢)'!CX99+'調查(集賢)'!EF99+'調查(集賢)'!EG99+'調查(集賢)'!EH99+'調查(集賢)'!EI99+'調查(集賢)'!EJ99+'調查(集賢)'!EK99 -> 0 | X102: ='調查(集賢)'!AE99+'調查(集賢)'!AF99+'調查(集賢)'!AG99+'調查(集賢)'!AH99+'調查(集賢)'!AI99+'調查(集賢)'!AJ99+'調查(集賢)'!BS99+'調查(集賢)'!BT99+'調查(集賢)'!BU99+'調查(集賢)'!BV99+'調查(集賢)'!BW99+'調查(集賢)'!BX99+'調查(集賢)'!DF99+'調查(集賢)'!DG99+'調查(集賢)'!DH99+'調查(集賢)'!DI99+'調查(集賢)'!DJ99+'調查(集賢)'!DK99+'調查(集賢)'!ES99+'調查(集賢)'!ET99+'調查(集賢)'!EU99+'調查(集賢)'!EV99+'調查(集賢)'!EW99+'調查(集賢)'!EX99 -> 0 | Z102: ='調查(集賢)'!J99+'調查(集賢)'!K99+'調查(集賢)'!L99+'調查(集賢)'!M99+'調查(集賢)'!AX99+'調查(集賢)'!AY99+'調查(集賢)'!AZ99+'調查(集賢)'!BA99+'調查(集賢)'!CL99+'調查(集賢)'!CM99+'調查(集賢)'!CN99+'調查(集賢)'!CO99+'調查(集賢)'!DY99+'調查(集賢)'!DZ99+'調查(集賢)'!EA99+'調查(集賢)'!EB99 -> 0 | AA102: ='調查(集賢)'!X99+'調查(集賢)'!Y99+'調查(集賢)'!Z99+'調查(集賢)'!AA99+'調查(集賢)'!BL99+'調查(集賢)'!BM99+'調查(集賢)'!BN99+'調查(集賢)'!BO99+'調查(集賢)'!CY99+'調查(集賢)'!CZ99+'調查(集賢)'!DA99+'調查(集賢)'!DB99+'調查(集賢)'!EL99+'調查(集賢)'!EM99+'調查(集賢)'!EN99+'調查(集賢)'!EO99 -> 0 | AB102: ='調查(集賢)'!AK99+'調查(集賢)'!AL99+'調查(集賢)'!AM99+'調查(集賢)'!AN99+'調查(集賢)'!BY99+'調查(集賢)'!BZ99+'調查(集賢)'!CA99+'調查(集賢)'!CB99+'調查(集賢)'!DL99+'調查(集賢)'!DM99+'調查(集賢)'!DN99+'調查(集賢)'!DO99+'調查(集賢)'!EY99+'調查(集賢)'!EZ99+'調查(集賢)'!FA99+'調查(集賢)'!FB99 -> 0 | AD102: ='調查(集賢)'!N99+'調查(集賢)'!O99+'調查(集賢)'!P99+'調查(集賢)'!BB99+'調查(集賢)'!BC99+'調查(集賢)'!BD99+'調查(集賢)'!CP99+'調查(集賢)'!CQ99+'調查(集賢)'!CR99+'調查(集賢)'!EC99+'調查(集賢)'!ED99+'調查(集賢)'!EE99 -> 0 | AE102: ='調查(集賢)'!AB99+'調查(集賢)'!AC99+'調查(集賢)'!AD99+'調查(集賢)'!BP99+'調查(集賢)'!BQ99+'調查(集賢)'!BR99+'調查(集賢)'!DC99+'調查(集賢)'!DD99+'調查(集賢)'!DE99+'調查(集賢)'!EP99+'調查(集賢)'!EQ99+'調查(集賢)'!ER99 -> 0 | AF102: ='調查(集賢)'!AO99+'調查(集賢)'!AP99+'調查(集賢)'!AQ99+'調查(集賢)'!CC99+'調查(集賢)'!CD99+'調查(集賢)'!CE99+'調查(集賢)'!DP99+'調查(集賢)'!DQ99+'調查(集賢)'!DR99+'調查(集賢)'!FC99+'調查(集賢)'!FD99+'調查(集賢)'!FE99 -> 0 | AH102: ='調查(集賢)'!Q99+'調查(集賢)'!BE99 -> 0
A103: B | B103: 0.020833333 | C103: 0.03125 | D103: ='調查(集賢)'!AE100+'調查(集賢)'!AF100+'調查(集賢)'!AG100+'調查(集賢)'!AH100+'調查(集賢)'!AI100+'調查(集賢)'!AJ100+'調查(集賢)'!BS100+'調查(集賢)'!BT100+'調查(集賢)'!BU100+'調查(集賢)'!BV100+'調查(集賢)'!BW100+'調查(集賢)'!BX100+'調查(集賢)'!DF100+'調查(集賢)'!DG100+'調查(集賢)'!DH100+'調查(集賢)'!DI100+'調查(集賢)'!DJ100+'調查(集賢)'!DK100+'調查(集賢)'!ES100+'調查(集賢)'!ET100+'調查(集賢)'!EU100+'調查(集賢)'!EV100+'調查(集賢)'!EW100+'調查(集賢)'!EX100 -> 0 | E103: - | F103: ='調查(集賢)'!D100+'調查(集賢)'!E100+'調查(集賢)'!F100+'調查(集賢)'!G100+'調查(集賢)'!H100+'調查(集賢)'!I100+'調查(集賢)'!AR100+'調查(集賢)'!AS100+'調查(集賢)'!AT100+'調查(集賢)'!AU100+'調查(集賢)'!AV100+'調查(集賢)'!AW100+'調查(集賢)'!CF100+'調查(集賢)'!CG100+'調查(集賢)'!CH100+'調查(集賢)'!CI100+'調查(集賢)'!CJ100+'調查(集賢)'!CK100+'調查(集賢)'!DS100+'調查(集賢)'!DT100+'調查(集賢)'!DU100+'調查(集賢)'!DV100+'調查(集賢)'!DW100+'調查(集賢)'!DX100 -> 0 | G103: ='調查(集賢)'!R100+'調查(集賢)'!S100+'調查(集賢)'!T100+'調查(集賢)'!U100+'調查(集賢)'!V100+'調查(集賢)'!W100+'調查(集賢)'!BF100+'調查(集賢)'!BG100+'調查(集賢)'!BH100+'調查(集賢)'!BI100+'調查(集賢)'!BJ100+'調查(集賢)'!BK100+'調查(集賢)'!CS100+'調查(集賢)'!CT100+'調查(集賢)'!CU100+'調查(集賢)'!CV100+'調查(集賢)'!CW100+'調查(集賢)'!CX100+'調查(集賢)'!EF100+'調查(集賢)'!EG100+'調查(集賢)'!EH100+'調查(集賢)'!EI100+'調查(集賢)'!EJ100+'調查(集賢)'!EK100 -> 0 | H103: ='調查(集賢)'!AK100+'調查(集賢)'!AL100+'調查(集賢)'!AM100+'調查(集賢)'!AN100+'調查(集賢)'!BY100+'調查(集賢)'!BZ100+'調查(集賢)'!CA100+'調查(集賢)'!CB100+'調查(集賢)'!DL100+'調查(集賢)'!DM100+'調查(集賢)'!DN100+'調查(集賢)'!DO100+'調查(集賢)'!EY100+'調查(集賢)'!EZ100+'調查(集賢)'!FA100+'調查(集賢)'!FB100 -> 0 | I103: - | J103: ='調查(集賢)'!J100+'調查(集賢)'!K100+'調查(集賢)'!L100+'調查(集賢)'!M100+'調查(集賢)'!AX100+'調查(集賢)'!AY100+'調查(集賢)'!AZ100+'調查(集賢)'!BA100+'調查(集賢)'!CL100+'調查(集賢)'!CM100+'調查(集賢)'!CN100+'調查(集賢)'!CO100+'調查(集賢)'!DY100+'調查(集賢)'!DZ100+'調查(集賢)'!EA100+'調查(集賢)'!EB100 -> 0 | K103: ='調查(集賢)'!X100+'調查(集賢)'!Y100+'調查(集賢)'!Z100+'調查(集賢)'!AA100+'調查(集賢)'!BL100+'調查(集賢)'!BM100+'調查(集賢)'!BN100+'調查(集賢)'!BO100+'調查(集賢)'!CY100+'調查(集賢)'!CZ100+'調查(集賢)'!DA100+'調查(集賢)'!DB100+'調查(集賢)'!EL100+'調查(集賢)'!EM100+'調查(集賢)'!EN100+'調查(集賢)'!EO100 -> 0 | L103: - | M103: ='調查(集賢)'!AO100+'調查(集賢)'!AP100+'調查(集賢)'!AQ100+'調查(集賢)'!CC100+'調查(集賢)'!CD100+'調查(集賢)'!CE100+'調查(集賢)'!DP100+'調查(集賢)'!DQ100+'調查(集賢)'!DR100+'調查(集賢)'!FC100+'調查(集賢)'!FD100+'調查(集賢)'!FE100 -> 0 | N103: - | O103: - | P103: ='調查(集賢)'!Q100+'調查(集賢)'!BE100 -> 0 | Q103: ='調查(集賢)'!N100+'調查(集賢)'!O100+'調查(集賢)'!P100+'調查(集賢)'!BB100+'調查(集賢)'!BC100+'調查(集賢)'!BD100+'調查(集賢)'!CP100+'調查(集賢)'!CQ100+'調查(集賢)'!CR100+'調查(集賢)'!EC100+'調查(集賢)'!ED100+'調查(集賢)'!EE100 -> 0 | R103: - | S103: =IF(AE103>0,AE103-AH103-AH199,0) -> 0 | V103: ='調查(集賢)'!D100+'調查(集賢)'!E100+'調查(集賢)'!F100+'調查(集賢)'!G100+'調查(集賢)'!H100+'調查(集賢)'!I100+'調查(集賢)'!AR100+'調查(集賢)'!AS100+'調查(集賢)'!AT100+'調查(集賢)'!AU100+'調查(集賢)'!AV100+'調查(集賢)'!AW100+'調查(集賢)'!CF100+'調查(集賢)'!CG100+'調查(集賢)'!CH100+'調查(集賢)'!CI100+'調查(集賢)'!CJ100+'調查(集賢)'!CK100+'調查(集賢)'!DS100+'調查(集賢)'!DT100+'調查(集賢)'!DU100+'調查(集賢)'!DV100+'調查(集賢)'!DW100+'調查(集賢)'!DX100 -> 0 | W103: ='調查(集賢)'!R100+'調查(集賢)'!S100+'調查(集賢)'!T100+'調查(集賢)'!U100+'調查(集賢)'!V100+'調查(集賢)'!W100+'調查(集賢)'!BF100+'調查(集賢)'!BG100+'調查(集賢)'!BH100+'調查(集賢)'!BI100+'調查(集賢)'!BJ100+'調查(集賢)'!BK100+'調查(集賢)'!CS100+'調查(集賢)'!CT100+'調查(集賢)'!CU100+'調查(集賢)'!CV100+'調查(集賢)'!CW100+'調查(集賢)'!CX100+'調查(集賢)'!EF100+'調查(集賢)'!EG100+'調查(集賢)'!EH100+'調查(集賢)'!EI100+'調查(集賢)'!EJ100+'調查(集賢)'!EK100 -> 0 | X103: ='調查(集賢)'!AE100+'調查(集賢)'!AF100+'調查(集賢)'!AG100+'調查(集賢)'!AH100+'調查(集賢)'!AI100+'調查(集賢)'!AJ100+'調查(集賢)'!BS100+'調查(集賢)'!BT100+'調查(集賢)'!BU100+'調查(集賢)'!BV100+'調查(集賢)'!BW100+'調查(集賢)'!BX100+'調查(集賢)'!DF100+'調查(集賢)'!DG100+'調查(集賢)'!DH100+'調查(集賢)'!DI100+'調查(集賢)'!DJ100+'調查(集賢)'!DK100+'調查(集賢)'!ES100+'調查(集賢)'!ET100+'調查(集賢)'!EU100+'調查(集賢)'!EV100+'調查(集賢)'!EW100+'調查(集賢)'!EX100 -> 0 | Z103: ='調查(集賢)'!J100+'調查(集賢)'!K100+'調查(集賢)'!L100+'調查(集賢)'!M100+'調查(集賢)'!AX100+'調查(集賢)'!AY100+'調查(集賢)'!AZ100+'調查(集賢)'!BA100+'調查(集賢)'!CL100+'調查(集賢)'!CM100+'調查(集賢)'!CN100+'調查(集賢)'!CO100+'調查(集賢)'!DY100+'調查(集賢)'!DZ100+'調查(集賢)'!EA100+'調查(集賢)'!EB100 -> 0 | AA103: ='調查(集賢)'!X100+'調查(集賢)'!Y100+'調查(集賢)'!Z100+'調查(集賢)'!AA100+'調查(集賢)'!BL100+'調查(集賢)'!BM100+'調查(集賢)'!BN100+'調查(集賢)'!BO100+'調查(集賢)'!CY100+'調查(集賢)'!CZ100+'調查(集賢)'!DA100+'調查(集賢)'!DB100+'調查(集賢)'!EL100+'調查(集賢)'!EM100+'調查(集賢)'!EN100+'調查(集賢)'!EO100 -> 0 | AB103: ='調查(集賢)'!AK100+'調查(集賢)'!AL100+'調查(集賢)'!AM100+'調查(集賢)'!AN100+'調查(集賢)'!BY100+'調查(集賢)'!BZ100+'調查(集賢)'!CA100+'調查(集賢)'!CB100+'調查(集賢)'!DL100+'調查(集賢)'!DM100+'調查(集賢)'!DN100+'調查(集賢)'!DO100+'調查(集賢)'!EY100+'調查(集賢)'!EZ100+'調查(集賢)'!FA100+'調查(集賢)'!FB100 -> 0 | AD103: ='調查(集賢)'!N100+'調查(集賢)'!O100+'調查(集賢)'!P100+'調查(集賢)'!BB100+'調查(集賢)'!BC100+'調查(集賢)'!BD100+'調查(集賢)'!CP100+'調查(集賢)'!CQ100+'調查(集賢)'!CR100+'調查(集賢)'!EC100+'調查(集賢)'!ED100+'調查(集賢)'!EE100 -> 0 | AE103: ='調查(集賢)'!AB100+'調查(集賢)'!AC100+'調查(集賢)'!AD100+'調查(集賢)'!BP100+'調查(集賢)'!BQ100+'調查(集賢)'!BR100+'調查(集賢)'!DC100+'調查(集賢)'!DD100+'調查(集賢)'!DE100+'調查(集賢)'!EP100+'調查(集賢)'!EQ100+'調查(集賢)'!ER100 -> 0 | AF103: ='調查(集賢)'!AO100+'調查(集賢)'!AP100+'調查(集賢)'!AQ100+'調查(集賢)'!CC100+'調查(集賢)'!CD100+'調查(集賢)'!CE100+'調查(集賢)'!DP100+'調查(集賢)'!DQ100+'調查(集賢)'!DR100+'調查(集賢)'!FC100+'調查(集賢)'!FD100+'調查(集賢)'!FE100 -> 0 | AH103: ='調查(集賢)'!Q100+'調查(集賢)'!BE100 -> 0
A104: B | B104: 0.03125 | C104: 0.041666667 | D104: ='調查(集賢)'!AE101+'調查(集賢)'!AF101+'調查(集賢)'!AG101+'調查(集賢)'!AH101+'調查(集賢)'!AI101+'調查(集賢)'!AJ101+'調查(集賢)'!BS101+'調查(集賢)'!BT101+'調查(集賢)'!BU101+'調查(集賢)'!BV101+'調查(集賢)'!BW101+'調查(集賢)'!BX101+'調查(集賢)'!DF101+'調查(集賢)'!DG101+'調查(集賢)'!DH101+'調查(集賢)'!DI101+'調查(集賢)'!DJ101+'調查(集賢)'!DK101+'調查(集賢)'!ES101+'調查(集賢)'!ET101+'調查(集賢)'!EU101+'調查(集賢)'!EV101+'調查(集賢)'!EW101+'調查(集賢)'!EX101 -> 0 | E104: - | F104: ='調查(集賢)'!D101+'調查(集賢)'!E101+'調查(集賢)'!F101+'調查(集賢)'!G101+'調查(集賢)'!H101+'調查(集賢)'!I101+'調查(集賢)'!AR101+'調查(集賢)'!AS101+'調查(集賢)'!AT101+'調查(集賢)'!AU101+'調查(集賢)'!AV101+'調查(集賢)'!AW101+'調查(集賢)'!CF101+'調查(集賢)'!CG101+'調查(集賢)'!CH101+'調查(集賢)'!CI101+'調查(集賢)'!CJ101+'調查(集賢)'!CK101+'調查(集賢)'!DS101+'調查(集賢)'!DT101+'調查(集賢)'!DU101+'調查(集賢)'!DV101+'調查(集賢)'!DW101+'調查(集賢)'!DX101 -> 0 | G104: ='調查(集賢)'!R101+'調查(集賢)'!S101+'調查(集賢)'!T101+'調查(集賢)'!U101+'調查(集賢)'!V101+'調查(集賢)'!W101+'調查(集賢)'!BF101+'調查(集賢)'!BG101+'調查(集賢)'!BH101+'調查(集賢)'!BI101+'調查(集賢)'!BJ101+'調查(集賢)'!BK101+'調查(集賢)'!CS101+'調查(集賢)'!CT101+'調查(集賢)'!CU101+'調查(集賢)'!CV101+'調查(集賢)'!CW101+'調查(集賢)'!CX101+'調查(集賢)'!EF101+'調查(集賢)'!EG101+'調查(集賢)'!EH101+'調查(集賢)'!EI101+'調查(集賢)'!EJ101+'調查(集賢)'!EK101 -> 0 | H104: ='調查(集賢)'!AK101+'調查(集賢)'!AL101+'調查(集賢)'!AM101+'調查(集賢)'!AN101+'調查(集賢)'!BY101+'調查(集賢)'!BZ101+'調查(集賢)'!CA101+'調查(集賢)'!CB101+'調查(集賢)'!DL101+'調查(集賢)'!DM101+'調查(集賢)'!DN101+'調查(集賢)'!DO101+'調查(集賢)'!EY101+'調查(集賢)'!EZ101+'調查(集賢)'!FA101+'調查(集賢)'!FB101 -> 0 | I104: - | J104: ='調查(集賢)'!J101+'調查(集賢)'!K101+'調查(集賢)'!L101+'調查(集賢)'!M101+'調查(集賢)'!AX101+'調查(集賢)'!AY101+'調查(集賢)'!AZ101+'調查(集賢)'!BA101+'調查(集賢)'!CL101+'調查(集賢)'!CM101+'調查(集賢)'!CN101+'調查(集賢)'!CO101+'調查(集賢)'!DY101+'調查(集賢)'!DZ101+'調查(集賢)'!EA101+'調查(集賢)'!EB101 -> 0 | K104: ='調查(集賢)'!X101+'調查(集賢)'!Y101+'調查(集賢)'!Z101+'調查(集賢)'!AA101+'調查(集賢)'!BL101+'調查(集賢)'!BM101+'調查(集賢)'!BN101+'調查(集賢)'!BO101+'調查(集賢)'!CY101+'調查(集賢)'!CZ101+'調查(集賢)'!DA101+'調查(集賢)'!DB101+'調查(集賢)'!EL101+'調查(集賢)'!EM101+'調查(集賢)'!EN101+'調查(集賢)'!EO101 -> 0 | L104: - | M104: ='調查(集賢)'!AO101+'調查(集賢)'!AP101+'調查(集賢)'!AQ101+'調查(集賢)'!CC101+'調查(集賢)'!CD101+'調查(集賢)'!CE101+'調查(集賢)'!DP101+'調查(集賢)'!DQ101+'調查(集賢)'!DR101+'調查(集賢)'!FC101+'調查(集賢)'!FD101+'調查(集賢)'!FE101 -> 0 | N104: - | O104: - | P104: ='調查(集賢)'!Q101+'調查(集賢)'!BE101 -> 0 | Q104: ='調查(集賢)'!N101+'調查(集賢)'!O101+'調查(集賢)'!P101+'調查(集賢)'!BB101+'調查(集賢)'!BC101+'調查(集賢)'!BD101+'調查(集賢)'!CP101+'調查(集賢)'!CQ101+'調查(集賢)'!CR101+'調查(集賢)'!EC101+'調查(集賢)'!ED101+'調查(集賢)'!EE101 -> 0 | R104: - | S104: =IF(AE104>0,AE104-AH104-AH200,0) -> 0 | V104: ='調查(集賢)'!D101+'調查(集賢)'!E101+'調查(集賢)'!F101+'調查(集賢)'!G101+'調查(集賢)'!H101+'調查(集賢)'!I101+'調查(集賢)'!AR101+'調查(集賢)'!AS101+'調查(集賢)'!AT101+'調查(集賢)'!AU101+'調查(集賢)'!AV101+'調查(集賢)'!AW101+'調查(集賢)'!CF101+'調查(集賢)'!CG101+'調查(集賢)'!CH101+'調查(集賢)'!CI101+'調查(集賢)'!CJ101+'調查(集賢)'!CK101+'調查(集賢)'!DS101+'調查(集賢)'!DT101+'調查(集賢)'!DU101+'調查(集賢)'!DV101+'調查(集賢)'!DW101+'調查(集賢)'!DX101 -> 0 | W104: ='調查(集賢)'!R101+'調查(集賢)'!S101+'調查(集賢)'!T101+'調查(集賢)'!U101+'調查(集賢)'!V101+'調查(集賢)'!W101+'調查(集賢)'!BF101+'調查(集賢)'!BG101+'調查(集賢)'!BH101+'調查(集賢)'!BI101+'調查(集賢)'!BJ101+'調查(集賢)'!BK101+'調查(集賢)'!CS101+'調查(集賢)'!CT101+'調查(集賢)'!CU101+'調查(集賢)'!CV101+'調查(集賢)'!CW101+'調查(集賢)'!CX101+'調查(集賢)'!EF101+'調查(集賢)'!EG101+'調查(集賢)'!EH101+'調查(集賢)'!EI101+'調查(集賢)'!EJ101+'調查(集賢)'!EK101 -> 0 | X104: ='調查(集賢)'!AE101+'調查(集賢)'!AF101+'調查(集賢)'!AG101+'調查(集賢)'!AH101+'調查(集賢)'!AI101+'調查(集賢)'!AJ101+'調查(集賢)'!BS101+'調查(集賢)'!BT101+'調查(集賢)'!BU101+'調查(集賢)'!BV101+'調查(集賢)'!BW101+'調查(集賢)'!BX101+'調查(集賢)'!DF101+'調查(集賢)'!DG101+'調查(集賢)'!DH101+'調查(集賢)'!DI101+'調查(集賢)'!DJ101+'調查(集賢)'!DK101+'調查(集賢)'!ES101+'調查(集賢)'!ET101+'調查(集賢)'!EU101+'調查(集賢)'!EV101+'調查(集賢)'!EW101+'調查(集賢)'!EX101 -> 0 | Z104: ='調查(集賢)'!J101+'調查(集賢)'!K101+'調查(集賢)'!L101+'調查(集賢)'!M101+'調查(集賢)'!AX101+'調查(集賢)'!AY101+'調查(集賢)'!AZ101+'調查(集賢)'!BA101+'調查(集賢)'!CL101+'調查(集賢)'!CM101+'調查(集賢)'!CN101+'調查(集賢)'!CO101+'調查(集賢)'!DY101+'調查(集賢)'!DZ101+'調查(集賢)'!EA101+'調查(集賢)'!EB101 -> 0 | AA104: ='調查(集賢)'!X101+'調查(集賢)'!Y101+'調查(集賢)'!Z101+'調查(集賢)'!AA101+'調查(集賢)'!BL101+'調查(集賢)'!BM101+'調查(集賢)'!BN101+'調查(集賢)'!BO101+'調查(集賢)'!CY101+'調查(集賢)'!CZ101+'調查(集賢)'!DA101+'調查(集賢)'!DB101+'調查(集賢)'!EL101+'調查(集賢)'!EM101+'調查(集賢)'!EN101+'調查(集賢)'!EO101 -> 0 | AB104: ='調查(集賢)'!AK101+'調查(集賢)'!AL101+'調查(集賢)'!AM101+'調查(集賢)'!AN101+'調查(集賢)'!BY101+'調查(集賢)'!BZ101+'調查(集賢)'!CA101+'調查(集賢)'!CB101+'調查(集賢)'!DL101+'調查(集賢)'!DM101+'調查(集賢)'!DN101+'調查(集賢)'!DO101+'調查(集賢)'!EY101+'調查(集賢)'!EZ101+'調查(集賢)'!FA101+'調查(集賢)'!FB101 -> 0 | AD104: ='調查(集賢)'!N101+'調查(集賢)'!O101+'調查(集賢)'!P101+'調查(集賢)'!BB101+'調查(集賢)'!BC101+'調查(集賢)'!BD101+'調查(集賢)'!CP101+'調查(集賢)'!CQ101+'調查(集賢)'!CR101+'調查(集賢)'!EC101+'調查(集賢)'!ED101+'調查(集賢)'!EE101 -> 0 | AE104: ='調查(集賢)'!AB101+'調查(集賢)'!AC101+'調查(集賢)'!AD101+'調查(集賢)'!BP101+'調查(集賢)'!BQ101+'調查(集賢)'!BR101+'調查(集賢)'!DC101+'調查(集賢)'!DD101+'調查(集賢)'!DE101+'調查(集賢)'!EP101+'調查(集賢)'!EQ101+'調查(集賢)'!ER101 -> 0 | AF104: ='調查(集賢)'!AO101+'調查(集賢)'!AP101+'調查(集賢)'!AQ101+'調查(集賢)'!CC101+'調查(集賢)'!CD101+'調查(集賢)'!CE101+'調查(集賢)'!DP101+'調查(集賢)'!DQ101+'調查(集賢)'!DR101+'調查(集賢)'!FC101+'調查(集賢)'!FD101+'調查(集賢)'!FE101 -> 0 | AH104: ='調查(集賢)'!Q101+'調查(集賢)'!BE101 -> 0
A105: B | B105: 0.041666667 | C105: 0.052083333 | D105: ='調查(集賢)'!AE102+'調查(集賢)'!AF102+'調查(集賢)'!AG102+'調查(集賢)'!AH102+'調查(集賢)'!AI102+'調查(集賢)'!AJ102+'調查(集賢)'!BS102+'調查(集賢)'!BT102+'調查(集賢)'!BU102+'調查(集賢)'!BV102+'調查(集賢)'!BW102+'調查(集賢)'!BX102+'調查(集賢)'!DF102+'調查(集賢)'!DG102+'調查(集賢)'!DH102+'調查(集賢)'!DI102+'調查(集賢)'!DJ102+'調查(集賢)'!DK102+'調查(集賢)'!ES102+'調查(集賢)'!ET102+'調查(集賢)'!EU102+'調查(集賢)'!EV102+'調查(集賢)'!EW102+'調查(集賢)'!EX102 -> 0 | E105: - | F105: ='調查(集賢)'!D102+'調查(集賢)'!E102+'調查(集賢)'!F102+'調查(集賢)'!G102+'調查(集賢)'!H102+'調查(集賢)'!I102+'調查(集賢)'!AR102+'調查(集賢)'!AS102+'調查(集賢)'!AT102+'調查(集賢)'!AU102+'調查(集賢)'!AV102+'調查(集賢)'!AW102+'調查(集賢)'!CF102+'調查(集賢)'!CG102+'調查(集賢)'!CH102+'調查(集賢)'!CI102+'調查(集賢)'!CJ102+'調查(集賢)'!CK102+'調查(集賢)'!DS102+'調查(集賢)'!DT102+'調查(集賢)'!DU102+'調查(集賢)'!DV102+'調查(集賢)'!DW102+'調查(集賢)'!DX102 -> 0 | G105: ='調查(集賢)'!R102+'調查(集賢)'!S102+'調查(集賢)'!T102+'調查(集賢)'!U102+'調查(集賢)'!V102+'調查(集賢)'!W102+'調查(集賢)'!BF102+'調查(集賢)'!BG102+'調查(集賢)'!BH102+'調查(集賢)'!BI102+'調查(集賢)'!BJ102+'調查(集賢)'!BK102+'調查(集賢)'!CS102+'調查(集賢)'!CT102+'調查(集賢)'!CU102+'調查(集賢)'!CV102+'調查(集賢)'!CW102+'調查(集賢)'!CX102+'調查(集賢)'!EF102+'調查(集賢)'!EG102+'調查(集賢)'!EH102+'調查(集賢)'!EI102+'調查(集賢)'!EJ102+'調查(集賢)'!EK102 -> 0 | H105: ='調查(集賢)'!AK102+'調查(集賢)'!AL102+'調查(集賢)'!AM102+'調查(集賢)'!AN102+'調查(集賢)'!BY102+'調查(集賢)'!BZ102+'調查(集賢)'!CA102+'調查(集賢)'!CB102+'調查(集賢)'!DL102+'調查(集賢)'!DM102+'調查(集賢)'!DN102+'調查(集賢)'!DO102+'調查(集賢)'!EY102+'調查(集賢)'!EZ102+'調查(集賢)'!FA102+'調查(集賢)'!FB102 -> 0 | I105: - | J105: ='調查(集賢)'!J102+'調查(集賢)'!K102+'調查(集賢)'!L102+'調查(集賢)'!M102+'調查(集賢)'!AX102+'調查(集賢)'!AY102+'調查(集賢)'!AZ102+'調查(集賢)'!BA102+'調查(集賢)'!CL102+'調查(集賢)'!CM102+'調查(集賢)'!CN102+'調查(集賢)'!CO102+'調查(集賢)'!DY102+'調查(集賢)'!DZ102+'調查(集賢)'!EA102+'調查(集賢)'!EB102 -> 0 | K105: ='調查(集賢)'!X102+'調查(集賢)'!Y102+'調查(集賢)'!Z102+'調查(集賢)'!AA102+'調查(集賢)'!BL102+'調查(集賢)'!BM102+'調查(集賢)'!BN102+'調查(集賢)'!BO102+'調查(集賢)'!CY102+'調查(集賢)'!CZ102+'調查(集賢)'!DA102+'調查(集賢)'!DB102+'調查(集賢)'!EL102+'調查(集賢)'!EM102+'調查(集賢)'!EN102+'調查(集賢)'!EO102 -> 0 | L105: - | M105: ='調查(集賢)'!AO102+'調查(集賢)'!AP102+'調查(集賢)'!AQ102+'調查(集賢)'!CC102+'調查(集賢)'!CD102+'調查(集賢)'!CE102+'調查(集賢)'!DP102+'調查(集賢)'!DQ102+'調查(集賢)'!DR102+'調查(集賢)'!FC102+'調查(集賢)'!FD102+'調查(集賢)'!FE102 -> 0 | N105: - | O105: - | P105: ='調查(集賢)'!Q102+'調查(集賢)'!BE102 -> 0 | Q105: ='調查(集賢)'!N102+'調查(集賢)'!O102+'調查(集賢)'!P102+'調查(集賢)'!BB102+'調查(集賢)'!BC102+'調查(集賢)'!BD102+'調查(集賢)'!CP102+'調查(集賢)'!CQ102+'調查(集賢)'!CR102+'調查(集賢)'!EC102+'調查(集賢)'!ED102+'調查(集賢)'!EE102 -> 0 | R105: - | S105: =IF(AE105>0,AE105-AH105-AH201,0) -> 0 | V105: ='調查(集賢)'!D102+'調查(集賢)'!E102+'調查(集賢)'!F102+'調查(集賢)'!G102+'調查(集賢)'!H102+'調查(集賢)'!I102+'調查(集賢)'!AR102+'調查(集賢)'!AS102+'調查(集賢)'!AT102+'調查(集賢)'!AU102+'調查(集賢)'!AV102+'調查(集賢)'!AW102+'調查(集賢)'!CF102+'調查(集賢)'!CG102+'調查(集賢)'!CH102+'調查(集賢)'!CI102+'調查(集賢)'!CJ102+'調查(集賢)'!CK102+'調查(集賢)'!DS102+'調查(集賢)'!DT102+'調查(集賢)'!DU102+'調查(集賢)'!DV102+'調查(集賢)'!DW102+'調查(集賢)'!DX102 -> 0 | W105: ='調查(集賢)'!R102+'調查(集賢)'!S102+'調查(集賢)'!T102+'調查(集賢)'!U102+'調查(集賢)'!V102+'調查(集賢)'!W102+'調查(集賢)'!BF102+'調查(集賢)'!BG102+'調查(集賢)'!BH102+'調查(集賢)'!BI102+'調查(集賢)'!BJ102+'調查(集賢)'!BK102+'調查(集賢)'!CS102+'調查(集賢)'!CT102+'調查(集賢)'!CU102+'調查(集賢)'!CV102+'調查(集賢)'!CW102+'調查(集賢)'!CX102+'調查(集賢)'!EF102+'調查(集賢)'!EG102+'調查(集賢)'!EH102+'調查(集賢)'!EI102+'調查(集賢)'!EJ102+'調查(集賢)'!EK102 -> 0 | X105: ='調查(集賢)'!AE102+'調查(集賢)'!AF102+'調查(集賢)'!AG102+'調查(集賢)'!AH102+'調查(集賢)'!AI102+'調查(集賢)'!AJ102+'調查(集賢)'!BS102+'調查(集賢)'!BT102+'調查(集賢)'!BU102+'調查(集賢)'!BV102+'調查(集賢)'!BW102+'調查(集賢)'!BX102+'調查(集賢)'!DF102+'調查(集賢)'!DG102+'調查(集賢)'!DH102+'調查(集賢)'!DI102+'調查(集賢)'!DJ102+'調查(集賢)'!DK102+'調查(集賢)'!ES102+'調查(集賢)'!ET102+'調查(集賢)'!EU102+'調查(集賢)'!EV102+'調查(集賢)'!EW102+'調查(集賢)'!EX102 -> 0 | Z105: ='調查(集賢)'!J102+'調查(集賢)'!K102+'調查(集賢)'!L102+'調查(集賢)'!M102+'調查(集賢)'!AX102+'調查(集賢)'!AY102+'調查(集賢)'!AZ102+'調查(集賢)'!BA102+'調查(集賢)'!CL102+'調查(集賢)'!CM102+'調查(集賢)'!CN102+'調查(集賢)'!CO102+'調查(集賢)'!DY102+'調查(集賢)'!DZ102+'調查(集賢)'!EA102+'調查(集賢)'!EB102 -> 0 | AA105: ='調查(集賢)'!X102+'調查(集賢)'!Y102+'調查(集賢)'!Z102+'調查(集賢)'!AA102+'調查(集賢)'!BL102+'調查(集賢)'!BM102+'調查(集賢)'!BN102+'調查(集賢)'!BO102+'調查(集賢)'!CY102+'調查(集賢)'!CZ102+'調查(集賢)'!DA102+'調查(集賢)'!DB102+'調查(集賢)'!EL102+'調查(集賢)'!EM102+'調查(集賢)'!EN102+'調查(集賢)'!EO102 -> 0 | AB105: ='調查(集賢)'!AK102+'調查(集賢)'!AL102+'調查(集賢)'!AM102+'調查(集賢)'!AN102+'調查(集賢)'!BY102+'調查(集賢)'!BZ102+'調查(集賢)'!CA102+'調查(集賢)'!CB102+'調查(集賢)'!DL102+'調查(集賢)'!DM102+'調查(集賢)'!DN102+'調查(集賢)'!DO102+'調查(集賢)'!EY102+'調查(集賢)'!EZ102+'調查(集賢)'!FA102+'調查(集賢)'!FB102 -> 0 | AD105: ='調查(集賢)'!N102+'調查(集賢)'!O102+'調查(集賢)'!P102+'調查(集賢)'!BB102+'調查(集賢)'!BC102+'調查(集賢)'!BD102+'調查(集賢)'!CP102+'調查(集賢)'!CQ102+'調查(集賢)'!CR102+'調查(集賢)'!EC102+'調查(集賢)'!ED102+'調查(集賢)'!EE102 -> 0 | AE105: ='調查(集賢)'!AB102+'調查(集賢)'!AC102+'調查(集賢)'!AD102+'調查(集賢)'!BP102+'調查(集賢)'!BQ102+'調查(集賢)'!BR102+'調查(集賢)'!DC102+'調查(集賢)'!DD102+'調查(集賢)'!DE102+'調查(集賢)'!EP102+'調查(集賢)'!EQ102+'調查(集賢)'!ER102 -> 0 | AF105: ='調查(集賢)'!AO102+'調查(集賢)'!AP102+'調查(集賢)'!AQ102+'調查(集賢)'!CC102+'調查(集賢)'!CD102+'調查(集賢)'!CE102+'調查(集賢)'!DP102+'調查(集賢)'!DQ102+'調查(集賢)'!DR102+'調查(集賢)'!FC102+'調查(集賢)'!FD102+'調查(集賢)'!FE102 -> 0 | AH105: ='調查(集賢)'!Q102+'調查(集賢)'!BE102 -> 0
A106: B | B106: 0.052083333 | C106: 0.0625 | D106: ='調查(集賢)'!AE103+'調查(集賢)'!AF103+'調查(集賢)'!AG103+'調查(集賢)'!AH103+'調查(集賢)'!AI103+'調查(集賢)'!AJ103+'調查(集賢)'!BS103+'調查(集賢)'!BT103+'調查(集賢)'!BU103+'調查(集賢)'!BV103+'調查(集賢)'!BW103+'調查(集賢)'!BX103+'調查(集賢)'!DF103+'調查(集賢)'!DG103+'調查(集賢)'!DH103+'調查(集賢)'!DI103+'調查(集賢)'!DJ103+'調查(集賢)'!DK103+'調查(集賢)'!ES103+'調查(集賢)'!ET103+'調查(集賢)'!EU103+'調查(集賢)'!EV103+'調查(集賢)'!EW103+'調查(集賢)'!EX103 -> 0 | E106: - | F106: ='調查(集賢)'!D103+'調查(集賢)'!E103+'調查(集賢)'!F103+'調查(集賢)'!G103+'調查(集賢)'!H103+'調查(集賢)'!I103+'調查(集賢)'!AR103+'調查(集賢)'!AS103+'調查(集賢)'!AT103+'調查(集賢)'!AU103+'調查(集賢)'!AV103+'調查(集賢)'!AW103+'調查(集賢)'!CF103+'調查(集賢)'!CG103+'調查(集賢)'!CH103+'調查(集賢)'!CI103+'調查(集賢)'!CJ103+'調查(集賢)'!CK103+'調查(集賢)'!DS103+'調查(集賢)'!DT103+'調查(集賢)'!DU103+'調查(集賢)'!DV103+'調查(集賢)'!DW103+'調查(集賢)'!DX103 -> 0 | G106: ='調查(集賢)'!R103+'調查(集賢)'!S103+'調查(集賢)'!T103+'調查(集賢)'!U103+'調查(集賢)'!V103+'調查(集賢)'!W103+'調查(集賢)'!BF103+'調查(集賢)'!BG103+'調查(集賢)'!BH103+'調查(集賢)'!BI103+'調查(集賢)'!BJ103+'調查(集賢)'!BK103+'調查(集賢)'!CS103+'調查(集賢)'!CT103+'調查(集賢)'!CU103+'調查(集賢)'!CV103+'調查(集賢)'!CW103+'調查(集賢)'!CX103+'調查(集賢)'!EF103+'調查(集賢)'!EG103+'調查(集賢)'!EH103+'調查(集賢)'!EI103+'調查(集賢)'!EJ103+'調查(集賢)'!EK103 -> 0 | H106: ='調查(集賢)'!AK103+'調查(集賢)'!AL103+'調查(集賢)'!AM103+'調查(集賢)'!AN103+'調查(集賢)'!BY103+'調查(集賢)'!BZ103+'調查(集賢)'!CA103+'調查(集賢)'!CB103+'調查(集賢)'!DL103+'調查(集賢)'!DM103+'調查(集賢)'!DN103+'調查(集賢)'!DO103+'調查(集賢)'!EY103+'調查(集賢)'!EZ103+'調查(集賢)'!FA103+'調查(集賢)'!FB103 -> 0 | I106: - | J106: ='調查(集賢)'!J103+'調查(集賢)'!K103+'調查(集賢)'!L103+'調查(集賢)'!M103+'調查(集賢)'!AX103+'調查(集賢)'!AY103+'調查(集賢)'!AZ103+'調查(集賢)'!BA103+'調查(集賢)'!CL103+'調查(集賢)'!CM103+'調查(集賢)'!CN103+'調查(集賢)'!CO103+'調查(集賢)'!DY103+'調查(集賢)'!DZ103+'調查(集賢)'!EA103+'調查(集賢)'!EB103 -> 0 | K106: ='調查(集賢)'!X103+'調查(集賢)'!Y103+'調查(集賢)'!Z103+'調查(集賢)'!AA103+'調查(集賢)'!BL103+'調查(集賢)'!BM103+'調查(集賢)'!BN103+'調查(集賢)'!BO103+'調查(集賢)'!CY103+'調查(集賢)'!CZ103+'調查(集賢)'!DA103+'調查(集賢)'!DB103+'調查(集賢)'!EL103+'調查(集賢)'!EM103+'調查(集賢)'!EN103+'調查(集賢)'!EO103 -> 0 | L106: - | M106: ='調查(集賢)'!AO103+'調查(集賢)'!AP103+'調查(集賢)'!AQ103+'調查(集賢)'!CC103+'調查(集賢)'!CD103+'調查(集賢)'!CE103+'調查(集賢)'!DP103+'調查(集賢)'!DQ103+'調查(集賢)'!DR103+'調查(集賢)'!FC103+'調查(集賢)'!FD103+'調查(集賢)'!FE103 -> 0 | N106: - | O106: - | P106: ='調查(集賢)'!Q103+'調查(集賢)'!BE103 -> 0 | Q106: ='調查(集賢)'!N103+'調查(集賢)'!O103+'調查(集賢)'!P103+'調查(集賢)'!BB103+'調查(集賢)'!BC103+'調查(集賢)'!BD103+'調查(集賢)'!CP103+'調查(集賢)'!CQ103+'調查(集賢)'!CR103+'調查(集賢)'!EC103+'調查(集賢)'!ED103+'調查(集賢)'!EE103 -> 0 | R106: - | S106: =IF(AE106>0,AE106-AH106-AH202,0) -> 0 | V106: ='調查(集賢)'!D103+'調查(集賢)'!E103+'調查(集賢)'!F103+'調查(集賢)'!G103+'調查(集賢)'!H103+'調查(集賢)'!I103+'調查(集賢)'!AR103+'調查(集賢)'!AS103+'調查(集賢)'!AT103+'調查(集賢)'!AU103+'調查(集賢)'!AV103+'調查(集賢)'!AW103+'調查(集賢)'!CF103+'調查(集賢)'!CG103+'調查(集賢)'!CH103+'調查(集賢)'!CI103+'調查(集賢)'!CJ103+'調查(集賢)'!CK103+'調查(集賢)'!DS103+'調查(集賢)'!DT103+'調查(集賢)'!DU103+'調查(集賢)'!DV103+'調查(集賢)'!DW103+'調查(集賢)'!DX103 -> 0 | W106: ='調查(集賢)'!R103+'調查(集賢)'!S103+'調查(集賢)'!T103+'調查(集賢)'!U103+'調查(集賢)'!V103+'調查(集賢)'!W103+'調查(集賢)'!BF103+'調查(集賢)'!BG103+'調查(集賢)'!BH103+'調查(集賢)'!BI103+'調查(集賢)'!BJ103+'調查(集賢)'!BK103+'調查(集賢)'!CS103+'調查(集賢)'!CT103+'調查(集賢)'!CU103+'調查(集賢)'!CV103+'調查(集賢)'!CW103+'調查(集賢)'!CX103+'調查(集賢)'!EF103+'調查(集賢)'!EG103+'調查(集賢)'!EH103+'調查(集賢)'!EI103+'調查(集賢)'!EJ103+'調查(集賢)'!EK103 -> 0 | X106: ='調查(集賢)'!AE103+'調查(集賢)'!AF103+'調查(集賢)'!AG103+'調查(集賢)'!AH103+'調查(集賢)'!AI103+'調查(集賢)'!AJ103+'調查(集賢)'!BS103+'調查(集賢)'!BT103+'調查(集賢)'!BU103+'調查(集賢)'!BV103+'調查(集賢)'!BW103+'調查(集賢)'!BX103+'調查(集賢)'!DF103+'調查(集賢)'!DG103+'調查(集賢)'!DH103+'調查(集賢)'!DI103+'調查(集賢)'!DJ103+'調查(集賢)'!DK103+'調查(集賢)'!ES103+'調查(集賢)'!ET103+'調查(集賢)'!EU103+'調查(集賢)'!EV103+'調查(集賢)'!EW103+'調查(集賢)'!EX103 -> 0 | Z106: ='調查(集賢)'!J103+'調查(集賢)'!K103+'調查(集賢)'!L103+'調查(集賢)'!M103+'調查(集賢)'!AX103+'調查(集賢)'!AY103+'調查(集賢)'!AZ103+'調查(集賢)'!BA103+'調查(集賢)'!CL103+'調查(集賢)'!CM103+'調查(集賢)'!CN103+'調查(集賢)'!CO103+'調查(集賢)'!DY103+'調查(集賢)'!DZ103+'調查(集賢)'!EA103+'調查(集賢)'!EB103 -> 0 | AA106: ='調查(集賢)'!X103+'調查(集賢)'!Y103+'調查(集賢)'!Z103+'調查(集賢)'!AA103+'調查(集賢)'!BL103+'調查(集賢)'!BM103+'調查(集賢)'!BN103+'調查(集賢)'!BO103+'調查(集賢)'!CY103+'調查(集賢)'!CZ103+'調查(集賢)'!DA103+'調查(集賢)'!DB103+'調查(集賢)'!EL103+'調查(集賢)'!EM103+'調查(集賢)'!EN103+'調查(集賢)'!EO103 -> 0 | AB106: ='調查(集賢)'!AK103+'調查(集賢)'!AL103+'調查(集賢)'!AM103+'調查(集賢)'!AN103+'調查(集賢)'!BY103+'調查(集賢)'!BZ103+'調查(集賢)'!CA103+'調查(集賢)'!CB103+'調查(集賢)'!DL103+'調查(集賢)'!DM103+'調查(集賢)'!DN103+'調查(集賢)'!DO103+'調查(集賢)'!EY103+'調查(集賢)'!EZ103+'調查(集賢)'!FA103+'調查(集賢)'!FB103 -> 0 | AD106: ='調查(集賢)'!N103+'調查(集賢)'!O103+'調查(集賢)'!P103+'調查(集賢)'!BB103+'調查(集賢)'!BC103+'調查(集賢)'!BD103+'調查(集賢)'!CP103+'調查(集賢)'!CQ103+'調查(集賢)'!CR103+'調查(集賢)'!EC103+'調查(集賢)'!ED103+'調查(集賢)'!EE103 -> 0 | AE106: ='調查(集賢)'!AB103+'調查(集賢)'!AC103+'調查(集賢)'!AD103+'調查(集賢)'!BP103+'調查(集賢)'!BQ103+'調查(集賢)'!BR103+'調查(集賢)'!DC103+'調查(集賢)'!DD103+'調查(集賢)'!DE103+'調查(集賢)'!EP103+'調查(集賢)'!EQ103+'調查(集賢)'!ER103 -> 0 | AF106: ='調查(集賢)'!AO103+'調查(集賢)'!AP103+'調查(集賢)'!AQ103+'調查(集賢)'!CC103+'調查(集賢)'!CD103+'調查(集賢)'!CE103+'調查(集賢)'!DP103+'調查(集賢)'!DQ103+'調查(集賢)'!DR103+'調查(集賢)'!FC103+'調查(集賢)'!FD103+'調查(集賢)'!FE103 -> 0 | AH106: ='調查(集賢)'!Q103+'調查(集賢)'!BE103 -> 0
A107: B | B107: 0.0625 | C107: 0.072916667 | D107: ='調查(集賢)'!AE104+'調查(集賢)'!AF104+'調查(集賢)'!AG104+'調查(集賢)'!AH104+'調查(集賢)'!AI104+'調查(集賢)'!AJ104+'調查(集賢)'!BS104+'調查(集賢)'!BT104+'調查(集賢)'!BU104+'調查(集賢)'!BV104+'調查(集賢)'!BW104+'調查(集賢)'!BX104+'調查(集賢)'!DF104+'調查(集賢)'!DG104+'調查(集賢)'!DH104+'調查(集賢)'!DI104+'調查(集賢)'!DJ104+'調查(集賢)'!DK104+'調查(集賢)'!ES104+'調查(集賢)'!ET104+'調查(集賢)'!EU104+'調查(集賢)'!EV104+'調查(集賢)'!EW104+'調查(集賢)'!EX104 -> 0 | E107: - | F107: ='調查(集賢)'!D104+'調查(集賢)'!E104+'調查(集賢)'!F104+'調查(集賢)'!G104+'調查(集賢)'!H104+'調查(集賢)'!I104+'調查(集賢)'!AR104+'調查(集賢)'!AS104+'調查(集賢)'!AT104+'調查(集賢)'!AU104+'調查(集賢)'!AV104+'調查(集賢)'!AW104+'調查(集賢)'!CF104+'調查(集賢)'!CG104+'調查(集賢)'!CH104+'調查(集賢)'!CI104+'調查(集賢)'!CJ104+'調查(集賢)'!CK104+'調查(集賢)'!DS104+'調查(集賢)'!DT104+'調查(集賢)'!DU104+'調查(集賢)'!DV104+'調查(集賢)'!DW104+'調查(集賢)'!DX104 -> 0 | G107: ='調查(集賢)'!R104+'調查(集賢)'!S104+'調查(集賢)'!T104+'調查(集賢)'!U104+'調查(集賢)'!V104+'調查(集賢)'!W104+'調查(集賢)'!BF104+'調查(集賢)'!BG104+'調查(集賢)'!BH104+'調查(集賢)'!BI104+'調查(集賢)'!BJ104+'調查(集賢)'!BK104+'調查(集賢)'!CS104+'調查(集賢)'!CT104+'調查(集賢)'!CU104+'調查(集賢)'!CV104+'調查(集賢)'!CW104+'調查(集賢)'!CX104+'調查(集賢)'!EF104+'調查(集賢)'!EG104+'調查(集賢)'!EH104+'調查(集賢)'!EI104+'調查(集賢)'!EJ104+'調查(集賢)'!EK104 -> 0 | H107: ='調查(集賢)'!AK104+'調查(集賢)'!AL104+'調查(集賢)'!AM104+'調查(集賢)'!AN104+'調查(集賢)'!BY104+'調查(集賢)'!BZ104+'調查(集賢)'!CA104+'調查(集賢)'!CB104+'調查(集賢)'!DL104+'調查(集賢)'!DM104+'調查(集賢)'!DN104+'調查(集賢)'!DO104+'調查(集賢)'!EY104+'調查(集賢)'!EZ104+'調查(集賢)'!FA104+'調查(集賢)'!FB104 -> 0 | I107: - | J107: ='調查(集賢)'!J104+'調查(集賢)'!K104+'調查(集賢)'!L104+'調查(集賢)'!M104+'調查(集賢)'!AX104+'調查(集賢)'!AY104+'調查(集賢)'!AZ104+'調查(集賢)'!BA104+'調查(集賢)'!CL104+'調查(集賢)'!CM104+'調查(集賢)'!CN104+'調查(集賢)'!CO104+'調查(集賢)'!DY104+'調查(集賢)'!DZ104+'調查(集賢)'!EA104+'調查(集賢)'!EB104 -> 0 | K107: ='調查(集賢)'!X104+'調查(集賢)'!Y104+'調查(集賢)'!Z104+'調查(集賢)'!AA104+'調查(集賢)'!BL104+'調查(集賢)'!BM104+'調查(集賢)'!BN104+'調查(集賢)'!BO104+'調查(集賢)'!CY104+'調查(集賢)'!CZ104+'調查(集賢)'!DA104+'調查(集賢)'!DB104+'調查(集賢)'!EL104+'調查(集賢)'!EM104+'調查(集賢)'!EN104+'調查(集賢)'!EO104 -> 0 | L107: - | M107: ='調查(集賢)'!AO104+'調查(集賢)'!AP104+'調查(集賢)'!AQ104+'調查(集賢)'!CC104+'調查(集賢)'!CD104+'調查(集賢)'!CE104+'調查(集賢)'!DP104+'調查(集賢)'!DQ104+'調查(集賢)'!DR104+'調查(集賢)'!FC104+'調查(集賢)'!FD104+'調查(集賢)'!FE104 -> 0 | N107: - | O107: - | P107: ='調查(集賢)'!Q104+'調查(集賢)'!BE104 -> 0 | Q107: ='調查(集賢)'!N104+'調查(集賢)'!O104+'調查(集賢)'!P104+'調查(集賢)'!BB104+'調查(集賢)'!BC104+'調查(集賢)'!BD104+'調查(集賢)'!CP104+'調查(集賢)'!CQ104+'調查(集賢)'!CR104+'調查(集賢)'!EC104+'調查(集賢)'!ED104+'調查(集賢)'!EE104 -> 0 | R107: - | S107: =IF(AE107>0,AE107-AH107-AH203,0) -> 0 | V107: ='調查(集賢)'!D104+'調查(集賢)'!E104+'調查(集賢)'!F104+'調查(集賢)'!G104+'調查(集賢)'!H104+'調查(集賢)'!I104+'調查(集賢)'!AR104+'調查(集賢)'!AS104+'調查(集賢)'!AT104+'調查(集賢)'!AU104+'調查(集賢)'!AV104+'調查(集賢)'!AW104+'調查(集賢)'!CF104+'調查(集賢)'!CG104+'調查(集賢)'!CH104+'調查(集賢)'!CI104+'調查(集賢)'!CJ104+'調查(集賢)'!CK104+'調查(集賢)'!DS104+'調查(集賢)'!DT104+'調查(集賢)'!DU104+'調查(集賢)'!DV104+'調查(集賢)'!DW104+'調查(集賢)'!DX104 -> 0 | W107: ='調查(集賢)'!R104+'調查(集賢)'!S104+'調查(集賢)'!T104+'調查(集賢)'!U104+'調查(集賢)'!V104+'調查(集賢)'!W104+'調查(集賢)'!BF104+'調查(集賢)'!BG104+'調查(集賢)'!BH104+'調查(集賢)'!BI104+'調查(集賢)'!BJ104+'調查(集賢)'!BK104+'調查(集賢)'!CS104+'調查(集賢)'!CT104+'調查(集賢)'!CU104+'調查(集賢)'!CV104+'調查(集賢)'!CW104+'調查(集賢)'!CX104+'調查(集賢)'!EF104+'調查(集賢)'!EG104+'調查(集賢)'!EH104+'調查(集賢)'!EI104+'調查(集賢)'!EJ104+'調查(集賢)'!EK104 -> 0 | X107: ='調查(集賢)'!AE104+'調查(集賢)'!AF104+'調查(集賢)'!AG104+'調查(集賢)'!AH104+'調查(集賢)'!AI104+'調查(集賢)'!AJ104+'調查(集賢)'!BS104+'調查(集賢)'!BT104+'調查(集賢)'!BU104+'調查(集賢)'!BV104+'調查(集賢)'!BW104+'調查(集賢)'!BX104+'調查(集賢)'!DF104+'調查(集賢)'!DG104+'調查(集賢)'!DH104+'調查(集賢)'!DI104+'調查(集賢)'!DJ104+'調查(集賢)'!DK104+'調查(集賢)'!ES104+'調查(集賢)'!ET104+'調查(集賢)'!EU104+'調查(集賢)'!EV104+'調查(集賢)'!EW104+'調查(集賢)'!EX104 -> 0 | Z107: ='調查(集賢)'!J104+'調查(集賢)'!K104+'調查(集賢)'!L104+'調查(集賢)'!M104+'調查(集賢)'!AX104+'調查(集賢)'!AY104+'調查(集賢)'!AZ104+'調查(集賢)'!BA104+'調查(集賢)'!CL104+'調查(集賢)'!CM104+'調查(集賢)'!CN104+'調查(集賢)'!CO104+'調查(集賢)'!DY104+'調查(集賢)'!DZ104+'調查(集賢)'!EA104+'調查(集賢)'!EB104 -> 0 | AA107: ='調查(集賢)'!X104+'調查(集賢)'!Y104+'調查(集賢)'!Z104+'調查(集賢)'!AA104+'調查(集賢)'!BL104+'調查(集賢)'!BM104+'調查(集賢)'!BN104+'調查(集賢)'!BO104+'調查(集賢)'!CY104+'調查(集賢)'!CZ104+'調查(集賢)'!DA104+'調查(集賢)'!DB104+'調查(集賢)'!EL104+'調查(集賢)'!EM104+'調查(集賢)'!EN104+'調查(集賢)'!EO104 -> 0 | AB107: ='調查(集賢)'!AK104+'調查(集賢)'!AL104+'調查(集賢)'!AM104+'調查(集賢)'!AN104+'調查(集賢)'!BY104+'調查(集賢)'!BZ104+'調查(集賢)'!CA104+'調查(集賢)'!CB104+'調查(集賢)'!DL104+'調查(集賢)'!DM104+'調查(集賢)'!DN104+'調查(集賢)'!DO104+'調查(集賢)'!EY104+'調查(集賢)'!EZ104+'調查(集賢)'!FA104+'調查(集賢)'!FB104 -> 0 | AD107: ='調查(集賢)'!N104+'調查(集賢)'!O104+'調查(集賢)'!P104+'調查(集賢)'!BB104+'調查(集賢)'!BC104+'調查(集賢)'!BD104+'調查(集賢)'!CP104+'調查(集賢)'!CQ104+'調查(集賢)'!CR104+'調查(集賢)'!EC104+'調查(集賢)'!ED104+'調查(集賢)'!EE104 -> 0 | AE107: ='調查(集賢)'!AB104+'調查(集賢)'!AC104+'調查(集賢)'!AD104+'調查(集賢)'!BP104+'調查(集賢)'!BQ104+'調查(集賢)'!BR104+'調查(集賢)'!DC104+'調查(集賢)'!DD104+'調查(集賢)'!DE104+'調查(集賢)'!EP104+'調查(集賢)'!EQ104+'調查(集賢)'!ER104 -> 0 | AF107: ='調查(集賢)'!AO104+'調查(集賢)'!AP104+'調查(集賢)'!AQ104+'調查(集賢)'!CC104+'調查(集賢)'!CD104+'調查(集賢)'!CE104+'調查(集賢)'!DP104+'調查(集賢)'!DQ104+'調查(集賢)'!DR104+'調查(集賢)'!FC104+'調查(集賢)'!FD104+'調查(集賢)'!FE104 -> 0 | AH107: ='調查(集賢)'!Q104+'調查(集賢)'!BE104 -> 0
A108: B | B108: 0.072916667 | C108: 0.083333333 | D108: ='調查(集賢)'!AE105+'調查(集賢)'!AF105+'調查(集賢)'!AG105+'調查(集賢)'!AH105+'調查(集賢)'!AI105+'調查(集賢)'!AJ105+'調查(集賢)'!BS105+'調查(集賢)'!BT105+'調查(集賢)'!BU105+'調查(集賢)'!BV105+'調查(集賢)'!BW105+'調查(集賢)'!BX105+'調查(集賢)'!DF105+'調查(集賢)'!DG105+'調查(集賢)'!DH105+'調查(集賢)'!DI105+'調查(集賢)'!DJ105+'調查(集賢)'!DK105+'調查(集賢)'!ES105+'調查(集賢)'!ET105+'調查(集賢)'!EU105+'調查(集賢)'!EV105+'調查(集賢)'!EW105+'調查(集賢)'!EX105 -> 0 | E108: - | F108: ='調查(集賢)'!D105+'調查(集賢)'!E105+'調查(集賢)'!F105+'調查(集賢)'!G105+'調查(集賢)'!H105+'調查(集賢)'!I105+'調查(集賢)'!AR105+'調查(集賢)'!AS105+'調查(集賢)'!AT105+'調查(集賢)'!AU105+'調查(集賢)'!AV105+'調查(集賢)'!AW105+'調查(集賢)'!CF105+'調查(集賢)'!CG105+'調查(集賢)'!CH105+'調查(集賢)'!CI105+'調查(集賢)'!CJ105+'調查(集賢)'!CK105+'調查(集賢)'!DS105+'調查(集賢)'!DT105+'調查(集賢)'!DU105+'調查(集賢)'!DV105+'調查(集賢)'!DW105+'調查(集賢)'!DX105 -> 0 | G108: ='調查(集賢)'!R105+'調查(集賢)'!S105+'調查(集賢)'!T105+'調查(集賢)'!U105+'調查(集賢)'!V105+'調查(集賢)'!W105+'調查(集賢)'!BF105+'調查(集賢)'!BG105+'調查(集賢)'!BH105+'調查(集賢)'!BI105+'調查(集賢)'!BJ105+'調查(集賢)'!BK105+'調查(集賢)'!CS105+'調查(集賢)'!CT105+'調查(集賢)'!CU105+'調查(集賢)'!CV105+'調查(集賢)'!CW105+'調查(集賢)'!CX105+'調查(集賢)'!EF105+'調查(集賢)'!EG105+'調查(集賢)'!EH105+'調查(集賢)'!EI105+'調查(集賢)'!EJ105+'調查(集賢)'!EK105 -> 0 | H108: ='調查(集賢)'!AK105+'調查(集賢)'!AL105+'調查(集賢)'!AM105+'調查(集賢)'!AN105+'調查(集賢)'!BY105+'調查(集賢)'!BZ105+'調查(集賢)'!CA105+'調查(集賢)'!CB105+'調查(集賢)'!DL105+'調查(集賢)'!DM105+'調查(集賢)'!DN105+'調查(集賢)'!DO105+'調查(集賢)'!EY105+'調查(集賢)'!EZ105+'調查(集賢)'!FA105+'調查(集賢)'!FB105 -> 0 | I108: - | J108: ='調查(集賢)'!J105+'調查(集賢)'!K105+'調查(集賢)'!L105+'調查(集賢)'!M105+'調查(集賢)'!AX105+'調查(集賢)'!AY105+'調查(集賢)'!AZ105+'調查(集賢)'!BA105+'調查(集賢)'!CL105+'調查(集賢)'!CM105+'調查(集賢)'!CN105+'調查(集賢)'!CO105+'調查(集賢)'!DY105+'調查(集賢)'!DZ105+'調查(集賢)'!EA105+'調查(集賢)'!EB105 -> 0 | K108: ='調查(集賢)'!X105+'調查(集賢)'!Y105+'調查(集賢)'!Z105+'調查(集賢)'!AA105+'調查(集賢)'!BL105+'調查(集賢)'!BM105+'調查(集賢)'!BN105+'調查(集賢)'!BO105+'調查(集賢)'!CY105+'調查(集賢)'!CZ105+'調查(集賢)'!DA105+'調查(集賢)'!DB105+'調查(集賢)'!EL105+'調查(集賢)'!EM105+'調查(集賢)'!EN105+'調查(集賢)'!EO105 -> 0 | L108: - | M108: ='調查(集賢)'!AO105+'調查(集賢)'!AP105+'調查(集賢)'!AQ105+'調查(集賢)'!CC105+'調查(集賢)'!CD105+'調查(集賢)'!CE105+'調查(集賢)'!DP105+'調查(集賢)'!DQ105+'調查(集賢)'!DR105+'調查(集賢)'!FC105+'調查(集賢)'!FD105+'調查(集賢)'!FE105 -> 0 | N108: - | O108: - | P108: ='調查(集賢)'!Q105+'調查(集賢)'!BE105 -> 0 | Q108: ='調查(集賢)'!N105+'調查(集賢)'!O105+'調查(集賢)'!P105+'調查(集賢)'!BB105+'調查(集賢)'!BC105+'調查(集賢)'!BD105+'調查(集賢)'!CP105+'調查(集賢)'!CQ105+'調查(集賢)'!CR105+'調查(集賢)'!EC105+'調查(集賢)'!ED105+'調查(集賢)'!EE105 -> 0 | R108: - | S108: =IF(AE108>0,AE108-AH108-AH204,0) -> 0 | V108: ='調查(集賢)'!D105+'調查(集賢)'!E105+'調查(集賢)'!F105+'調查(集賢)'!G105+'調查(集賢)'!H105+'調查(集賢)'!I105+'調查(集賢)'!AR105+'調查(集賢)'!AS105+'調查(集賢)'!AT105+'調查(集賢)'!AU105+'調查(集賢)'!AV105+'調查(集賢)'!AW105+'調查(集賢)'!CF105+'調查(集賢)'!CG105+'調查(集賢)'!CH105+'調查(集賢)'!CI105+'調查(集賢)'!CJ105+'調查(集賢)'!CK105+'調查(集賢)'!DS105+'調查(集賢)'!DT105+'調查(集賢)'!DU105+'調查(集賢)'!DV105+'調查(集賢)'!DW105+'調查(集賢)'!DX105 -> 0 | W108: ='調查(集賢)'!R105+'調查(集賢)'!S105+'調查(集賢)'!T105+'調查(集賢)'!U105+'調查(集賢)'!V105+'調查(集賢)'!W105+'調查(集賢)'!BF105+'調查(集賢)'!BG105+'調查(集賢)'!BH105+'調查(集賢)'!BI105+'調查(集賢)'!BJ105+'調查(集賢)'!BK105+'調查(集賢)'!CS105+'調查(集賢)'!CT105+'調查(集賢)'!CU105+'調查(集賢)'!CV105+'調查(集賢)'!CW105+'調查(集賢)'!CX105+'調查(集賢)'!EF105+'調查(集賢)'!EG105+'調查(集賢)'!EH105+'調查(集賢)'!EI105+'調查(集賢)'!EJ105+'調查(集賢)'!EK105 -> 0 | X108: ='調查(集賢)'!AE105+'調查(集賢)'!AF105+'調查(集賢)'!AG105+'調查(集賢)'!AH105+'調查(集賢)'!AI105+'調查(集賢)'!AJ105+'調查(集賢)'!BS105+'調查(集賢)'!BT105+'調查(集賢)'!BU105+'調查(集賢)'!BV105+'調查(集賢)'!BW105+'調查(集賢)'!BX105+'調查(集賢)'!DF105+'調查(集賢)'!DG105+'調查(集賢)'!DH105+'調查(集賢)'!DI105+'調查(集賢)'!DJ105+'調查(集賢)'!DK105+'調查(集賢)'!ES105+'調查(集賢)'!ET105+'調查(集賢)'!EU105+'調查(集賢)'!EV105+'調查(集賢)'!EW105+'調查(集賢)'!EX105 -> 0 | Z108: ='調查(集賢)'!J105+'調查(集賢)'!K105+'調查(集賢)'!L105+'調查(集賢)'!M105+'調查(集賢)'!AX105+'調查(集賢)'!AY105+'調查(集賢)'!AZ105+'調查(集賢)'!BA105+'調查(集賢)'!CL105+'調查(集賢)'!CM105+'調查(集賢)'!CN105+'調查(集賢)'!CO105+'調查(集賢)'!DY105+'調查(集賢)'!DZ105+'調查(集賢)'!EA105+'調查(集賢)'!EB105 -> 0 | AA108: ='調查(集賢)'!X105+'調查(集賢)'!Y105+'調查(集賢)'!Z105+'調查(集賢)'!AA105+'調查(集賢)'!BL105+'調查(集賢)'!BM105+'調查(集賢)'!BN105+'調查(集賢)'!BO105+'調查(集賢)'!CY105+'調查(集賢)'!CZ105+'調查(集賢)'!DA105+'調查(集賢)'!DB105+'調查(集賢)'!EL105+'調查(集賢)'!EM105+'調查(集賢)'!EN105+'調查(集賢)'!EO105 -> 0 | AB108: ='調查(集賢)'!AK105+'調查(集賢)'!AL105+'調查(集賢)'!AM105+'調查(集賢)'!AN105+'調查(集賢)'!BY105+'調查(集賢)'!BZ105+'調查(集賢)'!CA105+'調查(集賢)'!CB105+'調查(集賢)'!DL105+'調查(集賢)'!DM105+'調查(集賢)'!DN105+'調查(集賢)'!DO105+'調查(集賢)'!EY105+'調查(集賢)'!EZ105+'調查(集賢)'!FA105+'調查(集賢)'!FB105 -> 0 | AD108: ='調查(集賢)'!N105+'調查(集賢)'!O105+'調查(集賢)'!P105+'調查(集賢)'!BB105+'調查(集賢)'!BC105+'調查(集賢)'!BD105+'調查(集賢)'!CP105+'調查(集賢)'!CQ105+'調查(集賢)'!CR105+'調查(集賢)'!EC105+'調查(集賢)'!ED105+'調查(集賢)'!EE105 -> 0 | AE108: ='調查(集賢)'!AB105+'調查(集賢)'!AC105+'調查(集賢)'!AD105+'調查(集賢)'!BP105+'調查(集賢)'!BQ105+'調查(集賢)'!BR105+'調查(集賢)'!DC105+'調查(集賢)'!DD105+'調查(集賢)'!DE105+'調查(集賢)'!EP105+'調查(集賢)'!EQ105+'調查(集賢)'!ER105 -> 0 | AF108: ='調查(集賢)'!AO105+'調查(集賢)'!AP105+'調查(集賢)'!AQ105+'調查(集賢)'!CC105+'調查(集賢)'!CD105+'調查(集賢)'!CE105+'調查(集賢)'!DP105+'調查(集賢)'!DQ105+'調查(集賢)'!DR105+'調查(集賢)'!FC105+'調查(集賢)'!FD105+'調查(集賢)'!FE105 -> 0 | AH108: ='調查(集賢)'!Q105+'調查(集賢)'!BE105 -> 0
A109: B | B109: 0.083333333 | C109: 0.09375 | D109: ='調查(集賢)'!AE106+'調查(集賢)'!AF106+'調查(集賢)'!AG106+'調查(集賢)'!AH106+'調查(集賢)'!AI106+'調查(集賢)'!AJ106+'調查(集賢)'!BS106+'調查(集賢)'!BT106+'調查(集賢)'!BU106+'調查(集賢)'!BV106+'調查(集賢)'!BW106+'調查(集賢)'!BX106+'調查(集賢)'!DF106+'調查(集賢)'!DG106+'調查(集賢)'!DH106+'調查(集賢)'!DI106+'調查(集賢)'!DJ106+'調查(集賢)'!DK106+'調查(集賢)'!ES106+'調查(集賢)'!ET106+'調查(集賢)'!EU106+'調查(集賢)'!EV106+'調查(集賢)'!EW106+'調查(集賢)'!EX106 -> 0 | E109: - | F109: ='調查(集賢)'!D106+'調查(集賢)'!E106+'調查(集賢)'!F106+'調查(集賢)'!G106+'調查(集賢)'!H106+'調查(集賢)'!I106+'調查(集賢)'!AR106+'調查(集賢)'!AS106+'調查(集賢)'!AT106+'調查(集賢)'!AU106+'調查(集賢)'!AV106+'調查(集賢)'!AW106+'調查(集賢)'!CF106+'調查(集賢)'!CG106+'調查(集賢)'!CH106+'調查(集賢)'!CI106+'調查(集賢)'!CJ106+'調查(集賢)'!CK106+'調查(集賢)'!DS106+'調查(集賢)'!DT106+'調查(集賢)'!DU106+'調查(集賢)'!DV106+'調查(集賢)'!DW106+'調查(集賢)'!DX106 -> 0 | G109: ='調查(集賢)'!R106+'調查(集賢)'!S106+'調查(集賢)'!T106+'調查(集賢)'!U106+'調查(集賢)'!V106+'調查(集賢)'!W106+'調查(集賢)'!BF106+'調查(集賢)'!BG106+'調查(集賢)'!BH106+'調查(集賢)'!BI106+'調查(集賢)'!BJ106+'調查(集賢)'!BK106+'調查(集賢)'!CS106+'調查(集賢)'!CT106+'調查(集賢)'!CU106+'調查(集賢)'!CV106+'調查(集賢)'!CW106+'調查(集賢)'!CX106+'調查(集賢)'!EF106+'調查(集賢)'!EG106+'調查(集賢)'!EH106+'調查(集賢)'!EI106+'調查(集賢)'!EJ106+'調查(集賢)'!EK106 -> 0 | H109: ='調查(集賢)'!AK106+'調查(集賢)'!AL106+'調查(集賢)'!AM106+'調查(集賢)'!AN106+'調查(集賢)'!BY106+'調查(集賢)'!BZ106+'調查(集賢)'!CA106+'調查(集賢)'!CB106+'調查(集賢)'!DL106+'調查(集賢)'!DM106+'調查(集賢)'!DN106+'調查(集賢)'!DO106+'調查(集賢)'!EY106+'調查(集賢)'!EZ106+'調查(集賢)'!FA106+'調查(集賢)'!FB106 -> 0 | I109: - | J109: ='調查(集賢)'!J106+'調查(集賢)'!K106+'調查(集賢)'!L106+'調查(集賢)'!M106+'調查(集賢)'!AX106+'調查(集賢)'!AY106+'調查(集賢)'!AZ106+'調查(集賢)'!BA106+'調查(集賢)'!CL106+'調查(集賢)'!CM106+'調查(集賢)'!CN106+'調查(集賢)'!CO106+'調查(集賢)'!DY106+'調查(集賢)'!DZ106+'調查(集賢)'!EA106+'調查(集賢)'!EB106 -> 0 | K109: ='調查(集賢)'!X106+'調查(集賢)'!Y106+'調查(集賢)'!Z106+'調查(集賢)'!AA106+'調查(集賢)'!BL106+'調查(集賢)'!BM106+'調查(集賢)'!BN106+'調查(集賢)'!BO106+'調查(集賢)'!CY106+'調查(集賢)'!CZ106+'調查(集賢)'!DA106+'調查(集賢)'!DB106+'調查(集賢)'!EL106+'調查(集賢)'!EM106+'調查(集賢)'!EN106+'調查(集賢)'!EO106 -> 0 | L109: - | M109: ='調查(集賢)'!AO106+'調查(集賢)'!AP106+'調查(集賢)'!AQ106+'調查(集賢)'!CC106+'調查(集賢)'!CD106+'調查(集賢)'!CE106+'調查(集賢)'!DP106+'調查(集賢)'!DQ106+'調查(集賢)'!DR106+'調查(集賢)'!FC106+'調查(集賢)'!FD106+'調查(集賢)'!FE106 -> 0 | N109: - | O109: - | P109: ='調查(集賢)'!Q106+'調查(集賢)'!BE106 -> 0 | Q109: ='調查(集賢)'!N106+'調查(集賢)'!O106+'調查(集賢)'!P106+'調查(集賢)'!BB106+'調查(集賢)'!BC106+'調查(集賢)'!BD106+'調查(集賢)'!CP106+'調查(集賢)'!CQ106+'調查(集賢)'!CR106+'調查(集賢)'!EC106+'調查(集賢)'!ED106+'調查(集賢)'!EE106 -> 0 | R109: - | S109: =IF(AE109>0,AE109-AH109-AH205,0) -> 0 | V109: ='調查(集賢)'!D106+'調查(集賢)'!E106+'調查(集賢)'!F106+'調查(集賢)'!G106+'調查(集賢)'!H106+'調查(集賢)'!I106+'調查(集賢)'!AR106+'調查(集賢)'!AS106+'調查(集賢)'!AT106+'調查(集賢)'!AU106+'調查(集賢)'!AV106+'調查(集賢)'!AW106+'調查(集賢)'!CF106+'調查(集賢)'!CG106+'調查(集賢)'!CH106+'調查(集賢)'!CI106+'調查(集賢)'!CJ106+'調查(集賢)'!CK106+'調查(集賢)'!DS106+'調查(集賢)'!DT106+'調查(集賢)'!DU106+'調查(集賢)'!DV106+'調查(集賢)'!DW106+'調查(集賢)'!DX106 -> 0 | W109: ='調查(集賢)'!R106+'調查(集賢)'!S106+'調查(集賢)'!T106+'調查(集賢)'!U106+'調查(集賢)'!V106+'調查(集賢)'!W106+'調查(集賢)'!BF106+'調查(集賢)'!BG106+'調查(集賢)'!BH106+'調查(集賢)'!BI106+'調查(集賢)'!BJ106+'調查(集賢)'!BK106+'調查(集賢)'!CS106+'調查(集賢)'!CT106+'調查(集賢)'!CU106+'調查(集賢)'!CV106+'調查(集賢)'!CW106+'調查(集賢)'!CX106+'調查(集賢)'!EF106+'調查(集賢)'!EG106+'調查(集賢)'!EH106+'調查(集賢)'!EI106+'調查(集賢)'!EJ106+'調查(集賢)'!EK106 -> 0 | X109: ='調查(集賢)'!AE106+'調查(集賢)'!AF106+'調查(集賢)'!AG106+'調查(集賢)'!AH106+'調查(集賢)'!AI106+'調查(集賢)'!AJ106+'調查(集賢)'!BS106+'調查(集賢)'!BT106+'調查(集賢)'!BU106+'調查(集賢)'!BV106+'調查(集賢)'!BW106+'調查(集賢)'!BX106+'調查(集賢)'!DF106+'調查(集賢)'!DG106+'調查(集賢)'!DH106+'調查(集賢)'!DI106+'調查(集賢)'!DJ106+'調查(集賢)'!DK106+'調查(集賢)'!ES106+'調查(集賢)'!ET106+'調查(集賢)'!EU106+'調查(集賢)'!EV106+'調查(集賢)'!EW106+'調查(集賢)'!EX106 -> 0 | Z109: ='調查(集賢)'!J106+'調查(集賢)'!K106+'調查(集賢)'!L106+'調查(集賢)'!M106+'調查(集賢)'!AX106+'調查(集賢)'!AY106+'調查(集賢)'!AZ106+'調查(集賢)'!BA106+'調查(集賢)'!CL106+'調查(集賢)'!CM106+'調查(集賢)'!CN106+'調查(集賢)'!CO106+'調查(集賢)'!DY106+'調查(集賢)'!DZ106+'調查(集賢)'!EA106+'調查(集賢)'!EB106 -> 0 | AA109: ='調查(集賢)'!X106+'調查(集賢)'!Y106+'調查(集賢)'!Z106+'調查(集賢)'!AA106+'調查(集賢)'!BL106+'調查(集賢)'!BM106+'調查(集賢)'!BN106+'調查(集賢)'!BO106+'調查(集賢)'!CY106+'調查(集賢)'!CZ106+'調查(集賢)'!DA106+'調查(集賢)'!DB106+'調查(集賢)'!EL106+'調查(集賢)'!EM106+'調查(集賢)'!EN106+'調查(集賢)'!EO106 -> 0 | AB109: ='調查(集賢)'!AK106+'調查(集賢)'!AL106+'調查(集賢)'!AM106+'調查(集賢)'!AN106+'調查(集賢)'!BY106+'調查(集賢)'!BZ106+'調查(集賢)'!CA106+'調查(集賢)'!CB106+'調查(集賢)'!DL106+'調查(集賢)'!DM106+'調查(集賢)'!DN106+'調查(集賢)'!DO106+'調查(集賢)'!EY106+'調查(集賢)'!EZ106+'調查(集賢)'!FA106+'調查(集賢)'!FB106 -> 0 | AD109: ='調查(集賢)'!N106+'調查(集賢)'!O106+'調查(集賢)'!P106+'調查(集賢)'!BB106+'調查(集賢)'!BC106+'調查(集賢)'!BD106+'調查(集賢)'!CP106+'調查(集賢)'!CQ106+'調查(集賢)'!CR106+'調查(集賢)'!EC106+'調查(集賢)'!ED106+'調查(集賢)'!EE106 -> 0 | AE109: ='調查(集賢)'!AB106+'調查(集賢)'!AC106+'調查(集賢)'!AD106+'調查(集賢)'!BP106+'調查(集賢)'!BQ106+'調查(集賢)'!BR106+'調查(集賢)'!DC106+'調查(集賢)'!DD106+'調查(集賢)'!DE106+'調查(集賢)'!EP106+'調查(集賢)'!EQ106+'調查(集賢)'!ER106 -> 0 | AF109: ='調查(集賢)'!AO106+'調查(集賢)'!AP106+'調查(集賢)'!AQ106+'調查(集賢)'!CC106+'調查(集賢)'!CD106+'調查(集賢)'!CE106+'調查(集賢)'!DP106+'調查(集賢)'!DQ106+'調查(集賢)'!DR106+'調查(集賢)'!FC106+'調查(集賢)'!FD106+'調查(集賢)'!FE106 -> 0 | AH109: ='調查(集賢)'!Q106+'調查(集賢)'!BE106 -> 0
A110: B | B110: 0.09375 | C110: 0.10416667 | D110: ='調查(集賢)'!AE107+'調查(集賢)'!AF107+'調查(集賢)'!AG107+'調查(集賢)'!AH107+'調查(集賢)'!AI107+'調查(集賢)'!AJ107+'調查(集賢)'!BS107+'調查(集賢)'!BT107+'調查(集賢)'!BU107+'調查(集賢)'!BV107+'調查(集賢)'!BW107+'調查(集賢)'!BX107+'調查(集賢)'!DF107+'調查(集賢)'!DG107+'調查(集賢)'!DH107+'調查(集賢)'!DI107+'調查(集賢)'!DJ107+'調查(集賢)'!DK107+'調查(集賢)'!ES107+'調查(集賢)'!ET107+'調查(集賢)'!EU107+'調查(集賢)'!EV107+'調查(集賢)'!EW107+'調查(集賢)'!EX107 -> 0 | E110: - | F110: ='調查(集賢)'!D107+'調查(集賢)'!E107+'調查(集賢)'!F107+'調查(集賢)'!G107+'調查(集賢)'!H107+'調查(集賢)'!I107+'調查(集賢)'!AR107+'調查(集賢)'!AS107+'調查(集賢)'!AT107+'調查(集賢)'!AU107+'調查(集賢)'!AV107+'調查(集賢)'!AW107+'調查(集賢)'!CF107+'調查(集賢)'!CG107+'調查(集賢)'!CH107+'調查(集賢)'!CI107+'調查(集賢)'!CJ107+'調查(集賢)'!CK107+'調查(集賢)'!DS107+'調查(集賢)'!DT107+'調查(集賢)'!DU107+'調查(集賢)'!DV107+'調查(集賢)'!DW107+'調查(集賢)'!DX107 -> 0 | G110: ='調查(集賢)'!R107+'調查(集賢)'!S107+'調查(集賢)'!T107+'調查(集賢)'!U107+'調查(集賢)'!V107+'調查(集賢)'!W107+'調查(集賢)'!BF107+'調查(集賢)'!BG107+'調查(集賢)'!BH107+'調查(集賢)'!BI107+'調查(集賢)'!BJ107+'調查(集賢)'!BK107+'調查(集賢)'!CS107+'調查(集賢)'!CT107+'調查(集賢)'!CU107+'調查(集賢)'!CV107+'調查(集賢)'!CW107+'調查(集賢)'!CX107+'調查(集賢)'!EF107+'調查(集賢)'!EG107+'調查(集賢)'!EH107+'調查(集賢)'!EI107+'調查(集賢)'!EJ107+'調查(集賢)'!EK107 -> 0 | H110: ='調查(集賢)'!AK107+'調查(集賢)'!AL107+'調查(集賢)'!AM107+'調查(集賢)'!AN107+'調查(集賢)'!BY107+'調查(集賢)'!BZ107+'調查(集賢)'!CA107+'調查(集賢)'!CB107+'調查(集賢)'!DL107+'調查(集賢)'!DM107+'調查(集賢)'!DN107+'調查(集賢)'!DO107+'調查(集賢)'!EY107+'調查(集賢)'!EZ107+'調查(集賢)'!FA107+'調查(集賢)'!FB107 -> 0 | I110: - | J110: ='調查(集賢)'!J107+'調查(集賢)'!K107+'調查(集賢)'!L107+'調查(集賢)'!M107+'調查(集賢)'!AX107+'調查(集賢)'!AY107+'調查(集賢)'!AZ107+'調查(集賢)'!BA107+'調查(集賢)'!CL107+'調查(集賢)'!CM107+'調查(集賢)'!CN107+'調查(集賢)'!CO107+'調查(集賢)'!DY107+'調查(集賢)'!DZ107+'調查(集賢)'!EA107+'調查(集賢)'!EB107 -> 0 | K110: ='調查(集賢)'!X107+'調查(集賢)'!Y107+'調查(集賢)'!Z107+'調查(集賢)'!AA107+'調查(集賢)'!BL107+'調查(集賢)'!BM107+'調查(集賢)'!BN107+'調查(集賢)'!BO107+'調查(集賢)'!CY107+'調查(集賢)'!CZ107+'調查(集賢)'!DA107+'調查(集賢)'!DB107+'調查(集賢)'!EL107+'調查(集賢)'!EM107+'調查(集賢)'!EN107+'調查(集賢)'!EO107 -> 0 | L110: - | M110: ='調查(集賢)'!AO107+'調查(集賢)'!AP107+'調查(集賢)'!AQ107+'調查(集賢)'!CC107+'調查(集賢)'!CD107+'調查(集賢)'!CE107+'調查(集賢)'!DP107+'調查(集賢)'!DQ107+'調查(集賢)'!DR107+'調查(集賢)'!FC107+'調查(集賢)'!FD107+'調查(集賢)'!FE107 -> 0 | N110: - | O110: - | P110: ='調查(集賢)'!Q107+'調查(集賢)'!BE107 -> 0 | Q110: ='調查(集賢)'!N107+'調查(集賢)'!O107+'調查(集賢)'!P107+'調查(集賢)'!BB107+'調查(集賢)'!BC107+'調查(集賢)'!BD107+'調查(集賢)'!CP107+'調查(集賢)'!CQ107+'調查(集賢)'!CR107+'調查(集賢)'!EC107+'調查(集賢)'!ED107+'調查(集賢)'!EE107 -> 0 | R110: - | S110: =IF(AE110>0,AE110-AH110-AH206,0) -> 0 | V110: ='調查(集賢)'!D107+'調查(集賢)'!E107+'調查(集賢)'!F107+'調查(集賢)'!G107+'調查(集賢)'!H107+'調查(集賢)'!I107+'調查(集賢)'!AR107+'調查(集賢)'!AS107+'調查(集賢)'!AT107+'調查(集賢)'!AU107+'調查(集賢)'!AV107+'調查(集賢)'!AW107+'調查(集賢)'!CF107+'調查(集賢)'!CG107+'調查(集賢)'!CH107+'調查(集賢)'!CI107+'調查(集賢)'!CJ107+'調查(集賢)'!CK107+'調查(集賢)'!DS107+'調查(集賢)'!DT107+'調查(集賢)'!DU107+'調查(集賢)'!DV107+'調查(集賢)'!DW107+'調查(集賢)'!DX107 -> 0 | W110: ='調查(集賢)'!R107+'調查(集賢)'!S107+'調查(集賢)'!T107+'調查(集賢)'!U107+'調查(集賢)'!V107+'調查(集賢)'!W107+'調查(集賢)'!BF107+'調查(集賢)'!BG107+'調查(集賢)'!BH107+'調查(集賢)'!BI107+'調查(集賢)'!BJ107+'調查(集賢)'!BK107+'調查(集賢)'!CS107+'調查(集賢)'!CT107+'調查(集賢)'!CU107+'調查(集賢)'!CV107+'調查(集賢)'!CW107+'調查(集賢)'!CX107+'調查(集賢)'!EF107+'調查(集賢)'!EG107+'調查(集賢)'!EH107+'調查(集賢)'!EI107+'調查(集賢)'!EJ107+'調查(集賢)'!EK107 -> 0 | X110: ='調查(集賢)'!AE107+'調查(集賢)'!AF107+'調查(集賢)'!AG107+'調查(集賢)'!AH107+'調查(集賢)'!AI107+'調查(集賢)'!AJ107+'調查(集賢)'!BS107+'調查(集賢)'!BT107+'調查(集賢)'!BU107+'調查(集賢)'!BV107+'調查(集賢)'!BW107+'調查(集賢)'!BX107+'調查(集賢)'!DF107+'調查(集賢)'!DG107+'調查(集賢)'!DH107+'調查(集賢)'!DI107+'調查(集賢)'!DJ107+'調查(集賢)'!DK107+'調查(集賢)'!ES107+'調查(集賢)'!ET107+'調查(集賢)'!EU107+'調查(集賢)'!EV107+'調查(集賢)'!EW107+'調查(集賢)'!EX107 -> 0 | Z110: ='調查(集賢)'!J107+'調查(集賢)'!K107+'調查(集賢)'!L107+'調查(集賢)'!M107+'調查(集賢)'!AX107+'調查(集賢)'!AY107+'調查(集賢)'!AZ107+'調查(集賢)'!BA107+'調查(集賢)'!CL107+'調查(集賢)'!CM107+'調查(集賢)'!CN107+'調查(集賢)'!CO107+'調查(集賢)'!DY107+'調查(集賢)'!DZ107+'調查(集賢)'!EA107+'調查(集賢)'!EB107 -> 0 | AA110: ='調查(集賢)'!X107+'調查(集賢)'!Y107+'調查(集賢)'!Z107+'調查(集賢)'!AA107+'調查(集賢)'!BL107+'調查(集賢)'!BM107+'調查(集賢)'!BN107+'調查(集賢)'!BO107+'調查(集賢)'!CY107+'調查(集賢)'!CZ107+'調查(集賢)'!DA107+'調查(集賢)'!DB107+'調查(集賢)'!EL107+'調查(集賢)'!EM107+'調查(集賢)'!EN107+'調查(集賢)'!EO107 -> 0 | AB110: ='調查(集賢)'!AK107+'調查(集賢)'!AL107+'調查(集賢)'!AM107+'調查(集賢)'!AN107+'調查(集賢)'!BY107+'調查(集賢)'!BZ107+'調查(集賢)'!CA107+'調查(集賢)'!CB107+'調查(集賢)'!DL107+'調查(集賢)'!DM107+'調查(集賢)'!DN107+'調查(集賢)'!DO107+'調查(集賢)'!EY107+'調查(集賢)'!EZ107+'調查(集賢)'!FA107+'調查(集賢)'!FB107 -> 0 | AD110: ='調查(集賢)'!N107+'調查(集賢)'!O107+'調查(集賢)'!P107+'調查(集賢)'!BB107+'調查(集賢)'!BC107+'調查(集賢)'!BD107+'調查(集賢)'!CP107+'調查(集賢)'!CQ107+'調查(集賢)'!CR107+'調查(集賢)'!EC107+'調查(集賢)'!ED107+'調查(集賢)'!EE107 -> 0 | AE110: ='調查(集賢)'!AB107+'調查(集賢)'!AC107+'調查(集賢)'!AD107+'調查(集賢)'!BP107+'調查(集賢)'!BQ107+'調查(集賢)'!BR107+'調查(集賢)'!DC107+'調查(集賢)'!DD107+'調查(集賢)'!DE107+'調查(集賢)'!EP107+'調查(集賢)'!EQ107+'調查(集賢)'!ER107 -> 0 | AF110: ='調查(集賢)'!AO107+'調查(集賢)'!AP107+'調查(集賢)'!AQ107+'調查(集賢)'!CC107+'調查(集賢)'!CD107+'調查(集賢)'!CE107+'調查(集賢)'!DP107+'調查(集賢)'!DQ107+'調查(集賢)'!DR107+'調查(集賢)'!FC107+'調查(集賢)'!FD107+'調查(集賢)'!FE107 -> 0 | AH110: ='調查(集賢)'!Q107+'調查(集賢)'!BE107 -> 0
A111: B | B111: 0.10416667 | C111: 0.11458333 | D111: ='調查(集賢)'!AE108+'調查(集賢)'!AF108+'調查(集賢)'!AG108+'調查(集賢)'!AH108+'調查(集賢)'!AI108+'調查(集賢)'!AJ108+'調查(集賢)'!BS108+'調查(集賢)'!BT108+'調查(集賢)'!BU108+'調查(集賢)'!BV108+'調查(集賢)'!BW108+'調查(集賢)'!BX108+'調查(集賢)'!DF108+'調查(集賢)'!DG108+'調查(集賢)'!DH108+'調查(集賢)'!DI108+'調查(集賢)'!DJ108+'調查(集賢)'!DK108+'調查(集賢)'!ES108+'調查(集賢)'!ET108+'調查(集賢)'!EU108+'調查(集賢)'!EV108+'調查(集賢)'!EW108+'調查(集賢)'!EX108 -> 0 | E111: - | F111: ='調查(集賢)'!D108+'調查(集賢)'!E108+'調查(集賢)'!F108+'調查(集賢)'!G108+'調查(集賢)'!H108+'調查(集賢)'!I108+'調查(集賢)'!AR108+'調查(集賢)'!AS108+'調查(集賢)'!AT108+'調查(集賢)'!AU108+'調查(集賢)'!AV108+'調查(集賢)'!AW108+'調查(集賢)'!CF108+'調查(集賢)'!CG108+'調查(集賢)'!CH108+'調查(集賢)'!CI108+'調查(集賢)'!CJ108+'調查(集賢)'!CK108+'調查(集賢)'!DS108+'調查(集賢)'!DT108+'調查(集賢)'!DU108+'調查(集賢)'!DV108+'調查(集賢)'!DW108+'調查(集賢)'!DX108 -> 0 | G111: ='調查(集賢)'!R108+'調查(集賢)'!S108+'調查(集賢)'!T108+'調查(集賢)'!U108+'調查(集賢)'!V108+'調查(集賢)'!W108+'調查(集賢)'!BF108+'調查(集賢)'!BG108+'調查(集賢)'!BH108+'調查(集賢)'!BI108+'調查(集賢)'!BJ108+'調查(集賢)'!BK108+'調查(集賢)'!CS108+'調查(集賢)'!CT108+'調查(集賢)'!CU108+'調查(集賢)'!CV108+'調查(集賢)'!CW108+'調查(集賢)'!CX108+'調查(集賢)'!EF108+'調查(集賢)'!EG108+'調查(集賢)'!EH108+'調查(集賢)'!EI108+'調查(集賢)'!EJ108+'調查(集賢)'!EK108 -> 0 | H111: ='調查(集賢)'!AK108+'調查(集賢)'!AL108+'調查(集賢)'!AM108+'調查(集賢)'!AN108+'調查(集賢)'!BY108+'調查(集賢)'!BZ108+'調查(集賢)'!CA108+'調查(集賢)'!CB108+'調查(集賢)'!DL108+'調查(集賢)'!DM108+'調查(集賢)'!DN108+'調查(集賢)'!DO108+'調查(集賢)'!EY108+'調查(集賢)'!EZ108+'調查(集賢)'!FA108+'調查(集賢)'!FB108 -> 0 | I111: - | J111: ='調查(集賢)'!J108+'調查(集賢)'!K108+'調查(集賢)'!L108+'調查(集賢)'!M108+'調查(集賢)'!AX108+'調查(集賢)'!AY108+'調查(集賢)'!AZ108+'調查(集賢)'!BA108+'調查(集賢)'!CL108+'調查(集賢)'!CM108+'調查(集賢)'!CN108+'調查(集賢)'!CO108+'調查(集賢)'!DY108+'調查(集賢)'!DZ108+'調查(集賢)'!EA108+'調查(集賢)'!EB108 -> 0 | K111: ='調查(集賢)'!X108+'調查(集賢)'!Y108+'調查(集賢)'!Z108+'調查(集賢)'!AA108+'調查(集賢)'!BL108+'調查(集賢)'!BM108+'調查(集賢)'!BN108+'調查(集賢)'!BO108+'調查(集賢)'!CY108+'調查(集賢)'!CZ108+'調查(集賢)'!DA108+'調查(集賢)'!DB108+'調查(集賢)'!EL108+'調查(集賢)'!EM108+'調查(集賢)'!EN108+'調查(集賢)'!EO108 -> 0 | L111: - | M111: ='調查(集賢)'!AO108+'調查(集賢)'!AP108+'調查(集賢)'!AQ108+'調查(集賢)'!CC108+'調查(集賢)'!CD108+'調查(集賢)'!CE108+'調查(集賢)'!DP108+'調查(集賢)'!DQ108+'調查(集賢)'!DR108+'調查(集賢)'!FC108+'調查(集賢)'!FD108+'調查(集賢)'!FE108 -> 0 | N111: - | O111: - | P111: ='調查(集賢)'!Q108+'調查(集賢)'!BE108 -> 0 | Q111: ='調查(集賢)'!N108+'調查(集賢)'!O108+'調查(集賢)'!P108+'調查(集賢)'!BB108+'調查(集賢)'!BC108+'調查(集賢)'!BD108+'調查(集賢)'!CP108+'調查(集賢)'!CQ108+'調查(集賢)'!CR108+'調查(集賢)'!EC108+'調查(集賢)'!ED108+'調查(集賢)'!EE108 -> 0 | R111: - | S111: =IF(AE111>0,AE111-AH111-AH207,0) -> 0 | V111: ='調查(集賢)'!D108+'調查(集賢)'!E108+'調查(集賢)'!F108+'調查(集賢)'!G108+'調查(集賢)'!H108+'調查(集賢)'!I108+'調查(集賢)'!AR108+'調查(集賢)'!AS108+'調查(集賢)'!AT108+'調查(集賢)'!AU108+'調查(集賢)'!AV108+'調查(集賢)'!AW108+'調查(集賢)'!CF108+'調查(集賢)'!CG108+'調查(集賢)'!CH108+'調查(集賢)'!CI108+'調查(集賢)'!CJ108+'調查(集賢)'!CK108+'調查(集賢)'!DS108+'調查(集賢)'!DT108+'調查(集賢)'!DU108+'調查(集賢)'!DV108+'調查(集賢)'!DW108+'調查(集賢)'!DX108 -> 0 | W111: ='調查(集賢)'!R108+'調查(集賢)'!S108+'調查(集賢)'!T108+'調查(集賢)'!U108+'調查(集賢)'!V108+'調查(集賢)'!W108+'調查(集賢)'!BF108+'調查(集賢)'!BG108+'調查(集賢)'!BH108+'調查(集賢)'!BI108+'調查(集賢)'!BJ108+'調查(集賢)'!BK108+'調查(集賢)'!CS108+'調查(集賢)'!CT108+'調查(集賢)'!CU108+'調查(集賢)'!CV108+'調查(集賢)'!CW108+'調查(集賢)'!CX108+'調查(集賢)'!EF108+'調查(集賢)'!EG108+'調查(集賢)'!EH108+'調查(集賢)'!EI108+'調查(集賢)'!EJ108+'調查(集賢)'!EK108 -> 0 | X111: ='調查(集賢)'!AE108+'調查(集賢)'!AF108+'調查(集賢)'!AG108+'調查(集賢)'!AH108+'調查(集賢)'!AI108+'調查(集賢)'!AJ108+'調查(集賢)'!BS108+'調查(集賢)'!BT108+'調查(集賢)'!BU108+'調查(集賢)'!BV108+'調查(集賢)'!BW108+'調查(集賢)'!BX108+'調查(集賢)'!DF108+'調查(集賢)'!DG108+'調查(集賢)'!DH108+'調查(集賢)'!DI108+'調查(集賢)'!DJ108+'調查(集賢)'!DK108+'調查(集賢)'!ES108+'調查(集賢)'!ET108+'調查(集賢)'!EU108+'調查(集賢)'!EV108+'調查(集賢)'!EW108+'調查(集賢)'!EX108 -> 0 | Z111: ='調查(集賢)'!J108+'調查(集賢)'!K108+'調查(集賢)'!L108+'調查(集賢)'!M108+'調查(集賢)'!AX108+'調查(集賢)'!AY108+'調查(集賢)'!AZ108+'調查(集賢)'!BA108+'調查(集賢)'!CL108+'調查(集賢)'!CM108+'調查(集賢)'!CN108+'調查(集賢)'!CO108+'調查(集賢)'!DY108+'調查(集賢)'!DZ108+'調查(集賢)'!EA108+'調查(集賢)'!EB108 -> 0 | AA111: ='調查(集賢)'!X108+'調查(集賢)'!Y108+'調查(集賢)'!Z108+'調查(集賢)'!AA108+'調查(集賢)'!BL108+'調查(集賢)'!BM108+'調查(集賢)'!BN108+'調查(集賢)'!BO108+'調查(集賢)'!CY108+'調查(集賢)'!CZ108+'調查(集賢)'!DA108+'調查(集賢)'!DB108+'調查(集賢)'!EL108+'調查(集賢)'!EM108+'調查(集賢)'!EN108+'調查(集賢)'!EO108 -> 0 | AB111: ='調查(集賢)'!AK108+'調查(集賢)'!AL108+'調查(集賢)'!AM108+'調查(集賢)'!AN108+'調查(集賢)'!BY108+'調查(集賢)'!BZ108+'調查(集賢)'!CA108+'調查(集賢)'!CB108+'調查(集賢)'!DL108+'調查(集賢)'!DM108+'調查(集賢)'!DN108+'調查(集賢)'!DO108+'調查(集賢)'!EY108+'調查(集賢)'!EZ108+'調查(集賢)'!FA108+'調查(集賢)'!FB108 -> 0 | AD111: ='調查(集賢)'!N108+'調查(集賢)'!O108+'調查(集賢)'!P108+'調查(集賢)'!BB108+'調查(集賢)'!BC108+'調查(集賢)'!BD108+'調查(集賢)'!CP108+'調查(集賢)'!CQ108+'調查(集賢)'!CR108+'調查(集賢)'!EC108+'調查(集賢)'!ED108+'調查(集賢)'!EE108 -> 0 | AE111: ='調查(集賢)'!AB108+'調查(集賢)'!AC108+'調查(集賢)'!AD108+'調查(集賢)'!BP108+'調查(集賢)'!BQ108+'調查(集賢)'!BR108+'調查(集賢)'!DC108+'調查(集賢)'!DD108+'調查(集賢)'!DE108+'調查(集賢)'!EP108+'調查(集賢)'!EQ108+'調查(集賢)'!ER108 -> 0 | AF111: ='調查(集賢)'!AO108+'調查(集賢)'!AP108+'調查(集賢)'!AQ108+'調查(集賢)'!CC108+'調查(集賢)'!CD108+'調查(集賢)'!CE108+'調查(集賢)'!DP108+'調查(集賢)'!DQ108+'調查(集賢)'!DR108+'調查(集賢)'!FC108+'調查(集賢)'!FD108+'調查(集賢)'!FE108 -> 0 | AH111: ='調查(集賢)'!Q108+'調查(集賢)'!BE108 -> 0
A112: B | B112: 0.11458333 | C112: 0.125 | D112: ='調查(集賢)'!AE109+'調查(集賢)'!AF109+'調查(集賢)'!AG109+'調查(集賢)'!AH109+'調查(集賢)'!AI109+'調查(集賢)'!AJ109+'調查(集賢)'!BS109+'調查(集賢)'!BT109+'調查(集賢)'!BU109+'調查(集賢)'!BV109+'調查(集賢)'!BW109+'調查(集賢)'!BX109+'調查(集賢)'!DF109+'調查(集賢)'!DG109+'調查(集賢)'!DH109+'調查(集賢)'!DI109+'調查(集賢)'!DJ109+'調查(集賢)'!DK109+'調查(集賢)'!ES109+'調查(集賢)'!ET109+'調查(集賢)'!EU109+'調查(集賢)'!EV109+'調查(集賢)'!EW109+'調查(集賢)'!EX109 -> 0 | E112: - | F112: ='調查(集賢)'!D109+'調查(集賢)'!E109+'調查(集賢)'!F109+'調查(集賢)'!G109+'調查(集賢)'!H109+'調查(集賢)'!I109+'調查(集賢)'!AR109+'調查(集賢)'!AS109+'調查(集賢)'!AT109+'調查(集賢)'!AU109+'調查(集賢)'!AV109+'調查(集賢)'!AW109+'調查(集賢)'!CF109+'調查(集賢)'!CG109+'調查(集賢)'!CH109+'調查(集賢)'!CI109+'調查(集賢)'!CJ109+'調查(集賢)'!CK109+'調查(集賢)'!DS109+'調查(集賢)'!DT109+'調查(集賢)'!DU109+'調查(集賢)'!DV109+'調查(集賢)'!DW109+'調查(集賢)'!DX109 -> 0 | G112: ='調查(集賢)'!R109+'調查(集賢)'!S109+'調查(集賢)'!T109+'調查(集賢)'!U109+'調查(集賢)'!V109+'調查(集賢)'!W109+'調查(集賢)'!BF109+'調查(集賢)'!BG109+'調查(集賢)'!BH109+'調查(集賢)'!BI109+'調查(集賢)'!BJ109+'調查(集賢)'!BK109+'調查(集賢)'!CS109+'調查(集賢)'!CT109+'調查(集賢)'!CU109+'調查(集賢)'!CV109+'調查(集賢)'!CW109+'調查(集賢)'!CX109+'調查(集賢)'!EF109+'調查(集賢)'!EG109+'調查(集賢)'!EH109+'調查(集賢)'!EI109+'調查(集賢)'!EJ109+'調查(集賢)'!EK109 -> 0 | H112: ='調查(集賢)'!AK109+'調查(集賢)'!AL109+'調查(集賢)'!AM109+'調查(集賢)'!AN109+'調查(集賢)'!BY109+'調查(集賢)'!BZ109+'調查(集賢)'!CA109+'調查(集賢)'!CB109+'調查(集賢)'!DL109+'調查(集賢)'!DM109+'調查(集賢)'!DN109+'調查(集賢)'!DO109+'調查(集賢)'!EY109+'調查(集賢)'!EZ109+'調查(集賢)'!FA109+'調查(集賢)'!FB109 -> 0 | I112: - | J112: ='調查(集賢)'!J109+'調查(集賢)'!K109+'調查(集賢)'!L109+'調查(集賢)'!M109+'調查(集賢)'!AX109+'調查(集賢)'!AY109+'調查(集賢)'!AZ109+'調查(集賢)'!BA109+'調查(集賢)'!CL109+'調查(集賢)'!CM109+'調查(集賢)'!CN109+'調查(集賢)'!CO109+'調查(集賢)'!DY109+'調查(集賢)'!DZ109+'調查(集賢)'!EA109+'調查(集賢)'!EB109 -> 0 | K112: ='調查(集賢)'!X109+'調查(集賢)'!Y109+'調查(集賢)'!Z109+'調查(集賢)'!AA109+'調查(集賢)'!BL109+'調查(集賢)'!BM109+'調查(集賢)'!BN109+'調查(集賢)'!BO109+'調查(集賢)'!CY109+'調查(集賢)'!CZ109+'調查(集賢)'!DA109+'調查(集賢)'!DB109+'調查(集賢)'!EL109+'調查(集賢)'!EM109+'調查(集賢)'!EN109+'調查(集賢)'!EO109 -> 0 | L112: - | M112: ='調查(集賢)'!AO109+'調查(集賢)'!AP109+'調查(集賢)'!AQ109+'調查(集賢)'!CC109+'調查(集賢)'!CD109+'調查(集賢)'!CE109+'調查(集賢)'!DP109+'調查(集賢)'!DQ109+'調查(集賢)'!DR109+'調查(集賢)'!FC109+'調查(集賢)'!FD109+'調查(集賢)'!FE109 -> 0 | N112: - | O112: - | P112: ='調查(集賢)'!Q109+'調查(集賢)'!BE109 -> 0 | Q112: ='調查(集賢)'!N109+'調查(集賢)'!O109+'調查(集賢)'!P109+'調查(集賢)'!BB109+'調查(集賢)'!BC109+'調查(集賢)'!BD109+'調查(集賢)'!CP109+'調查(集賢)'!CQ109+'調查(集賢)'!CR109+'調查(集賢)'!EC109+'調查(集賢)'!ED109+'調查(集賢)'!EE109 -> 0 | R112: - | S112: =IF(AE112>0,AE112-AH112-AH208,0) -> 0 | V112: ='調查(集賢)'!D109+'調查(集賢)'!E109+'調查(集賢)'!F109+'調查(集賢)'!G109+'調查(集賢)'!H109+'調查(集賢)'!I109+'調查(集賢)'!AR109+'調查(集賢)'!AS109+'調查(集賢)'!AT109+'調查(集賢)'!AU109+'調查(集賢)'!AV109+'調查(集賢)'!AW109+'調查(集賢)'!CF109+'調查(集賢)'!CG109+'調查(集賢)'!CH109+'調查(集賢)'!CI109+'調查(集賢)'!CJ109+'調查(集賢)'!CK109+'調查(集賢)'!DS109+'調查(集賢)'!DT109+'調查(集賢)'!DU109+'調查(集賢)'!DV109+'調查(集賢)'!DW109+'調查(集賢)'!DX109 -> 0 | W112: ='調查(集賢)'!R109+'調查(集賢)'!S109+'調查(集賢)'!T109+'調查(集賢)'!U109+'調查(集賢)'!V109+'調查(集賢)'!W109+'調查(集賢)'!BF109+'調查(集賢)'!BG109+'調查(集賢)'!BH109+'調查(集賢)'!BI109+'調查(集賢)'!BJ109+'調查(集賢)'!BK109+'調查(集賢)'!CS109+'調查(集賢)'!CT109+'調查(集賢)'!CU109+'調查(集賢)'!CV109+'調查(集賢)'!CW109+'調查(集賢)'!CX109+'調查(集賢)'!EF109+'調查(集賢)'!EG109+'調查(集賢)'!EH109+'調查(集賢)'!EI109+'調查(集賢)'!EJ109+'調查(集賢)'!EK109 -> 0 | X112: ='調查(集賢)'!AE109+'調查(集賢)'!AF109+'調查(集賢)'!AG109+'調查(集賢)'!AH109+'調查(集賢)'!AI109+'調查(集賢)'!AJ109+'調查(集賢)'!BS109+'調查(集賢)'!BT109+'調查(集賢)'!BU109+'調查(集賢)'!BV109+'調查(集賢)'!BW109+'調查(集賢)'!BX109+'調查(集賢)'!DF109+'調查(集賢)'!DG109+'調查(集賢)'!DH109+'調查(集賢)'!DI109+'調查(集賢)'!DJ109+'調查(集賢)'!DK109+'調查(集賢)'!ES109+'調查(集賢)'!ET109+'調查(集賢)'!EU109+'調查(集賢)'!EV109+'調查(集賢)'!EW109+'調查(集賢)'!EX109 -> 0 | Z112: ='調查(集賢)'!J109+'調查(集賢)'!K109+'調查(集賢)'!L109+'調查(集賢)'!M109+'調查(集賢)'!AX109+'調查(集賢)'!AY109+'調查(集賢)'!AZ109+'調查(集賢)'!BA109+'調查(集賢)'!CL109+'調查(集賢)'!CM109+'調查(集賢)'!CN109+'調查(集賢)'!CO109+'調查(集賢)'!DY109+'調查(集賢)'!DZ109+'調查(集賢)'!EA109+'調查(集賢)'!EB109 -> 0 | AA112: ='調查(集賢)'!X109+'調查(集賢)'!Y109+'調查(集賢)'!Z109+'調查(集賢)'!AA109+'調查(集賢)'!BL109+'調查(集賢)'!BM109+'調查(集賢)'!BN109+'調查(集賢)'!BO109+'調查(集賢)'!CY109+'調查(集賢)'!CZ109+'調查(集賢)'!DA109+'調查(集賢)'!DB109+'調查(集賢)'!EL109+'調查(集賢)'!EM109+'調查(集賢)'!EN109+'調查(集賢)'!EO109 -> 0 | AB112: ='調查(集賢)'!AK109+'調查(集賢)'!AL109+'調查(集賢)'!AM109+'調查(集賢)'!AN109+'調查(集賢)'!BY109+'調查(集賢)'!BZ109+'調查(集賢)'!CA109+'調查(集賢)'!CB109+'調查(集賢)'!DL109+'調查(集賢)'!DM109+'調查(集賢)'!DN109+'調查(集賢)'!DO109+'調查(集賢)'!EY109+'調查(集賢)'!EZ109+'調查(集賢)'!FA109+'調查(集賢)'!FB109 -> 0 | AD112: ='調查(集賢)'!N109+'調查(集賢)'!O109+'調查(集賢)'!P109+'調查(集賢)'!BB109+'調查(集賢)'!BC109+'調查(集賢)'!BD109+'調查(集賢)'!CP109+'調查(集賢)'!CQ109+'調查(集賢)'!CR109+'調查(集賢)'!EC109+'調查(集賢)'!ED109+'調查(集賢)'!EE109 -> 0 | AE112: ='調查(集賢)'!AB109+'調查(集賢)'!AC109+'調查(集賢)'!AD109+'調查(集賢)'!BP109+'調查(集賢)'!BQ109+'調查(集賢)'!BR109+'調查(集賢)'!DC109+'調查(集賢)'!DD109+'調查(集賢)'!DE109+'調查(集賢)'!EP109+'調查(集賢)'!EQ109+'調查(集賢)'!ER109 -> 0 | AF112: ='調查(集賢)'!AO109+'調查(集賢)'!AP109+'調查(集賢)'!AQ109+'調查(集賢)'!CC109+'調查(集賢)'!CD109+'調查(集賢)'!CE109+'調查(集賢)'!DP109+'調查(集賢)'!DQ109+'調查(集賢)'!DR109+'調查(集賢)'!FC109+'調查(集賢)'!FD109+'調查(集賢)'!FE109 -> 0 | AH112: ='調查(集賢)'!Q109+'調查(集賢)'!BE109 -> 0
... A195: B | B195: 0.97916667 | C195: 0.98958333 | D195: ='調查(集賢)'!AE192+'調查(集賢)'!AF192+'調查(集賢)'!AG192+'調查(集賢)'!AH192+'調查(集賢)'!AI192+'調查(集賢)'!AJ192+'調查(集賢)'!BS192+'調查(集賢)'!BT192+'調查(集賢)'!BU192+'調查(集賢)'!BV192+'調查(集賢)'!BW192+'調查(集賢)'!BX192+'調查(集賢)'!DF192+'調查(集賢)'!DG192+'調查(集賢)'!DH192+'調查(集賢)'!DI192+'調查(集賢)'!DJ192+'調查(集賢)'!DK192+'調查(集賢)'!ES192+'調查(集賢)'!ET192+'調查(集賢)'!EU192+'調查(集賢)'!EV192+'調查(集賢)'!EW192+'調查(集賢)'!EX192 -> 0 | E195: - | F195: ='調查(集賢)'!D192+'調查(集賢)'!E192+'調查(集賢)'!F192+'調查(集賢)'!G192+'調查(集賢)'!H192+'調查(集賢)'!I192+'調查(集賢)'!AR192+'調查(集賢)'!AS192+'調查(集賢)'!AT192+'調查(集賢)'!AU192+'調查(集賢)'!AV192+'調查(集賢)'!AW192+'調查(集賢)'!CF192+'調查(集賢)'!CG192+'調查(集賢)'!CH192+'調查(集賢)'!CI192+'調查(集賢)'!CJ192+'調查(集賢)'!CK192+'調查(集賢)'!DS192+'調查(集賢)'!DT192+'調查(集賢)'!DU192+'調查(集賢)'!DV192+'調查(集賢)'!DW192+'調查(集賢)'!DX192 -> 0 | G195: ='調查(集賢)'!R192+'調查(集賢)'!S192+'調查(集賢)'!T192+'調查(集賢)'!U192+'調查(集賢)'!V192+'調查(集賢)'!W192+'調查(集賢)'!BF192+'調查(集賢)'!BG192+'調查(集賢)'!BH192+'調查(集賢)'!BI192+'調查(集賢)'!BJ192+'調查(集賢)'!BK192+'調查(集賢)'!CS192+'調查(集賢)'!CT192+'調查(集賢)'!CU192+'調查(集賢)'!CV192+'調查(集賢)'!CW192+'調查(集賢)'!CX192+'調查(集賢)'!EF192+'調查(集賢)'!EG192+'調查(集賢)'!EH192+'調查(集賢)'!EI192+'調查(集賢)'!EJ192+'調查(集賢)'!EK192 -> 0 | H195: ='調查(集賢)'!AK192+'調查(集賢)'!AL192+'調查(集賢)'!AM192+'調查(集賢)'!AN192+'調查(集賢)'!BY192+'調查(集賢)'!BZ192+'調查(集賢)'!CA192+'調查(集賢)'!CB192+'調查(集賢)'!DL192+'調查(集賢)'!DM192+'調查(集賢)'!DN192+'調查(集賢)'!DO192+'調查(集賢)'!EY192+'調查(集賢)'!EZ192+'調查(集賢)'!FA192+'調查(集賢)'!FB192 -> 0 | I195: - | J195: ='調查(集賢)'!J192+'調查(集賢)'!K192+'調查(集賢)'!L192+'調查(集賢)'!M192+'調查(集賢)'!AX192+'調查(集賢)'!AY192+'調查(集賢)'!AZ192+'調查(集賢)'!BA192+'調查(集賢)'!CL192+'調查(集賢)'!CM192+'調查(集賢)'!CN192+'調查(集賢)'!CO192+'調查(集賢)'!DY192+'調查(集賢)'!DZ192+'調查(集賢)'!EA192+'調查(集賢)'!EB192 -> 0 | K195: ='調查(集賢)'!X192+'調查(集賢)'!Y192+'調查(集賢)'!Z192+'調查(集賢)'!AA192+'調查(集賢)'!BL192+'調查(集賢)'!BM192+'調查(集賢)'!BN192+'調查(集賢)'!BO192+'調查(集賢)'!CY192+'調查(集賢)'!CZ192+'調查(集賢)'!DA192+'調查(集賢)'!DB192+'調查(集賢)'!EL192+'調查(集賢)'!EM192+'調查(集賢)'!EN192+'調查(集賢)'!EO192 -> 0 | L195: - | M195: ='調查(集賢)'!AO192+'調查(集賢)'!AP192+'調查(集賢)'!AQ192+'調查(集賢)'!CC192+'調查(集賢)'!CD192+'調查(集賢)'!CE192+'調查(集賢)'!DP192+'調查(集賢)'!DQ192+'調查(集賢)'!DR192+'調查(集賢)'!FC192+'調查(集賢)'!FD192+'調查(集賢)'!FE192 -> 0 | N195: - | O195: - | P195: ='調查(集賢)'!Q192+'調查(集賢)'!BE192 -> 0 | Q195: ='調查(集賢)'!N192+'調查(集賢)'!O192+'調查(集賢)'!P192+'調查(集賢)'!BB192+'調查(集賢)'!BC192+'調查(集賢)'!BD192+'調查(集賢)'!CP192+'調查(集賢)'!CQ192+'調查(集賢)'!CR192+'調查(集賢)'!EC192+'調查(集賢)'!ED192+'調查(集賢)'!EE192 -> 0 | R195: - | S195: =IF(AE195>0,AE195-AH195-AH291,0) -> 0 | V195: ='調查(集賢)'!D192+'調查(集賢)'!E192+'調查(集賢)'!F192+'調查(集賢)'!G192+'調查(集賢)'!H192+'調查(集賢)'!I192+'調查(集賢)'!AR192+'調查(集賢)'!AS192+'調查(集賢)'!AT192+'調查(集賢)'!AU192+'調查(集賢)'!AV192+'調查(集賢)'!AW192+'調查(集賢)'!CF192+'調查(集賢)'!CG192+'調查(集賢)'!CH192+'調查(集賢)'!CI192+'調查(集賢)'!CJ192+'調查(集賢)'!CK192+'調查(集賢)'!DS192+'調查(集賢)'!DT192+'調查(集賢)'!DU192+'調查(集賢)'!DV192+'調查(集賢)'!DW192+'調查(集賢)'!DX192 -> 0 | W195: ='調查(集賢)'!R192+'調查(集賢)'!S192+'調查(集賢)'!T192+'調查(集賢)'!U192+'調查(集賢)'!V192+'調查(集賢)'!W192+'調查(集賢)'!BF192+'調查(集賢)'!BG192+'調查(集賢)'!BH192+'調查(集賢)'!BI192+'調查(集賢)'!BJ192+'調查(集賢)'!BK192+'調查(集賢)'!CS192+'調查(集賢)'!CT192+'調查(集賢)'!CU192+'調查(集賢)'!CV192+'調查(集賢)'!CW192+'調查(集賢)'!CX192+'調查(集賢)'!EF192+'調查(集賢)'!EG192+'調查(集賢)'!EH192+'調查(集賢)'!EI192+'調查(集賢)'!EJ192+'調查(集賢)'!EK192 -> 0 | X195: ='調查(集賢)'!AE192+'調查(集賢)'!AF192+'調查(集賢)'!AG192+'調查(集賢)'!AH192+'調查(集賢)'!AI192+'調查(集賢)'!AJ192+'調查(集賢)'!BS192+'調查(集賢)'!BT192+'調查(集賢)'!BU192+'調查(集賢)'!BV192+'調查(集賢)'!BW192+'調查(集賢)'!BX192+'調查(集賢)'!DF192+'調查(集賢)'!DG192+'調查(集賢)'!DH192+'調查(集賢)'!DI192+'調查(集賢)'!DJ192+'調查(集賢)'!DK192+'調查(集賢)'!ES192+'調查(集賢)'!ET192+'調查(集賢)'!EU192+'調查(集賢)'!EV192+'調查(集賢)'!EW192+'調查(集賢)'!EX192 -> 0 | Z195: ='調查(集賢)'!J192+'調查(集賢)'!K192+'調查(集賢)'!L192+'調查(集賢)'!M192+'調查(集賢)'!AX192+'調查(集賢)'!AY192+'調查(集賢)'!AZ192+'調查(集賢)'!BA192+'調查(集賢)'!CL192+'調查(集賢)'!CM192+'調查(集賢)'!CN192+'調查(集賢)'!CO192+'調查(集賢)'!DY192+'調查(集賢)'!DZ192+'調查(集賢)'!EA192+'調查(集賢)'!EB192 -> 0 | AA195: ='調查(集賢)'!X192+'調查(集賢)'!Y192+'調查(集賢)'!Z192+'調查(集賢)'!AA192+'調查(集賢)'!BL192+'調查(集賢)'!BM192+'調查(集賢)'!BN192+'調查(集賢)'!BO192+'調查(集賢)'!CY192+'調查(集賢)'!CZ192+'調查(集賢)'!DA192+'調查(集賢)'!DB192+'調查(集賢)'!EL192+'調查(集賢)'!EM192+'調查(集賢)'!EN192+'調查(集賢)'!EO192 -> 0 | AB195: ='調查(集賢)'!AK192+'調查(集賢)'!AL192+'調查(集賢)'!AM192+'調查(集賢)'!AN192+'調查(集賢)'!BY192+'調查(集賢)'!BZ192+'調查(集賢)'!CA192+'調查(集賢)'!CB192+'調查(集賢)'!DL192+'調查(集賢)'!DM192+'調查(集賢)'!DN192+'調查(集賢)'!DO192+'調查(集賢)'!EY192+'調查(集賢)'!EZ192+'調查(集賢)'!FA192+'調查(集賢)'!FB192 -> 0 | AD195: ='調查(集賢)'!N192+'調查(集賢)'!O192+'調查(集賢)'!P192+'調查(集賢)'!BB192+'調查(集賢)'!BC192+'調查(集賢)'!BD192+'調查(集賢)'!CP192+'調查(集賢)'!CQ192+'調查(集賢)'!CR192+'調查(集賢)'!EC192+'調查(集賢)'!ED192+'調查(集賢)'!EE192 -> 0 | AE195: ='調查(集賢)'!AB192+'調查(集賢)'!AC192+'調查(集賢)'!AD192+'調查(集賢)'!BP192+'調查(集賢)'!BQ192+'調查(集賢)'!BR192+'調查(集賢)'!DC192+'調查(集賢)'!DD192+'調查(集賢)'!DE192+'調查(集賢)'!EP192+'調查(集賢)'!EQ192+'調查(集賢)'!ER192 -> 0 | AF195: ='調查(集賢)'!AO192+'調查(集賢)'!AP192+'調查(集賢)'!AQ192+'調查(集賢)'!CC192+'調查(集賢)'!CD192+'調查(集賢)'!CE192+'調查(集賢)'!DP192+'調查(集賢)'!DQ192+'調查(集賢)'!DR192+'調查(集賢)'!FC192+'調查(集賢)'!FD192+'調查(集賢)'!FE192 -> 0 | AH195: ='調查(集賢)'!Q192+'調查(集賢)'!BE192 -> 0
A196: B | B196: 0.98958333 | C196: 24:00 | D196: ='調查(集賢)'!AE193+'調查(集賢)'!AF193+'調查(集賢)'!AG193+'調查(集賢)'!AH193+'調查(集賢)'!AI193+'調查(集賢)'!AJ193+'調查(集賢)'!BS193+'調查(集賢)'!BT193+'調查(集賢)'!BU193+'調查(集賢)'!BV193+'調查(集賢)'!BW193+'調查(集賢)'!BX193+'調查(集賢)'!DF193+'調查(集賢)'!DG193+'調查(集賢)'!DH193+'調查(集賢)'!DI193+'調查(集賢)'!DJ193+'調查(集賢)'!DK193+'調查(集賢)'!ES193+'調查(集賢)'!ET193+'調查(集賢)'!EU193+'調查(集賢)'!EV193+'調查(集賢)'!EW193+'調查(集賢)'!EX193 -> 0 | E196: - | F196: ='調查(集賢)'!D193+'調查(集賢)'!E193+'調查(集賢)'!F193+'調查(集賢)'!G193+'調查(集賢)'!H193+'調查(集賢)'!I193+'調查(集賢)'!AR193+'調查(集賢)'!AS193+'調查(集賢)'!AT193+'調查(集賢)'!AU193+'調查(集賢)'!AV193+'調查(集賢)'!AW193+'調查(集賢)'!CF193+'調查(集賢)'!CG193+'調查(集賢)'!CH193+'調查(集賢)'!CI193+'調查(集賢)'!CJ193+'調查(集賢)'!CK193+'調查(集賢)'!DS193+'調查(集賢)'!DT193+'調查(集賢)'!DU193+'調查(集賢)'!DV193+'調查(集賢)'!DW193+'調查(集賢)'!DX193 -> 0 | G196: ='調查(集賢)'!R193+'調查(集賢)'!S193+'調查(集賢)'!T193+'調查(集賢)'!U193+'調查(集賢)'!V193+'調查(集賢)'!W193+'調查(集賢)'!BF193+'調查(集賢)'!BG193+'調查(集賢)'!BH193+'調查(集賢)'!BI193+'調查(集賢)'!BJ193+'調查(集賢)'!BK193+'調查(集賢)'!CS193+'調查(集賢)'!CT193+'調查(集賢)'!CU193+'調查(集賢)'!CV193+'調查(集賢)'!CW193+'調查(集賢)'!CX193+'調查(集賢)'!EF193+'調查(集賢)'!EG193+'調查(集賢)'!EH193+'調查(集賢)'!EI193+'調查(集賢)'!EJ193+'調查(集賢)'!EK193 -> 0 | H196: ='調查(集賢)'!AK193+'調查(集賢)'!AL193+'調查(集賢)'!AM193+'調查(集賢)'!AN193+'調查(集賢)'!BY193+'調查(集賢)'!BZ193+'調查(集賢)'!CA193+'調查(集賢)'!CB193+'調查(集賢)'!DL193+'調查(集賢)'!DM193+'調查(集賢)'!DN193+'調查(集賢)'!DO193+'調查(集賢)'!EY193+'調查(集賢)'!EZ193+'調查(集賢)'!FA193+'調查(集賢)'!FB193 -> 0 | I196: - | J196: ='調查(集賢)'!J193+'調查(集賢)'!K193+'調查(集賢)'!L193+'調查(集賢)'!M193+'調查(集賢)'!AX193+'調查(集賢)'!AY193+'調查(集賢)'!AZ193+'調查(集賢)'!BA193+'調查(集賢)'!CL193+'調查(集賢)'!CM193+'調查(集賢)'!CN193+'調查(集賢)'!CO193+'調查(集賢)'!DY193+'調查(集賢)'!DZ193+'調查(集賢)'!EA193+'調查(集賢)'!EB193 -> 0 | K196: ='調查(集賢)'!X193+'調查(集賢)'!Y193+'調查(集賢)'!Z193+'調查(集賢)'!AA193+'調查(集賢)'!BL193+'調查(集賢)'!BM193+'調查(集賢)'!BN193+'調查(集賢)'!BO193+'調查(集賢)'!CY193+'調查(集賢)'!CZ193+'調查(集賢)'!DA193+'調查(集賢)'!DB193+'調查(集賢)'!EL193+'調查(集賢)'!EM193+'調查(集賢)'!EN193+'調查(集賢)'!EO193 -> 0 | L196: - | M196: ='調查(集賢)'!AO193+'調查(集賢)'!AP193+'調查(集賢)'!AQ193+'調查(集賢)'!CC193+'調查(集賢)'!CD193+'調查(集賢)'!CE193+'調查(集賢)'!DP193+'調查(集賢)'!DQ193+'調查(集賢)'!DR193+'調查(集賢)'!FC193+'調查(集賢)'!FD193+'調查(集賢)'!FE193 -> 0 | N196: - | O196: - | P196: ='調查(集賢)'!Q193+'調查(集賢)'!BE193 -> 0 | Q196: ='調查(集賢)'!N193+'調查(集賢)'!O193+'調查(集賢)'!P193+'調查(集賢)'!BB193+'調查(集賢)'!BC193+'調查(集賢)'!BD193+'調查(集賢)'!CP193+'調查(集賢)'!CQ193+'調查(集賢)'!CR193+'調查(集賢)'!EC193+'調查(集賢)'!ED193+'調查(集賢)'!EE193 -> 0 | R196: - | S196: =IF(AE196>0,AE196-AH196-AH292,0) -> 0 | V196: ='調查(集賢)'!D193+'調查(集賢)'!E193+'調查(集賢)'!F193+'調查(集賢)'!G193+'調查(集賢)'!H193+'調查(集賢)'!I193+'調查(集賢)'!AR193+'調查(集賢)'!AS193+'調查(集賢)'!AT193+'調查(集賢)'!AU193+'調查(集賢)'!AV193+'調查(集賢)'!AW193+'調查(集賢)'!CF193+'調查(集賢)'!CG193+'調查(集賢)'!CH193+'調查(集賢)'!CI193+'調查(集賢)'!CJ193+'調查(集賢)'!CK193+'調查(集賢)'!DS193+'調查(集賢)'!DT193+'調查(集賢)'!DU193+'調查(集賢)'!DV193+'調查(集賢)'!DW193+'調查(集賢)'!DX193 -> 0 | W196: ='調查(集賢)'!R193+'調查(集賢)'!S193+'調查(集賢)'!T193+'調查(集賢)'!U193+'調查(集賢)'!V193+'調查(集賢)'!W193+'調查(集賢)'!BF193+'調查(集賢)'!BG193+'調查(集賢)'!BH193+'調查(集賢)'!BI193+'調查(集賢)'!BJ193+'調查(集賢)'!BK193+'調查(集賢)'!CS193+'調查(集賢)'!CT193+'調查(集賢)'!CU193+'調查(集賢)'!CV193+'調查(集賢)'!CW193+'調查(集賢)'!CX193+'調查(集賢)'!EF193+'調查(集賢)'!EG193+'調查(集賢)'!EH193+'調查(集賢)'!EI193+'調查(集賢)'!EJ193+'調查(集賢)'!EK193 -> 0 | X196: ='調查(集賢)'!AE193+'調查(集賢)'!AF193+'調查(集賢)'!AG193+'調查(集賢)'!AH193+'調查(集賢)'!AI193+'調查(集賢)'!AJ193+'調查(集賢)'!BS193+'調查(集賢)'!BT193+'調查(集賢)'!BU193+'調查(集賢)'!BV193+'調查(集賢)'!BW193+'調查(集賢)'!BX193+'調查(集賢)'!DF193+'調查(集賢)'!DG193+'調查(集賢)'!DH193+'調查(集賢)'!DI193+'調查(集賢)'!DJ193+'調查(集賢)'!DK193+'調查(集賢)'!ES193+'調查(集賢)'!ET193+'調查(集賢)'!EU193+'調查(集賢)'!EV193+'調查(集賢)'!EW193+'調查(集賢)'!EX193 -> 0 | Z196: ='調查(集賢)'!J193+'調查(集賢)'!K193+'調查(集賢)'!L193+'調查(集賢)'!M193+'調查(集賢)'!AX193+'調查(集賢)'!AY193+'調查(集賢)'!AZ193+'調查(集賢)'!BA193+'調查(集賢)'!CL193+'調查(集賢)'!CM193+'調查(集賢)'!CN193+'調查(集賢)'!CO193+'調查(集賢)'!DY193+'調查(集賢)'!DZ193+'調查(集賢)'!EA193+'調查(集賢)'!EB193 -> 0 | AA196: ='調查(集賢)'!X193+'調查(集賢)'!Y193+'調查(集賢)'!Z193+'調查(集賢)'!AA193+'調查(集賢)'!BL193+'調查(集賢)'!BM193+'調查(集賢)'!BN193+'調查(集賢)'!BO193+'調查(集賢)'!CY193+'調查(集賢)'!CZ193+'調查(集賢)'!DA193+'調查(集賢)'!DB193+'調查(集賢)'!EL193+'調查(集賢)'!EM193+'調查(集賢)'!EN193+'調查(集賢)'!EO193 -> 0 | AB196: ='調查(集賢)'!AK193+'調查(集賢)'!AL193+'調查(集賢)'!AM193+'調查(集賢)'!AN193+'調查(集賢)'!BY193+'調查(集賢)'!BZ193+'調查(集賢)'!CA193+'調查(集賢)'!CB193+'調查(集賢)'!DL193+'調查(集賢)'!DM193+'調查(集賢)'!DN193+'調查(集賢)'!DO193+'調查(集賢)'!EY193+'調查(集賢)'!EZ193+'調查(集賢)'!FA193+'調查(集賢)'!FB193 -> 0 | AD196: ='調查(集賢)'!N193+'調查(集賢)'!O193+'調查(集賢)'!P193+'調查(集賢)'!BB193+'調查(集賢)'!BC193+'調查(集賢)'!BD193+'調查(集賢)'!CP193+'調查(集賢)'!CQ193+'調查(集賢)'!CR193+'調查(集賢)'!EC193+'調查(集賢)'!ED193+'調查(集賢)'!EE193 -> 0 | AE196: ='調查(集賢)'!AB193+'調查(集賢)'!AC193+'調查(集賢)'!AD193+'調查(集賢)'!BP193+'調查(集賢)'!BQ193+'調查(集賢)'!BR193+'調查(集賢)'!DC193+'調查(集賢)'!DD193+'調查(集賢)'!DE193+'調查(集賢)'!EP193+'調查(集賢)'!EQ193+'調查(集賢)'!ER193 -> 0 | AF196: ='調查(集賢)'!AO193+'調查(集賢)'!AP193+'調查(集賢)'!AQ193+'調查(集賢)'!CC193+'調查(集賢)'!CD193+'調查(集賢)'!CE193+'調查(集賢)'!DP193+'調查(集賢)'!DQ193+'調查(集賢)'!DR193+'調查(集賢)'!FC193+'調查(集賢)'!FD193+'調查(集賢)'!FE193 -> 0 | AH196: ='調查(集賢)'!Q193+'調查(集賢)'!BE193 -> 0
A197: C | B197: 0 | C197: 0.010416667 | D197: ='調查(集賢)'!R194+'調查(集賢)'!S194+'調查(集賢)'!T194+'調查(集賢)'!U194+'調查(集賢)'!V194+'調查(集賢)'!W194+'調查(集賢)'!BF194+'調查(集賢)'!BG194+'調查(集賢)'!BH194+'調查(集賢)'!BI194+'調查(集賢)'!BJ194+'調查(集賢)'!BK194+'調查(集賢)'!CS194+'調查(集賢)'!CT194+'調查(集賢)'!CU194+'調查(集賢)'!CV194+'調查(集賢)'!CW194+'調查(集賢)'!CX194+'調查(集賢)'!EF194+'調查(集賢)'!EG194+'調查(集賢)'!EH194+'調查(集賢)'!EI194+'調查(集賢)'!EJ194+'調查(集賢)'!EK194 -> 0 | E197: ='調查(集賢)'!AE194+'調查(集賢)'!AF194+'調查(集賢)'!AG194+'調查(集賢)'!AH194+'調查(集賢)'!AI194+'調查(集賢)'!AJ194+'調查(集賢)'!BS194+'調查(集賢)'!BT194+'調查(集賢)'!BU194+'調查(集賢)'!BV194+'調查(集賢)'!BW194+'調查(集賢)'!BX194+'調查(集賢)'!DF194+'調查(集賢)'!DG194+'調查(集賢)'!DH194+'調查(集賢)'!DI194+'調查(集賢)'!DJ194+'調查(集賢)'!DK194+'調查(集賢)'!ES194+'調查(集賢)'!ET194+'調查(集賢)'!EU194+'調查(集賢)'!EV194+'調查(集賢)'!EW194+'調查(集賢)'!EX194 -> 0 | F197: - | G197: ='調查(集賢)'!D194+'調查(集賢)'!E194+'調查(集賢)'!F194+'調查(集賢)'!G194+'調查(集賢)'!H194+'調查(集賢)'!I194+'調查(集賢)'!AR194+'調查(集賢)'!AS194+'調查(集賢)'!AT194+'調查(集賢)'!AU194+'調查(集賢)'!AV194+'調查(集賢)'!AW194+'調查(集賢)'!CF194+'調查(集賢)'!CG194+'調查(集賢)'!CH194+'調查(集賢)'!CI194+'調查(集賢)'!CJ194+'調查(集賢)'!CK194+'調查(集賢)'!DS194+'調查(集賢)'!DT194+'調查(集賢)'!DU194+'調查(集賢)'!DV194+'調查(集賢)'!DW194+'調查(集賢)'!DX194 -> 0 | H197: ='調查(集賢)'!X194+'調查(集賢)'!Y194+'調查(集賢)'!Z194+'調查(集賢)'!AA194+'調查(集賢)'!BL194+'調查(集賢)'!BM194+'調查(集賢)'!BN194+'調查(集賢)'!BO194+'調查(集賢)'!CY194+'調查(集賢)'!CZ194+'調查(集賢)'!DA194+'調查(集賢)'!DB194+'調查(集賢)'!EL194+'調查(集賢)'!EM194+'調查(集賢)'!EN194+'調查(集賢)'!EO194 -> 0 | I197: ='調查(集賢)'!AK194+'調查(集賢)'!AL194+'調查(集賢)'!AM194+'調查(集賢)'!AN194+'調查(集賢)'!BY194+'調查(集賢)'!BZ194+'調查(集賢)'!CA194+'調查(集賢)'!CB194+'調查(集賢)'!DL194+'調查(集賢)'!DM194+'調查(集賢)'!DN194+'調查(集賢)'!DO194+'調查(集賢)'!EY194+'調查(集賢)'!EZ194+'調查(集賢)'!FA194+'調查(集賢)'!FB194 -> 0 | J197: - | K197: ='調查(集賢)'!J194+'調查(集賢)'!K194+'調查(集賢)'!L194+'調查(集賢)'!M194+'調查(集賢)'!AX194+'調查(集賢)'!AY194+'調查(集賢)'!AZ194+'調查(集賢)'!BA194+'調查(集賢)'!CL194+'調查(集賢)'!CM194+'調查(集賢)'!CN194+'調查(集賢)'!CO194+'調查(集賢)'!DY194+'調查(集賢)'!DZ194+'調查(集賢)'!EA194+'調查(集賢)'!EB194 -> 0 | L197: - | M197: =IF(AE197>0,AE197-AH197-AH293,0) -> 0 | N197: - | O197: ='調查(集賢)'!AO194+'調查(集賢)'!AP194+'調查(集賢)'!AQ194+'調查(集賢)'!CC194+'調查(集賢)'!CD194+'調查(集賢)'!CE194+'調查(集賢)'!DP194+'調查(集賢)'!DQ194+'調查(集賢)'!DR194+'調查(集賢)'!FC194+'調查(集賢)'!FD194+'調查(集賢)'!FE194 -> 0 | P197: - | Q197: - | R197: ='調查(集賢)'!Q194+'調查(集賢)'!BE194 -> 0 | S197: ='調查(集賢)'!N194+'調查(集賢)'!O194+'調查(集賢)'!P194+'調查(集賢)'!BB194+'調查(集賢)'!BC194+'調查(集賢)'!BD194+'調查(集賢)'!CP194+'調查(集賢)'!CQ194+'調查(集賢)'!CR194+'調查(集賢)'!EC194+'調查(集賢)'!ED194+'調查(集賢)'!EE194 -> 0 | V197: ='調查(集賢)'!D194+'調查(集賢)'!E194+'調查(集賢)'!F194+'調查(集賢)'!G194+'調查(集賢)'!H194+'調查(集賢)'!I194+'調查(集賢)'!AR194+'調查(集賢)'!AS194+'調查(集賢)'!AT194+'調查(集賢)'!AU194+'調查(集賢)'!AV194+'調查(集賢)'!AW194+'調查(集賢)'!CF194+'調查(集賢)'!CG194+'調查(集賢)'!CH194+'調查(集賢)'!CI194+'調查(集賢)'!CJ194+'調查(集賢)'!CK194+'調查(集賢)'!DS194+'調查(集賢)'!DT194+'調查(集賢)'!DU194+'調查(集賢)'!DV194+'調查(集賢)'!DW194+'調查(集賢)'!DX194 -> 0 | W197: ='調查(集賢)'!R194+'調查(集賢)'!S194+'調查(集賢)'!T194+'調查(集賢)'!U194+'調查(集賢)'!V194+'調查(集賢)'!W194+'調查(集賢)'!BF194+'調查(集賢)'!BG194+'調查(集賢)'!BH194+'調查(集賢)'!BI194+'調查(集賢)'!BJ194+'調查(集賢)'!BK194+'調查(集賢)'!CS194+'調查(集賢)'!CT194+'調查(集賢)'!CU194+'調查(集賢)'!CV194+'調查(集賢)'!CW194+'調查(集賢)'!CX194+'調查(集賢)'!EF194+'調查(集賢)'!EG194+'調查(集賢)'!EH194+'調查(集賢)'!EI194+'調查(集賢)'!EJ194+'調查(集賢)'!EK194 -> 0 | X197: ='調查(集賢)'!AE194+'調查(集賢)'!AF194+'調查(集賢)'!AG194+'調查(集賢)'!AH194+'調查(集賢)'!AI194+'調查(集賢)'!AJ194+'調查(集賢)'!BS194+'調查(集賢)'!BT194+'調查(集賢)'!BU194+'調查(集賢)'!BV194+'調查(集賢)'!BW194+'調查(集賢)'!BX194+'調查(集賢)'!DF194+'調查(集賢)'!DG194+'調查(集賢)'!DH194+'調查(集賢)'!DI194+'調查(集賢)'!DJ194+'調查(集賢)'!DK194+'調查(集賢)'!ES194+'調查(集賢)'!ET194+'調查(集賢)'!EU194+'調查(集賢)'!EV194+'調查(集賢)'!EW194+'調查(集賢)'!EX194 -> 0 | Z197: ='調查(集賢)'!J194+'調查(集賢)'!K194+'調查(集賢)'!L194+'調查(集賢)'!M194+'調查(集賢)'!AX194+'調查(集賢)'!AY194+'調查(集賢)'!AZ194+'調查(集賢)'!BA194+'調查(集賢)'!CL194+'調查(集賢)'!CM194+'調查(集賢)'!CN194+'調查(集賢)'!CO194+'調查(集賢)'!DY194+'調查(集賢)'!DZ194+'調查(集賢)'!EA194+'調查(集賢)'!EB194 -> 0 | AA197: ='調查(集賢)'!X194+'調查(集賢)'!Y194+'調查(集賢)'!Z194+'調查(集賢)'!AA194+'調查(集賢)'!BL194+'調查(集賢)'!BM194+'調查(集賢)'!BN194+'調查(集賢)'!BO194+'調查(集賢)'!CY194+'調查(集賢)'!CZ194+'調查(集賢)'!DA194+'調查(集賢)'!DB194+'調查(集賢)'!EL194+'調查(集賢)'!EM194+'調查(集賢)'!EN194+'調查(集賢)'!EO194 -> 0 | AB197: ='調查(集賢)'!AK194+'調查(集賢)'!AL194+'調查(集賢)'!AM194+'調查(集賢)'!AN194+'調查(集賢)'!BY194+'調查(集賢)'!BZ194+'調查(集賢)'!CA194+'調查(集賢)'!CB194+'調查(集賢)'!DL194+'調查(集賢)'!DM194+'調查(集賢)'!DN194+'調查(集賢)'!DO194+'調查(集賢)'!EY194+'調查(集賢)'!EZ194+'調查(集賢)'!FA194+'調查(集賢)'!FB194 -> 0 | AD197: ='調查(集賢)'!N194+'調查(集賢)'!O194+'調查(集賢)'!P194+'調查(集賢)'!BB194+'調查(集賢)'!BC194+'調查(集賢)'!BD194+'調查(集賢)'!CP194+'調查(集賢)'!CQ194+'調查(集賢)'!CR194+'調查(集賢)'!EC194+'調查(集賢)'!ED194+'調查(集賢)'!EE194 -> 0 | AE197: ='調查(集賢)'!AB194+'調查(集賢)'!AC194+'調查(集賢)'!AD194+'調查(集賢)'!BP194+'調查(集賢)'!BQ194+'調查(集賢)'!BR194+'調查(集賢)'!DC194+'調查(集賢)'!DD194+'調查(集賢)'!DE194+'調查(集賢)'!EP194+'調查(集賢)'!EQ194+'調查(集賢)'!ER194 -> 0 | AF197: ='調查(集賢)'!AO194+'調查(集賢)'!AP194+'調查(集賢)'!AQ194+'調查(集賢)'!CC194+'調查(集賢)'!CD194+'調查(集賢)'!CE194+'調查(集賢)'!DP194+'調查(集賢)'!DQ194+'調查(集賢)'!DR194+'調查(集賢)'!FC194+'調查(集賢)'!FD194+'調查(集賢)'!FE194 -> 0 | AH197: ='調查(集賢)'!Q194+'調查(集賢)'!BE194 -> 0
A198: C | B198: 0.010416667 | C198: 0.020833333 | D198: ='調查(集賢)'!R195+'調查(集賢)'!S195+'調查(集賢)'!T195+'調查(集賢)'!U195+'調查(集賢)'!V195+'調查(集賢)'!W195+'調查(集賢)'!BF195+'調查(集賢)'!BG195+'調查(集賢)'!BH195+'調查(集賢)'!BI195+'調查(集賢)'!BJ195+'調查(集賢)'!BK195+'調查(集賢)'!CS195+'調查(集賢)'!CT195+'調查(集賢)'!CU195+'調查(集賢)'!CV195+'調查(集賢)'!CW195+'調查(集賢)'!CX195+'調查(集賢)'!EF195+'調查(集賢)'!EG195+'調查(集賢)'!EH195+'調查(集賢)'!EI195+'調查(集賢)'!EJ195+'調查(集賢)'!EK195 -> 0 | E198: ='調查(集賢)'!AE195+'調查(集賢)'!AF195+'調查(集賢)'!AG195+'調查(集賢)'!AH195+'調查(集賢)'!AI195+'調查(集賢)'!AJ195+'調查(集賢)'!BS195+'調查(集賢)'!BT195+'調查(集賢)'!BU195+'調查(集賢)'!BV195+'調查(集賢)'!BW195+'調查(集賢)'!BX195+'調查(集賢)'!DF195+'調查(集賢)'!DG195+'調查(集賢)'!DH195+'調查(集賢)'!DI195+'調查(集賢)'!DJ195+'調查(集賢)'!DK195+'調查(集賢)'!ES195+'調查(集賢)'!ET195+'調查(集賢)'!EU195+'調查(集賢)'!EV195+'調查(集賢)'!EW195+'調查(集賢)'!EX195 -> 0 | F198: - | G198: ='調查(集賢)'!D195+'調查(集賢)'!E195+'調查(集賢)'!F195+'調查(集賢)'!G195+'調查(集賢)'!H195+'調查(集賢)'!I195+'調查(集賢)'!AR195+'調查(集賢)'!AS195+'調查(集賢)'!AT195+'調查(集賢)'!AU195+'調查(集賢)'!AV195+'調查(集賢)'!AW195+'調查(集賢)'!CF195+'調查(集賢)'!CG195+'調查(集賢)'!CH195+'調查(集賢)'!CI195+'調查(集賢)'!CJ195+'調查(集賢)'!CK195+'調查(集賢)'!DS195+'調查(集賢)'!DT195+'調查(集賢)'!DU195+'調查(集賢)'!DV195+'調查(集賢)'!DW195+'調查(集賢)'!DX195 -> 0 | H198: ='調查(集賢)'!X195+'調查(集賢)'!Y195+'調查(集賢)'!Z195+'調查(集賢)'!AA195+'調查(集賢)'!BL195+'調查(集賢)'!BM195+'調查(集賢)'!BN195+'調查(集賢)'!BO195+'調查(集賢)'!CY195+'調查(集賢)'!CZ195+'調查(集賢)'!DA195+'調查(集賢)'!DB195+'調查(集賢)'!EL195+'調查(集賢)'!EM195+'調查(集賢)'!EN195+'調查(集賢)'!EO195 -> 0 | I198: ='調查(集賢)'!AK195+'調查(集賢)'!AL195+'調查(集賢)'!AM195+'調查(集賢)'!AN195+'調查(集賢)'!BY195+'調查(集賢)'!BZ195+'調查(集賢)'!CA195+'調查(集賢)'!CB195+'調查(集賢)'!DL195+'調查(集賢)'!DM195+'調查(集賢)'!DN195+'調查(集賢)'!DO195+'調查(集賢)'!EY195+'調查(集賢)'!EZ195+'調查(集賢)'!FA195+'調查(集賢)'!FB195 -> 0 | J198: - | K198: ='調查(集賢)'!J195+'調查(集賢)'!K195+'調查(集賢)'!L195+'調查(集賢)'!M195+'調查(集賢)'!AX195+'調查(集賢)'!AY195+'調查(集賢)'!AZ195+'調查(集賢)'!BA195+'調查(集賢)'!CL195+'調查(集賢)'!CM195+'調查(集賢)'!CN195+'調查(集賢)'!CO195+'調查(集賢)'!DY195+'調查(集賢)'!DZ195+'調查(集賢)'!EA195+'調查(集賢)'!EB195 -> 0 | L198: - | M198: =IF(AE198>0,AE198-AH198-AH294,0) -> 0 | N198: - | O198: ='調查(集賢)'!AO195+'調查(集賢)'!AP195+'調查(集賢)'!AQ195+'調查(集賢)'!CC195+'調查(集賢)'!CD195+'調查(集賢)'!CE195+'調查(集賢)'!DP195+'調查(集賢)'!DQ195+'調查(集賢)'!DR195+'調查(集賢)'!FC195+'調查(集賢)'!FD195+'調查(集賢)'!FE195 -> 0 | P198: - | Q198: - | R198: ='調查(集賢)'!Q195+'調查(集賢)'!BE195 -> 0 | S198: ='調查(集賢)'!N195+'調查(集賢)'!O195+'調查(集賢)'!P195+'調查(集賢)'!BB195+'調查(集賢)'!BC195+'調查(集賢)'!BD195+'調查(集賢)'!CP195+'調查(集賢)'!CQ195+'調查(集賢)'!CR195+'調查(集賢)'!EC195+'調查(集賢)'!ED195+'調查(集賢)'!EE195 -> 0 | V198: ='調查(集賢)'!D195+'調查(集賢)'!E195+'調查(集賢)'!F195+'調查(集賢)'!G195+'調查(集賢)'!H195+'調查(集賢)'!I195+'調查(集賢)'!AR195+'調查(集賢)'!AS195+'調查(集賢)'!AT195+'調查(集賢)'!AU195+'調查(集賢)'!AV195+'調查(集賢)'!AW195+'調查(集賢)'!CF195+'調查(集賢)'!CG195+'調查(集賢)'!CH195+'調查(集賢)'!CI195+'調查(集賢)'!CJ195+'調查(集賢)'!CK195+'調查(集賢)'!DS195+'調查(集賢)'!DT195+'調查(集賢)'!DU195+'調查(集賢)'!DV195+'調查(集賢)'!DW195+'調查(集賢)'!DX195 -> 0 | W198: ='調查(集賢)'!R195+'調查(集賢)'!S195+'調查(集賢)'!T195+'調查(集賢)'!U195+'調查(集賢)'!V195+'調查(集賢)'!W195+'調查(集賢)'!BF195+'調查(集賢)'!BG195+'調查(集賢)'!BH195+'調查(集賢)'!BI195+'調查(集賢)'!BJ195+'調查(集賢)'!BK195+'調查(集賢)'!CS195+'調查(集賢)'!CT195+'調查(集賢)'!CU195+'調查(集賢)'!CV195+'調查(集賢)'!CW195+'調查(集賢)'!CX195+'調查(集賢)'!EF195+'調查(集賢)'!EG195+'調查(集賢)'!EH195+'調查(集賢)'!EI195+'調查(集賢)'!EJ195+'調查(集賢)'!EK195 -> 0 | X198: ='調查(集賢)'!AE195+'調查(集賢)'!AF195+'調查(集賢)'!AG195+'調查(集賢)'!AH195+'調查(集賢)'!AI195+'調查(集賢)'!AJ195+'調查(集賢)'!BS195+'調查(集賢)'!BT195+'調查(集賢)'!BU195+'調查(集賢)'!BV195+'調查(集賢)'!BW195+'調查(集賢)'!BX195+'調查(集賢)'!DF195+'調查(集賢)'!DG195+'調查(集賢)'!DH195+'調查(集賢)'!DI195+'調查(集賢)'!DJ195+'調查(集賢)'!DK195+'調查(集賢)'!ES195+'調查(集賢)'!ET195+'調查(集賢)'!EU195+'調查(集賢)'!EV195+'調查(集賢)'!EW195+'調查(集賢)'!EX195 -> 0 | Z198: ='調查(集賢)'!J195+'調查(集賢)'!K195+'調查(集賢)'!L195+'調查(集賢)'!M195+'調查(集賢)'!AX195+'調查(集賢)'!AY195+'調查(集賢)'!AZ195+'調查(集賢)'!BA195+'調查(集賢)'!CL195+'調查(集賢)'!CM195+'調查(集賢)'!CN195+'調查(集賢)'!CO195+'調查(集賢)'!DY195+'調查(集賢)'!DZ195+'調查(集賢)'!EA195+'調查(集賢)'!EB195 -> 0 | AA198: ='調查(集賢)'!X195+'調查(集賢)'!Y195+'調查(集賢)'!Z195+'調查(集賢)'!AA195+'調查(集賢)'!BL195+'調查(集賢)'!BM195+'調查(集賢)'!BN195+'調查(集賢)'!BO195+'調查(集賢)'!CY195+'調查(集賢)'!CZ195+'調查(集賢)'!DA195+'調查(集賢)'!DB195+'調查(集賢)'!EL195+'調查(集賢)'!EM195+'調查(集賢)'!EN195+'調查(集賢)'!EO195 -> 0 | AB198: ='調查(集賢)'!AK195+'調查(集賢)'!AL195+'調查(集賢)'!AM195+'調查(集賢)'!AN195+'調查(集賢)'!BY195+'調查(集賢)'!BZ195+'調查(集賢)'!CA195+'調查(集賢)'!CB195+'調查(集賢)'!DL195+'調查(集賢)'!DM195+'調查(集賢)'!DN195+'調查(集賢)'!DO195+'調查(集賢)'!EY195+'調查(集賢)'!EZ195+'調查(集賢)'!FA195+'調查(集賢)'!FB195 -> 0 | AD198: ='調查(集賢)'!N195+'調查(集賢)'!O195+'調查(集賢)'!P195+'調查(集賢)'!BB195+'調查(集賢)'!BC195+'調查(集賢)'!BD195+'調查(集賢)'!CP195+'調查(集賢)'!CQ195+'調查(集賢)'!CR195+'調查(集賢)'!EC195+'調查(集賢)'!ED195+'調查(集賢)'!EE195 -> 0 | AE198: ='調查(集賢)'!AB195+'調查(集賢)'!AC195+'調查(集賢)'!AD195+'調查(集賢)'!BP195+'調查(集賢)'!BQ195+'調查(集賢)'!BR195+'調查(集賢)'!DC195+'調查(集賢)'!DD195+'調查(集賢)'!DE195+'調查(集賢)'!EP195+'調查(集賢)'!EQ195+'調查(集賢)'!ER195 -> 0 | AF198: ='調查(集賢)'!AO195+'調查(集賢)'!AP195+'調查(集賢)'!AQ195+'調查(集賢)'!CC195+'調查(集賢)'!CD195+'調查(集賢)'!CE195+'調查(集賢)'!DP195+'調查(集賢)'!DQ195+'調查(集賢)'!DR195+'調查(集賢)'!FC195+'調查(集賢)'!FD195+'調查(集賢)'!FE195 -> 0 | AH198: ='調查(集賢)'!Q195+'調查(集賢)'!BE195 -> 0
A199: C | B199: 0.020833333 | C199: 0.03125 | D199: ='調查(集賢)'!R196+'調查(集賢)'!S196+'調查(集賢)'!T196+'調查(集賢)'!U196+'調查(集賢)'!V196+'調查(集賢)'!W196+'調查(集賢)'!BF196+'調查(集賢)'!BG196+'調查(集賢)'!BH196+'調查(集賢)'!BI196+'調查(集賢)'!BJ196+'調查(集賢)'!BK196+'調查(集賢)'!CS196+'調查(集賢)'!CT196+'調查(集賢)'!CU196+'調查(集賢)'!CV196+'調查(集賢)'!CW196+'調查(集賢)'!CX196+'調查(集賢)'!EF196+'調查(集賢)'!EG196+'調查(集賢)'!EH196+'調查(集賢)'!EI196+'調查(集賢)'!EJ196+'調查(集賢)'!EK196 -> 0 | E199: ='調查(集賢)'!AE196+'調查(集賢)'!AF196+'調查(集賢)'!AG196+'調查(集賢)'!AH196+'調查(集賢)'!AI196+'調查(集賢)'!AJ196+'調查(集賢)'!BS196+'調查(集賢)'!BT196+'調查(集賢)'!BU196+'調查(集賢)'!BV196+'調查(集賢)'!BW196+'調查(集賢)'!BX196+'調查(集賢)'!DF196+'調查(集賢)'!DG196+'調查(集賢)'!DH196+'調查(集賢)'!DI196+'調查(集賢)'!DJ196+'調查(集賢)'!DK196+'調查(集賢)'!ES196+'調查(集賢)'!ET196+'調查(集賢)'!EU196+'調查(集賢)'!EV196+'調查(集賢)'!EW196+'調查(集賢)'!EX196 -> 0 | F199: - | G199: ='調查(集賢)'!D196+'調查(集賢)'!E196+'調查(集賢)'!F196+'調查(集賢)'!G196+'調查(集賢)'!H196+'調查(集賢)'!I196+'調查(集賢)'!AR196+'調查(集賢)'!AS196+'調查(集賢)'!AT196+'調查(集賢)'!AU196+'調查(集賢)'!AV196+'調查(集賢)'!AW196+'調查(集賢)'!CF196+'調查(集賢)'!CG196+'調查(集賢)'!CH196+'調查(集賢)'!CI196+'調查(集賢)'!CJ196+'調查(集賢)'!CK196+'調查(集賢)'!DS196+'調查(集賢)'!DT196+'調查(集賢)'!DU196+'調查(集賢)'!DV196+'調查(集賢)'!DW196+'調查(集賢)'!DX196 -> 0 | H199: ='調查(集賢)'!X196+'調查(集賢)'!Y196+'調查(集賢)'!Z196+'調查(集賢)'!AA196+'調查(集賢)'!BL196+'調查(集賢)'!BM196+'調查(集賢)'!BN196+'調查(集賢)'!BO196+'調查(集賢)'!CY196+'調查(集賢)'!CZ196+'調查(集賢)'!DA196+'調查(集賢)'!DB196+'調查(集賢)'!EL196+'調查(集賢)'!EM196+'調查(集賢)'!EN196+'調查(集賢)'!EO196 -> 0 | I199: ='調查(集賢)'!AK196+'調查(集賢)'!AL196+'調查(集賢)'!AM196+'調查(集賢)'!AN196+'調查(集賢)'!BY196+'調查(集賢)'!BZ196+'調查(集賢)'!CA196+'調查(集賢)'!CB196+'調查(集賢)'!DL196+'調查(集賢)'!DM196+'調查(集賢)'!DN196+'調查(集賢)'!DO196+'調查(集賢)'!EY196+'調查(集賢)'!EZ196+'調查(集賢)'!FA196+'調查(集賢)'!FB196 -> 0 | J199: - | K199: ='調查(集賢)'!J196+'調查(集賢)'!K196+'調查(集賢)'!L196+'調查(集賢)'!M196+'調查(集賢)'!AX196+'調查(集賢)'!AY196+'調查(集賢)'!AZ196+'調查(集賢)'!BA196+'調查(集賢)'!CL196+'調查(集賢)'!CM196+'調查(集賢)'!CN196+'調查(集賢)'!CO196+'調查(集賢)'!DY196+'調查(集賢)'!DZ196+'調查(集賢)'!EA196+'調查(集賢)'!EB196 -> 0 | L199: - | M199: =IF(AE199>0,AE199-AH199-AH295,0) -> 0 | N199: - | O199: ='調查(集賢)'!AO196+'調查(集賢)'!AP196+'調查(集賢)'!AQ196+'調查(集賢)'!CC196+'調查(集賢)'!CD196+'調查(集賢)'!CE196+'調查(集賢)'!DP196+'調查(集賢)'!DQ196+'調查(集賢)'!DR196+'調查(集賢)'!FC196+'調查(集賢)'!FD196+'調查(集賢)'!FE196 -> 0 | P199: - | Q199: - | R199: ='調查(集賢)'!Q196+'調查(集賢)'!BE196 -> 0 | S199: ='調查(集賢)'!N196+'調查(集賢)'!O196+'調查(集賢)'!P196+'調查(集賢)'!BB196+'調查(集賢)'!BC196+'調查(集賢)'!BD196+'調查(集賢)'!CP196+'調查(集賢)'!CQ196+'調查(集賢)'!CR196+'調查(集賢)'!EC196+'調查(集賢)'!ED196+'調查(集賢)'!EE196 -> 0 | V199: ='調查(集賢)'!D196+'調查(集賢)'!E196+'調查(集賢)'!F196+'調查(集賢)'!G196+'調查(集賢)'!H196+'調查(集賢)'!I196+'調查(集賢)'!AR196+'調查(集賢)'!AS196+'調查(集賢)'!AT196+'調查(集賢)'!AU196+'調查(集賢)'!AV196+'調查(集賢)'!AW196+'調查(集賢)'!CF196+'調查(集賢)'!CG196+'調查(集賢)'!CH196+'調查(集賢)'!CI196+'調查(集賢)'!CJ196+'調查(集賢)'!CK196+'調查(集賢)'!DS196+'調查(集賢)'!DT196+'調查(集賢)'!DU196+'調查(集賢)'!DV196+'調查(集賢)'!DW196+'調查(集賢)'!DX196 -> 0 | W199: ='調查(集賢)'!R196+'調查(集賢)'!S196+'調查(集賢)'!T196+'調查(集賢)'!U196+'調查(集賢)'!V196+'調查(集賢)'!W196+'調查(集賢)'!BF196+'調查(集賢)'!BG196+'調查(集賢)'!BH196+'調查(集賢)'!BI196+'調查(集賢)'!BJ196+'調查(集賢)'!BK196+'調查(集賢)'!CS196+'調查(集賢)'!CT196+'調查(集賢)'!CU196+'調查(集賢)'!CV196+'調查(集賢)'!CW196+'調查(集賢)'!CX196+'調查(集賢)'!EF196+'調查(集賢)'!EG196+'調查(集賢)'!EH196+'調查(集賢)'!EI196+'調查(集賢)'!EJ196+'調查(集賢)'!EK196 -> 0 | X199: ='調查(集賢)'!AE196+'調查(集賢)'!AF196+'調查(集賢)'!AG196+'調查(集賢)'!AH196+'調查(集賢)'!AI196+'調查(集賢)'!AJ196+'調查(集賢)'!BS196+'調查(集賢)'!BT196+'調查(集賢)'!BU196+'調查(集賢)'!BV196+'調查(集賢)'!BW196+'調查(集賢)'!BX196+'調查(集賢)'!DF196+'調查(集賢)'!DG196+'調查(集賢)'!DH196+'調查(集賢)'!DI196+'調查(集賢)'!DJ196+'調查(集賢)'!DK196+'調查(集賢)'!ES196+'調查(集賢)'!ET196+'調查(集賢)'!EU196+'調查(集賢)'!EV196+'調查(集賢)'!EW196+'調查(集賢)'!EX196 -> 0 | Z199: ='調查(集賢)'!J196+'調查(集賢)'!K196+'調查(集賢)'!L196+'調查(集賢)'!M196+'調查(集賢)'!AX196+'調查(集賢)'!AY196+'調查(集賢)'!AZ196+'調查(集賢)'!BA196+'調查(集賢)'!CL196+'調查(集賢)'!CM196+'調查(集賢)'!CN196+'調查(集賢)'!CO196+'調查(集賢)'!DY196+'調查(集賢)'!DZ196+'調查(集賢)'!EA196+'調查(集賢)'!EB196 -> 0 | AA199: ='調查(集賢)'!X196+'調查(集賢)'!Y196+'調查(集賢)'!Z196+'調查(集賢)'!AA196+'調查(集賢)'!BL196+'調查(集賢)'!BM196+'調查(集賢)'!BN196+'調查(集賢)'!BO196+'調查(集賢)'!CY196+'調查(集賢)'!CZ196+'調查(集賢)'!DA196+'調查(集賢)'!DB196+'調查(集賢)'!EL196+'調查(集賢)'!EM196+'調查(集賢)'!EN196+'調查(集賢)'!EO196 -> 0 | AB199: ='調查(集賢)'!AK196+'調查(集賢)'!AL196+'調查(集賢)'!AM196+'調查(集賢)'!AN196+'調查(集賢)'!BY196+'調查(集賢)'!BZ196+'調查(集賢)'!CA196+'調查(集賢)'!CB196+'調查(集賢)'!DL196+'調查(集賢)'!DM196+'調查(集賢)'!DN196+'調查(集賢)'!DO196+'調查(集賢)'!EY196+'調查(集賢)'!EZ196+'調查(集賢)'!FA196+'調查(集賢)'!FB196 -> 0 | AD199: ='調查(集賢)'!N196+'調查(集賢)'!O196+'調查(集賢)'!P196+'調查(集賢)'!BB196+'調查(集賢)'!BC196+'調查(集賢)'!BD196+'調查(集賢)'!CP196+'調查(集賢)'!CQ196+'調查(集賢)'!CR196+'調查(集賢)'!EC196+'調查(集賢)'!ED196+'調查(集賢)'!EE196 -> 0 | AE199: ='調查(集賢)'!AB196+'調查(集賢)'!AC196+'調查(集賢)'!AD196+'調查(集賢)'!BP196+'調查(集賢)'!BQ196+'調查(集賢)'!BR196+'調查(集賢)'!DC196+'調查(集賢)'!DD196+'調查(集賢)'!DE196+'調查(集賢)'!EP196+'調查(集賢)'!EQ196+'調查(集賢)'!ER196 -> 0 | AF199: ='調查(集賢)'!AO196+'調查(集賢)'!AP196+'調查(集賢)'!AQ196+'調查(集賢)'!CC196+'調查(集賢)'!CD196+'調查(集賢)'!CE196+'調查(集賢)'!DP196+'調查(集賢)'!DQ196+'調查(集賢)'!DR196+'調查(集賢)'!FC196+'調查(集賢)'!FD196+'調查(集賢)'!FE196 -> 0 | AH199: ='調查(集賢)'!Q196+'調查(集賢)'!BE196 -> 0
A200: C | B200: 0.03125 | C200: 0.041666667 | D200: ='調查(集賢)'!R197+'調查(集賢)'!S197+'調查(集賢)'!T197+'調查(集賢)'!U197+'調查(集賢)'!V197+'調查(集賢)'!W197+'調查(集賢)'!BF197+'調查(集賢)'!BG197+'調查(集賢)'!BH197+'調查(集賢)'!BI197+'調查(集賢)'!BJ197+'調查(集賢)'!BK197+'調查(集賢)'!CS197+'調查(集賢)'!CT197+'調查(集賢)'!CU197+'調查(集賢)'!CV197+'調查(集賢)'!CW197+'調查(集賢)'!CX197+'調查(集賢)'!EF197+'調查(集賢)'!EG197+'調查(集賢)'!EH197+'調查(集賢)'!EI197+'調查(集賢)'!EJ197+'調查(集賢)'!EK197 -> 0 | E200: ='調查(集賢)'!AE197+'調查(集賢)'!AF197+'調查(集賢)'!AG197+'調查(集賢)'!AH197+'調查(集賢)'!AI197+'調查(集賢)'!AJ197+'調查(集賢)'!BS197+'調查(集賢)'!BT197+'調查(集賢)'!BU197+'調查(集賢)'!BV197+'調查(集賢)'!BW197+'調查(集賢)'!BX197+'調查(集賢)'!DF197+'調查(集賢)'!DG197+'調查(集賢)'!DH197+'調查(集賢)'!DI197+'調查(集賢)'!DJ197+'調查(集賢)'!DK197+'調查(集賢)'!ES197+'調查(集賢)'!ET197+'調查(集賢)'!EU197+'調查(集賢)'!EV197+'調查(集賢)'!EW197+'調查(集賢)'!EX197 -> 0 | F200: - | G200: ='調查(集賢)'!D197+'調查(集賢)'!E197+'調查(集賢)'!F197+'調查(集賢)'!G197+'調查(集賢)'!H197+'調查(集賢)'!I197+'調查(集賢)'!AR197+'調查(集賢)'!AS197+'調查(集賢)'!AT197+'調查(集賢)'!AU197+'調查(集賢)'!AV197+'調查(集賢)'!AW197+'調查(集賢)'!CF197+'調查(集賢)'!CG197+'調查(集賢)'!CH197+'調查(集賢)'!CI197+'調查(集賢)'!CJ197+'調查(集賢)'!CK197+'調查(集賢)'!DS197+'調查(集賢)'!DT197+'調查(集賢)'!DU197+'調查(集賢)'!DV197+'調查(集賢)'!DW197+'調查(集賢)'!DX197 -> 0 | H200: ='調查(集賢)'!X197+'調查(集賢)'!Y197+'調查(集賢)'!Z197+'調查(集賢)'!AA197+'調查(集賢)'!BL197+'調查(集賢)'!BM197+'調查(集賢)'!BN197+'調查(集賢)'!BO197+'調查(集賢)'!CY197+'調查(集賢)'!CZ197+'調查(集賢)'!DA197+'調查(集賢)'!DB197+'調查(集賢)'!EL197+'調查(集賢)'!EM197+'調查(集賢)'!EN197+'調查(集賢)'!EO197 -> 0 | I200: ='調查(集賢)'!AK197+'調查(集賢)'!AL197+'調查(集賢)'!AM197+'調查(集賢)'!AN197+'調查(集賢)'!BY197+'調查(集賢)'!BZ197+'調查(集賢)'!CA197+'調查(集賢)'!CB197+'調查(集賢)'!DL197+'調查(集賢)'!DM197+'調查(集賢)'!DN197+'調查(集賢)'!DO197+'調查(集賢)'!EY197+'調查(集賢)'!EZ197+'調查(集賢)'!FA197+'調查(集賢)'!FB197 -> 0 | J200: - | K200: ='調查(集賢)'!J197+'調查(集賢)'!K197+'調查(集賢)'!L197+'調查(集賢)'!M197+'調查(集賢)'!AX197+'調查(集賢)'!AY197+'調查(集賢)'!AZ197+'調查(集賢)'!BA197+'調查(集賢)'!CL197+'調查(集賢)'!CM197+'調查(集賢)'!CN197+'調查(集賢)'!CO197+'調查(集賢)'!DY197+'調查(集賢)'!DZ197+'調查(集賢)'!EA197+'調查(集賢)'!EB197 -> 0 | L200: - | M200: =IF(AE200>0,AE200-AH200-AH296,0) -> 0 | N200: - | O200: ='調查(集賢)'!AO197+'調查(集賢)'!AP197+'調查(集賢)'!AQ197+'調查(集賢)'!CC197+'調查(集賢)'!CD197+'調查(集賢)'!CE197+'調查(集賢)'!DP197+'調查(集賢)'!DQ197+'調查(集賢)'!DR197+'調查(集賢)'!FC197+'調查(集賢)'!FD197+'調查(集賢)'!FE197 -> 0 | P200: - | Q200: - | R200: ='調查(集賢)'!Q197+'調查(集賢)'!BE197 -> 0 | S200: ='調查(集賢)'!N197+'調查(集賢)'!O197+'調查(集賢)'!P197+'調查(集賢)'!BB197+'調查(集賢)'!BC197+'調查(集賢)'!BD197+'調查(集賢)'!CP197+'調查(集賢)'!CQ197+'調查(集賢)'!CR197+'調查(集賢)'!EC197+'調查(集賢)'!ED197+'調查(集賢)'!EE197 -> 0 | V200: ='調查(集賢)'!D197+'調查(集賢)'!E197+'調查(集賢)'!F197+'調查(集賢)'!G197+'調查(集賢)'!H197+'調查(集賢)'!I197+'調查(集賢)'!AR197+'調查(集賢)'!AS197+'調查(集賢)'!AT197+'調查(集賢)'!AU197+'調查(集賢)'!AV197+'調查(集賢)'!AW197+'調查(集賢)'!CF197+'調查(集賢)'!CG197+'調查(集賢)'!CH197+'調查(集賢)'!CI197+'調查(集賢)'!CJ197+'調查(集賢)'!CK197+'調查(集賢)'!DS197+'調查(集賢)'!DT197+'調查(集賢)'!DU197+'調查(集賢)'!DV197+'調查(集賢)'!DW197+'調查(集賢)'!DX197 -> 0 | W200: ='調查(集賢)'!R197+'調查(集賢)'!S197+'調查(集賢)'!T197+'調查(集賢)'!U197+'調查(集賢)'!V197+'調查(集賢)'!W197+'調查(集賢)'!BF197+'調查(集賢)'!BG197+'調查(集賢)'!BH197+'調查(集賢)'!BI197+'調查(集賢)'!BJ197+'調查(集賢)'!BK197+'調查(集賢)'!CS197+'調查(集賢)'!CT197+'調查(集賢)'!CU197+'調查(集賢)'!CV197+'調查(集賢)'!CW197+'調查(集賢)'!CX197+'調查(集賢)'!EF197+'調查(集賢)'!EG197+'調查(集賢)'!EH197+'調查(集賢)'!EI197+'調查(集賢)'!EJ197+'調查(集賢)'!EK197 -> 0 | X200: ='調查(集賢)'!AE197+'調查(集賢)'!AF197+'調查(集賢)'!AG197+'調查(集賢)'!AH197+'調查(集賢)'!AI197+'調查(集賢)'!AJ197+'調查(集賢)'!BS197+'調查(集賢)'!BT197+'調查(集賢)'!BU197+'調查(集賢)'!BV197+'調查(集賢)'!BW197+'調查(集賢)'!BX197+'調查(集賢)'!DF197+'調查(集賢)'!DG197+'調查(集賢)'!DH197+'調查(集賢)'!DI197+'調查(集賢)'!DJ197+'調查(集賢)'!DK197+'調查(集賢)'!ES197+'調查(集賢)'!ET197+'調查(集賢)'!EU197+'調查(集賢)'!EV197+'調查(集賢)'!EW197+'調查(集賢)'!EX197 -> 0 | Z200: ='調查(集賢)'!J197+'調查(集賢)'!K197+'調查(集賢)'!L197+'調查(集賢)'!M197+'調查(集賢)'!AX197+'調查(集賢)'!AY197+'調查(集賢)'!AZ197+'調查(集賢)'!BA197+'調查(集賢)'!CL197+'調查(集賢)'!CM197+'調查(集賢)'!CN197+'調查(集賢)'!CO197+'調查(集賢)'!DY197+'調查(集賢)'!DZ197+'調查(集賢)'!EA197+'調查(集賢)'!EB197 -> 0 | AA200: ='調查(集賢)'!X197+'調查(集賢)'!Y197+'調查(集賢)'!Z197+'調查(集賢)'!AA197+'調查(集賢)'!BL197+'調查(集賢)'!BM197+'調查(集賢)'!BN197+'調查(集賢)'!BO197+'調查(集賢)'!CY197+'調查(集賢)'!CZ197+'調查(集賢)'!DA197+'調查(集賢)'!DB197+'調查(集賢)'!EL197+'調查(集賢)'!EM197+'調查(集賢)'!EN197+'調查(集賢)'!EO197 -> 0 | AB200: ='調查(集賢)'!AK197+'調查(集賢)'!AL197+'調查(集賢)'!AM197+'調查(集賢)'!AN197+'調查(集賢)'!BY197+'調查(集賢)'!BZ197+'調查(集賢)'!CA197+'調查(集賢)'!CB197+'調查(集賢)'!DL197+'調查(集賢)'!DM197+'調查(集賢)'!DN197+'調查(集賢)'!DO197+'調查(集賢)'!EY197+'調查(集賢)'!EZ197+'調查(集賢)'!FA197+'調查(集賢)'!FB197 -> 0 | AD200: ='調查(集賢)'!N197+'調查(集賢)'!O197+'調查(集賢)'!P197+'調查(集賢)'!BB197+'調查(集賢)'!BC197+'調查(集賢)'!BD197+'調查(集賢)'!CP197+'調查(集賢)'!CQ197+'調查(集賢)'!CR197+'調查(集賢)'!EC197+'調查(集賢)'!ED197+'調查(集賢)'!EE197 -> 0 | AE200: ='調查(集賢)'!AB197+'調查(集賢)'!AC197+'調查(集賢)'!AD197+'調查(集賢)'!BP197+'調查(集賢)'!BQ197+'調查(集賢)'!BR197+'調查(集賢)'!DC197+'調查(集賢)'!DD197+'調查(集賢)'!DE197+'調查(集賢)'!EP197+'調查(集賢)'!EQ197+'調查(集賢)'!ER197 -> 0 | AF200: ='調查(集賢)'!AO197+'調查(集賢)'!AP197+'調查(集賢)'!AQ197+'調查(集賢)'!CC197+'調查(集賢)'!CD197+'調查(集賢)'!CE197+'調查(集賢)'!DP197+'調查(集賢)'!DQ197+'調查(集賢)'!DR197+'調查(集賢)'!FC197+'調查(集賢)'!FD197+'調查(集賢)'!FE197 -> 0 | AH200: ='調查(集賢)'!Q197+'調查(集賢)'!BE197 -> 0
A201: C | B201: 0.041666667 | C201: 0.052083333 | D201: ='調查(集賢)'!R198+'調查(集賢)'!S198+'調查(集賢)'!T198+'調查(集賢)'!U198+'調查(集賢)'!V198+'調查(集賢)'!W198+'調查(集賢)'!BF198+'調查(集賢)'!BG198+'調查(集賢)'!BH198+'調查(集賢)'!BI198+'調查(集賢)'!BJ198+'調查(集賢)'!BK198+'調查(集賢)'!CS198+'調查(集賢)'!CT198+'調查(集賢)'!CU198+'調查(集賢)'!CV198+'調查(集賢)'!CW198+'調查(集賢)'!CX198+'調查(集賢)'!EF198+'調查(集賢)'!EG198+'調查(集賢)'!EH198+'調查(集賢)'!EI198+'調查(集賢)'!EJ198+'調查(集賢)'!EK198 -> 0 | E201: ='調查(集賢)'!AE198+'調查(集賢)'!AF198+'調查(集賢)'!AG198+'調查(集賢)'!AH198+'調查(集賢)'!AI198+'調查(集賢)'!AJ198+'調查(集賢)'!BS198+'調查(集賢)'!BT198+'調查(集賢)'!BU198+'調查(集賢)'!BV198+'調查(集賢)'!BW198+'調查(集賢)'!BX198+'調查(集賢)'!DF198+'調查(集賢)'!DG198+'調查(集賢)'!DH198+'調查(集賢)'!DI198+'調查(集賢)'!DJ198+'調查(集賢)'!DK198+'調查(集賢)'!ES198+'調查(集賢)'!ET198+'調查(集賢)'!EU198+'調查(集賢)'!EV198+'調查(集賢)'!EW198+'調查(集賢)'!EX198 -> 0 | F201: - | G201: ='調查(集賢)'!D198+'調查(集賢)'!E198+'調查(集賢)'!F198+'調查(集賢)'!G198+'調查(集賢)'!H198+'調查(集賢)'!I198+'調查(集賢)'!AR198+'調查(集賢)'!AS198+'調查(集賢)'!AT198+'調查(集賢)'!AU198+'調查(集賢)'!AV198+'調查(集賢)'!AW198+'調查(集賢)'!CF198+'調查(集賢)'!CG198+'調查(集賢)'!CH198+'調查(集賢)'!CI198+'調查(集賢)'!CJ198+'調查(集賢)'!CK198+'調查(集賢)'!DS198+'調查(集賢)'!DT198+'調查(集賢)'!DU198+'調查(集賢)'!DV198+'調查(集賢)'!DW198+'調查(集賢)'!DX198 -> 0 | H201: ='調查(集賢)'!X198+'調查(集賢)'!Y198+'調查(集賢)'!Z198+'調查(集賢)'!AA198+'調查(集賢)'!BL198+'調查(集賢)'!BM198+'調查(集賢)'!BN198+'調查(集賢)'!BO198+'調查(集賢)'!CY198+'調查(集賢)'!CZ198+'調查(集賢)'!DA198+'調查(集賢)'!DB198+'調查(集賢)'!EL198+'調查(集賢)'!EM198+'調查(集賢)'!EN198+'調查(集賢)'!EO198 -> 0 | I201: ='調查(集賢)'!AK198+'調查(集賢)'!AL198+'調查(集賢)'!AM198+'調查(集賢)'!AN198+'調查(集賢)'!BY198+'調查(集賢)'!BZ198+'調查(集賢)'!CA198+'調查(集賢)'!CB198+'調查(集賢)'!DL198+'調查(集賢)'!DM198+'調查(集賢)'!DN198+'調查(集賢)'!DO198+'調查(集賢)'!EY198+'調查(集賢)'!EZ198+'調查(集賢)'!FA198+'調查(集賢)'!FB198 -> 0 | J201: - | K201: ='調查(集賢)'!J198+'調查(集賢)'!K198+'調查(集賢)'!L198+'調查(集賢)'!M198+'調查(集賢)'!AX198+'調查(集賢)'!AY198+'調查(集賢)'!AZ198+'調查(集賢)'!BA198+'調查(集賢)'!CL198+'調查(集賢)'!CM198+'調查(集賢)'!CN198+'調查(集賢)'!CO198+'調查(集賢)'!DY198+'調查(集賢)'!DZ198+'調查(集賢)'!EA198+'調查(集賢)'!EB198 -> 0 | L201: - | M201: =IF(AE201>0,AE201-AH201-AH297,0) -> 0 | N201: - | O201: ='調查(集賢)'!AO198+'調查(集賢)'!AP198+'調查(集賢)'!AQ198+'調查(集賢)'!CC198+'調查(集賢)'!CD198+'調查(集賢)'!CE198+'調查(集賢)'!DP198+'調查(集賢)'!DQ198+'調查(集賢)'!DR198+'調查(集賢)'!FC198+'調查(集賢)'!FD198+'調查(集賢)'!FE198 -> 0 | P201: - | Q201: - | R201: ='調查(集賢)'!Q198+'調查(集賢)'!BE198 -> 0 | S201: ='調查(集賢)'!N198+'調查(集賢)'!O198+'調查(集賢)'!P198+'調查(集賢)'!BB198+'調查(集賢)'!BC198+'調查(集賢)'!BD198+'調查(集賢)'!CP198+'調查(集賢)'!CQ198+'調查(集賢)'!CR198+'調查(集賢)'!EC198+'調查(集賢)'!ED198+'調查(集賢)'!EE198 -> 0 | V201: ='調查(集賢)'!D198+'調查(集賢)'!E198+'調查(集賢)'!F198+'調查(集賢)'!G198+'調查(集賢)'!H198+'調查(集賢)'!I198+'調查(集賢)'!AR198+'調查(集賢)'!AS198+'調查(集賢)'!AT198+'調查(集賢)'!AU198+'調查(集賢)'!AV198+'調查(集賢)'!AW198+'調查(集賢)'!CF198+'調查(集賢)'!CG198+'調查(集賢)'!CH198+'調查(集賢)'!CI198+'調查(集賢)'!CJ198+'調查(集賢)'!CK198+'調查(集賢)'!DS198+'調查(集賢)'!DT198+'調查(集賢)'!DU198+'調查(集賢)'!DV198+'調查(集賢)'!DW198+'調查(集賢)'!DX198 -> 0 | W201: ='調查(集賢)'!R198+'調查(集賢)'!S198+'調查(集賢)'!T198+'調查(集賢)'!U198+'調查(集賢)'!V198+'調查(集賢)'!W198+'調查(集賢)'!BF198+'調查(集賢)'!BG198+'調查(集賢)'!BH198+'調查(集賢)'!BI198+'調查(集賢)'!BJ198+'調查(集賢)'!BK198+'調查(集賢)'!CS198+'調查(集賢)'!CT198+'調查(集賢)'!CU198+'調查(集賢)'!CV198+'調查(集賢)'!CW198+'調查(集賢)'!CX198+'調查(集賢)'!EF198+'調查(集賢)'!EG198+'調查(集賢)'!EH198+'調查(集賢)'!EI198+'調查(集賢)'!EJ198+'調查(集賢)'!EK198 -> 0 | X201: ='調查(集賢)'!AE198+'調查(集賢)'!AF198+'調查(集賢)'!AG198+'調查(集賢)'!AH198+'調查(集賢)'!AI198+'調查(集賢)'!AJ198+'調查(集賢)'!BS198+'調查(集賢)'!BT198+'調查(集賢)'!BU198+'調查(集賢)'!BV198+'調查(集賢)'!BW198+'調查(集賢)'!BX198+'調查(集賢)'!DF198+'調查(集賢)'!DG198+'調查(集賢)'!DH198+'調查(集賢)'!DI198+'調查(集賢)'!DJ198+'調查(集賢)'!DK198+'調查(集賢)'!ES198+'調查(集賢)'!ET198+'調查(集賢)'!EU198+'調查(集賢)'!EV198+'調查(集賢)'!EW198+'調查(集賢)'!EX198 -> 0 | Z201: ='調查(集賢)'!J198+'調查(集賢)'!K198+'調查(集賢)'!L198+'調查(集賢)'!M198+'調查(集賢)'!AX198+'調查(集賢)'!AY198+'調查(集賢)'!AZ198+'調查(集賢)'!BA198+'調查(集賢)'!CL198+'調查(集賢)'!CM198+'調查(集賢)'!CN198+'調查(集賢)'!CO198+'調查(集賢)'!DY198+'調查(集賢)'!DZ198+'調查(集賢)'!EA198+'調查(集賢)'!EB198 -> 0 | AA201: ='調查(集賢)'!X198+'調查(集賢)'!Y198+'調查(集賢)'!Z198+'調查(集賢)'!AA198+'調查(集賢)'!BL198+'調查(集賢)'!BM198+'調查(集賢)'!BN198+'調查(集賢)'!BO198+'調查(集賢)'!CY198+'調查(集賢)'!CZ198+'調查(集賢)'!DA198+'調查(集賢)'!DB198+'調查(集賢)'!EL198+'調查(集賢)'!EM198+'調查(集賢)'!EN198+'調查(集賢)'!EO198 -> 0 | AB201: ='調查(集賢)'!AK198+'調查(集賢)'!AL198+'調查(集賢)'!AM198+'調查(集賢)'!AN198+'調查(集賢)'!BY198+'調查(集賢)'!BZ198+'調查(集賢)'!CA198+'調查(集賢)'!CB198+'調查(集賢)'!DL198+'調查(集賢)'!DM198+'調查(集賢)'!DN198+'調查(集賢)'!DO198+'調查(集賢)'!EY198+'調查(集賢)'!EZ198+'調查(集賢)'!FA198+'調查(集賢)'!FB198 -> 0 | AD201: ='調查(集賢)'!N198+'調查(集賢)'!O198+'調查(集賢)'!P198+'調查(集賢)'!BB198+'調查(集賢)'!BC198+'調查(集賢)'!BD198+'調查(集賢)'!CP198+'調查(集賢)'!CQ198+'調查(集賢)'!CR198+'調查(集賢)'!EC198+'調查(集賢)'!ED198+'調查(集賢)'!EE198 -> 0 | AE201: ='調查(集賢)'!AB198+'調查(集賢)'!AC198+'調查(集賢)'!AD198+'調查(集賢)'!BP198+'調查(集賢)'!BQ198+'調查(集賢)'!BR198+'調查(集賢)'!DC198+'調查(集賢)'!DD198+'調查(集賢)'!DE198+'調查(集賢)'!EP198+'調查(集賢)'!EQ198+'調查(集賢)'!ER198 -> 0 | AF201: ='調查(集賢)'!AO198+'調查(集賢)'!AP198+'調查(集賢)'!AQ198+'調查(集賢)'!CC198+'調查(集賢)'!CD198+'調查(集賢)'!CE198+'調查(集賢)'!DP198+'調查(集賢)'!DQ198+'調查(集賢)'!DR198+'調查(集賢)'!FC198+'調查(集賢)'!FD198+'調查(集賢)'!FE198 -> 0 | AH201: ='調查(集賢)'!Q198+'調查(集賢)'!BE198 -> 0
A202: C | B202: 0.052083333 | C202: 0.0625 | D202: ='調查(集賢)'!R199+'調查(集賢)'!S199+'調查(集賢)'!T199+'調查(集賢)'!U199+'調查(集賢)'!V199+'調查(集賢)'!W199+'調查(集賢)'!BF199+'調查(集賢)'!BG199+'調查(集賢)'!BH199+'調查(集賢)'!BI199+'調查(集賢)'!BJ199+'調查(集賢)'!BK199+'調查(集賢)'!CS199+'調查(集賢)'!CT199+'調查(集賢)'!CU199+'調查(集賢)'!CV199+'調查(集賢)'!CW199+'調查(集賢)'!CX199+'調查(集賢)'!EF199+'調查(集賢)'!EG199+'調查(集賢)'!EH199+'調查(集賢)'!EI199+'調查(集賢)'!EJ199+'調查(集賢)'!EK199 -> 0 | E202: ='調查(集賢)'!AE199+'調查(集賢)'!AF199+'調查(集賢)'!AG199+'調查(集賢)'!AH199+'調查(集賢)'!AI199+'調查(集賢)'!AJ199+'調查(集賢)'!BS199+'調查(集賢)'!BT199+'調查(集賢)'!BU199+'調查(集賢)'!BV199+'調查(集賢)'!BW199+'調查(集賢)'!BX199+'調查(集賢)'!DF199+'調查(集賢)'!DG199+'調查(集賢)'!DH199+'調查(集賢)'!DI199+'調查(集賢)'!DJ199+'調查(集賢)'!DK199+'調查(集賢)'!ES199+'調查(集賢)'!ET199+'調查(集賢)'!EU199+'調查(集賢)'!EV199+'調查(集賢)'!EW199+'調查(集賢)'!EX199 -> 0 | F202: - | G202: ='調查(集賢)'!D199+'調查(集賢)'!E199+'調查(集賢)'!F199+'調查(集賢)'!G199+'調查(集賢)'!H199+'調查(集賢)'!I199+'調查(集賢)'!AR199+'調查(集賢)'!AS199+'調查(集賢)'!AT199+'調查(集賢)'!AU199+'調查(集賢)'!AV199+'調查(集賢)'!AW199+'調查(集賢)'!CF199+'調查(集賢)'!CG199+'調查(集賢)'!CH199+'調查(集賢)'!CI199+'調查(集賢)'!CJ199+'調查(集賢)'!CK199+'調查(集賢)'!DS199+'調查(集賢)'!DT199+'調查(集賢)'!DU199+'調查(集賢)'!DV199+'調查(集賢)'!DW199+'調查(集賢)'!DX199 -> 0 | H202: ='調查(集賢)'!X199+'調查(集賢)'!Y199+'調查(集賢)'!Z199+'調查(集賢)'!AA199+'調查(集賢)'!BL199+'調查(集賢)'!BM199+'調查(集賢)'!BN199+'調查(集賢)'!BO199+'調查(集賢)'!CY199+'調查(集賢)'!CZ199+'調查(集賢)'!DA199+'調查(集賢)'!DB199+'調查(集賢)'!EL199+'調查(集賢)'!EM199+'調查(集賢)'!EN199+'調查(集賢)'!EO199 -> 0 | I202: ='調查(集賢)'!AK199+'調查(集賢)'!AL199+'調查(集賢)'!AM199+'調查(集賢)'!AN199+'調查(集賢)'!BY199+'調查(集賢)'!BZ199+'調查(集賢)'!CA199+'調查(集賢)'!CB199+'調查(集賢)'!DL199+'調查(集賢)'!DM199+'調查(集賢)'!DN199+'調查(集賢)'!DO199+'調查(集賢)'!EY199+'調查(集賢)'!EZ199+'調查(集賢)'!FA199+'調查(集賢)'!FB199 -> 0 | J202: - | K202: ='調查(集賢)'!J199+'調查(集賢)'!K199+'調查(集賢)'!L199+'調查(集賢)'!M199+'調查(集賢)'!AX199+'調查(集賢)'!AY199+'調查(集賢)'!AZ199+'調查(集賢)'!BA199+'調查(集賢)'!CL199+'調查(集賢)'!CM199+'調查(集賢)'!CN199+'調查(集賢)'!CO199+'調查(集賢)'!DY199+'調查(集賢)'!DZ199+'調查(集賢)'!EA199+'調查(集賢)'!EB199 -> 0 | L202: - | M202: =IF(AE202>0,AE202-AH202-AH298,0) -> 0 | N202: - | O202: ='調查(集賢)'!AO199+'調查(集賢)'!AP199+'調查(集賢)'!AQ199+'調查(集賢)'!CC199+'調查(集賢)'!CD199+'調查(集賢)'!CE199+'調查(集賢)'!DP199+'調查(集賢)'!DQ199+'調查(集賢)'!DR199+'調查(集賢)'!FC199+'調查(集賢)'!FD199+'調查(集賢)'!FE199 -> 0 | P202: - | Q202: - | R202: ='調查(集賢)'!Q199+'調查(集賢)'!BE199 -> 0 | S202: ='調查(集賢)'!N199+'調查(集賢)'!O199+'調查(集賢)'!P199+'調查(集賢)'!BB199+'調查(集賢)'!BC199+'調查(集賢)'!BD199+'調查(集賢)'!CP199+'調查(集賢)'!CQ199+'調查(集賢)'!CR199+'調查(集賢)'!EC199+'調查(集賢)'!ED199+'調查(集賢)'!EE199 -> 0 | V202: ='調查(集賢)'!D199+'調查(集賢)'!E199+'調查(集賢)'!F199+'調查(集賢)'!G199+'調查(集賢)'!H199+'調查(集賢)'!I199+'調查(集賢)'!AR199+'調查(集賢)'!AS199+'調查(集賢)'!AT199+'調查(集賢)'!AU199+'調查(集賢)'!AV199+'調查(集賢)'!AW199+'調查(集賢)'!CF199+'調查(集賢)'!CG199+'調查(集賢)'!CH199+'調查(集賢)'!CI199+'調查(集賢)'!CJ199+'調查(集賢)'!CK199+'調查(集賢)'!DS199+'調查(集賢)'!DT199+'調查(集賢)'!DU199+'調查(集賢)'!DV199+'調查(集賢)'!DW199+'調查(集賢)'!DX199 -> 0 | W202: ='調查(集賢)'!R199+'調查(集賢)'!S199+'調查(集賢)'!T199+'調查(集賢)'!U199+'調查(集賢)'!V199+'調查(集賢)'!W199+'調查(集賢)'!BF199+'調查(集賢)'!BG199+'調查(集賢)'!BH199+'調查(集賢)'!BI199+'調查(集賢)'!BJ199+'調查(集賢)'!BK199+'調查(集賢)'!CS199+'調查(集賢)'!CT199+'調查(集賢)'!CU199+'調查(集賢)'!CV199+'調查(集賢)'!CW199+'調查(集賢)'!CX199+'調查(集賢)'!EF199+'調查(集賢)'!EG199+'調查(集賢)'!EH199+'調查(集賢)'!EI199+'調查(集賢)'!EJ199+'調查(集賢)'!EK199 -> 0 | X202: ='調查(集賢)'!AE199+'調查(集賢)'!AF199+'調查(集賢)'!AG199+'調查(集賢)'!AH199+'調查(集賢)'!AI199+'調查(集賢)'!AJ199+'調查(集賢)'!BS199+'調查(集賢)'!BT199+'調查(集賢)'!BU199+'調查(集賢)'!BV199+'調查(集賢)'!BW199+'調查(集賢)'!BX199+'調查(集賢)'!DF199+'調查(集賢)'!DG199+'調查(集賢)'!DH199+'調查(集賢)'!DI199+'調查(集賢)'!DJ199+'調查(集賢)'!DK199+'調查(集賢)'!ES199+'調查(集賢)'!ET199+'調查(集賢)'!EU199+'調查(集賢)'!EV199+'調查(集賢)'!EW199+'調查(集賢)'!EX199 -> 0 | Z202: ='調查(集賢)'!J199+'調查(集賢)'!K199+'調查(集賢)'!L199+'調查(集賢)'!M199+'調查(集賢)'!AX199+'調查(集賢)'!AY199+'調查(集賢)'!AZ199+'調查(集賢)'!BA199+'調查(集賢)'!CL199+'調查(集賢)'!CM199+'調查(集賢)'!CN199+'調查(集賢)'!CO199+'調查(集賢)'!DY199+'調查(集賢)'!DZ199+'調查(集賢)'!EA199+'調查(集賢)'!EB199 -> 0 | AA202: ='調查(集賢)'!X199+'調查(集賢)'!Y199+'調查(集賢)'!Z199+'調查(集賢)'!AA199+'調查(集賢)'!BL199+'調查(集賢)'!BM199+'調查(集賢)'!BN199+'調查(集賢)'!BO199+'調查(集賢)'!CY199+'調查(集賢)'!CZ199+'調查(集賢)'!DA199+'調查(集賢)'!DB199+'調查(集賢)'!EL199+'調查(集賢)'!EM199+'調查(集賢)'!EN199+'調查(集賢)'!EO199 -> 0 | AB202: ='調查(集賢)'!AK199+'調查(集賢)'!AL199+'調查(集賢)'!AM199+'調查(集賢)'!AN199+'調查(集賢)'!BY199+'調查(集賢)'!BZ199+'調查(集賢)'!CA199+'調查(集賢)'!CB199+'調查(集賢)'!DL199+'調查(集賢)'!DM199+'調查(集賢)'!DN199+'調查(集賢)'!DO199+'調查(集賢)'!EY199+'調查(集賢)'!EZ199+'調查(集賢)'!FA199+'調查(集賢)'!FB199 -> 0 | AD202: ='調查(集賢)'!N199+'調查(集賢)'!O199+'調查(集賢)'!P199+'調查(集賢)'!BB199+'調查(集賢)'!BC199+'調查(集賢)'!BD199+'調查(集賢)'!CP199+'調查(集賢)'!CQ199+'調查(集賢)'!CR199+'調查(集賢)'!EC199+'調查(集賢)'!ED199+'調查(集賢)'!EE199 -> 0 | AE202: ='調查(集賢)'!AB199+'調查(集賢)'!AC199+'調查(集賢)'!AD199+'調查(集賢)'!BP199+'調查(集賢)'!BQ199+'調查(集賢)'!BR199+'調查(集賢)'!DC199+'調查(集賢)'!DD199+'調查(集賢)'!DE199+'調查(集賢)'!EP199+'調查(集賢)'!EQ199+'調查(集賢)'!ER199 -> 0 | AF202: ='調查(集賢)'!AO199+'調查(集賢)'!AP199+'調查(集賢)'!AQ199+'調查(集賢)'!CC199+'調查(集賢)'!CD199+'調查(集賢)'!CE199+'調查(集賢)'!DP199+'調查(集賢)'!DQ199+'調查(集賢)'!DR199+'調查(集賢)'!FC199+'調查(集賢)'!FD199+'調查(集賢)'!FE199 -> 0 | AH202: ='調查(集賢)'!Q199+'調查(集賢)'!BE199 -> 0
A203: C | B203: 0.0625 | C203: 0.072916667 | D203: ='調查(集賢)'!R200+'調查(集賢)'!S200+'調查(集賢)'!T200+'調查(集賢)'!U200+'調查(集賢)'!V200+'調查(集賢)'!W200+'調查(集賢)'!BF200+'調查(集賢)'!BG200+'調查(集賢)'!BH200+'調查(集賢)'!BI200+'調查(集賢)'!BJ200+'調查(集賢)'!BK200+'調查(集賢)'!CS200+'調查(集賢)'!CT200+'調查(集賢)'!CU200+'調查(集賢)'!CV200+'調查(集賢)'!CW200+'調查(集賢)'!CX200+'調查(集賢)'!EF200+'調查(集賢)'!EG200+'調查(集賢)'!EH200+'調查(集賢)'!EI200+'調查(集賢)'!EJ200+'調查(集賢)'!EK200 -> 0 | E203: ='調查(集賢)'!AE200+'調查(集賢)'!AF200+'調查(集賢)'!AG200+'調查(集賢)'!AH200+'調查(集賢)'!AI200+'調查(集賢)'!AJ200+'調查(集賢)'!BS200+'調查(集賢)'!BT200+'調查(集賢)'!BU200+'調查(集賢)'!BV200+'調查(集賢)'!BW200+'調查(集賢)'!BX200+'調查(集賢)'!DF200+'調查(集賢)'!DG200+'調查(集賢)'!DH200+'調查(集賢)'!DI200+'調查(集賢)'!DJ200+'調查(集賢)'!DK200+'調查(集賢)'!ES200+'調查(集賢)'!ET200+'調查(集賢)'!EU200+'調查(集賢)'!EV200+'調查(集賢)'!EW200+'調查(集賢)'!EX200 -> 0 | F203: - | G203: ='調查(集賢)'!D200+'調查(集賢)'!E200+'調查(集賢)'!F200+'調查(集賢)'!G200+'調查(集賢)'!H200+'調查(集賢)'!I200+'調查(集賢)'!AR200+'調查(集賢)'!AS200+'調查(集賢)'!AT200+'調查(集賢)'!AU200+'調查(集賢)'!AV200+'調查(集賢)'!AW200+'調查(集賢)'!CF200+'調查(集賢)'!CG200+'調查(集賢)'!CH200+'調查(集賢)'!CI200+'調查(集賢)'!CJ200+'調查(集賢)'!CK200+'調查(集賢)'!DS200+'調查(集賢)'!DT200+'調查(集賢)'!DU200+'調查(集賢)'!DV200+'調查(集賢)'!DW200+'調查(集賢)'!DX200 -> 0 | H203: ='調查(集賢)'!X200+'調查(集賢)'!Y200+'調查(集賢)'!Z200+'調查(集賢)'!AA200+'調查(集賢)'!BL200+'調查(集賢)'!BM200+'調查(集賢)'!BN200+'調查(集賢)'!BO200+'調查(集賢)'!CY200+'調查(集賢)'!CZ200+'調查(集賢)'!DA200+'調查(集賢)'!DB200+'調查(集賢)'!EL200+'調查(集賢)'!EM200+'調查(集賢)'!EN200+'調查(集賢)'!EO200 -> 0 | I203: ='調查(集賢)'!AK200+'調查(集賢)'!AL200+'調查(集賢)'!AM200+'調查(集賢)'!AN200+'調查(集賢)'!BY200+'調查(集賢)'!BZ200+'調查(集賢)'!CA200+'調查(集賢)'!CB200+'調查(集賢)'!DL200+'調查(集賢)'!DM200+'調查(集賢)'!DN200+'調查(集賢)'!DO200+'調查(集賢)'!EY200+'調查(集賢)'!EZ200+'調查(集賢)'!FA200+'調查(集賢)'!FB200 -> 0 | J203: - | K203: ='調查(集賢)'!J200+'調查(集賢)'!K200+'調查(集賢)'!L200+'調查(集賢)'!M200+'調查(集賢)'!AX200+'調查(集賢)'!AY200+'調查(集賢)'!AZ200+'調查(集賢)'!BA200+'調查(集賢)'!CL200+'調查(集賢)'!CM200+'調查(集賢)'!CN200+'調查(集賢)'!CO200+'調查(集賢)'!DY200+'調查(集賢)'!DZ200+'調查(集賢)'!EA200+'調查(集賢)'!EB200 -> 0 | L203: - | M203: =IF(AE203>0,AE203-AH203-AH299,0) -> 0 | N203: - | O203: ='調查(集賢)'!AO200+'調查(集賢)'!AP200+'調查(集賢)'!AQ200+'調查(集賢)'!CC200+'調查(集賢)'!CD200+'調查(集賢)'!CE200+'調查(集賢)'!DP200+'調查(集賢)'!DQ200+'調查(集賢)'!DR200+'調查(集賢)'!FC200+'調查(集賢)'!FD200+'調查(集賢)'!FE200 -> 0 | P203: - | Q203: - | R203: ='調查(集賢)'!Q200+'調查(集賢)'!BE200 -> 0 | S203: ='調查(集賢)'!N200+'調查(集賢)'!O200+'調查(集賢)'!P200+'調查(集賢)'!BB200+'調查(集賢)'!BC200+'調查(集賢)'!BD200+'調查(集賢)'!CP200+'調查(集賢)'!CQ200+'調查(集賢)'!CR200+'調查(集賢)'!EC200+'調查(集賢)'!ED200+'調查(集賢)'!EE200 -> 0 | V203: ='調查(集賢)'!D200+'調查(集賢)'!E200+'調查(集賢)'!F200+'調查(集賢)'!G200+'調查(集賢)'!H200+'調查(集賢)'!I200+'調查(集賢)'!AR200+'調查(集賢)'!AS200+'調查(集賢)'!AT200+'調查(集賢)'!AU200+'調查(集賢)'!AV200+'調查(集賢)'!AW200+'調查(集賢)'!CF200+'調查(集賢)'!CG200+'調查(集賢)'!CH200+'調查(集賢)'!CI200+'調查(集賢)'!CJ200+'調查(集賢)'!CK200+'調查(集賢)'!DS200+'調查(集賢)'!DT200+'調查(集賢)'!DU200+'調查(集賢)'!DV200+'調查(集賢)'!DW200+'調查(集賢)'!DX200 -> 0 | W203: ='調查(集賢)'!R200+'調查(集賢)'!S200+'調查(集賢)'!T200+'調查(集賢)'!U200+'調查(集賢)'!V200+'調查(集賢)'!W200+'調查(集賢)'!BF200+'調查(集賢)'!BG200+'調查(集賢)'!BH200+'調查(集賢)'!BI200+'調查(集賢)'!BJ200+'調查(集賢)'!BK200+'調查(集賢)'!CS200+'調查(集賢)'!CT200+'調查(集賢)'!CU200+'調查(集賢)'!CV200+'調查(集賢)'!CW200+'調查(集賢)'!CX200+'調查(集賢)'!EF200+'調查(集賢)'!EG200+'調查(集賢)'!EH200+'調查(集賢)'!EI200+'調查(集賢)'!EJ200+'調查(集賢)'!EK200 -> 0 | X203: ='調查(集賢)'!AE200+'調查(集賢)'!AF200+'調查(集賢)'!AG200+'調查(集賢)'!AH200+'調查(集賢)'!AI200+'調查(集賢)'!AJ200+'調查(集賢)'!BS200+'調查(集賢)'!BT200+'調查(集賢)'!BU200+'調查(集賢)'!BV200+'調查(集賢)'!BW200+'調查(集賢)'!BX200+'調查(集賢)'!DF200+'調查(集賢)'!DG200+'調查(集賢)'!DH200+'調查(集賢)'!DI200+'調查(集賢)'!DJ200+'調查(集賢)'!DK200+'調查(集賢)'!ES200+'調查(集賢)'!ET200+'調查(集賢)'!EU200+'調查(集賢)'!EV200+'調查(集賢)'!EW200+'調查(集賢)'!EX200 -> 0 | Z203: ='調查(集賢)'!J200+'調查(集賢)'!K200+'調查(集賢)'!L200+'調查(集賢)'!M200+'調查(集賢)'!AX200+'調查(集賢)'!AY200+'調查(集賢)'!AZ200+'調查(集賢)'!BA200+'調查(集賢)'!CL200+'調查(集賢)'!CM200+'調查(集賢)'!CN200+'調查(集賢)'!CO200+'調查(集賢)'!DY200+'調查(集賢)'!DZ200+'調查(集賢)'!EA200+'調查(集賢)'!EB200 -> 0 | AA203: ='調查(集賢)'!X200+'調查(集賢)'!Y200+'調查(集賢)'!Z200+'調查(集賢)'!AA200+'調查(集賢)'!BL200+'調查(集賢)'!BM200+'調查(集賢)'!BN200+'調查(集賢)'!BO200+'調查(集賢)'!CY200+'調查(集賢)'!CZ200+'調查(集賢)'!DA200+'調查(集賢)'!DB200+'調查(集賢)'!EL200+'調查(集賢)'!EM200+'調查(集賢)'!EN200+'調查(集賢)'!EO200 -> 0 | AB203: ='調查(集賢)'!AK200+'調查(集賢)'!AL200+'調查(集賢)'!AM200+'調查(集賢)'!AN200+'調查(集賢)'!BY200+'調查(集賢)'!BZ200+'調查(集賢)'!CA200+'調查(集賢)'!CB200+'調查(集賢)'!DL200+'調查(集賢)'!DM200+'調查(集賢)'!DN200+'調查(集賢)'!DO200+'調查(集賢)'!EY200+'調查(集賢)'!EZ200+'調查(集賢)'!FA200+'調查(集賢)'!FB200 -> 0 | AD203: ='調查(集賢)'!N200+'調查(集賢)'!O200+'調查(集賢)'!P200+'調查(集賢)'!BB200+'調查(集賢)'!BC200+'調查(集賢)'!BD200+'調查(集賢)'!CP200+'調查(集賢)'!CQ200+'調查(集賢)'!CR200+'調查(集賢)'!EC200+'調查(集賢)'!ED200+'調查(集賢)'!EE200 -> 0 | AE203: ='調查(集賢)'!AB200+'調查(集賢)'!AC200+'調查(集賢)'!AD200+'調查(集賢)'!BP200+'調查(集賢)'!BQ200+'調查(集賢)'!BR200+'調查(集賢)'!DC200+'調查(集賢)'!DD200+'調查(集賢)'!DE200+'調查(集賢)'!EP200+'調查(集賢)'!EQ200+'調查(集賢)'!ER200 -> 0 | AF203: ='調查(集賢)'!AO200+'調查(集賢)'!AP200+'調查(集賢)'!AQ200+'調查(集賢)'!CC200+'調查(集賢)'!CD200+'調查(集賢)'!CE200+'調查(集賢)'!DP200+'調查(集賢)'!DQ200+'調查(集賢)'!DR200+'調查(集賢)'!FC200+'調查(集賢)'!FD200+'調查(集賢)'!FE200 -> 0 | AH203: ='調查(集賢)'!Q200+'調查(集賢)'!BE200 -> 0
A204: C | B204: 0.072916667 | C204: 0.083333333 | D204: ='調查(集賢)'!R201+'調查(集賢)'!S201+'調查(集賢)'!T201+'調查(集賢)'!U201+'調查(集賢)'!V201+'調查(集賢)'!W201+'調查(集賢)'!BF201+'調查(集賢)'!BG201+'調查(集賢)'!BH201+'調查(集賢)'!BI201+'調查(集賢)'!BJ201+'調查(集賢)'!BK201+'調查(集賢)'!CS201+'調查(集賢)'!CT201+'調查(集賢)'!CU201+'調查(集賢)'!CV201+'調查(集賢)'!CW201+'調查(集賢)'!CX201+'調查(集賢)'!EF201+'調查(集賢)'!EG201+'調查(集賢)'!EH201+'調查(集賢)'!EI201+'調查(集賢)'!EJ201+'調查(集賢)'!EK201 -> 0 | E204: ='調查(集賢)'!AE201+'調查(集賢)'!AF201+'調查(集賢)'!AG201+'調查(集賢)'!AH201+'調查(集賢)'!AI201+'調查(集賢)'!AJ201+'調查(集賢)'!BS201+'調查(集賢)'!BT201+'調查(集賢)'!BU201+'調查(集賢)'!BV201+'調查(集賢)'!BW201+'調查(集賢)'!BX201+'調查(集賢)'!DF201+'調查(集賢)'!DG201+'調查(集賢)'!DH201+'調查(集賢)'!DI201+'調查(集賢)'!DJ201+'調查(集賢)'!DK201+'調查(集賢)'!ES201+'調查(集賢)'!ET201+'調查(集賢)'!EU201+'調查(集賢)'!EV201+'調查(集賢)'!EW201+'調查(集賢)'!EX201 -> 0 | F204: - | G204: ='調查(集賢)'!D201+'調查(集賢)'!E201+'調查(集賢)'!F201+'調查(集賢)'!G201+'調查(集賢)'!H201+'調查(集賢)'!I201+'調查(集賢)'!AR201+'調查(集賢)'!AS201+'調查(集賢)'!AT201+'調查(集賢)'!AU201+'調查(集賢)'!AV201+'調查(集賢)'!AW201+'調查(集賢)'!CF201+'調查(集賢)'!CG201+'調查(集賢)'!CH201+'調查(集賢)'!CI201+'調查(集賢)'!CJ201+'調查(集賢)'!CK201+'調查(集賢)'!DS201+'調查(集賢)'!DT201+'調查(集賢)'!DU201+'調查(集賢)'!DV201+'調查(集賢)'!DW201+'調查(集賢)'!DX201 -> 0 | H204: ='調查(集賢)'!X201+'調查(集賢)'!Y201+'調查(集賢)'!Z201+'調查(集賢)'!AA201+'調查(集賢)'!BL201+'調查(集賢)'!BM201+'調查(集賢)'!BN201+'調查(集賢)'!BO201+'調查(集賢)'!CY201+'調查(集賢)'!CZ201+'調查(集賢)'!DA201+'調查(集賢)'!DB201+'調查(集賢)'!EL201+'調查(集賢)'!EM201+'調查(集賢)'!EN201+'調查(集賢)'!EO201 -> 0 | I204: ='調查(集賢)'!AK201+'調查(集賢)'!AL201+'調查(集賢)'!AM201+'調查(集賢)'!AN201+'調查(集賢)'!BY201+'調查(集賢)'!BZ201+'調查(集賢)'!CA201+'調查(集賢)'!CB201+'調查(集賢)'!DL201+'調查(集賢)'!DM201+'調查(集賢)'!DN201+'調查(集賢)'!DO201+'調查(集賢)'!EY201+'調查(集賢)'!EZ201+'調查(集賢)'!FA201+'調查(集賢)'!FB201 -> 0 | J204: - | K204: ='調查(集賢)'!J201+'調查(集賢)'!K201+'調查(集賢)'!L201+'調查(集賢)'!M201+'調查(集賢)'!AX201+'調查(集賢)'!AY201+'調查(集賢)'!AZ201+'調查(集賢)'!BA201+'調查(集賢)'!CL201+'調查(集賢)'!CM201+'調查(集賢)'!CN201+'調查(集賢)'!CO201+'調查(集賢)'!DY201+'調查(集賢)'!DZ201+'調查(集賢)'!EA201+'調查(集賢)'!EB201 -> 0 | L204: - | M204: =IF(AE204>0,AE204-AH204-AH300,0) -> 0 | N204: - | O204: ='調查(集賢)'!AO201+'調查(集賢)'!AP201+'調查(集賢)'!AQ201+'調查(集賢)'!CC201+'調查(集賢)'!CD201+'調查(集賢)'!CE201+'調查(集賢)'!DP201+'調查(集賢)'!DQ201+'調查(集賢)'!DR201+'調查(集賢)'!FC201+'調查(集賢)'!FD201+'調查(集賢)'!FE201 -> 0 | P204: - | Q204: - | R204: ='調查(集賢)'!Q201+'調查(集賢)'!BE201 -> 0 | S204: ='調查(集賢)'!N201+'調查(集賢)'!O201+'調查(集賢)'!P201+'調查(集賢)'!BB201+'調查(集賢)'!BC201+'調查(集賢)'!BD201+'調查(集賢)'!CP201+'調查(集賢)'!CQ201+'調查(集賢)'!CR201+'調查(集賢)'!EC201+'調查(集賢)'!ED201+'調查(集賢)'!EE201 -> 0 | V204: ='調查(集賢)'!D201+'調查(集賢)'!E201+'調查(集賢)'!F201+'調查(集賢)'!G201+'調查(集賢)'!H201+'調查(集賢)'!I201+'調查(集賢)'!AR201+'調查(集賢)'!AS201+'調查(集賢)'!AT201+'調查(集賢)'!AU201+'調查(集賢)'!AV201+'調查(集賢)'!AW201+'調查(集賢)'!CF201+'調查(集賢)'!CG201+'調查(集賢)'!CH201+'調查(集賢)'!CI201+'調查(集賢)'!CJ201+'調查(集賢)'!CK201+'調查(集賢)'!DS201+'調查(集賢)'!DT201+'調查(集賢)'!DU201+'調查(集賢)'!DV201+'調查(集賢)'!DW201+'調查(集賢)'!DX201 -> 0 | W204: ='調查(集賢)'!R201+'調查(集賢)'!S201+'調查(集賢)'!T201+'調查(集賢)'!U201+'調查(集賢)'!V201+'調查(集賢)'!W201+'調查(集賢)'!BF201+'調查(集賢)'!BG201+'調查(集賢)'!BH201+'調查(集賢)'!BI201+'調查(集賢)'!BJ201+'調查(集賢)'!BK201+'調查(集賢)'!CS201+'調查(集賢)'!CT201+'調查(集賢)'!CU201+'調查(集賢)'!CV201+'調查(集賢)'!CW201+'調查(集賢)'!CX201+'調查(集賢)'!EF201+'調查(集賢)'!EG201+'調查(集賢)'!EH201+'調查(集賢)'!EI201+'調查(集賢)'!EJ201+'調查(集賢)'!EK201 -> 0 | X204: ='調查(集賢)'!AE201+'調查(集賢)'!AF201+'調查(集賢)'!AG201+'調查(集賢)'!AH201+'調查(集賢)'!AI201+'調查(集賢)'!AJ201+'調查(集賢)'!BS201+'調查(集賢)'!BT201+'調查(集賢)'!BU201+'調查(集賢)'!BV201+'調查(集賢)'!BW201+'調查(集賢)'!BX201+'調查(集賢)'!DF201+'調查(集賢)'!DG201+'調查(集賢)'!DH201+'調查(集賢)'!DI201+'調查(集賢)'!DJ201+'調查(集賢)'!DK201+'調查(集賢)'!ES201+'調查(集賢)'!ET201+'調查(集賢)'!EU201+'調查(集賢)'!EV201+'調查(集賢)'!EW201+'調查(集賢)'!EX201 -> 0 | Z204: ='調查(集賢)'!J201+'調查(集賢)'!K201+'調查(集賢)'!L201+'調查(集賢)'!M201+'調查(集賢)'!AX201+'調查(集賢)'!AY201+'調查(集賢)'!AZ201+'調查(集賢)'!BA201+'調查(集賢)'!CL201+'調查(集賢)'!CM201+'調查(集賢)'!CN201+'調查(集賢)'!CO201+'調查(集賢)'!DY201+'調查(集賢)'!DZ201+'調查(集賢)'!EA201+'調查(集賢)'!EB201 -> 0 | AA204: ='調查(集賢)'!X201+'調查(集賢)'!Y201+'調查(集賢)'!Z201+'調查(集賢)'!AA201+'調查(集賢)'!BL201+'調查(集賢)'!BM201+'調查(集賢)'!BN201+'調查(集賢)'!BO201+'調查(集賢)'!CY201+'調查(集賢)'!CZ201+'調查(集賢)'!DA201+'調查(集賢)'!DB201+'調查(集賢)'!EL201+'調查(集賢)'!EM201+'調查(集賢)'!EN201+'調查(集賢)'!EO201 -> 0 | AB204: ='調查(集賢)'!AK201+'調查(集賢)'!AL201+'調查(集賢)'!AM201+'調查(集賢)'!AN201+'調查(集賢)'!BY201+'調查(集賢)'!BZ201+'調查(集賢)'!CA201+'調查(集賢)'!CB201+'調查(集賢)'!DL201+'調查(集賢)'!DM201+'調查(集賢)'!DN201+'調查(集賢)'!DO201+'調查(集賢)'!EY201+'調查(集賢)'!EZ201+'調查(集賢)'!FA201+'調查(集賢)'!FB201 -> 0 | AD204: ='調查(集賢)'!N201+'調查(集賢)'!O201+'調查(集賢)'!P201+'調查(集賢)'!BB201+'調查(集賢)'!BC201+'調查(集賢)'!BD201+'調查(集賢)'!CP201+'調查(集賢)'!CQ201+'調查(集賢)'!CR201+'調查(集賢)'!EC201+'調查(集賢)'!ED201+'調查(集賢)'!EE201 -> 0 | AE204: ='調查(集賢)'!AB201+'調查(集賢)'!AC201+'調查(集賢)'!AD201+'調查(集賢)'!BP201+'調查(集賢)'!BQ201+'調查(集賢)'!BR201+'調查(集賢)'!DC201+'調查(集賢)'!DD201+'調查(集賢)'!DE201+'調查(集賢)'!EP201+'調查(集賢)'!EQ201+'調查(集賢)'!ER201 -> 0 | AF204: ='調查(集賢)'!AO201+'調查(集賢)'!AP201+'調查(集賢)'!AQ201+'調查(集賢)'!CC201+'調查(集賢)'!CD201+'調查(集賢)'!CE201+'調查(集賢)'!DP201+'調查(集賢)'!DQ201+'調查(集賢)'!DR201+'調查(集賢)'!FC201+'調查(集賢)'!FD201+'調查(集賢)'!FE201 -> 0 | AH204: ='調查(集賢)'!Q201+'調查(集賢)'!BE201 -> 0
A205: C | B205: 0.083333333 | C205: 0.09375 | D205: ='調查(集賢)'!R202+'調查(集賢)'!S202+'調查(集賢)'!T202+'調查(集賢)'!U202+'調查(集賢)'!V202+'調查(集賢)'!W202+'調查(集賢)'!BF202+'調查(集賢)'!BG202+'調查(集賢)'!BH202+'調查(集賢)'!BI202+'調查(集賢)'!BJ202+'調查(集賢)'!BK202+'調查(集賢)'!CS202+'調查(集賢)'!CT202+'調查(集賢)'!CU202+'調查(集賢)'!CV202+'調查(集賢)'!CW202+'調查(集賢)'!CX202+'調查(集賢)'!EF202+'調查(集賢)'!EG202+'調查(集賢)'!EH202+'調查(集賢)'!EI202+'調查(集賢)'!EJ202+'調查(集賢)'!EK202 -> 0 | E205: ='調查(集賢)'!AE202+'調查(集賢)'!AF202+'調查(集賢)'!AG202+'調查(集賢)'!AH202+'調查(集賢)'!AI202+'調查(集賢)'!AJ202+'調查(集賢)'!BS202+'調查(集賢)'!BT202+'調查(集賢)'!BU202+'調查(集賢)'!BV202+'調查(集賢)'!BW202+'調查(集賢)'!BX202+'調查(集賢)'!DF202+'調查(集賢)'!DG202+'調查(集賢)'!DH202+'調查(集賢)'!DI202+'調查(集賢)'!DJ202+'調查(集賢)'!DK202+'調查(集賢)'!ES202+'調查(集賢)'!ET202+'調查(集賢)'!EU202+'調查(集賢)'!EV202+'調查(集賢)'!EW202+'調查(集賢)'!EX202 -> 0 | F205: - | G205: ='調查(集賢)'!D202+'調查(集賢)'!E202+'調查(集賢)'!F202+'調查(集賢)'!G202+'調查(集賢)'!H202+'調查(集賢)'!I202+'調查(集賢)'!AR202+'調查(集賢)'!AS202+'調查(集賢)'!AT202+'調查(集賢)'!AU202+'調查(集賢)'!AV202+'調查(集賢)'!AW202+'調查(集賢)'!CF202+'調查(集賢)'!CG202+'調查(集賢)'!CH202+'調查(集賢)'!CI202+'調查(集賢)'!CJ202+'調查(集賢)'!CK202+'調查(集賢)'!DS202+'調查(集賢)'!DT202+'調查(集賢)'!DU202+'調查(集賢)'!DV202+'調查(集賢)'!DW202+'調查(集賢)'!DX202 -> 0 | H205: ='調查(集賢)'!X202+'調查(集賢)'!Y202+'調查(集賢)'!Z202+'調查(集賢)'!AA202+'調查(集賢)'!BL202+'調查(集賢)'!BM202+'調查(集賢)'!BN202+'調查(集賢)'!BO202+'調查(集賢)'!CY202+'調查(集賢)'!CZ202+'調查(集賢)'!DA202+'調查(集賢)'!DB202+'調查(集賢)'!EL202+'調查(集賢)'!EM202+'調查(集賢)'!EN202+'調查(集賢)'!EO202 -> 0 | I205: ='調查(集賢)'!AK202+'調查(集賢)'!AL202+'調查(集賢)'!AM202+'調查(集賢)'!AN202+'調查(集賢)'!BY202+'調查(集賢)'!BZ202+'調查(集賢)'!CA202+'調查(集賢)'!CB202+'調查(集賢)'!DL202+'調查(集賢)'!DM202+'調查(集賢)'!DN202+'調查(集賢)'!DO202+'調查(集賢)'!EY202+'調查(集賢)'!EZ202+'調查(集賢)'!FA202+'調查(集賢)'!FB202 -> 0 | J205: - | K205: ='調查(集賢)'!J202+'調查(集賢)'!K202+'調查(集賢)'!L202+'調查(集賢)'!M202+'調查(集賢)'!AX202+'調查(集賢)'!AY202+'調查(集賢)'!AZ202+'調查(集賢)'!BA202+'調查(集賢)'!CL202+'調查(集賢)'!CM202+'調查(集賢)'!CN202+'調查(集賢)'!CO202+'調查(集賢)'!DY202+'調查(集賢)'!DZ202+'調查(集賢)'!EA202+'調查(集賢)'!EB202 -> 0 | L205: - | M205: =IF(AE205>0,AE205-AH205-AH301,0) -> 0 | N205: - | O205: ='調查(集賢)'!AO202+'調查(集賢)'!AP202+'調查(集賢)'!AQ202+'調查(集賢)'!CC202+'調查(集賢)'!CD202+'調查(集賢)'!CE202+'調查(集賢)'!DP202+'調查(集賢)'!DQ202+'調查(集賢)'!DR202+'調查(集賢)'!FC202+'調查(集賢)'!FD202+'調查(集賢)'!FE202 -> 0 | P205: - | Q205: - | R205: ='調查(集賢)'!Q202+'調查(集賢)'!BE202 -> 0 | S205: ='調查(集賢)'!N202+'調查(集賢)'!O202+'調查(集賢)'!P202+'調查(集賢)'!BB202+'調查(集賢)'!BC202+'調查(集賢)'!BD202+'調查(集賢)'!CP202+'調查(集賢)'!CQ202+'調查(集賢)'!CR202+'調查(集賢)'!EC202+'調查(集賢)'!ED202+'調查(集賢)'!EE202 -> 0 | V205: ='調查(集賢)'!D202+'調查(集賢)'!E202+'調查(集賢)'!F202+'調查(集賢)'!G202+'調查(集賢)'!H202+'調查(集賢)'!I202+'調查(集賢)'!AR202+'調查(集賢)'!AS202+'調查(集賢)'!AT202+'調查(集賢)'!AU202+'調查(集賢)'!AV202+'調查(集賢)'!AW202+'調查(集賢)'!CF202+'調查(集賢)'!CG202+'調查(集賢)'!CH202+'調查(集賢)'!CI202+'調查(集賢)'!CJ202+'調查(集賢)'!CK202+'調查(集賢)'!DS202+'調查(集賢)'!DT202+'調查(集賢)'!DU202+'調查(集賢)'!DV202+'調查(集賢)'!DW202+'調查(集賢)'!DX202 -> 0 | W205: ='調查(集賢)'!R202+'調查(集賢)'!S202+'調查(集賢)'!T202+'調查(集賢)'!U202+'調查(集賢)'!V202+'調查(集賢)'!W202+'調查(集賢)'!BF202+'調查(集賢)'!BG202+'調查(集賢)'!BH202+'調查(集賢)'!BI202+'調查(集賢)'!BJ202+'調查(集賢)'!BK202+'調查(集賢)'!CS202+'調查(集賢)'!CT202+'調查(集賢)'!CU202+'調查(集賢)'!CV202+'調查(集賢)'!CW202+'調查(集賢)'!CX202+'調查(集賢)'!EF202+'調查(集賢)'!EG202+'調查(集賢)'!EH202+'調查(集賢)'!EI202+'調查(集賢)'!EJ202+'調查(集賢)'!EK202 -> 0 | X205: ='調查(集賢)'!AE202+'調查(集賢)'!AF202+'調查(集賢)'!AG202+'調查(集賢)'!AH202+'調查(集賢)'!AI202+'調查(集賢)'!AJ202+'調查(集賢)'!BS202+'調查(集賢)'!BT202+'調查(集賢)'!BU202+'調查(集賢)'!BV202+'調查(集賢)'!BW202+'調查(集賢)'!BX202+'調查(集賢)'!DF202+'調查(集賢)'!DG202+'調查(集賢)'!DH202+'調查(集賢)'!DI202+'調查(集賢)'!DJ202+'調查(集賢)'!DK202+'調查(集賢)'!ES202+'調查(集賢)'!ET202+'調查(集賢)'!EU202+'調查(集賢)'!EV202+'調查(集賢)'!EW202+'調查(集賢)'!EX202 -> 0 | Z205: ='調查(集賢)'!J202+'調查(集賢)'!K202+'調查(集賢)'!L202+'調查(集賢)'!M202+'調查(集賢)'!AX202+'調查(集賢)'!AY202+'調查(集賢)'!AZ202+'調查(集賢)'!BA202+'調查(集賢)'!CL202+'調查(集賢)'!CM202+'調查(集賢)'!CN202+'調查(集賢)'!CO202+'調查(集賢)'!DY202+'調查(集賢)'!DZ202+'調查(集賢)'!EA202+'調查(集賢)'!EB202 -> 0 | AA205: ='調查(集賢)'!X202+'調查(集賢)'!Y202+'調查(集賢)'!Z202+'調查(集賢)'!AA202+'調查(集賢)'!BL202+'調查(集賢)'!BM202+'調查(集賢)'!BN202+'調查(集賢)'!BO202+'調查(集賢)'!CY202+'調查(集賢)'!CZ202+'調查(集賢)'!DA202+'調查(集賢)'!DB202+'調查(集賢)'!EL202+'調查(集賢)'!EM202+'調查(集賢)'!EN202+'調查(集賢)'!EO202 -> 0 | AB205: ='調查(集賢)'!AK202+'調查(集賢)'!AL202+'調查(集賢)'!AM202+'調查(集賢)'!AN202+'調查(集賢)'!BY202+'調查(集賢)'!BZ202+'調查(集賢)'!CA202+'調查(集賢)'!CB202+'調查(集賢)'!DL202+'調查(集賢)'!DM202+'調查(集賢)'!DN202+'調查(集賢)'!DO202+'調查(集賢)'!EY202+'調查(集賢)'!EZ202+'調查(集賢)'!FA202+'調查(集賢)'!FB202 -> 0 | AD205: ='調查(集賢)'!N202+'調查(集賢)'!O202+'調查(集賢)'!P202+'調查(集賢)'!BB202+'調查(集賢)'!BC202+'調查(集賢)'!BD202+'調查(集賢)'!CP202+'調查(集賢)'!CQ202+'調查(集賢)'!CR202+'調查(集賢)'!EC202+'調查(集賢)'!ED202+'調查(集賢)'!EE202 -> 0 | AE205: ='調查(集賢)'!AB202+'調查(集賢)'!AC202+'調查(集賢)'!AD202+'調查(集賢)'!BP202+'調查(集賢)'!BQ202+'調查(集賢)'!BR202+'調查(集賢)'!DC202+'調查(集賢)'!DD202+'調查(集賢)'!DE202+'調查(集賢)'!EP202+'調查(集賢)'!EQ202+'調查(集賢)'!ER202 -> 0 | AF205: ='調查(集賢)'!AO202+'調查(集賢)'!AP202+'調查(集賢)'!AQ202+'調查(集賢)'!CC202+'調查(集賢)'!CD202+'調查(集賢)'!CE202+'調查(集賢)'!DP202+'調查(集賢)'!DQ202+'調查(集賢)'!DR202+'調查(集賢)'!FC202+'調查(集賢)'!FD202+'調查(集賢)'!FE202 -> 0 | AH205: ='調查(集賢)'!Q202+'調查(集賢)'!BE202 -> 0
A206: C | B206: 0.09375 | C206: 0.10416667 | D206: ='調查(集賢)'!R203+'調查(集賢)'!S203+'調查(集賢)'!T203+'調查(集賢)'!U203+'調查(集賢)'!V203+'調查(集賢)'!W203+'調查(集賢)'!BF203+'調查(集賢)'!BG203+'調查(集賢)'!BH203+'調查(集賢)'!BI203+'調查(集賢)'!BJ203+'調查(集賢)'!BK203+'調查(集賢)'!CS203+'調查(集賢)'!CT203+'調查(集賢)'!CU203+'調查(集賢)'!CV203+'調查(集賢)'!CW203+'調查(集賢)'!CX203+'調查(集賢)'!EF203+'調查(集賢)'!EG203+'調查(集賢)'!EH203+'調查(集賢)'!EI203+'調查(集賢)'!EJ203+'調查(集賢)'!EK203 -> 0 | E206: ='調查(集賢)'!AE203+'調查(集賢)'!AF203+'調查(集賢)'!AG203+'調查(集賢)'!AH203+'調查(集賢)'!AI203+'調查(集賢)'!AJ203+'調查(集賢)'!BS203+'調查(集賢)'!BT203+'調查(集賢)'!BU203+'調查(集賢)'!BV203+'調查(集賢)'!BW203+'調查(集賢)'!BX203+'調查(集賢)'!DF203+'調查(集賢)'!DG203+'調查(集賢)'!DH203+'調查(集賢)'!DI203+'調查(集賢)'!DJ203+'調查(集賢)'!DK203+'調查(集賢)'!ES203+'調查(集賢)'!ET203+'調查(集賢)'!EU203+'調查(集賢)'!EV203+'調查(集賢)'!EW203+'調查(集賢)'!EX203 -> 0 | F206: - | G206: ='調查(集賢)'!D203+'調查(集賢)'!E203+'調查(集賢)'!F203+'調查(集賢)'!G203+'調查(集賢)'!H203+'調查(集賢)'!I203+'調查(集賢)'!AR203+'調查(集賢)'!AS203+'調查(集賢)'!AT203+'調查(集賢)'!AU203+'調查(集賢)'!AV203+'調查(集賢)'!AW203+'調查(集賢)'!CF203+'調查(集賢)'!CG203+'調查(集賢)'!CH203+'調查(集賢)'!CI203+'調查(集賢)'!CJ203+'調查(集賢)'!CK203+'調查(集賢)'!DS203+'調查(集賢)'!DT203+'調查(集賢)'!DU203+'調查(集賢)'!DV203+'調查(集賢)'!DW203+'調查(集賢)'!DX203 -> 0 | H206: ='調查(集賢)'!X203+'調查(集賢)'!Y203+'調查(集賢)'!Z203+'調查(集賢)'!AA203+'調查(集賢)'!BL203+'調查(集賢)'!BM203+'調查(集賢)'!BN203+'調查(集賢)'!BO203+'調查(集賢)'!CY203+'調查(集賢)'!CZ203+'調查(集賢)'!DA203+'調查(集賢)'!DB203+'調查(集賢)'!EL203+'調查(集賢)'!EM203+'調查(集賢)'!EN203+'調查(集賢)'!EO203 -> 0 | I206: ='調查(集賢)'!AK203+'調查(集賢)'!AL203+'調查(集賢)'!AM203+'調查(集賢)'!AN203+'調查(集賢)'!BY203+'調查(集賢)'!BZ203+'調查(集賢)'!CA203+'調查(集賢)'!CB203+'調查(集賢)'!DL203+'調查(集賢)'!DM203+'調查(集賢)'!DN203+'調查(集賢)'!DO203+'調查(集賢)'!EY203+'調查(集賢)'!EZ203+'調查(集賢)'!FA203+'調查(集賢)'!FB203 -> 0 | J206: - | K206: ='調查(集賢)'!J203+'調查(集賢)'!K203+'調查(集賢)'!L203+'調查(集賢)'!M203+'調查(集賢)'!AX203+'調查(集賢)'!AY203+'調查(集賢)'!AZ203+'調查(集賢)'!BA203+'調查(集賢)'!CL203+'調查(集賢)'!CM203+'調查(集賢)'!CN203+'調查(集賢)'!CO203+'調查(集賢)'!DY203+'調查(集賢)'!DZ203+'調查(集賢)'!EA203+'調查(集賢)'!EB203 -> 0 | L206: - | M206: =IF(AE206>0,AE206-AH206-AH302,0) -> 0 | N206: - | O206: ='調查(集賢)'!AO203+'調查(集賢)'!AP203+'調查(集賢)'!AQ203+'調查(集賢)'!CC203+'調查(集賢)'!CD203+'調查(集賢)'!CE203+'調查(集賢)'!DP203+'調查(集賢)'!DQ203+'調查(集賢)'!DR203+'調查(集賢)'!FC203+'調查(集賢)'!FD203+'調查(集賢)'!FE203 -> 0 | P206: - | Q206: - | R206: ='調查(集賢)'!Q203+'調查(集賢)'!BE203 -> 0 | S206: ='調查(集賢)'!N203+'調查(集賢)'!O203+'調查(集賢)'!P203+'調查(集賢)'!BB203+'調查(集賢)'!BC203+'調查(集賢)'!BD203+'調查(集賢)'!CP203+'調查(集賢)'!CQ203+'調查(集賢)'!CR203+'調查(集賢)'!EC203+'調查(集賢)'!ED203+'調查(集賢)'!EE203 -> 0 | V206: ='調查(集賢)'!D203+'調查(集賢)'!E203+'調查(集賢)'!F203+'調查(集賢)'!G203+'調查(集賢)'!H203+'調查(集賢)'!I203+'調查(集賢)'!AR203+'調查(集賢)'!AS203+'調查(集賢)'!AT203+'調查(集賢)'!AU203+'調查(集賢)'!AV203+'調查(集賢)'!AW203+'調查(集賢)'!CF203+'調查(集賢)'!CG203+'調查(集賢)'!CH203+'調查(集賢)'!CI203+'調查(集賢)'!CJ203+'調查(集賢)'!CK203+'調查(集賢)'!DS203+'調查(集賢)'!DT203+'調查(集賢)'!DU203+'調查(集賢)'!DV203+'調查(集賢)'!DW203+'調查(集賢)'!DX203 -> 0 | W206: ='調查(集賢)'!R203+'調查(集賢)'!S203+'調查(集賢)'!T203+'調查(集賢)'!U203+'調查(集賢)'!V203+'調查(集賢)'!W203+'調查(集賢)'!BF203+'調查(集賢)'!BG203+'調查(集賢)'!BH203+'調查(集賢)'!BI203+'調查(集賢)'!BJ203+'調查(集賢)'!BK203+'調查(集賢)'!CS203+'調查(集賢)'!CT203+'調查(集賢)'!CU203+'調查(集賢)'!CV203+'調查(集賢)'!CW203+'調查(集賢)'!CX203+'調查(集賢)'!EF203+'調查(集賢)'!EG203+'調查(集賢)'!EH203+'調查(集賢)'!EI203+'調查(集賢)'!EJ203+'調查(集賢)'!EK203 -> 0 | X206: ='調查(集賢)'!AE203+'調查(集賢)'!AF203+'調查(集賢)'!AG203+'調查(集賢)'!AH203+'調查(集賢)'!AI203+'調查(集賢)'!AJ203+'調查(集賢)'!BS203+'調查(集賢)'!BT203+'調查(集賢)'!BU203+'調查(集賢)'!BV203+'調查(集賢)'!BW203+'調查(集賢)'!BX203+'調查(集賢)'!DF203+'調查(集賢)'!DG203+'調查(集賢)'!DH203+'調查(集賢)'!DI203+'調查(集賢)'!DJ203+'調查(集賢)'!DK203+'調查(集賢)'!ES203+'調查(集賢)'!ET203+'調查(集賢)'!EU203+'調查(集賢)'!EV203+'調查(集賢)'!EW203+'調查(集賢)'!EX203 -> 0 | Z206: ='調查(集賢)'!J203+'調查(集賢)'!K203+'調查(集賢)'!L203+'調查(集賢)'!M203+'調查(集賢)'!AX203+'調查(集賢)'!AY203+'調查(集賢)'!AZ203+'調查(集賢)'!BA203+'調查(集賢)'!CL203+'調查(集賢)'!CM203+'調查(集賢)'!CN203+'調查(集賢)'!CO203+'調查(集賢)'!DY203+'調查(集賢)'!DZ203+'調查(集賢)'!EA203+'調查(集賢)'!EB203 -> 0 | AA206: ='調查(集賢)'!X203+'調查(集賢)'!Y203+'調查(集賢)'!Z203+'調查(集賢)'!AA203+'調查(集賢)'!BL203+'調查(集賢)'!BM203+'調查(集賢)'!BN203+'調查(集賢)'!BO203+'調查(集賢)'!CY203+'調查(集賢)'!CZ203+'調查(集賢)'!DA203+'調查(集賢)'!DB203+'調查(集賢)'!EL203+'調查(集賢)'!EM203+'調查(集賢)'!EN203+'調查(集賢)'!EO203 -> 0 | AB206: ='調查(集賢)'!AK203+'調查(集賢)'!AL203+'調查(集賢)'!AM203+'調查(集賢)'!AN203+'調查(集賢)'!BY203+'調查(集賢)'!BZ203+'調查(集賢)'!CA203+'調查(集賢)'!CB203+'調查(集賢)'!DL203+'調查(集賢)'!DM203+'調查(集賢)'!DN203+'調查(集賢)'!DO203+'調查(集賢)'!EY203+'調查(集賢)'!EZ203+'調查(集賢)'!FA203+'調查(集賢)'!FB203 -> 0 | AD206: ='調查(集賢)'!N203+'調查(集賢)'!O203+'調查(集賢)'!P203+'調查(集賢)'!BB203+'調查(集賢)'!BC203+'調查(集賢)'!BD203+'調查(集賢)'!CP203+'調查(集賢)'!CQ203+'調查(集賢)'!CR203+'調查(集賢)'!EC203+'調查(集賢)'!ED203+'調查(集賢)'!EE203 -> 0 | AE206: ='調查(集賢)'!AB203+'調查(集賢)'!AC203+'調查(集賢)'!AD203+'調查(集賢)'!BP203+'調查(集賢)'!BQ203+'調查(集賢)'!BR203+'調查(集賢)'!DC203+'調查(集賢)'!DD203+'調查(集賢)'!DE203+'調查(集賢)'!EP203+'調查(集賢)'!EQ203+'調查(集賢)'!ER203 -> 0 | AF206: ='調查(集賢)'!AO203+'調查(集賢)'!AP203+'調查(集賢)'!AQ203+'調查(集賢)'!CC203+'調查(集賢)'!CD203+'調查(集賢)'!CE203+'調查(集賢)'!DP203+'調查(集賢)'!DQ203+'調查(集賢)'!DR203+'調查(集賢)'!FC203+'調查(集賢)'!FD203+'調查(集賢)'!FE203 -> 0 | AH206: ='調查(集賢)'!Q203+'調查(集賢)'!BE203 -> 0
A207: C | B207: 0.10416667 | C207: 0.11458333 | D207: ='調查(集賢)'!R204+'調查(集賢)'!S204+'調查(集賢)'!T204+'調查(集賢)'!U204+'調查(集賢)'!V204+'調查(集賢)'!W204+'調查(集賢)'!BF204+'調查(集賢)'!BG204+'調查(集賢)'!BH204+'調查(集賢)'!BI204+'調查(集賢)'!BJ204+'調查(集賢)'!BK204+'調查(集賢)'!CS204+'調查(集賢)'!CT204+'調查(集賢)'!CU204+'調查(集賢)'!CV204+'調查(集賢)'!CW204+'調查(集賢)'!CX204+'調查(集賢)'!EF204+'調查(集賢)'!EG204+'調查(集賢)'!EH204+'調查(集賢)'!EI204+'調查(集賢)'!EJ204+'調查(集賢)'!EK204 -> 0 | E207: ='調查(集賢)'!AE204+'調查(集賢)'!AF204+'調查(集賢)'!AG204+'調查(集賢)'!AH204+'調查(集賢)'!AI204+'調查(集賢)'!AJ204+'調查(集賢)'!BS204+'調查(集賢)'!BT204+'調查(集賢)'!BU204+'調查(集賢)'!BV204+'調查(集賢)'!BW204+'調查(集賢)'!BX204+'調查(集賢)'!DF204+'調查(集賢)'!DG204+'調查(集賢)'!DH204+'調查(集賢)'!DI204+'調查(集賢)'!DJ204+'調查(集賢)'!DK204+'調查(集賢)'!ES204+'調查(集賢)'!ET204+'調查(集賢)'!EU204+'調查(集賢)'!EV204+'調查(集賢)'!EW204+'調查(集賢)'!EX204 -> 0 | F207: - | G207: ='調查(集賢)'!D204+'調查(集賢)'!E204+'調查(集賢)'!F204+'調查(集賢)'!G204+'調查(集賢)'!H204+'調查(集賢)'!I204+'調查(集賢)'!AR204+'調查(集賢)'!AS204+'調查(集賢)'!AT204+'調查(集賢)'!AU204+'調查(集賢)'!AV204+'調查(集賢)'!AW204+'調查(集賢)'!CF204+'調查(集賢)'!CG204+'調查(集賢)'!CH204+'調查(集賢)'!CI204+'調查(集賢)'!CJ204+'調查(集賢)'!CK204+'調查(集賢)'!DS204+'調查(集賢)'!DT204+'調查(集賢)'!DU204+'調查(集賢)'!DV204+'調查(集賢)'!DW204+'調查(集賢)'!DX204 -> 0 | H207: ='調查(集賢)'!X204+'調查(集賢)'!Y204+'調查(集賢)'!Z204+'調查(集賢)'!AA204+'調查(集賢)'!BL204+'調查(集賢)'!BM204+'調查(集賢)'!BN204+'調查(集賢)'!BO204+'調查(集賢)'!CY204+'調查(集賢)'!CZ204+'調查(集賢)'!DA204+'調查(集賢)'!DB204+'調查(集賢)'!EL204+'調查(集賢)'!EM204+'調查(集賢)'!EN204+'調查(集賢)'!EO204 -> 0 | I207: ='調查(集賢)'!AK204+'調查(集賢)'!AL204+'調查(集賢)'!AM204+'調查(集賢)'!AN204+'調查(集賢)'!BY204+'調查(集賢)'!BZ204+'調查(集賢)'!CA204+'調查(集賢)'!CB204+'調查(集賢)'!DL204+'調查(集賢)'!DM204+'調查(集賢)'!DN204+'調查(集賢)'!DO204+'調查(集賢)'!EY204+'調查(集賢)'!EZ204+'調查(集賢)'!FA204+'調查(集賢)'!FB204 -> 0 | J207: - | K207: ='調查(集賢)'!J204+'調查(集賢)'!K204+'調查(集賢)'!L204+'調查(集賢)'!M204+'調查(集賢)'!AX204+'調查(集賢)'!AY204+'調查(集賢)'!AZ204+'調查(集賢)'!BA204+'調查(集賢)'!CL204+'調查(集賢)'!CM204+'調查(集賢)'!CN204+'調查(集賢)'!CO204+'調查(集賢)'!DY204+'調查(集賢)'!DZ204+'調查(集賢)'!EA204+'調查(集賢)'!EB204 -> 0 | L207: - | M207: =IF(AE207>0,AE207-AH207-AH303,0) -> 0 | N207: - | O207: ='調查(集賢)'!AO204+'調查(集賢)'!AP204+'調查(集賢)'!AQ204+'調查(集賢)'!CC204+'調查(集賢)'!CD204+'調查(集賢)'!CE204+'調查(集賢)'!DP204+'調查(集賢)'!DQ204+'調查(集賢)'!DR204+'調查(集賢)'!FC204+'調查(集賢)'!FD204+'調查(集賢)'!FE204 -> 0 | P207: - | Q207: - | R207: ='調查(集賢)'!Q204+'調查(集賢)'!BE204 -> 0 | S207: ='調查(集賢)'!N204+'調查(集賢)'!O204+'調查(集賢)'!P204+'調查(集賢)'!BB204+'調查(集賢)'!BC204+'調查(集賢)'!BD204+'調查(集賢)'!CP204+'調查(集賢)'!CQ204+'調查(集賢)'!CR204+'調查(集賢)'!EC204+'調查(集賢)'!ED204+'調查(集賢)'!EE204 -> 0 | V207: ='調查(集賢)'!D204+'調查(集賢)'!E204+'調查(集賢)'!F204+'調查(集賢)'!G204+'調查(集賢)'!H204+'調查(集賢)'!I204+'調查(集賢)'!AR204+'調查(集賢)'!AS204+'調查(集賢)'!AT204+'調查(集賢)'!AU204+'調查(集賢)'!AV204+'調查(集賢)'!AW204+'調查(集賢)'!CF204+'調查(集賢)'!CG204+'調查(集賢)'!CH204+'調查(集賢)'!CI204+'調查(集賢)'!CJ204+'調查(集賢)'!CK204+'調查(集賢)'!DS204+'調查(集賢)'!DT204+'調查(集賢)'!DU204+'調查(集賢)'!DV204+'調查(集賢)'!DW204+'調查(集賢)'!DX204 -> 0 | W207: ='調查(集賢)'!R204+'調查(集賢)'!S204+'調查(集賢)'!T204+'調查(集賢)'!U204+'調查(集賢)'!V204+'調查(集賢)'!W204+'調查(集賢)'!BF204+'調查(集賢)'!BG204+'調查(集賢)'!BH204+'調查(集賢)'!BI204+'調查(集賢)'!BJ204+'調查(集賢)'!BK204+'調查(集賢)'!CS204+'調查(集賢)'!CT204+'調查(集賢)'!CU204+'調查(集賢)'!CV204+'調查(集賢)'!CW204+'調查(集賢)'!CX204+'調查(集賢)'!EF204+'調查(集賢)'!EG204+'調查(集賢)'!EH204+'調查(集賢)'!EI204+'調查(集賢)'!EJ204+'調查(集賢)'!EK204 -> 0 | X207: ='調查(集賢)'!AE204+'調查(集賢)'!AF204+'調查(集賢)'!AG204+'調查(集賢)'!AH204+'調查(集賢)'!AI204+'調查(集賢)'!AJ204+'調查(集賢)'!BS204+'調查(集賢)'!BT204+'調查(集賢)'!BU204+'調查(集賢)'!BV204+'調查(集賢)'!BW204+'調查(集賢)'!BX204+'調查(集賢)'!DF204+'調查(集賢)'!DG204+'調查(集賢)'!DH204+'調查(集賢)'!DI204+'調查(集賢)'!DJ204+'調查(集賢)'!DK204+'調查(集賢)'!ES204+'調查(集賢)'!ET204+'調查(集賢)'!EU204+'調查(集賢)'!EV204+'調查(集賢)'!EW204+'調查(集賢)'!EX204 -> 0 | Z207: ='調查(集賢)'!J204+'調查(集賢)'!K204+'調查(集賢)'!L204+'調查(集賢)'!M204+'調查(集賢)'!AX204+'調查(集賢)'!AY204+'調查(集賢)'!AZ204+'調查(集賢)'!BA204+'調查(集賢)'!CL204+'調查(集賢)'!CM204+'調查(集賢)'!CN204+'調查(集賢)'!CO204+'調查(集賢)'!DY204+'調查(集賢)'!DZ204+'調查(集賢)'!EA204+'調查(集賢)'!EB204 -> 0 | AA207: ='調查(集賢)'!X204+'調查(集賢)'!Y204+'調查(集賢)'!Z204+'調查(集賢)'!AA204+'調查(集賢)'!BL204+'調查(集賢)'!BM204+'調查(集賢)'!BN204+'調查(集賢)'!BO204+'調查(集賢)'!CY204+'調查(集賢)'!CZ204+'調查(集賢)'!DA204+'調查(集賢)'!DB204+'調查(集賢)'!EL204+'調查(集賢)'!EM204+'調查(集賢)'!EN204+'調查(集賢)'!EO204 -> 0 | AB207: ='調查(集賢)'!AK204+'調查(集賢)'!AL204+'調查(集賢)'!AM204+'調查(集賢)'!AN204+'調查(集賢)'!BY204+'調查(集賢)'!BZ204+'調查(集賢)'!CA204+'調查(集賢)'!CB204+'調查(集賢)'!DL204+'調查(集賢)'!DM204+'調查(集賢)'!DN204+'調查(集賢)'!DO204+'調查(集賢)'!EY204+'調查(集賢)'!EZ204+'調查(集賢)'!FA204+'調查(集賢)'!FB204 -> 0 | AD207: ='調查(集賢)'!N204+'調查(集賢)'!O204+'調查(集賢)'!P204+'調查(集賢)'!BB204+'調查(集賢)'!BC204+'調查(集賢)'!BD204+'調查(集賢)'!CP204+'調查(集賢)'!CQ204+'調查(集賢)'!CR204+'調查(集賢)'!EC204+'調查(集賢)'!ED204+'調查(集賢)'!EE204 -> 0 | AE207: ='調查(集賢)'!AB204+'調查(集賢)'!AC204+'調查(集賢)'!AD204+'調查(集賢)'!BP204+'調查(集賢)'!BQ204+'調查(集賢)'!BR204+'調查(集賢)'!DC204+'調查(集賢)'!DD204+'調查(集賢)'!DE204+'調查(集賢)'!EP204+'調查(集賢)'!EQ204+'調查(集賢)'!ER204 -> 0 | AF207: ='調查(集賢)'!AO204+'調查(集賢)'!AP204+'調查(集賢)'!AQ204+'調查(集賢)'!CC204+'調查(集賢)'!CD204+'調查(集賢)'!CE204+'調查(集賢)'!DP204+'調查(集賢)'!DQ204+'調查(集賢)'!DR204+'調查(集賢)'!FC204+'調查(集賢)'!FD204+'調查(集賢)'!FE204 -> 0 | AH207: ='調查(集賢)'!Q204+'調查(集賢)'!BE204 -> 0
A208: C | B208: 0.11458333 | C208: 0.125 | D208: ='調查(集賢)'!R205+'調查(集賢)'!S205+'調查(集賢)'!T205+'調查(集賢)'!U205+'調查(集賢)'!V205+'調查(集賢)'!W205+'調查(集賢)'!BF205+'調查(集賢)'!BG205+'調查(集賢)'!BH205+'調查(集賢)'!BI205+'調查(集賢)'!BJ205+'調查(集賢)'!BK205+'調查(集賢)'!CS205+'調查(集賢)'!CT205+'調查(集賢)'!CU205+'調查(集賢)'!CV205+'調查(集賢)'!CW205+'調查(集賢)'!CX205+'調查(集賢)'!EF205+'調查(集賢)'!EG205+'調查(集賢)'!EH205+'調查(集賢)'!EI205+'調查(集賢)'!EJ205+'調查(集賢)'!EK205 -> 0 | E208: ='調查(集賢)'!AE205+'調查(集賢)'!AF205+'調查(集賢)'!AG205+'調查(集賢)'!AH205+'調查(集賢)'!AI205+'調查(集賢)'!AJ205+'調查(集賢)'!BS205+'調查(集賢)'!BT205+'調查(集賢)'!BU205+'調查(集賢)'!BV205+'調查(集賢)'!BW205+'調查(集賢)'!BX205+'調查(集賢)'!DF205+'調查(集賢)'!DG205+'調查(集賢)'!DH205+'調查(集賢)'!DI205+'調查(集賢)'!DJ205+'調查(集賢)'!DK205+'調查(集賢)'!ES205+'調查(集賢)'!ET205+'調查(集賢)'!EU205+'調查(集賢)'!EV205+'調查(集賢)'!EW205+'調查(集賢)'!EX205 -> 0 | F208: - | G208: ='調查(集賢)'!D205+'調查(集賢)'!E205+'調查(集賢)'!F205+'調查(集賢)'!G205+'調查(集賢)'!H205+'調查(集賢)'!I205+'調查(集賢)'!AR205+'調查(集賢)'!AS205+'調查(集賢)'!AT205+'調查(集賢)'!AU205+'調查(集賢)'!AV205+'調查(集賢)'!AW205+'調查(集賢)'!CF205+'調查(集賢)'!CG205+'調查(集賢)'!CH205+'調查(集賢)'!CI205+'調查(集賢)'!CJ205+'調查(集賢)'!CK205+'調查(集賢)'!DS205+'調查(集賢)'!DT205+'調查(集賢)'!DU205+'調查(集賢)'!DV205+'調查(集賢)'!DW205+'調查(集賢)'!DX205 -> 0 | H208: ='調查(集賢)'!X205+'調查(集賢)'!Y205+'調查(集賢)'!Z205+'調查(集賢)'!AA205+'調查(集賢)'!BL205+'調查(集賢)'!BM205+'調查(集賢)'!BN205+'調查(集賢)'!BO205+'調查(集賢)'!CY205+'調查(集賢)'!CZ205+'調查(集賢)'!DA205+'調查(集賢)'!DB205+'調查(集賢)'!EL205+'調查(集賢)'!EM205+'調查(集賢)'!EN205+'調查(集賢)'!EO205 -> 0 | I208: ='調查(集賢)'!AK205+'調查(集賢)'!AL205+'調查(集賢)'!AM205+'調查(集賢)'!AN205+'調查(集賢)'!BY205+'調查(集賢)'!BZ205+'調查(集賢)'!CA205+'調查(集賢)'!CB205+'調查(集賢)'!DL205+'調查(集賢)'!DM205+'調查(集賢)'!DN205+'調查(集賢)'!DO205+'調查(集賢)'!EY205+'調查(集賢)'!EZ205+'調查(集賢)'!FA205+'調查(集賢)'!FB205 -> 0 | J208: - | K208: ='調查(集賢)'!J205+'調查(集賢)'!K205+'調查(集賢)'!L205+'調查(集賢)'!M205+'調查(集賢)'!AX205+'調查(集賢)'!AY205+'調查(集賢)'!AZ205+'調查(集賢)'!BA205+'調查(集賢)'!CL205+'調查(集賢)'!CM205+'調查(集賢)'!CN205+'調查(集賢)'!CO205+'調查(集賢)'!DY205+'調查(集賢)'!DZ205+'調查(集賢)'!EA205+'調查(集賢)'!EB205 -> 0 | L208: - | M208: =IF(AE208>0,AE208-AH208-AH304,0) -> 0 | N208: - | O208: ='調查(集賢)'!AO205+'調查(集賢)'!AP205+'調查(集賢)'!AQ205+'調查(集賢)'!CC205+'調查(集賢)'!CD205+'調查(集賢)'!CE205+'調查(集賢)'!DP205+'調查(集賢)'!DQ205+'調查(集賢)'!DR205+'調查(集賢)'!FC205+'調查(集賢)'!FD205+'調查(集賢)'!FE205 -> 0 | P208: - | Q208: - | R208: ='調查(集賢)'!Q205+'調查(集賢)'!BE205 -> 0 | S208: ='調查(集賢)'!N205+'調查(集賢)'!O205+'調查(集賢)'!P205+'調查(集賢)'!BB205+'調查(集賢)'!BC205+'調查(集賢)'!BD205+'調查(集賢)'!CP205+'調查(集賢)'!CQ205+'調查(集賢)'!CR205+'調查(集賢)'!EC205+'調查(集賢)'!ED205+'調查(集賢)'!EE205 -> 0 | V208: ='調查(集賢)'!D205+'調查(集賢)'!E205+'調查(集賢)'!F205+'調查(集賢)'!G205+'調查(集賢)'!H205+'調查(集賢)'!I205+'調查(集賢)'!AR205+'調查(集賢)'!AS205+'調查(集賢)'!AT205+'調查(集賢)'!AU205+'調查(集賢)'!AV205+'調查(集賢)'!AW205+'調查(集賢)'!CF205+'調查(集賢)'!CG205+'調查(集賢)'!CH205+'調查(集賢)'!CI205+'調查(集賢)'!CJ205+'調查(集賢)'!CK205+'調查(集賢)'!DS205+'調查(集賢)'!DT205+'調查(集賢)'!DU205+'調查(集賢)'!DV205+'調查(集賢)'!DW205+'調查(集賢)'!DX205 -> 0 | W208: ='調查(集賢)'!R205+'調查(集賢)'!S205+'調查(集賢)'!T205+'調查(集賢)'!U205+'調查(集賢)'!V205+'調查(集賢)'!W205+'調查(集賢)'!BF205+'調查(集賢)'!BG205+'調查(集賢)'!BH205+'調查(集賢)'!BI205+'調查(集賢)'!BJ205+'調查(集賢)'!BK205+'調查(集賢)'!CS205+'調查(集賢)'!CT205+'調查(集賢)'!CU205+'調查(集賢)'!CV205+'調查(集賢)'!CW205+'調查(集賢)'!CX205+'調查(集賢)'!EF205+'調查(集賢)'!EG205+'調查(集賢)'!EH205+'調查(集賢)'!EI205+'調查(集賢)'!EJ205+'調查(集賢)'!EK205 -> 0 | X208: ='調查(集賢)'!AE205+'調查(集賢)'!AF205+'調查(集賢)'!AG205+'調查(集賢)'!AH205+'調查(集賢)'!AI205+'調查(集賢)'!AJ205+'調查(集賢)'!BS205+'調查(集賢)'!BT205+'調查(集賢)'!BU205+'調查(集賢)'!BV205+'調查(集賢)'!BW205+'調查(集賢)'!BX205+'調查(集賢)'!DF205+'調查(集賢)'!DG205+'調查(集賢)'!DH205+'調查(集賢)'!DI205+'調查(集賢)'!DJ205+'調查(集賢)'!DK205+'調查(集賢)'!ES205+'調查(集賢)'!ET205+'調查(集賢)'!EU205+'調查(集賢)'!EV205+'調查(集賢)'!EW205+'調查(集賢)'!EX205 -> 0 | Z208: ='調查(集賢)'!J205+'調查(集賢)'!K205+'調查(集賢)'!L205+'調查(集賢)'!M205+'調查(集賢)'!AX205+'調查(集賢)'!AY205+'調查(集賢)'!AZ205+'調查(集賢)'!BA205+'調查(集賢)'!CL205+'調查(集賢)'!CM205+'調查(集賢)'!CN205+'調查(集賢)'!CO205+'調查(集賢)'!DY205+'調查(集賢)'!DZ205+'調查(集賢)'!EA205+'調查(集賢)'!EB205 -> 0 | AA208: ='調查(集賢)'!X205+'調查(集賢)'!Y205+'調查(集賢)'!Z205+'調查(集賢)'!AA205+'調查(集賢)'!BL205+'調查(集賢)'!BM205+'調查(集賢)'!BN205+'調查(集賢)'!BO205+'調查(集賢)'!CY205+'調查(集賢)'!CZ205+'調查(集賢)'!DA205+'調查(集賢)'!DB205+'調查(集賢)'!EL205+'調查(集賢)'!EM205+'調查(集賢)'!EN205+'調查(集賢)'!EO205 -> 0 | AB208: ='調查(集賢)'!AK205+'調查(集賢)'!AL205+'調查(集賢)'!AM205+'調查(集賢)'!AN205+'調查(集賢)'!BY205+'調查(集賢)'!BZ205+'調查(集賢)'!CA205+'調查(集賢)'!CB205+'調查(集賢)'!DL205+'調查(集賢)'!DM205+'調查(集賢)'!DN205+'調查(集賢)'!DO205+'調查(集賢)'!EY205+'調查(集賢)'!EZ205+'調查(集賢)'!FA205+'調查(集賢)'!FB205 -> 0 | AD208: ='調查(集賢)'!N205+'調查(集賢)'!O205+'調查(集賢)'!P205+'調查(集賢)'!BB205+'調查(集賢)'!BC205+'調查(集賢)'!BD205+'調查(集賢)'!CP205+'調查(集賢)'!CQ205+'調查(集賢)'!CR205+'調查(集賢)'!EC205+'調查(集賢)'!ED205+'調查(集賢)'!EE205 -> 0 | AE208: ='調查(集賢)'!AB205+'調查(集賢)'!AC205+'調查(集賢)'!AD205+'調查(集賢)'!BP205+'調查(集賢)'!BQ205+'調查(集賢)'!BR205+'調查(集賢)'!DC205+'調查(集賢)'!DD205+'調查(集賢)'!DE205+'調查(集賢)'!EP205+'調查(集賢)'!EQ205+'調查(集賢)'!ER205 -> 0 | AF208: ='調查(集賢)'!AO205+'調查(集賢)'!AP205+'調查(集賢)'!AQ205+'調查(集賢)'!CC205+'調查(集賢)'!CD205+'調查(集賢)'!CE205+'調查(集賢)'!DP205+'調查(集賢)'!DQ205+'調查(集賢)'!DR205+'調查(集賢)'!FC205+'調查(集賢)'!FD205+'調查(集賢)'!FE205 -> 0 | AH208: ='調查(集賢)'!Q205+'調查(集賢)'!BE205 -> 0
... A291: C | B291: 0.97916667 | C291: 0.98958333 | D291: ='調查(集賢)'!R288+'調查(集賢)'!S288+'調查(集賢)'!T288+'調查(集賢)'!U288+'調查(集賢)'!V288+'調查(集賢)'!W288+'調查(集賢)'!BF288+'調查(集賢)'!BG288+'調查(集賢)'!BH288+'調查(集賢)'!BI288+'調查(集賢)'!BJ288+'調查(集賢)'!BK288+'調查(集賢)'!CS288+'調查(集賢)'!CT288+'調查(集賢)'!CU288+'調查(集賢)'!CV288+'調查(集賢)'!CW288+'調查(集賢)'!CX288+'調查(集賢)'!EF288+'調查(集賢)'!EG288+'調查(集賢)'!EH288+'調查(集賢)'!EI288+'調查(集賢)'!EJ288+'調查(集賢)'!EK288 -> 0 | E291: ='調查(集賢)'!AE288+'調查(集賢)'!AF288+'調查(集賢)'!AG288+'調查(集賢)'!AH288+'調查(集賢)'!AI288+'調查(集賢)'!AJ288+'調查(集賢)'!BS288+'調查(集賢)'!BT288+'調查(集賢)'!BU288+'調查(集賢)'!BV288+'調查(集賢)'!BW288+'調查(集賢)'!BX288+'調查(集賢)'!DF288+'調查(集賢)'!DG288+'調查(集賢)'!DH288+'調查(集賢)'!DI288+'調查(集賢)'!DJ288+'調查(集賢)'!DK288+'調查(集賢)'!ES288+'調查(集賢)'!ET288+'調查(集賢)'!EU288+'調查(集賢)'!EV288+'調查(集賢)'!EW288+'調查(集賢)'!EX288 -> 0 | F291: - | G291: ='調查(集賢)'!D288+'調查(集賢)'!E288+'調查(集賢)'!F288+'調查(集賢)'!G288+'調查(集賢)'!H288+'調查(集賢)'!I288+'調查(集賢)'!AR288+'調查(集賢)'!AS288+'調查(集賢)'!AT288+'調查(集賢)'!AU288+'調查(集賢)'!AV288+'調查(集賢)'!AW288+'調查(集賢)'!CF288+'調查(集賢)'!CG288+'調查(集賢)'!CH288+'調查(集賢)'!CI288+'調查(集賢)'!CJ288+'調查(集賢)'!CK288+'調查(集賢)'!DS288+'調查(集賢)'!DT288+'調查(集賢)'!DU288+'調查(集賢)'!DV288+'調查(集賢)'!DW288+'調查(集賢)'!DX288 -> 0 | H291: ='調查(集賢)'!X288+'調查(集賢)'!Y288+'調查(集賢)'!Z288+'調查(集賢)'!AA288+'調查(集賢)'!BL288+'調查(集賢)'!BM288+'調查(集賢)'!BN288+'調查(集賢)'!BO288+'調查(集賢)'!CY288+'調查(集賢)'!CZ288+'調查(集賢)'!DA288+'調查(集賢)'!DB288+'調查(集賢)'!EL288+'調查(集賢)'!EM288+'調查(集賢)'!EN288+'調查(集賢)'!EO288 -> 0 | I291: ='調查(集賢)'!AK288+'調查(集賢)'!AL288+'調查(集賢)'!AM288+'調查(集賢)'!AN288+'調查(集賢)'!BY288+'調查(集賢)'!BZ288+'調查(集賢)'!CA288+'調查(集賢)'!CB288+'調查(集賢)'!DL288+'調查(集賢)'!DM288+'調查(集賢)'!DN288+'調查(集賢)'!DO288+'調查(集賢)'!EY288+'調查(集賢)'!EZ288+'調查(集賢)'!FA288+'調查(集賢)'!FB288 -> 0 | J291: - | K291: ='調查(集賢)'!J288+'調查(集賢)'!K288+'調查(集賢)'!L288+'調查(集賢)'!M288+'調查(集賢)'!AX288+'調查(集賢)'!AY288+'調查(集賢)'!AZ288+'調查(集賢)'!BA288+'調查(集賢)'!CL288+'調查(集賢)'!CM288+'調查(集賢)'!CN288+'調查(集賢)'!CO288+'調查(集賢)'!DY288+'調查(集賢)'!DZ288+'調查(集賢)'!EA288+'調查(集賢)'!EB288 -> 0 | L291: - | M291: =IF(AE291>0,AE291-AH291-AH387,0) -> 0 | N291: - | O291: ='調查(集賢)'!AO288+'調查(集賢)'!AP288+'調查(集賢)'!AQ288+'調查(集賢)'!CC288+'調查(集賢)'!CD288+'調查(集賢)'!CE288+'調查(集賢)'!DP288+'調查(集賢)'!DQ288+'調查(集賢)'!DR288+'調查(集賢)'!FC288+'調查(集賢)'!FD288+'調查(集賢)'!FE288 -> 0 | P291: - | Q291: - | R291: ='調查(集賢)'!Q288+'調查(集賢)'!BE288 -> 0 | S291: ='調查(集賢)'!N288+'調查(集賢)'!O288+'調查(集賢)'!P288+'調查(集賢)'!BB288+'調查(集賢)'!BC288+'調查(集賢)'!BD288+'調查(集賢)'!CP288+'調查(集賢)'!CQ288+'調查(集賢)'!CR288+'調查(集賢)'!EC288+'調查(集賢)'!ED288+'調查(集賢)'!EE288 -> 0 | V291: ='調查(集賢)'!D288+'調查(集賢)'!E288+'調查(集賢)'!F288+'調查(集賢)'!G288+'調查(集賢)'!H288+'調查(集賢)'!I288+'調查(集賢)'!AR288+'調查(集賢)'!AS288+'調查(集賢)'!AT288+'調查(集賢)'!AU288+'調查(集賢)'!AV288+'調查(集賢)'!AW288+'調查(集賢)'!CF288+'調查(集賢)'!CG288+'調查(集賢)'!CH288+'調查(集賢)'!CI288+'調查(集賢)'!CJ288+'調查(集賢)'!CK288+'調查(集賢)'!DS288+'調查(集賢)'!DT288+'調查(集賢)'!DU288+'調查(集賢)'!DV288+'調查(集賢)'!DW288+'調查(集賢)'!DX288 -> 0 | W291: ='調查(集賢)'!R288+'調查(集賢)'!S288+'調查(集賢)'!T288+'調查(集賢)'!U288+'調查(集賢)'!V288+'調查(集賢)'!W288+'調查(集賢)'!BF288+'調查(集賢)'!BG288+'調查(集賢)'!BH288+'調查(集賢)'!BI288+'調查(集賢)'!BJ288+'調查(集賢)'!BK288+'調查(集賢)'!CS288+'調查(集賢)'!CT288+'調查(集賢)'!CU288+'調查(集賢)'!CV288+'調查(集賢)'!CW288+'調查(集賢)'!CX288+'調查(集賢)'!EF288+'調查(集賢)'!EG288+'調查(集賢)'!EH288+'調查(集賢)'!EI288+'調查(集賢)'!EJ288+'調查(集賢)'!EK288 -> 0 | X291: ='調查(集賢)'!AE288+'調查(集賢)'!AF288+'調查(集賢)'!AG288+'調查(集賢)'!AH288+'調查(集賢)'!AI288+'調查(集賢)'!AJ288+'調查(集賢)'!BS288+'調查(集賢)'!BT288+'調查(集賢)'!BU288+'調查(集賢)'!BV288+'調查(集賢)'!BW288+'調查(集賢)'!BX288+'調查(集賢)'!DF288+'調查(集賢)'!DG288+'調查(集賢)'!DH288+'調查(集賢)'!DI288+'調查(集賢)'!DJ288+'調查(集賢)'!DK288+'調查(集賢)'!ES288+'調查(集賢)'!ET288+'調查(集賢)'!EU288+'調查(集賢)'!EV288+'調查(集賢)'!EW288+'調查(集賢)'!EX288 -> 0 | Z291: ='調查(集賢)'!J288+'調查(集賢)'!K288+'調查(集賢)'!L288+'調查(集賢)'!M288+'調查(集賢)'!AX288+'調查(集賢)'!AY288+'調查(集賢)'!AZ288+'調查(集賢)'!BA288+'調查(集賢)'!CL288+'調查(集賢)'!CM288+'調查(集賢)'!CN288+'調查(集賢)'!CO288+'調查(集賢)'!DY288+'調查(集賢)'!DZ288+'調查(集賢)'!EA288+'調查(集賢)'!EB288 -> 0 | AA291: ='調查(集賢)'!X288+'調查(集賢)'!Y288+'調查(集賢)'!Z288+'調查(集賢)'!AA288+'調查(集賢)'!BL288+'調查(集賢)'!BM288+'調查(集賢)'!BN288+'調查(集賢)'!BO288+'調查(集賢)'!CY288+'調查(集賢)'!CZ288+'調查(集賢)'!DA288+'調查(集賢)'!DB288+'調查(集賢)'!EL288+'調查(集賢)'!EM288+'調查(集賢)'!EN288+'調查(集賢)'!EO288 -> 0 | AB291: ='調查(集賢)'!AK288+'調查(集賢)'!AL288+'調查(集賢)'!AM288+'調查(集賢)'!AN288+'調查(集賢)'!BY288+'調查(集賢)'!BZ288+'調查(集賢)'!CA288+'調查(集賢)'!CB288+'調查(集賢)'!DL288+'調查(集賢)'!DM288+'調查(集賢)'!DN288+'調查(集賢)'!DO288+'調查(集賢)'!EY288+'調查(集賢)'!EZ288+'調查(集賢)'!FA288+'調查(集賢)'!FB288 -> 0 | AD291: ='調查(集賢)'!N288+'調查(集賢)'!O288+'調查(集賢)'!P288+'調查(集賢)'!BB288+'調查(集賢)'!BC288+'調查(集賢)'!BD288+'調查(集賢)'!CP288+'調查(集賢)'!CQ288+'調查(集賢)'!CR288+'調查(集賢)'!EC288+'調查(集賢)'!ED288+'調查(集賢)'!EE288 -> 0 | AE291: ='調查(集賢)'!AB288+'調查(集賢)'!AC288+'調查(集賢)'!AD288+'調查(集賢)'!BP288+'調查(集賢)'!BQ288+'調查(集賢)'!BR288+'調查(集賢)'!DC288+'調查(集賢)'!DD288+'調查(集賢)'!DE288+'調查(集賢)'!EP288+'調查(集賢)'!EQ288+'調查(集賢)'!ER288 -> 0 | AF291: ='調查(集賢)'!AO288+'調查(集賢)'!AP288+'調查(集賢)'!AQ288+'調查(集賢)'!CC288+'調查(集賢)'!CD288+'調查(集賢)'!CE288+'調查(集賢)'!DP288+'調查(集賢)'!DQ288+'調查(集賢)'!DR288+'調查(集賢)'!FC288+'調查(集賢)'!FD288+'調查(集賢)'!FE288 -> 0 | AH291: ='調查(集賢)'!Q288+'調查(集賢)'!BE288 -> 0
