Workbook

Sheet 資料儲存
A1: 時段 | B1: 臨近路段 | C1: 開始時刻 | D1: 停車在臨近車道上的車輛總數(0秒) | E1: 停車在臨近車道上的車輛總數(15秒) | F1: 停車在臨近車道上的車輛總數(30秒) | G1: 停車在臨近車道上的車輛總數(45秒) | H1: 臨近車道上的流量(總數) | I1: 臨近車道上的流量(未受阻) | J1: 臨近車道上的流量(受阻)
A2: 平日晨峰(0630-0830) | B2: A | C2: 0.27083333 | D2: ='平日晨峰(0630-0830)'!B6 -> 0 | E2: ='平日晨峰(0630-0830)'!C6 -> 0 | F2: ='平日晨峰(0630-0830)'!D6 -> 0 | G2: ='平日晨峰(0630-0830)'!E6 -> 0 | H2: ='平日晨峰(0630-0830)'!F6 -> 0 | I2: ='平日晨峰(0630-0830)'!G6 -> 0 | J2: ='平日晨峰(0630-0830)'!H6 -> 0
A3: 平日晨峰(0630-0830) | B3: A | C3: 0.27152778 | D3: ='平日晨峰(0630-0830)'!B7 -> 0 | E3: ='平日晨峰(0630-0830)'!C7 -> 0 | F3: ='平日晨峰(0630-0830)'!D7 -> 0 | G3: ='平日晨峰(0630-0830)'!E7 -> 0 | H3: ='平日晨峰(0630-0830)'!F7 -> 0 | I3: ='平日晨峰(0630-0830)'!G7 -> 0 | J3: ='平日晨峰(0630-0830)'!H7 -> 0
A4: 平日晨峰(0630-0830) | B4: A | C4: 0.27222222 | D4: ='平日晨峰(0630-0830)'!B8 -> 0 | E4: ='平日晨峰(0630-0830)'!C8 -> 0 | F4: ='平日晨峰(0630-0830)'!D8 -> 0 | G4: ='平日晨峰(0630-0830)'!E8 -> 0 | H4: ='平日晨峰(0630-0830)'!F8 -> 0 | I4: ='平日晨峰(0630-0830)'!G8 -> 0 | J4: ='平日晨峰(0630-0830)'!H8 -> 0
A5: 平日晨峰(0630-0830) | B5: A | C5: 0.27291667 | D5: ='平日晨峰(0630-0830)'!B9 -> 0 | E5: ='平日晨峰(0630-0830)'!C9 -> 0 | F5: ='平日晨峰(0630-0830)'!D9 -> 0 | G5: ='平日晨峰(0630-0830)'!E9 -> 0 | H5: ='平日晨峰(0630-0830)'!F9 -> 0 | I5: ='平日晨峰(0630-0830)'!G9 -> 0 | J5: ='平日晨峰(0630-0830)'!H9 -> 0
A6: 平日晨峰(0630-0830) | B6: A | C6: 0.27361111 | D6: ='平日晨峰(0630-0830)'!B10 -> 0 | E6: ='平日晨峰(0630-0830)'!C10 -> 0 | F6: ='平日晨峰(0630-0830)'!D10 -> 0 | G6: ='平日晨峰(0630-0830)'!E10 -> 0 | H6: ='平日晨峰(0630-0830)'!F10 -> 0 | I6: ='平日晨峰(0630-0830)'!G10 -> 0 | J6: ='平日晨峰(0630-0830)'!H10 -> 0
A7: 平日晨峰(0630-0830) | B7: A | C7: 0.27430556 | D7: ='平日晨峰(0630-0830)'!B11 -> 0 | E7: ='平日晨峰(0630-0830)'!C11 -> 0 | F7: ='平日晨峰(0630-0830)'!D11 -> 0 | G7: ='平日晨峰(0630-0830)'!E11 -> 0 | H7: ='平日晨峰(0630-0830)'!F11 -> 0 | I7: ='平日晨峰(0630-0830)'!G11 -> 0 | J7: ='平日晨峰(0630-0830)'!H11 -> 0
A8: 平日晨峰(0630-0830) | B8: A | C8: 0.275 | D8: ='平日晨峰(0630-0830)'!B12 -> 0 | E8: ='平日晨峰(0630-0830)'!C12 -> 0 | F8: ='平日晨峰(0630-0830)'!D12 -> 0 | G8: ='平日晨峰(0630-0830)'!E12 -> 0 | H8: ='平日晨峰(0630-0830)'!F12 -> 0 | I8: ='平日晨峰(0630-0830)'!G12 -> 0 | J8: ='平日晨峰(0630-0830)'!H12 -> 0
A9: 平日晨峰(0630-0830) | B9: A | C9: 0.27569444 | D9: ='平日晨峰(0630-0830)'!B13 -> 0 | E9: ='平日晨峰(0630-0830)'!C13 -> 0 | F9: ='平日晨峰(0630-0830)'!D13 -> 0 | G9: ='平日晨峰(0630-0830)'!E13 -> 0 | H9: ='平日晨峰(0630-0830)'!F13 -> 0 | I9: ='平日晨峰(0630-0830)'!G13 -> 0 | J9: ='平日晨峰(0630-0830)'!H13 -> 0
A10: 平日晨峰(0630-0830) | B10: A | C10: 0.27638889 | D10: ='平日晨峰(0630-0830)'!B14 -> 0 | E10: ='平日晨峰(0630-0830)'!C14 -> 0 | F10: ='平日晨峰(0630-0830)'!D14 -> 0 | G10: ='平日晨峰(0630-0830)'!E14 -> 0 | H10: ='平日晨峰(0630-0830)'!F14 -> 0 | I10: ='平日晨峰(0630-0830)'!G14 -> 0 | J10: ='平日晨峰(0630-0830)'!H14 -> 0
A11: 平日晨峰(0630-0830) | B11: A | C11: 0.27708333 | D11: ='平日晨峰(0630-0830)'!B15 -> 0 | E11: ='平日晨峰(0630-0830)'!C15 -> 0 | F11: ='平日晨峰(0630-0830)'!D15 -> 0 | G11: ='平日晨峰(0630-0830)'!E15 -> 0 | H11: ='平日晨峰(0630-0830)'!F15 -> 0 | I11: ='平日晨峰(0630-0830)'!G15 -> 0 | J11: ='平日晨峰(0630-0830)'!H15 -> 0
A12: 平日晨峰(0630-0830) | B12: A | C12: 0.27777778 | D12: ='平日晨峰(0630-0830)'!B16 -> 0 | E12: ='平日晨峰(0630-0830)'!C16 -> 0 | F12: ='平日晨峰(0630-0830)'!D16 -> 0 | G12: ='平日晨峰(0630-0830)'!E16 -> 0 | H12: ='平日晨峰(0630-0830)'!F16 -> 0 | I12: ='平日晨峰(0630-0830)'!G16 -> 0 | J12: ='平日晨峰(0630-0830)'!H16 -> 0
A13: 平日晨峰(0630-0830) | B13: A | C13: 0.27847222 | D13: ='平日晨峰(0630-0830)'!B17 -> 0 | E13: ='平日晨峰(0630-0830)'!C17 -> 0 | F13: ='平日晨峰(0630-0830)'!D17 -> 0 | G13: ='平日晨峰(0630-0830)'!E17 -> 0 | H13: ='平日晨峰(0630-0830)'!F17 -> 0 | I13: ='平日晨峰(0630-0830)'!G17 -> 0 | J13: ='平日晨峰(0630-0830)'!H17 -> 0
... A16: 平日晨峰(0630-0830) | B16: A | C16: 0.28055556 | D16: ='平日晨峰(0630-0830)'!B20 -> 0 | E16: ='平日晨峰(0630-0830)'!C20 -> 0 | F16: ='平日晨峰(0630-0830)'!D20 -> 0 | G16: ='平日晨峰(0630-0830)'!E20 -> 0 | H16: ='平日晨峰(0630-0830)'!F20 -> 0 | I16: ='平日晨峰(0630-0830)'!G20 -> 0 | J16: ='平日晨峰(0630-0830)'!H20 -> 0
A17: 平日晨峰(0630-0830) | B17: A | C17: 0.28125 | D17: ='平日晨峰(0630-0830)'!B25 -> 0 | E17: ='平日晨峰(0630-0830)'!C25 -> 0 | F17: ='平日晨峰(0630-0830)'!D25 -> 0 | G17: ='平日晨峰(0630-0830)'!E25 -> 0 | H17: ='平日晨峰(0630-0830)'!F25 -> 0 | I17: ='平日晨峰(0630-0830)'!G25 -> 0 | J17: ='平日晨峰(0630-0830)'!H25 -> 0
A18: 平日晨峰(0630-0830) | B18: A | C18: 0.28194444 | D18: ='平日晨峰(0630-0830)'!B26 -> 0 | E18: ='平日晨峰(0630-0830)'!C26 -> 0 | F18: ='平日晨峰(0630-0830)'!D26 -> 0 | G18: ='平日晨峰(0630-0830)'!E26 -> 0 | H18: ='平日晨峰(0630-0830)'!F26 -> 0 | I18: ='平日晨峰(0630-0830)'!G26 -> 0 | J18: ='平日晨峰(0630-0830)'!H26 -> 0
A19: 平日晨峰(0630-0830) | B19: A | C19: 0.28263889 | D19: ='平日晨峰(0630-0830)'!B27 -> 0 | E19: ='平日晨峰(0630-0830)'!C27 -> 0 | F19: ='平日晨峰(0630-0830)'!D27 -> 0 | G19: ='平日晨峰(0630-0830)'!E27 -> 0 | H19: ='平日晨峰(0630-0830)'!F27 -> 0 | I19: ='平日晨峰(0630-0830)'!G27 -> 0 | J19: ='平日晨峰(0630-0830)'!H27 -> 0
A20: 平日晨峰(0630-0830) | B20: A | C20: 0.28333333 | D20: ='平日晨峰(0630-0830)'!B28 -> 0 | E20: ='平日晨峰(0630-0830)'!C28 -> 0 | F20: ='平日晨峰(0630-0830)'!D28 -> 0 | G20: ='平日晨峰(0630-0830)'!E28 -> 0 | H20: ='平日晨峰(0630-0830)'!F28 -> 0 | I20: ='平日晨峰(0630-0830)'!G28 -> 0 | J20: ='平日晨峰(0630-0830)'!H28 -> 0
A21: 平日晨峰(0630-0830) | B21: A | C21: 0.28402778 | D21: ='平日晨峰(0630-0830)'!B29 -> 0 | E21: ='平日晨峰(0630-0830)'!C29 -> 0 | F21: ='平日晨峰(0630-0830)'!D29 -> 0 | G21: ='平日晨峰(0630-0830)'!E29 -> 0 | H21: ='平日晨峰(0630-0830)'!F29 -> 0 | I21: ='平日晨峰(0630-0830)'!G29 -> 0 | J21: ='平日晨峰(0630-0830)'!H29 -> 0
A22: 平日晨峰(0630-0830) | B22: A | C22: 0.28472222 | D22: ='平日晨峰(0630-0830)'!B30 -> 0 | E22: ='平日晨峰(0630-0830)'!C30 -> 0 | F22: ='平日晨峰(0630-0830)'!D30 -> 0 | G22: ='平日晨峰(0630-0830)'!E30 -> 0 | H22: ='平日晨峰(0630-0830)'!F30 -> 0 | I22: ='平日晨峰(0630-0830)'!G30 -> 0 | J22: ='平日晨峰(0630-0830)'!H30 -> 0
A23: 平日晨峰(0630-0830) | B23: A | C23: 0.28541667 | D23: ='平日晨峰(0630-0830)'!B31 -> 0 | E23: ='平日晨峰(0630-0830)'!C31 -> 0 | F23: ='平日晨峰(0630-0830)'!D31 -> 0 | G23: ='平日晨峰(0630-0830)'!E31 -> 0 | H23: ='平日晨峰(0630-0830)'!F31 -> 0 | I23: ='平日晨峰(0630-0830)'!G31 -> 0 | J23: ='平日晨峰(0630-0830)'!H31 -> 0
A24: 平日晨峰(0630-0830) | B24: A | C24: 0.28611111 | D24: ='平日晨峰(0630-0830)'!B32 -> 0 | E24: ='平日晨峰(0630-0830)'!C32 -> 0 | F24: ='平日晨峰(0630-0830)'!D32 -> 0 | G24: ='平日晨峰(0630-0830)'!E32 -> 0 | H24: ='平日晨峰(0630-0830)'!F32 -> 0 | I24: ='平日晨峰(0630-0830)'!G32 -> 0 | J24: ='平日晨峰(0630-0830)'!H32 -> 0
A25: 平日晨峰(0630-0830) | B25: A | C25: 0.28680556 | D25: ='平日晨峰(0630-0830)'!B33 -> 0 | E25: ='平日晨峰(0630-0830)'!C33 -> 0 | F25: ='平日晨峰(0630-0830)'!D33 -> 0 | G25: ='平日晨峰(0630-0830)'!E33 -> 0 | H25: ='平日晨峰(0630-0830)'!F33 -> 0 | I25: ='平日晨峰(0630-0830)'!G33 -> 0 | J25: ='平日晨峰(0630-0830)'!H33 -> 0
A26: 平日晨峰(0630-0830) | B26: A | C26: 0.2875 | D26: ='平日晨峰(0630-0830)'!B34 -> 0 | E26: ='平日晨峰(0630-0830)'!C34 -> 0 | F26: ='平日晨峰(0630-0830)'!D34 -> 0 | G26: ='平日晨峰(0630-0830)'!E34 -> 0 | H26: ='平日晨峰(0630-0830)'!F34 -> 0 | I26: ='平日晨峰(0630-0830)'!G34 -> 0 | J26: ='平日晨峰(0630-0830)'!H34 -> 0
A27: 平日晨峰(0630-0830) | B27: A | C27: 0.28819444 | D27: ='平日晨峰(0630-0830)'!B35 -> 0 | E27: ='平日晨峰(0630-0830)'!C35 -> 0 | F27: ='平日晨峰(0630-0830)'!D35 -> 0 | G27: ='平日晨峰(0630-0830)'!E35 -> 0 | H27: ='平日晨峰(0630-0830)'!F35 -> 0 | I27: ='平日晨峰(0630-0830)'!G35 -> 0 | J27: ='平日晨峰(0630-0830)'!H35 -> 0
A28: 平日晨峰(0630-0830) | B28: A | C28: 0.28888889 | D28: ='平日晨峰(0630-0830)'!B36 -> 0 | E28: ='平日晨峰(0630-0830)'!C36 -> 0 | F28: ='平日晨峰(0630-0830)'!D36 -> 0 | G28: ='平日晨峰(0630-0830)'!E36 -> 0 | H28: ='平日晨峰(0630-0830)'!F36 -> 0 | I28: ='平日晨峰(0630-0830)'!G36 -> 0 | J28: ='平日晨峰(0630-0830)'!H36 -> 0
... A31: 平日晨峰(0630-0830) | B31: A | C31: 0.29097222 | D31: ='平日晨峰(0630-0830)'!B39 -> 0 | E31: ='平日晨峰(0630-0830)'!C39 -> 0 | F31: ='平日晨峰(0630-0830)'!D39 -> 0 | G31: ='平日晨峰(0630-0830)'!E39 -> 0 | H31: ='平日晨峰(0630-0830)'!F39 -> 0 | I31: ='平日晨峰(0630-0830)'!G39 -> 0 | J31: ='平日晨峰(0630-0830)'!H39 -> 0
A32: 平日晨峰(0630-0830) | B32: A | C32: 0.29166667 | D32: ='平日晨峰(0630-0830)'!B44 -> 0 | E32: ='平日晨峰(0630-0830)'!C44 -> 0 | F32: ='平日晨峰(0630-0830)'!D44 -> 0 | G32: ='平日晨峰(0630-0830)'!E44 -> 0 | H32: ='平日晨峰(0630-0830)'!F44 -> 0 | I32: ='平日晨峰(0630-0830)'!G44 -> 0 | J32: ='平日晨峰(0630-0830)'!H44 -> 0
A33: 平日晨峰(0630-0830) | B33: A | C33: 0.29236111 | D33: ='平日晨峰(0630-0830)'!B45 -> 0 | E33: ='平日晨峰(0630-0830)'!C45 -> 0 | F33: ='平日晨峰(0630-0830)'!D45 -> 0 | G33: ='平日晨峰(0630-0830)'!E45 -> 0 | H33: ='平日晨峰(0630-0830)'!F45 -> 0 | I33: ='平日晨峰(0630-0830)'!G45 -> 0 | J33: ='平日晨峰(0630-0830)'!H45 -> 0
A34: 平日晨峰(0630-0830) | B34: A | C34: 0.29305556 | D34: ='平日晨峰(0630-0830)'!B46 -> 0 | E34: ='平日晨峰(0630-0830)'!C46 -> 0 | F34: ='平日晨峰(0630-0830)'!D46 -> 0 | G34: ='平日晨峰(0630-0830)'!E46 -> 0 | H34: ='平日晨峰(0630-0830)'!F46 -> 0 | I34: ='平日晨峰(0630-0830)'!G46 -> 0 | J34: ='平日晨峰(0630-0830)'!H46 -> 0
A35: 平日晨峰(0630-0830) | B35: A | C35: 0.29375 | D35: ='平日晨峰(0630-0830)'!B47 -> 0 | E35: ='平日晨峰(0630-0830)'!C47 -> 0 | F35: ='平日晨峰(0630-0830)'!D47 -> 0 | G35: ='平日晨峰(0630-0830)'!E47 -> 0 | H35: ='平日晨峰(0630-0830)'!F47 -> 0 | I35: ='平日晨峰(0630-0830)'!G47 -> 0 | J35: ='平日晨峰(0630-0830)'!H47 -> 0
A36: 平日晨峰(0630-0830) | B36: A | C36: 0.29444444 | D36: ='平日晨峰(0630-0830)'!B48 -> 0 | E36: ='平日晨峰(0630-0830)'!C48 -> 0 | F36: ='平日晨峰(0630-0830)'!D48 -> 0 | G36: ='平日晨峰(0630-0830)'!E48 -> 0 | H36: ='平日晨峰(0630-0830)'!F48 -> 0 | I36: ='平日晨峰(0630-0830)'!G48 -> 0 | J36: ='平日晨峰(0630-0830)'!H48 -> 0
A37: 平日晨峰(0630-0830) | B37: A | C37: 0.29513889 | D37: ='平日晨峰(0630-0830)'!B49 -> 0 | E37: ='平日晨峰(0630-0830)'!C49 -> 0 | F37: ='平日晨峰(0630-0830)'!D49 -> 0 | G37: ='平日晨峰(0630-0830)'!E49 -> 0 | H37: ='平日晨峰(0630-0830)'!F49 -> 0 | I37: ='平日晨峰(0630-0830)'!G49 -> 0 | J37: ='平日晨峰(0630-0830)'!H49 -> 0
A38: 平日晨峰(0630-0830) | B38: A | C38: 0.29583333 | D38: ='平日晨峰(0630-0830)'!B50 -> 0 | E38: ='平日晨峰(0630-0830)'!C50 -> 0 | F38: ='平日晨峰(0630-0830)'!D50 -> 0 | G38: ='平日晨峰(0630-0830)'!E50 -> 0 | H38: ='平日晨峰(0630-0830)'!F50 -> 0 | I38: ='平日晨峰(0630-0830)'!G50 -> 0 | J38: ='平日晨峰(0630-0830)'!H50 -> 0
A39: 平日晨峰(0630-0830) | B39: A | C39: 0.29652778 | D39: ='平日晨峰(0630-0830)'!B51 -> 0 | E39: ='平日晨峰(0630-0830)'!C51 -> 0 | F39: ='平日晨峰(0630-0830)'!D51 -> 0 | G39: ='平日晨峰(0630-0830)'!E51 -> 0 | H39: ='平日晨峰(0630-0830)'!F51 -> 0 | I39: ='平日晨峰(0630-0830)'!G51 -> 0 | J39: ='平日晨峰(0630-0830)'!H51 -> 0
A40: 平日晨峰(0630-0830) | B40: A | C40: 0.29722222 | D40: ='平日晨峰(0630-0830)'!B52 -> 0 | E40: ='平日晨峰(0630-0830)'!C52 -> 0 | F40: ='平日晨峰(0630-0830)'!D52 -> 0 | G40: ='平日晨峰(0630-0830)'!E52 -> 0 | H40: ='平日晨峰(0630-0830)'!F52 -> 0 | I40: ='平日晨峰(0630-0830)'!G52 -> 0 | J40: ='平日晨峰(0630-0830)'!H52 -> 0
A41: 平日晨峰(0630-0830) | B41: A | C41: 0.29791667 | D41: ='平日晨峰(0630-0830)'!B53 -> 0 | E41: ='平日晨峰(0630-0830)'!C53 -> 0 | F41: ='平日晨峰(0630-0830)'!D53 -> 0 | G41: ='平日晨峰(0630-0830)'!E53 -> 0 | H41: ='平日晨峰(0630-0830)'!F53 -> 0 | I41: ='平日晨峰(0630-0830)'!G53 -> 0 | J41: ='平日晨峰(0630-0830)'!H53 -> 0
A42: 平日晨峰(0630-0830) | B42: A | C42: 0.29861111 | D42: ='平日晨峰(0630-0830)'!B54 -> 0 | E42: ='平日晨峰(0630-0830)'!C54 -> 0 | F42: ='平日晨峰(0630-0830)'!D54 -> 0 | G42: ='平日晨峰(0630-0830)'!E54 -> 0 | H42: ='平日晨峰(0630-0830)'!F54 -> 0 | I42: ='平日晨峰(0630-0830)'!G54 -> 0 | J42: ='平日晨峰(0630-0830)'!H54 -> 0
A43: 平日晨峰(0630-0830) | B43: A | C43: 0.29930556 | D43: ='平日晨峰(0630-0830)'!B55 -> 0 | E43: ='平日晨峰(0630-0830)'!C55 -> 0 | F43: ='平日晨峰(0630-0830)'!D55 -> 0 | G43: ='平日晨峰(0630-0830)'!E55 -> 0 | H43: ='平日晨峰(0630-0830)'!F55 -> 0 | I43: ='平日晨峰(0630-0830)'!G55 -> 0 | J43: ='平日晨峰(0630-0830)'!H55 -> 0
... A46: 平日晨峰(0630-0830) | B46: A | C46: 0.30138889 | D46: ='平日晨峰(0630-0830)'!B58 -> 0 | E46: ='平日晨峰(0630-0830)'!C58 -> 0 | F46: ='平日晨峰(0630-0830)'!D58 -> 0 | G46: ='平日晨峰(0630-0830)'!E58 -> 0 | H46: ='平日晨峰(0630-0830)'!F58 -> 0 | I46: ='平日晨峰(0630-0830)'!G58 -> 0 | J46: ='平日晨峰(0630-0830)'!H58 -> 0
A47: 平日晨峰(0630-0830) | B47: A | C47: 0.30208333 | D47: ='平日晨峰(0630-0830)'!B63 -> 0 | E47: ='平日晨峰(0630-0830)'!C63 -> 0 | F47: ='平日晨峰(0630-0830)'!D63 -> 0 | G47: ='平日晨峰(0630-0830)'!E63 -> 0 | H47: ='平日晨峰(0630-0830)'!F63 -> 0 | I47: ='平日晨峰(0630-0830)'!G63 -> 0 | J47: ='平日晨峰(0630-0830)'!H63 -> 0
A48: 平日晨峰(0630-0830) | B48: A | C48: 0.30277778 | D48: ='平日晨峰(0630-0830)'!B64 -> 0 | E48: ='平日晨峰(0630-0830)'!C64 -> 0 | F48: ='平日晨峰(0630-0830)'!D64 -> 0 | G48: ='平日晨峰(0630-0830)'!E64 -> 0 | H48: ='平日晨峰(0630-0830)'!F64 -> 0 | I48: ='平日晨峰(0630-0830)'!G64 -> 0 | J48: ='平日晨峰(0630-0830)'!H64 -> 0
A49: 平日晨峰(0630-0830) | B49: A | C49: 0.30347222 | D49: ='平日晨峰(0630-0830)'!B65 -> 0 | E49: ='平日晨峰(0630-0830)'!C65 -> 0 | F49: ='平日晨峰(0630-0830)'!D65 -> 0 | G49: ='平日晨峰(0630-0830)'!E65 -> 0 | H49: ='平日晨峰(0630-0830)'!F65 -> 0 | I49: ='平日晨峰(0630-0830)'!G65 -> 0 | J49: ='平日晨峰(0630-0830)'!H65 -> 0
A50: 平日晨峰(0630-0830) | B50: A | C50: 0.30416667 | D50: ='平日晨峰(0630-0830)'!B66 -> 0 | E50: ='平日晨峰(0630-0830)'!C66 -> 0 | F50: ='平日晨峰(0630-0830)'!D66 -> 0 | G50: ='平日晨峰(0630-0830)'!E66 -> 0 | H50: ='平日晨峰(0630-0830)'!F66 -> 0 | I50: ='平日晨峰(0630-0830)'!G66 -> 0 | J50: ='平日晨峰(0630-0830)'!H66 -> 0
A51: 平日晨峰(0630-0830) | B51: A | C51: 0.30486111 | D51: ='平日晨峰(0630-0830)'!B67 -> 0 | E51: ='平日晨峰(0630-0830)'!C67 -> 0 | F51: ='平日晨峰(0630-0830)'!D67 -> 0 | G51: ='平日晨峰(0630-0830)'!E67 -> 0 | H51: ='平日晨峰(0630-0830)'!F67 -> 0 | I51: ='平日晨峰(0630-0830)'!G67 -> 0 | J51: ='平日晨峰(0630-0830)'!H67 -> 0
A52: 平日晨峰(0630-0830) | B52: A | C52: 0.30555556 | D52: ='平日晨峰(0630-0830)'!B68 -> 0 | E52: ='平日晨峰(0630-0830)'!C68 -> 0 | F52: ='平日晨峰(0630-0830)'!D68 -> 0 | G52: ='平日晨峰(0630-0830)'!E68 -> 0 | H52: ='平日晨峰(0630-0830)'!F68 -> 0 | I52: ='平日晨峰(0630-0830)'!G68 -> 0 | J52: ='平日晨峰(0630-0830)'!H68 -> 0
A53: 平日晨峰(0630-0830) | B53: A | C53: 0.30625 | D53: ='平日晨峰(0630-0830)'!B69 -> 0 | E53: ='平日晨峰(0630-0830)'!C69 -> 0 | F53: ='平日晨峰(0630-0830)'!D69 -> 0 | G53: ='平日晨峰(0630-0830)'!E69 -> 0 | H53: ='平日晨峰(0630-0830)'!F69 -> 0 | I53: ='平日晨峰(0630-0830)'!G69 -> 0 | J53: ='平日晨峰(0630-0830)'!H69 -> 0
A54: 平日晨峰(0630-0830) | B54: A | C54: 0.30694444 | D54: ='平日晨峰(0630-0830)'!B70 -> 0 | E54: ='平日晨峰(0630-0830)'!C70 -> 0 | F54: ='平日晨峰(0630-0830)'!D70 -> 0 | G54: ='平日晨峰(0630-0830)'!E70 -> 0 | H54: ='平日晨峰(0630-0830)'!F70 -> 0 | I54: ='平日晨峰(0630-0830)'!G70 -> 0 | J54: ='平日晨峰(0630-0830)'!H70 -> 0
A55: 平日晨峰(0630-0830) | B55: A | C55: 0.30763889 | D55: ='平日晨峰(0630-0830)'!B71 -> 0 | E55: ='平日晨峰(0630-0830)'!C71 -> 0 | F55: ='平日晨峰(0630-0830)'!D71 -> 0 | G55: ='平日晨峰(0630-0830)'!E71 -> 0 | H55: ='平日晨峰(0630-0830)'!F71 -> 0 | I55: ='平日晨峰(0630-0830)'!G71 -> 0 | J55: ='平日晨峰(0630-0830)'!H71 -> 0
A56: 平日晨峰(0630-0830) | B56: A | C56: 0.30833333 | D56: ='平日晨峰(0630-0830)'!B72 -> 0 | E56: ='平日晨峰(0630-0830)'!C72 -> 0 | F56: ='平日晨峰(0630-0830)'!D72 -> 0 | G56: ='平日晨峰(0630-0830)'!E72 -> 0 | H56: ='平日晨峰(0630-0830)'!F72 -> 0 | I56: ='平日晨峰(0630-0830)'!G72 -> 0 | J56: ='平日晨峰(0630-0830)'!H72 -> 0
A57: 平日晨峰(0630-0830) | B57: A | C57: 0.30902778 | D57: ='平日晨峰(0630-0830)'!B73 -> 0 | E57: ='平日晨峰(0630-0830)'!C73 -> 0 | F57: ='平日晨峰(0630-0830)'!D73 -> 0 | G57: ='平日晨峰(0630-0830)'!E73 -> 0 | H57: ='平日晨峰(0630-0830)'!F73 -> 0 | I57: ='平日晨峰(0630-0830)'!G73 -> 0 | J57: ='平日晨峰(0630-0830)'!H73 -> 0
A58: 平日晨峰(0630-0830) | B58: A | C58: 0.30972222 | D58: ='平日晨峰(0630-0830)'!B74 -> 0 | E58: ='平日晨峰(0630-0830)'!C74 -> 0 | F58: ='平日晨峰(0630-0830)'!D74 -> 0 | G58: ='平日晨峰(0630-0830)'!E74 -> 0 | H58: ='平日晨峰(0630-0830)'!F74 -> 0 | I58: ='平日晨峰(0630-0830)'!G74 -> 0 | J58: ='平日晨峰(0630-0830)'!H74 -> 0
... A61: 平日晨峰(0630-0830) | B61: A | C61: 0.31180556 | D61: ='平日晨峰(0630-0830)'!B77 -> 0 | E61: ='平日晨峰(0630-0830)'!C77 -> 0 | F61: ='平日晨峰(0630-0830)'!D77 -> 0 | G61: ='平日晨峰(0630-0830)'!E77 -> 0 | H61: ='平日晨峰(0630-0830)'!F77 -> 0 | I61: ='平日晨峰(0630-0830)'!G77 -> 0 | J61: ='平日晨峰(0630-0830)'!H77 -> 0
A62: 平日晨峰(0630-0830) | B62: A | C62: 0.3125 | D62: ='平日晨峰(0630-0830)'!B82 -> 0 | E62: ='平日晨峰(0630-0830)'!C82 -> 0 | F62: ='平日晨峰(0630-0830)'!D82 -> 0 | G62: ='平日晨峰(0630-0830)'!E82 -> 0 | H62: ='平日晨峰(0630-0830)'!F82 -> 0 | I62: ='平日晨峰(0630-0830)'!G82 -> 0 | J62: ='平日晨峰(0630-0830)'!H82 -> 0
A63: 平日晨峰(0630-0830) | B63: A | C63: 0.31319444 | D63: ='平日晨峰(0630-0830)'!B83 -> 0 | E63: ='平日晨峰(0630-0830)'!C83 -> 0 | F63: ='平日晨峰(0630-0830)'!D83 -> 0 | G63: ='平日晨峰(0630-0830)'!E83 -> 0 | H63: ='平日晨峰(0630-0830)'!F83 -> 0 | I63: ='平日晨峰(0630-0830)'!G83 -> 0 | J63: ='平日晨峰(0630-0830)'!H83 -> 0
A64: 平日晨峰(0630-0830) | B64: A | C64: 0.31388889 | D64: ='平日晨峰(0630-0830)'!B84 -> 0 | E64: ='平日晨峰(0630-0830)'!C84 -> 0 | F64: ='平日晨峰(0630-0830)'!D84 -> 0 | G64: ='平日晨峰(0630-0830)'!E84 -> 0 | H64: ='平日晨峰(0630-0830)'!F84 -> 0 | I64: ='平日晨峰(0630-0830)'!G84 -> 0 | J64: ='平日晨峰(0630-0830)'!H84 -> 0
A65: 平日晨峰(0630-0830) | B65: A | C65: 0.31458333 | D65: ='平日晨峰(0630-0830)'!B85 -> 0 | E65: ='平日晨峰(0630-0830)'!C85 -> 0 | F65: ='平日晨峰(0630-0830)'!D85 -> 0 | G65: ='平日晨峰(0630-0830)'!E85 -> 0 | H65: ='平日晨峰(0630-0830)'!F85 -> 0 | I65: ='平日晨峰(0630-0830)'!G85 -> 0 | J65: ='平日晨峰(0630-0830)'!H85 -> 0
A66: 平日晨峰(0630-0830) | B66: A | C66: 0.31527778 | D66: ='平日晨峰(0630-0830)'!B86 -> 0 | E66: ='平日晨峰(0630-0830)'!C86 -> 0 | F66: ='平日晨峰(0630-0830)'!D86 -> 0 | G66: ='平日晨峰(0630-0830)'!E86 -> 0 | H66: ='平日晨峰(0630-0830)'!F86 -> 0 | I66: ='平日晨峰(0630-0830)'!G86 -> 0 | J66: ='平日晨峰(0630-0830)'!H86 -> 0
A67: 平日晨峰(0630-0830) | B67: A | C67: 0.31597222 | D67: ='平日晨峰(0630-0830)'!B87 -> 0 | E67: ='平日晨峰(0630-0830)'!C87 -> 0 | F67: ='平日晨峰(0630-0830)'!D87 -> 0 | G67: ='平日晨峰(0630-0830)'!E87 -> 0 | H67: ='平日晨峰(0630-0830)'!F87 -> 0 | I67: ='平日晨峰(0630-0830)'!G87 -> 0 | J67: ='平日晨峰(0630-0830)'!H87 -> 0
A68: 平日晨峰(0630-0830) | B68: A | C68: 0.31666667 | D68: ='平日晨峰(0630-0830)'!B88 -> 0 | E68: ='平日晨峰(0630-0830)'!C88 -> 0 | F68: ='平日晨峰(0630-0830)'!D88 -> 0 | G68: ='平日晨峰(0630-0830)'!E88 -> 0 | H68: ='平日晨峰(0630-0830)'!F88 -> 0 | I68: ='平日晨峰(0630-0830)'!G88 -> 0 | J68: ='平日晨峰(0630-0830)'!H88 -> 0
A69: 平日晨峰(0630-0830) | B69: A | C69: 0.31736111 | D69: ='平日晨峰(0630-0830)'!B89 -> 0 | E69: ='平日晨峰(0630-0830)'!C89 -> 0 | F69: ='平日晨峰(0630-0830)'!D89 -> 0 | G69: ='平日晨峰(0630-0830)'!E89 -> 0 | H69: ='平日晨峰(0630-0830)'!F89 -> 0 | I69: ='平日晨峰(0630-0830)'!G89 -> 0 | J69: ='平日晨峰(0630-0830)'!H89 -> 0
A70: 平日晨峰(0630-0830) | B70: A | C70: 0.31805556 | D70: ='平日晨峰(0630-0830)'!B90 -> 0 | E70: ='平日晨峰(0630-0830)'!C90 -> 0 | F70: ='平日晨峰(0630-0830)'!D90 -> 0 | G70: ='平日晨峰(0630-0830)'!E90 -> 0 | H70: ='平日晨峰(0630-0830)'!F90 -> 0 | I70: ='平日晨峰(0630-0830)'!G90 -> 0 | J70: ='平日晨峰(0630-0830)'!H90 -> 0
A71: 平日晨峰(0630-0830) | B71: A | C71: 0.31875 | D71: ='平日晨峰(0630-0830)'!B91 -> 0 | E71: ='平日晨峰(0630-0830)'!C91 -> 0 | F71: ='平日晨峰(0630-0830)'!D91 -> 0 | G71: ='平日晨峰(0630-0830)'!E91 -> 0 | H71: ='平日晨峰(0630-0830)'!F91 -> 0 | I71: ='平日晨峰(0630-0830)'!G91 -> 0 | J71: ='平日晨峰(0630-0830)'!H91 -> 0
A72: 平日晨峰(0630-0830) | B72: A | C72: 0.31944444 | D72: ='平日晨峰(0630-0830)'!B92 -> 0 | E72: ='平日晨峰(0630-0830)'!C92 -> 0 | F72: ='平日晨峰(0630-0830)'!D92 -> 0 | G72: ='平日晨峰(0630-0830)'!E92 -> 0 | H72: ='平日晨峰(0630-0830)'!F92 -> 0 | I72: ='平日晨峰(0630-0830)'!G92 -> 0 | J72: ='平日晨峰(0630-0830)'!H92 -> 0
A73: 平日晨峰(0630-0830) | B73: A | C73: 0.32013889 | D73: ='平日晨峰(0630-0830)'!B93 -> 0 | E73: ='平日晨峰(0630-0830)'!C93 -> 0 | F73: ='平日晨峰(0630-0830)'!D93 -> 0 | G73: ='平日晨峰(0630-0830)'!E93 -> 0 | H73: ='平日晨峰(0630-0830)'!F93 -> 0 | I73: ='平日晨峰(0630-0830)'!G93 -> 0 | J73: ='平日晨峰(0630-0830)'!H93 -> 0
... A76: 平日晨峰(0630-0830) | B76: A | C76: 0.32222222 | D76: ='平日晨峰(0630-0830)'!B96 -> 0 | E76: ='平日晨峰(0630-0830)'!C96 -> 0 | F76: ='平日晨峰(0630-0830)'!D96 -> 0 | G76: ='平日晨峰(0630-0830)'!E96 -> 0 | H76: ='平日晨峰(0630-0830)'!F96 -> 0 | I76: ='平日晨峰(0630-0830)'!G96 -> 0 | J76: ='平日晨峰(0630-0830)'!H96 -> 0
A77: 平日晨峰(0630-0830) | B77: A | C77: 0.32291667 | D77: ='平日晨峰(0630-0830)'!B101 -> 0 | E77: ='平日晨峰(0630-0830)'!C101 -> 0 | F77: ='平日晨峰(0630-0830)'!D101 -> 0 | G77: ='平日晨峰(0630-0830)'!E101 -> 0 | H77: ='平日晨峰(0630-0830)'!F101 -> 0 | I77: ='平日晨峰(0630-0830)'!G101 -> 0 | J77: ='平日晨峰(0630-0830)'!H101 -> 0
A78: 平日晨峰(0630-0830) | B78: A | C78: 0.32361111 | D78: ='平日晨峰(0630-0830)'!B102 -> 0 | E78: ='平日晨峰(0630-0830)'!C102 -> 0 | F78: ='平日晨峰(0630-0830)'!D102 -> 0 | G78: ='平日晨峰(0630-0830)'!E102 -> 0 | H78: ='平日晨峰(0630-0830)'!F102 -> 0 | I78: ='平日晨峰(0630-0830)'!G102 -> 0 | J78: ='平日晨峰(0630-0830)'!H102 -> 0
A79: 平日晨峰(0630-0830) | B79: A | C79: 0.32430556 | D79: ='平日晨峰(0630-0830)'!B103 -> 0 | E79: ='平日晨峰(0630-0830)'!C103 -> 0 | F79: ='平日晨峰(0630-0830)'!D103 -> 0 | G79: ='平日晨峰(0630-0830)'!E103 -> 0 | H79: ='平日晨峰(0630-0830)'!F103 -> 0 | I79: ='平日晨峰(0630-0830)'!G103 -> 0 | J79: ='平日晨峰(0630-0830)'!H103 -> 0
A80: 平日晨峰(0630-0830) | B80: A | C80: 0.325 | D80: ='平日晨峰(0630-0830)'!B104 -> 0 | E80: ='平日晨峰(0630-0830)'!C104 -> 0 | F80: ='平日晨峰(0630-0830)'!D104 -> 0 | G80: ='平日晨峰(0630-0830)'!E104 -> 0 | H80: ='平日晨峰(0630-0830)'!F104 -> 0 | I80: ='平日晨峰(0630-0830)'!G104 -> 0 | J80: ='平日晨峰(0630-0830)'!H104 -> 0
A81: 平日晨峰(0630-0830) | B81: A | C81: 0.32569444 | D81: ='平日晨峰(0630-0830)'!B105 -> 0 | E81: ='平日晨峰(0630-0830)'!C105 -> 0 | F81: ='平日晨峰(0630-0830)'!D105 -> 0 | G81: ='平日晨峰(0630-0830)'!E105 -> 0 | H81: ='平日晨峰(0630-0830)'!F105 -> 0 | I81: ='平日晨峰(0630-0830)'!G105 -> 0 | J81: ='平日晨峰(0630-0830)'!H105 -> 0
A82: 平日晨峰(0630-0830) | B82: A | C82: 0.32638889 | D82: ='平日晨峰(0630-0830)'!B106 -> 0 | E82: ='平日晨峰(0630-0830)'!C106 -> 0 | F82: ='平日晨峰(0630-0830)'!D106 -> 0 | G82: ='平日晨峰(0630-0830)'!E106 -> 0 | H82: ='平日晨峰(0630-0830)'!F106 -> 0 | I82: ='平日晨峰(0630-0830)'!G106 -> 0 | J82: ='平日晨峰(0630-0830)'!H106 -> 0
A83: 平日晨峰(0630-0830) | B83: A | C83: 0.32708333 | D83: ='平日晨峰(0630-0830)'!B107 -> 0 | E83: ='平日晨峰(0630-0830)'!C107 -> 0 | F83: ='平日晨峰(0630-0830)'!D107 -> 0 | G83: ='平日晨峰(0630-0830)'!E107 -> 0 | H83: ='平日晨峰(0630-0830)'!F107 -> 0 | I83: ='平日晨峰(0630-0830)'!G107 -> 0 | J83: ='平日晨峰(0630-0830)'!H107 -> 0
A84: 平日晨峰(0630-0830) | B84: A | C84: 0.32777778 | D84: ='平日晨峰(0630-0830)'!B108 -> 0 | E84: ='平日晨峰(0630-0830)'!C108 -> 0 | F84: ='平日晨峰(0630-0830)'!D108 -> 0 | G84: ='平日晨峰(0630-0830)'!E108 -> 0 | H84: ='平日晨峰(0630-0830)'!F108 -> 0 | I84: ='平日晨峰(0630-0830)'!G108 -> 0 | J84: ='平日晨峰(0630-0830)'!H108 -> 0
A85: 平日晨峰(0630-0830) | B85: A | C85: 0.32847222 | D85: ='平日晨峰(0630-0830)'!B109 -> 0 | E85: ='平日晨峰(0630-0830)'!C109 -> 0 | F85: ='平日晨峰(0630-0830)'!D109 -> 0 | G85: ='平日晨峰(0630-0830)'!E109 -> 0 | H85: ='平日晨峰(0630-0830)'!F109 -> 0 | I85: ='平日晨峰(0630-0830)'!G109 -> 0 | J85: ='平日晨峰(0630-0830)'!H109 -> 0
A86: 平日晨峰(0630-0830) | B86: A | C86: 0.32916667 | D86: ='平日晨峰(0630-0830)'!B110 -> 0 | E86: ='平日晨峰(0630-0830)'!C110 -> 0 | F86: ='平日晨峰(0630-0830)'!D110 -> 0 | G86: ='平日晨峰(0630-0830)'!E110 -> 0 | H86: ='平日晨峰(0630-0830)'!F110 -> 0 | I86: ='平日晨峰(0630-0830)'!G110 -> 0 | J86: ='平日晨峰(0630-0830)'!H110 -> 0
A87: 平日晨峰(0630-0830) | B87: A | C87: 0.32986111 | D87: ='平日晨峰(0630-0830)'!B111 -> 0 | E87: ='平日晨峰(0630-0830)'!C111 -> 0 | F87: ='平日晨峰(0630-0830)'!D111 -> 0 | G87: ='平日晨峰(0630-0830)'!E111 -> 0 | H87: ='平日晨峰(0630-0830)'!F111 -> 0 | I87: ='平日晨峰(0630-0830)'!G111 -> 0 | J87: ='平日晨峰(0630-0830)'!H111 -> 0
A88: 平日晨峰(0630-0830) | B88: A | C88: 0.33055556 | D88: ='平日晨峰(0630-0830)'!B112 -> 0 | E88: ='平日晨峰(0630-0830)'!C112 -> 0 | F88: ='平日晨峰(0630-0830)'!D112 -> 0 | G88: ='平日晨峰(0630-0830)'!E112 -> 0 | H88: ='平日晨峰(0630-0830)'!F112 -> 0 | I88: ='平日晨峰(0630-0830)'!G112 -> 0 | J88: ='平日晨峰(0630-0830)'!H112 -> 0
... A91: 平日晨峰(0630-0830) | B91: A | C91: 0.33263889 | D91: ='平日晨峰(0630-0830)'!B115 -> 0 | E91: ='平日晨峰(0630-0830)'!C115 -> 0 | F91: ='平日晨峰(0630-0830)'!D115 -> 0 | G91: ='平日晨峰(0630-0830)'!E115 -> 0 | H91: ='平日晨峰(0630-0830)'!F115 -> 0 | I91: ='平日晨峰(0630-0830)'!G115 -> 0 | J91: ='平日晨峰(0630-0830)'!H115 -> 0
A92: 平日晨峰(0630-0830) | B92: A | C92: 0.33333333 | D92: ='平日晨峰(0630-0830)'!B120 -> 0 | E92: ='平日晨峰(0630-0830)'!C120 -> 0 | F92: ='平日晨峰(0630-0830)'!D120 -> 0 | G92: ='平日晨峰(0630-0830)'!E120 -> 0 | H92: ='平日晨峰(0630-0830)'!F120 -> 0 | I92: ='平日晨峰(0630-0830)'!G120 -> 0 | J92: ='平日晨峰(0630-0830)'!H120 -> 0
A93: 平日晨峰(0630-0830) | B93: A | C93: 0.33402778 | D93: ='平日晨峰(0630-0830)'!B121 -> 0 | E93: ='平日晨峰(0630-0830)'!C121 -> 0 | F93: ='平日晨峰(0630-0830)'!D121 -> 0 | G93: ='平日晨峰(0630-0830)'!E121 -> 0 | H93: ='平日晨峰(0630-0830)'!F121 -> 0 | I93: ='平日晨峰(0630-0830)'!G121 -> 0 | J93: ='平日晨峰(0630-0830)'!H121 -> 0
A94: 平日晨峰(0630-0830) | B94: A | C94: 0.33472222 | D94: ='平日晨峰(0630-0830)'!B122 -> 0 | E94: ='平日晨峰(0630-0830)'!C122 -> 0 | F94: ='平日晨峰(0630-0830)'!D122 -> 0 | G94: ='平日晨峰(0630-0830)'!E122 -> 0 | H94: ='平日晨峰(0630-0830)'!F122 -> 0 | I94: ='平日晨峰(0630-0830)'!G122 -> 0 | J94: ='平日晨峰(0630-0830)'!H122 -> 0
A95: 平日晨峰(0630-0830) | B95: A | C95: 0.33541667 | D95: ='平日晨峰(0630-0830)'!B123 -> 0 | E95: ='平日晨峰(0630-0830)'!C123 -> 0 | F95: ='平日晨峰(0630-0830)'!D123 -> 0 | G95: ='平日晨峰(0630-0830)'!E123 -> 0 | H95: ='平日晨峰(0630-0830)'!F123 -> 0 | I95: ='平日晨峰(0630-0830)'!G123 -> 0 | J95: ='平日晨峰(0630-0830)'!H123 -> 0
A96: 平日晨峰(0630-0830) | B96: A | C96: 0.33611111 | D96: ='平日晨峰(0630-0830)'!B124 -> 0 | E96: ='平日晨峰(0630-0830)'!C124 -> 0 | F96: ='平日晨峰(0630-0830)'!D124 -> 0 | G96: ='平日晨峰(0630-0830)'!E124 -> 0 | H96: ='平日晨峰(0630-0830)'!F124 -> 0 | I96: ='平日晨峰(0630-0830)'!G124 -> 0 | J96: ='平日晨峰(0630-0830)'!H124 -> 0
A97: 平日晨峰(0630-0830) | B97: A | C97: 0.33680556 | D97: ='平日晨峰(0630-0830)'!B125 -> 0 | E97: ='平日晨峰(0630-0830)'!C125 -> 0 | F97: ='平日晨峰(0630-0830)'!D125 -> 0 | G97: ='平日晨峰(0630-0830)'!E125 -> 0 | H97: ='平日晨峰(0630-0830)'!F125 -> 0 | I97: ='平日晨峰(0630-0830)'!G125 -> 0 | J97: ='平日晨峰(0630-0830)'!H125 -> 0
A98: 平日晨峰(0630-0830) | B98: A | C98: 0.3375 | D98: ='平日晨峰(0630-0830)'!B126 -> 0 | E98: ='平日晨峰(0630-0830)'!C126 -> 0 | F98: ='平日晨峰(0630-0830)'!D126 -> 0 | G98: ='平日晨峰(0630-0830)'!E126 -> 0 | H98: ='平日晨峰(0630-0830)'!F126 -> 0 | I98: ='平日晨峰(0630-0830)'!G126 -> 0 | J98: ='平日晨峰(0630-0830)'!H126 -> 0
A99: 平日晨峰(0630-0830) | B99: A | C99: 0.33819444 | D99: ='平日晨峰(0630-0830)'!B127 -> 0 | E99: ='平日晨峰(0630-0830)'!C127 -> 0 | F99: ='平日晨峰(0630-0830)'!D127 -> 0 | G99: ='平日晨峰(0630-0830)'!E127 -> 0 | H99: ='平日晨峰(0630-0830)'!F127 -> 0 | I99: ='平日晨峰(0630-0830)'!G127 -> 0 | J99: ='平日晨峰(0630-0830)'!H127 -> 0
A100: 平日晨峰(0630-0830) | B100: A | C100: 0.33888889 | D100: ='平日晨峰(0630-0830)'!B128 -> 0 | E100: ='平日晨峰(0630-0830)'!C128 -> 0 | F100: ='平日晨峰(0630-0830)'!D128 -> 0 | G100: ='平日晨峰(0630-0830)'!E128 -> 0 | H100: ='平日晨峰(0630-0830)'!F128 -> 0 | I100: ='平日晨峰(0630-0830)'!G128 -> 0 | J100: ='平日晨峰(0630-0830)'!H128 -> 0
A101: 平日晨峰(0630-0830) | B101: A | C101: 0.33958333 | D101: ='平日晨峰(0630-0830)'!B129 -> 0 | E101: ='平日晨峰(0630-0830)'!C129 -> 0 | F101: ='平日晨峰(0630-0830)'!D129 -> 0 | G101: ='平日晨峰(0630-0830)'!E129 -> 0 | H101: ='平日晨峰(0630-0830)'!F129 -> 0 | I101: ='平日晨峰(0630-0830)'!G129 -> 0 | J101: ='平日晨峰(0630-0830)'!H129 -> 0
A102: 平日晨峰(0630-0830) | B102: A | C102: 0.34027778 | D102: ='平日晨峰(0630-0830)'!B130 -> 0 | E102: ='平日晨峰(0630-0830)'!C130 -> 0 | F102: ='平日晨峰(0630-0830)'!D130 -> 0 | G102: ='平日晨峰(0630-0830)'!E130 -> 0 | H102: ='平日晨峰(0630-0830)'!F130 -> 0 | I102: ='平日晨峰(0630-0830)'!G130 -> 0 | J102: ='平日晨峰(0630-0830)'!H130 -> 0
A103: 平日晨峰(0630-0830) | B103: A | C103: 0.34097222 | D103: ='平日晨峰(0630-0830)'!B131 -> 0 | E103: ='平日晨峰(0630-0830)'!C131 -> 0 | F103: ='平日晨峰(0630-0830)'!D131 -> 0 | G103: ='平日晨峰(0630-0830)'!E131 -> 0 | H103: ='平日晨峰(0630-0830)'!F131 -> 0 | I103: ='平日晨峰(0630-0830)'!G131 -> 0 | J103: ='平日晨峰(0630-0830)'!H131 -> 0
... A106: 平日晨峰(0630-0830) | B106: A | C106: 0.34305556 | D106: ='平日晨峰(0630-0830)'!B134 -> 0 | E106: ='平日晨峰(0630-0830)'!C134 -> 0 | F106: ='平日晨峰(0630-0830)'!D134 -> 0 | G106: ='平日晨峰(0630-0830)'!E134 -> 0 | H106: ='平日晨峰(0630-0830)'!F134 -> 0 | I106: ='平日晨峰(0630-0830)'!G134 -> 0 | J106: ='平日晨峰(0630-0830)'!H134 -> 0
A107: 平日晨峰(0630-0830) | B107: A | C107: 0.34375 | D107: ='平日晨峰(0630-0830)'!B139 -> 0 | E107: ='平日晨峰(0630-0830)'!C139 -> 0 | F107: ='平日晨峰(0630-0830)'!D139 -> 0 | G107: ='平日晨峰(0630-0830)'!E139 -> 0 | H107: ='平日晨峰(0630-0830)'!F139 -> 0 | I107: ='平日晨峰(0630-0830)'!G139 -> 0 | J107: ='平日晨峰(0630-0830)'!H139 -> 0
A108: 平日晨峰(0630-0830) | B108: A | C108: 0.34444444 | D108: ='平日晨峰(0630-0830)'!B140 -> 0 | E108: ='平日晨峰(0630-0830)'!C140 -> 0 | F108: ='平日晨峰(0630-0830)'!D140 -> 0 | G108: ='平日晨峰(0630-0830)'!E140 -> 0 | H108: ='平日晨峰(0630-0830)'!F140 -> 0 | I108: ='平日晨峰(0630-0830)'!G140 -> 0 | J108: ='平日晨峰(0630-0830)'!H140 -> 0
A109: 平日晨峰(0630-0830) | B109: A | C109: 0.34513889 | D109: ='平日晨峰(0630-0830)'!B141 -> 0 | E109: ='平日晨峰(0630-0830)'!C141 -> 0 | F109: ='平日晨峰(0630-0830)'!D141 -> 0 | G109: ='平日晨峰(0630-0830)'!E141 -> 0 | H109: ='平日晨峰(0630-0830)'!F141 -> 0 | I109: ='平日晨峰(0630-0830)'!G141 -> 0 | J109: ='平日晨峰(0630-0830)'!H141 -> 0
A110: 平日晨峰(0630-0830) | B110: A | C110: 0.34583333 | D110: ='平日晨峰(0630-0830)'!B142 -> 0 | E110: ='平日晨峰(0630-0830)'!C142 -> 0 | F110: ='平日晨峰(0630-0830)'!D142 -> 0 | G110: ='平日晨峰(0630-0830)'!E142 -> 0 | H110: ='平日晨峰(0630-0830)'!F142 -> 0 | I110: ='平日晨峰(0630-0830)'!G142 -> 0 | J110: ='平日晨峰(0630-0830)'!H142 -> 0
A111: 平日晨峰(0630-0830) | B111: A | C111: 0.34652778 | D111: ='平日晨峰(0630-0830)'!B143 -> 0 | E111: ='平日晨峰(0630-0830)'!C143 -> 0 | F111: ='平日晨峰(0630-0830)'!D143 -> 0 | G111: ='平日晨峰(0630-0830)'!E143 -> 0 | H111: ='平日晨峰(0630-0830)'!F143 -> 0 | I111: ='平日晨峰(0630-0830)'!G143 -> 0 | J111: ='平日晨峰(0630-0830)'!H143 -> 0
A112: 平日晨峰(0630-0830) | B112: A | C112: 0.34722222 | D112: ='平日晨峰(0630-0830)'!B144 -> 0 | E112: ='平日晨峰(0630-0830)'!C144 -> 0 | F112: ='平日晨峰(0630-0830)'!D144 -> 0 | G112: ='平日晨峰(0630-0830)'!E144 -> 0 | H112: ='平日晨峰(0630-0830)'!F144 -> 0 | I112: ='平日晨峰(0630-0830)'!G144 -> 0 | J112: ='平日晨峰(0630-0830)'!H144 -> 0
A113: 平日晨峰(0630-0830) | B113: A | C113: 0.34791667 | D113: ='平日晨峰(0630-0830)'!B145 -> 0 | E113: ='平日晨峰(0630-0830)'!C145 -> 0 | F113: ='平日晨峰(0630-0830)'!D145 -> 0 | G113: ='平日晨峰(0630-0830)'!E145 -> 0 | H113: ='平日晨峰(0630-0830)'!F145 -> 0 | I113: ='平日晨峰(0630-0830)'!G145 -> 0 | J113: ='平日晨峰(0630-0830)'!H145 -> 0
A114: 平日晨峰(0630-0830) | B114: A | C114: 0.34861111 | D114: ='平日晨峰(0630-0830)'!B146 -> 0 | E114: ='平日晨峰(0630-0830)'!C146 -> 0 | F114: ='平日晨峰(0630-0830)'!D146 -> 0 | G114: ='平日晨峰(0630-0830)'!E146 -> 0 | H114: ='平日晨峰(0630-0830)'!F146 -> 0 | I114: ='平日晨峰(0630-0830)'!G146 -> 0 | J114: ='平日晨峰(0630-0830)'!H146 -> 0
...

Sheet 基本資料
A1: ※請填入 | B1: 藍底 | C1: 區域
A2: 版本號： | B2: V25.8.1
A4: 業主名稱：
A5: 專案編號：
R6: 往北
A7: TC編號： | C7: (例：TC240) | R7: 往東
A8: 路口名稱： | R8: 往南
A9: 行政區域： | C9: (例：東區) | R9: 往西南
R10: 往西北
B11: 平日晨峰(0630-0830) | C11: 平日晨峰(07-09) | D11: 平日中午(11-13) | E11: 平日中午(12-14) | F11: 平日昏峰(17-19) | G11: 假日(11-12) | H11: 假日(1430-1530) | I11: 假日(1730-1830) | J11: 假日(16-18) | K11: 假日(17-19) | L11: 假日(16-20) | R11: 往東北
A12: 日期： | B12: YYYY/MM/DD | C12: YYYY/MM/DD | D12: YYYY/MM/DD | E12: YYYY/MM/DD | F12: YYYY/MM/DD | G12: YYYY/MM/DD | H12: YYYY/MM/DD | I12: YYYY/MM/DD | J12: YYYY/MM/DD | K12: YYYY/MM/DD | L12: YYYY/MM/DD | R12: 往東南
A13: 天候：
R14: 往西
A16: 路口類型： | B16: 六叉路口
A18: 方 向： | B18: A | C18: B | D18: C | E18: D | F18: E | G18: F
A19: 路段名：
A20: 行車方向：
A21: 車道數： | B21: - | C21: - | D21: - | E21: - | F21: - | G21: -
A25: 簡圖：
C26: =F20 -> 0 | E26: =G20 -> 0
C27: E | E27: E
A30: =E20 -> 0 | B30: D | F30: A | G30: =B20 -> 0
C33: C | E33: B
C34: =D20 -> 0 | E34: =C20 -> 0

Sheet 平日晨峰(0630-0830)
A1: =基本資料!B11 -> 平日晨峰(0630-0830) | J1: =基本資料!B11 -> 平日晨峰(0630-0830) | S1: =基本資料!B11 -> 平日晨峰(0630-0830) | AB1: =基本資料!B11 -> 平日晨峰(0630-0830) | AK1: =基本資料!B11 -> 平日晨峰(0630-0830) | AT1: =基本資料!B11 -> 平日晨峰(0630-0830)
A2: =CONCATENATE(基本資料!B18,"方向：",基本資料!B19,基本資料!B20) -> A方向： | J2: =CONCATENATE(基本資料!C18,"方向：",基本資料!C19,基本資料!C20) -> B方向： | S2: =CONCATENATE(基本資料!D18,"方向：",基本資料!D19,基本資料!D20) -> C方向： | AB2: =CONCATENATE(基本資料!E18,"方向：",基本資料!E19,基本資料!E20) -> D方向： | AK2: =CONCATENATE(基本資料!F18,"方向：",基本資料!F19,基本資料!F20) -> E方向： | AT2: =CONCATENATE(基本資料!G18,"方向：",基本資料!G19,基本資料!G20) -> F方向：
A3: 06:30~06:45 | J3: 06:30~06:45 | S3: 06:30~06:45 | AB3: 06:30~06:45 | AK3: 06:30~06:45 | AT3: 06:30~06:45
A4: 開始時刻 | B4: 停車在臨近車道上的車輛總數 | F4: 臨近車道上的流量 | J4: 開始時刻 | K4: 停車在臨近車道上的車輛總數 | O4: 臨近車道上的流量 | S4: 開始時刻 | T4: 停車在臨近車道上的車輛總數 | X4: 臨近車道上的流量 | AB4: 開始時刻 | AC4: 停車在臨近車道上的車輛總數 | AG4: 臨近車道上的流量 | AK4: 開始時刻 | AL4: 停車在臨近車道上的車輛總數 | AP4: 臨近車道上的流量 | AT4: 開始時刻 | AU4: 停車在臨近車道上的車輛總數 | AY4: 臨近車道上的流量
A5: 0.27083333 | B5: 0秒 | C5: 15秒 | D5: 30秒 | E5: 45秒 | F5: 總數 | G5: 未受阻 | H5: 受阻 | J5: 0.27083333 | K5: 0秒 | L5: 15秒 | M5: 30秒 | N5: 45秒 | O5: 總數 | P5: 未受阻 | Q5: 受阻 | S5: 0.27083333 | T5: 0秒 | U5: 15秒 | V5: 30秒 | W5: 45秒 | X5: 總數 | Y5: 未受阻 | Z5: 受阻 | AB5: 0.27083333 | AC5: 0秒 | AD5: 15秒 | AE5: 30秒 | AF5: 45秒 | AG5: 總數 | AH5: 未受阻 | AI5: 受阻 | AK5: 0.27083333 | AL5: 0秒 | AM5: 15秒 | AN5: 30秒 | AO5: 45秒 | AP5: 總數 | AQ5: 未受阻 | AR5: 受阻 | AT5: 0.27083333 | AU5: 0秒 | AV5: 15秒 | AW5: 30秒 | AX5: 45秒 | AY5: 總數 | AZ5: 未受阻 | BA5: 受阻
A6: 31 | J6: 31 | S6: 31 | AB6: 31 | AK6: 31 | AT6: 31
A7: 32 | J7: 32 | S7: 32 | AB7: 32 | AK7: 32 | AT7: 32
A8: 33 | J8: 33 | S8: 33 | AB8: 33 | AK8: 33 | AT8: 33
A9: 34 | J9: 34 | S9: 34 | AB9: 34 | AK9: 34 | AT9: 34
A10: 35 | J10: 35 | S10: 35 | AB10: 35 | AK10: 35 | AT10: 35
A11: 36 | J11: 36 | S11: 36 | AB11: 36 | AK11: 36 | AT11: 36
A12: 37 | J12: 37 | S12: 37 | AB12: 37 | AK12: 37 | AT12: 37
A13: 38 | J13: 38 | S13: 38 | AB13: 38 | AK13: 38 | AT13: 38
A14: 39 | J14: 39 | S14: 39 | AB14: 39 | AK14: 39 | AT14: 39
A15: 40 | J15: 40 | S15: 40 | AB15: 40 | AK15: 40 | AT15: 40
A16: 41 | J16: 41 | S16: 41 | AB16: 41 | AK16: 41 | AT16: 41
A17: 42 | J17: 42 | S17: 42 | AB17: 42 | AK17: 42 | AT17: 42
... A20: 45 | J20: 45 | S20: 45 | AB20: 45 | AK20: 45 | AT20: 45
A21: 總 計 | B21: =SUM(B6:E20) -> 0 | F21: =F20 -> 0 | G21: =G20 -> 0 | H21: =H20 -> 0 | J21: 總 計 | K21: =SUM(K6:N20) -> 0 | O21: =O20 -> 0 | P21: =P20 -> 0 | Q21: =Q20 -> 0 | S21: 總 計 | T21: =SUM(T6:W20) -> 0 | X21: =X20 -> 0 | Y21: =Y20 -> 0 | Z21: =Z20 -> 0 | AB21: 總 計 | AC21: =SUM(AC6:AF20) -> 0 | AG21: =AG20 -> 0 | AH21: =AH20 -> 0 | AI21: =AI20 -> 0 | AK21: 總 計 | AL21: =SUM(AL6:AO20) -> 0 | AP21: =AP20 -> 0 | AQ21: =AQ20 -> 0 | AR21: =AR20 -> 0 | AT21: 總 計 | AU21: =SUM(AU6:AX20) -> 0 | AY21: =AY20 -> 0 | AZ21: =AZ20 -> 0 | BA21: =BA20 -> 0
A22: 06:45~07:00 | J22: 06:45~07:00 | S22: 06:45~07:00 | AB22: 06:45~07:00 | AK22: 06:45~07:00 | AT22: 06:45~07:00
A23: 開始時刻 | B23: 停車在臨近車道上的車輛總數 | F23: 臨近車道上的流量 | J23: 開始時刻 | K23: 停車在臨近車道上的車輛總數 | O23: 臨近車道上的流量 | S23: 開始時刻 | T23: 停車在臨近車道上的車輛總數 | X23: 臨近車道上的流量 | AB23: 開始時刻 | AC23: 停車在臨近車道上的車輛總數 | AG23: 臨近車道上的流量 | AK23: 開始時刻 | AL23: 停車在臨近車道上的車輛總數 | AP23: 臨近車道上的流量 | AT23: 開始時刻 | AU23: 停車在臨近車道上的車輛總數 | AY23: 臨近車道上的流量
A24: 0.28125 | B24: 0秒 | C24: 15秒 | D24: 30秒 | E24: 45秒 | F24: 總數 | G24: 未受阻 | H24: 受阻 | J24: 0.28125 | K24: 0秒 | L24: 15秒 | M24: 30秒 | N24: 45秒 | O24: 總數 | P24: 未受阻 | Q24: 受阻 | S24: 0.28125 | T24: 0秒 | U24: 15秒 | V24: 30秒 | W24: 45秒 | X24: 總數 | Y24: 未受阻 | Z24: 受阻 | AB24: 0.28125 | AC24: 0秒 | AD24: 15秒 | AE24: 30秒 | AF24: 45秒 | AG24: 總數 | AH24: 未受阻 | AI24: 受阻 | AK24: 0.28125 | AL24: 0秒 | AM24: 15秒 | AN24: 30秒 | AO24: 45秒 | AP24: 總數 | AQ24: 未受阻 | AR24: 受阻 | AT24: 0.28125 | AU24: 0秒 | AV24: 15秒 | AW24: 30秒 | AX24: 45秒 | AY24: 總數 | AZ24: 未受阻 | BA24: 受阻
A25: 46 | J25: 46 | S25: 46 | AB25: 46 | AK25: 46 | AT25: 46
A26: 47 | J26: 47 | S26: 47 | AB26: 47 | AK26: 47 | AT26: 47
A27: 48 | J27: 48 | S27: 48 | AB27: 48 | AK27: 48 | AT27: 48
A28: 49 | J28: 49 | S28: 49 | AB28: 49 | AK28: 49 | AT28: 49
A29: 50 | J29: 50 | S29: 50 | AB29: 50 | AK29: 50 | AT29: 50
A30: 51 | J30: 51 | S30: 51 | AB30: 51 | AK30: 51 | AT30: 51
A31: 52 | J31: 52 | S31: 52 | AB31: 52 | AK31: 52 | AT31: 52
A32: 53 | J32: 53 | S32: 53 | AB32: 53 | AK32: 53 | AT32: 53
A33: 54 | J33: 54 | S33: 54 | AB33: 54 | AK33: 54 | AT33: 54
A34: 55 | J34: 55 | S34: 55 | AB34: 55 | AK34: 55 | AT34: 55
A35: 56 | J35: 56 | S35: 56 | AB35: 56 | AK35: 56 | AT35: 56
A36: 57 | J36: 57 | S36: 57 | AB36: 57 | AK36: 57 | AT36: 57
... A39: 60 | J39: 60 | S39: 60 | AB39: 60 | AK39: 60 | AT39: 60
A40: 總 計 | B40: =SUM(B25:E39) -> 0 | F40: =F39 -> 0 | G40: =G39 -> 0 | H40: =H39 -> 0 | J40: 總 計 | K40: =SUM(K25:N39) -> 0 | O40: =O39 -> 0 | P40: =P39 -> 0 | Q40: =Q39 -> 0 | S40: 總 計 | T40: =SUM(T25:W39) -> 0 | X40: =X39 -> 0 | Y40: =Y39 -> 0 | Z40: =Z39 -> 0 | AB40: 總 計 | AC40: =SUM(AC25:AF39) -> 0 | AG40: =AG39 -> 0 | AH40: =AH39 -> 0 | AI40: =AI39 -> 0 | AK40: 總 計 | AL40: =SUM(AL25:AO39) -> 0 | AP40: =AP39 -> 0 | AQ40: =AQ39 -> 0 | AR40: =AR39 -> 0 | AT40: 總 計 | AU40: =SUM(AU25:AX39) -> 0 | AY40: =AY39 -> 0 | AZ40: =AZ39 -> 0 | BA40: =BA39 -> 0
A41: 07:00~07:15 | J41: 07:00~07:15 | S41: 07:00~07:15 | AB41: 07:00~07:15 | AK41: 07:00~07:15 | AT41: 07:00~07:15
A42: 開始時刻 | B42: 停車在臨近車道上的車輛總數 | F42: 臨近車道上的流量 | J42: 開始時刻 | K42: 停車在臨近車道上的車輛總數 | O42: 臨近車道上的流量 | S42: 開始時刻 | T42: 停車在臨近車道上的車輛總數 | X42: 臨近車道上的流量 | AB42: 開始時刻 | AC42: 停車在臨近車道上的車輛總數 | AG42: 臨近車道上的流量 | AK42: 開始時刻 | AL42: 停車在臨近車道上的車輛總數 | AP42: 臨近車道上的流量 | AT42: 開始時刻 | AU42: 停車在臨近車道上的車輛總數 | AY42: 臨近車道上的流量
A43: 07:00 | B43: 0秒 | C43: 15秒 | D43: 30秒 | E43: 45秒 | F43: 總數 | G43: 未受阻 | H43: 受阻 | J43: 07:00 | K43: 0秒 | L43: 15秒 | M43: 30秒 | N43: 45秒 | O43: 總數 | P43: 未受阻 | Q43: 受阻 | S43: 07:00 | T43: 0秒 | U43: 15秒 | V43: 30秒 | W43: 45秒 | X43: 總數 | Y43: 未受阻 | Z43: 受阻 | AB43: 07:00 | AC43: 0秒 | AD43: 15秒 | AE43: 30秒 | AF43: 45秒 | AG43: 總數 | AH43: 未受阻 | AI43: 受阻 | AK43: 07:00 | AL43: 0秒 | AM43: 15秒 | AN43: 30秒 | AO43: 45秒 | AP43: 總數 | AQ43: 未受阻 | AR43: 受阻 | AT43: 07:00 | AU43: 0秒 | AV43: 15秒 | AW43: 30秒 | AX43: 45秒 | AY43: 總數 | AZ43: 未受阻 | BA43: 受阻
A44: 1 | J44: 1 | S44: 1 | AB44: 1 | AK44: 1 | AT44: 1
A45: 2 | J45: 2 | S45: 2 | AB45: 2 | AK45: 2 | AT45: 2
A46: 3 | J46: 3 | S46: 3 | AB46: 3 | AK46: 3 | AT46: 3
A47: 4 | J47: 4 | S47: 4 | AB47: 4 | AK47: 4 | AT47: 4
A48: 5 | J48: 5 | S48: 5 | AB48: 5 | AK48: 5 | AT48: 5
A49: 6 | J49: 6 | S49: 6 | AB49: 6 | AK49: 6 | AT49: 6
A50: 7 | J50: 7 | S50: 7 | AB50: 7 | AK50: 7 | AT50: 7
A51: 8 | J51: 8 | S51: 8 | AB51: 8 | AK51: 8 | AT51: 8
A52: 9 | J52: 9 | S52: 9 | AB52: 9 | AK52: 9 | AT52: 9
A53: 10 | J53: 10 | S53: 10 | AB53: 10 | AK53: 10 | AT53: 10
A54: 11 | J54: 11 | S54: 11 | AB54: 11 | AK54: 11 | AT54: 11
A55: 12 | J55: 12 | S55: 12 | AB55: 12 | AK55: 12 | AT55: 12
... A58: 15 | J58: 15 | S58: 15 | AB58: 15 | AK58: 15 | AT58: 15
A59: 總 計 | B59: =SUM(B44:E58) -> 0 | F59: =F58 -> 0 | G59: =G58 -> 0 | H59: =H58 -> 0 | J59: 總 計 | K59: =SUM(K44:N58) -> 0 | O59: =O58 -> 0 | P59: =P58 -> 0 | Q59: =Q58 -> 0 | S59: 總 計 | T59: =SUM(T44:W58) -> 0 | X59: =X58 -> 0 | Y59: =Y58 -> 0 | Z59: =Z58 -> 0 | AB59: 總 計 | AC59: =SUM(AC44:AF58) -> 0 | AG59: =AG58 -> 0 | AH59: =AH58 -> 0 | AI59: =AI58 -> 0 | AK59: 總 計 | AL59: =SUM(AL44:AO58) -> 0 | AP59: =AP58 -> 0 | AQ59: =AQ58 -> 0 | AR59: =AR58 -> 0 | AT59: 總 計 | AU59: =SUM(AU44:AX58) -> 0 | AY59: =AY58 -> 0 | AZ59: =AZ58 -> 0 | BA59: =BA58 -> 0
A60: 07:15~07:30 | J60: 07:15~07:30 | S60: 07:15~07:30 | AB60: 07:15~07:30 | AK60: 07:15~07:30 | AT60: 07:15~07:30
A61: 開始時刻 | B61: 停車在臨近車道上的車輛總數 | F61: 臨近車道上的流量 | J61: 開始時刻 | K61: 停車在臨近車道上的車輛總數 | O61: 臨近車道上的流量 | S61: 開始時刻 | T61: 停車在臨近車道上的車輛總數 | X61: 臨近車道上的流量 | AB61: 開始時刻 | AC61: 停車在臨近車道上的車輛總數 | AG61: 臨近車道上的流量 | AK61: 開始時刻 | AL61: 停車在臨近車道上的車輛總數 | AP61: 臨近車道上的流量 | AT61: 開始時刻 | AU61: 停車在臨近車道上的車輛總數 | AY61: 臨近車道上的流量
A62: 07:15 | B62: 0秒 | C62: 15秒 | D62: 30秒 | E62: 45秒 | F62: 總數 | G62: 未受阻 | H62: 受阻 | J62: 07:15 | K62: 0秒 | L62: 15秒 | M62: 30秒 | N62: 45秒 | O62: 總數 | P62: 未受阻 | Q62: 受阻 | S62: 07:15 | T62: 0秒 | U62: 15秒 | V62: 30秒 | W62: 45秒 | X62: 總數 | Y62: 未受阻 | Z62: 受阻 | AB62: 07:15 | AC62: 0秒 | AD62: 15秒 | AE62: 30秒 | AF62: 45秒 | AG62: 總數 | AH62: 未受阻 | AI62: 受阻 | AK62: 07:15 | AL62: 0秒 | AM62: 15秒 | AN62: 30秒 | AO62: 45秒 | AP62: 總數 | AQ62: 未受阻 | AR62: 受阻 | AT62: 07:15 | AU62: 0秒 | AV62: 15秒 | AW62: 30秒 | AX62: 45秒 | AY62: 總數 | AZ62: 未受阻 | BA62: 受阻
A63: 16 | J63: 16 | S63: 16 | AB63: 16 | AK63: 16 | AT63: 16
A64: 17 | J64: 17 | S64: 17 | AB64: 17 | AK64: 17 | AT64: 17
A65: 18 | J65: 18 | S65: 18 | AB65: 18 | AK65: 18 | AT65: 18
A66: 19 | J66: 19 | S66: 19 | AB66: 19 | AK66: 19 | AT66: 19
A67: 20 | J67: 20 | S67: 20 | AB67: 20 | AK67: 20 | AT67: 20
A68: 21 | J68: 21 | S68: 21 | AB68: 21 | AK68: 21 | AT68: 21
A69: 22 | J69: 22 | S69: 22 | AB69: 22 | AK69: 22 | AT69: 22
A70: 23 | J70: 23 | S70: 23 | AB70: 23 | AK70: 23 | AT70: 23
A71: 24 | J71: 24 | S71: 24 | AB71: 24 | AK71: 24 | AT71: 24
A72: 25 | J72: 25 | S72: 25 | AB72: 25 | AK72: 25 | AT72: 25
A73: 26 | J73: 26 | S73: 26 | AB73: 26 | AK73: 26 | AT73: 26
A74: 27 | J74: 27 | S74: 27 | AB74: 27 | AK74: 27 | AT74: 27
... A77: 30 | J77: 30 | S77: 30 | AB77: 30 | AK77: 30 | AT77: 30
A78: 總 計 | B78: =SUM(B63:E77) -> 0 | F78: =F77 -> 0 | G78: =G77 -> 0 | H78: =H77 -> 0 | J78: 總 計 | K78: =SUM(K63:N77) -> 0 | O78: =O77 -> 0 | P78: =P77 -> 0 | Q78: =Q77 -> 0 | S78: 總 計 | T78: =SUM(T63:W77) -> 0 | X78: =X77 -> 0 | Y78: =Y77 -> 0 | Z78: =Z77 -> 0 | AB78: 總 計 | AC78: =SUM(AC63:AF77) -> 0 | AG78: =AG77 -> 0 | AH78: =AH77 -> 0 | AI78: =AI77 -> 0 | AK78: 總 計 | AL78: =SUM(AL63:AO77) -> 0 | AP78: =AP77 -> 0 | AQ78: =AQ77 -> 0 | AR78: =AR77 -> 0 | AT78: 總 計 | AU78: =SUM(AU63:AX77) -> 0 | AY78: =AY77 -> 0 | AZ78: =AZ77 -> 0 | BA78: =BA77 -> 0
A79: 07:30~07:45 | J79: 07:30~07:45 | S79: 07:30~07:45 | AB79: 07:30~07:45 | AK79: 07:30~07:45 | AT79: 07:30~07:45
A80: 開始時刻 | B80: 停車在臨近車道上的車輛總數 | F80: 臨近車道上的流量 | J80: 開始時刻 | K80: 停車在臨近車道上的車輛總數 | O80: 臨近車道上的流量 | S80: 開始時刻 | T80: 停車在臨近車道上的車輛總數 | X80: 臨近車道上的流量 | AB80: 開始時刻 | AC80: 停車在臨近車道上的車輛總數 | AG80: 臨近車道上的流量 | AK80: 開始時刻 | AL80: 停車在臨近車道上的車輛總數 | AP80: 臨近車道上的流量 | AT80: 開始時刻 | AU80: 停車在臨近車道上的車輛總數 | AY80: 臨近車道上的流量
A81: 07:30 | B81: 0秒 | C81: 15秒 | D81: 30秒 | E81: 45秒 | F81: 總數 | G81: 未受阻 | H81: 受阻 | J81: 07:30 | K81: 0秒 | L81: 15秒 | M81: 30秒 | N81: 45秒 | O81: 總數 | P81: 未受阻 | Q81: 受阻 | S81: 07:30 | T81: 0秒 | U81: 15秒 | V81: 30秒 | W81: 45秒 | X81: 總數 | Y81: 未受阻 | Z81: 受阻 | AB81: 07:30 | AC81: 0秒 | AD81: 15秒 | AE81: 30秒 | AF81: 45秒 | AG81: 總數 | AH81: 未受阻 | AI81: 受阻 | AK81: 07:30 | AL81: 0秒 | AM81: 15秒 | AN81: 30秒 | AO81: 45秒 | AP81: 總數 | AQ81: 未受阻 | AR81: 受阻 | AT81: 07:30 | AU81: 0秒 | AV81: 15秒 | AW81: 30秒 | AX81: 45秒 | AY81: 總數 | AZ81: 未受阻 | BA81: 受阻
A82: 31 | J82: 31 | S82: 31 | AB82: 31 | AK82: 31 | AT82: 31
A83: 32 | J83: 32 | S83: 32 | AB83: 32 | AK83: 32 | AT83: 32
A84: 33 | J84: 33 | S84: 33 | AB84: 33 | AK84: 33 | AT84: 33
A85: 34 | J85: 34 | S85: 34 | AB85: 34 | AK85: 34 | AT85: 34
A86: 35 | J86: 35 | S86: 35 | AB86: 35 | AK86: 35 | AT86: 35
A87: 36 | J87: 36 | S87: 36 | AB87: 36 | AK87: 36 | AT87: 36
A88: 37 | J88: 37 | S88: 37 | AB88: 37 | AK88: 37 | AT88: 37
A89: 38 | J89: 38 | S89: 38 | AB89: 38 | AK89: 38 | AT89: 38
A90: 39 | J90: 39 | S90: 39 | AB90: 39 | AK90: 39 | AT90: 39
A91: 40 | J91: 40 | S91: 40 | AB91: 40 | AK91: 40 | AT91: 40
A92: 41 | J92: 41 | S92: 41 | AB92: 41 | AK92: 41 | AT92: 41
A93: 42 | J93: 42 | S93: 42 | AB93: 42 | AK93: 42 | AT93: 42
... A96: 45 | J96: 45 | S96: 45 | AB96: 45 | AK96: 45 | AT96: 45
A97: 總 計 | B97: =SUM(B82:E96) -> 0 | F97: =F96 -> 0 | G97: =G96 -> 0 | H97: =H96 -> 0 | J97: 總 計 | K97: =SUM(K82:N96) -> 0 | O97: =O96 -> 0 | P97: =P96 -> 0 | Q97: =Q96 -> 0 | S97: 總 計 | T97: =SUM(T82:W96) -> 0 | X97: =X96 -> 0 | Y97: =Y96 -> 0 | Z97: =Z96 -> 0 | AB97: 總 計 | AC97: =SUM(AC82:AF96) -> 0 | AG97: =AG96 -> 0 | AH97: =AH96 -> 0 | AI97: =AI96 -> 0 | AK97: 總 計 | AL97: =SUM(AL82:AO96) -> 0 | AP97: =AP96 -> 0 | AQ97: =AQ96 -> 0 | AR97: =AR96 -> 0 | AT97: 總 計 | AU97: =SUM(AU82:AX96) -> 0 | AY97: =AY96 -> 0 | AZ97: =AZ96 -> 0 | BA97: =BA96 -> 0
A98: 07:45~08:00 | J98: 07:45~08:00 | S98: 07:45~08:00 | AB98: 07:45~08:00 | AK98: 07:45~08:00 | AT98: 07:45~08:00
A99: 開始時刻 | B99: 停車在臨近車道上的車輛總數 | F99: 臨近車道上的流量 | J99: 開始時刻 | K99: 停車在臨近車道上的車輛總數 | O99: 臨近車道上的流量 | S99: 開始時刻 | T99: 停車在臨近車道上的車輛總數 | X99: 臨近車道上的流量 | AB99: 開始時刻 | AC99: 停車在臨近車道上的車輛總數 | AG99: 臨近車道上的流量 | AK99: 開始時刻 | AL99: 停車在臨近車道上的車輛總數 | AP99: 臨近車道上的流量 | AT99: 開始時刻 | AU99: 停車在臨近車道上的車輛總數 | AY99: 臨近車道上的流量
A100: 07:45 | B100: 0秒 | C100: 15秒 | D100: 30秒 | E100: 45秒 | F100: 總數 | G100: 未受阻 | H100: 受阻 | J100: 07:45 | K100: 0秒 | L100: 15秒 | M100: 30秒 | N100: 45秒 | O100: 總數 | P100: 未受阻 | Q100: 受阻 | S100: 07:45 | T100: 0秒 | U100: 15秒 | V100: 30秒 | W100: 45秒 | X100: 總數 | Y100: 未受阻 | Z100: 受阻 | AB100: 07:45 | AC100: 0秒 | AD100: 15秒 | AE100: 30秒 | AF100: 45秒 | AG100: 總數 | AH100: 未受阻 | AI100: 受阻 | AK100: 07:45 | AL100: 0秒 | AM100: 15秒 | AN100: 30秒 | AO100: 45秒 | AP100: 總數 | AQ100: 未受阻 | AR100: 受阻 | AT100: 07:45 | AU100: 0秒 | AV100: 15秒 | AW100: 30秒 | AX100: 45秒 | AY100: 總數 | AZ100: 未受阻 | BA100: 受阻
A101: 46 | J101: 46 | S101: 46 | AB101: 46 | AK101: 46 | AT101: 46
A102: 47 | J102: 47 | S102: 47 | AB102: 47 | AK102: 47 | AT102: 47
A103: 48 | J103: 48 | S103: 48 | AB103: 48 | AK103: 48 | AT103: 48
A104: 49 | J104: 49 | S104: 49 | AB104: 49 | AK104: 49 | AT104: 49
A105: 50 | J105: 50 | S105: 50 | AB105: 50 | AK105: 50 | AT105: 50
A106: 51 | J106: 51 | S106: 51 | AB106: 51 | AK106: 51 | AT106: 51
A107: 52 | J107: 52 | S107: 52 | AB107: 52 | AK107: 52 | AT107: 52
A108: 53 | J108: 53 | S108: 53 | AB108: 53 | AK108: 53 | AT108: 53
A109: 54 | J109: 54 | S109: 54 | AB109: 54 | AK109: 54 | AT109: 54
A110: 55 | J110: 55 | S110: 55 | AB110: 55 | AK110: 55 | AT110: 55
...

Sheet 平日晨峰(07-09)
A1: =基本資料!$C$11 -> 平日晨峰(07-09) | J1: =基本資料!$C$11 -> 平日晨峰(07-09) | S1: =基本資料!$C$11 -> 平日晨峰(07-09) | AB1: =基本資料!$C$11 -> 平日晨峰(07-09) | AK1: =基本資料!$C$11 -> 平日晨峰(07-09) | AT1: =基本資料!$C$11 -> 平日晨峰(07-09)
A2: =CONCATENATE(基本資料!B18,"方向：",基本資料!B19,基本資料!B20) -> A方向： | J2: =CONCATENATE(基本資料!C18,"方向：",基本資料!C19,基本資料!C20) -> B方向： | S2: =CONCATENATE(基本資料!D18,"方向：",基本資料!D19,基本資料!D20) -> C方向： | AB2: =CONCATENATE(基本資料!E18,"方向：",基本資料!E19,基本資料!E20) -> D方向： | AK2: =CONCATENATE(基本資料!F18,"方向：",基本資料!F19,基本資料!F20) -> E方向： | AT2: =CONCATENATE(基本資料!G18,"方向：",基本資料!G19,基本資料!G20) -> F方向：
A3: 07:00~07:15 | J3: 07:00~07:15 | S3: 07:00~07:15 | AB3: 07:00~07:15 | AK3: 07:00~07:15 | AT3: 07:00~07:15
A4: 開始時刻 | B4: 停車在臨近車道上的車輛總數 | F4: 臨近車道上的流量 | J4: 開始時刻 | K4: 停車在臨近車道上的車輛總數 | O4: 臨近車道上的流量 | S4: 開始時刻 | T4: 停車在臨近車道上的車輛總數 | X4: 臨近車道上的流量 | AB4: 開始時刻 | AC4: 停車在臨近車道上的車輛總數 | AG4: 臨近車道上的流量 | AK4: 開始時刻 | AL4: 停車在臨近車道上的車輛總數 | AP4: 臨近車道上的流量 | AT4: 開始時刻 | AU4: 停車在臨近車道上的車輛總數 | AY4: 臨近車道上的流量
A5: 07:00 | B5: 0秒 | C5: 15秒 | D5: 30秒 | E5: 45秒 | F5: 總數 | G5: 未受阻 | H5: 受阻 | J5: 07:00 | K5: 0秒 | L5: 15秒 | M5: 30秒 | N5: 45秒 | O5: 總數 | P5: 未受阻 | Q5: 受阻 | S5: 07:00 | T5: 0秒 | U5: 15秒 | V5: 30秒 | W5: 45秒 | X5: 總數 | Y5: 未受阻 | Z5: 受阻 | AB5: 07:00 | AC5: 0秒 | AD5: 15秒 | AE5: 30秒 | AF5: 45秒 | AG5: 總數 | AH5: 未受阻 | AI5: 受阻 | AK5: 07:00 | AL5: 0秒 | AM5: 15秒 | AN5: 30秒 | AO5: 45秒 | AP5: 總數 | AQ5: 未受阻 | AR5: 受阻 | AT5: 07:00 | AU5: 0秒 | AV5: 15秒 | AW5: 30秒 | AX5: 45秒 | AY5: 總數 | AZ5: 未受阻 | BA5: 受阻
A6: 1 | J6: 1 | S6: 1 | AB6: 1 | AK6: 1 | AT6: 1
A7: 2 | J7: 2 | S7: 2 | AB7: 2 | AK7: 2 | AT7: 2
A8: 3 | J8: 3 | S8: 3 | AB8: 3 | AK8: 3 | AT8: 3
A9: 4 | J9: 4 | S9: 4 | AB9: 4 | AK9: 4 | AT9: 4
A10: 5 | J10: 5 | S10: 5 | AB10: 5 | AK10: 5 | AT10: 5
A11: 6 | J11: 6 | S11: 6 | AB11: 6 | AK11: 6 | AT11: 6
A12: 7 | J12: 7 | S12: 7 | AB12: 7 | AK12: 7 | AT12: 7
A13: 8 | J13: 8 | S13: 8 | AB13: 8 | AK13: 8 | AT13: 8
A14: 9 | J14: 9 | S14: 9 | AB14: 9 | AK14: 9 | AT14: 9
A15: 10 | J15: 10 | S15: 10 | AB15: 10 | AK15: 10 | AT15: 10
A16: 11 | J16: 11 | S16: 11 | AB16: 11 | AK16: 11 | AT16: 11
A17: 12 | J17: 12 | S17: 12 | AB17: 12 | AK17: 12 | AT17: 12
... A20: 15 | J20: 15 | S20: 15 | AB20: 15 | AK20: 15 | AT20: 15
A21: 總 計 | B21: =SUM(B6:E20) -> 0 | F21: =F20 -> 0 | G21: =G20 -> 0 | H21: =H20 -> 0 | J21: 總 計 | K21: =SUM(K6:N20) -> 0 | O21: =O20 -> 0 | P21: =P20 -> 0 | Q21: =Q20 -> 0 | S21: 總 計 | T21: =SUM(T6:W20) -> 0 | X21: =X20 -> 0 | Y21: =Y20 -> 0 | Z21: =Z20 -> 0 | AB21: 總 計 | AC21: =SUM(AC6:AF20) -> 0 | AG21: =AG20 -> 0 | AH21: =AH20 -> 0 | AI21: =AI20 -> 0 | AK21: 總 計 | AL21: =SUM(AL6:AO20) -> 0 | AP21: =AP20 -> 0 | AQ21: =AQ20 -> 0 | AR21: =AR20 -> 0 | AT21: 總 計 | AU21: =SUM(AU6:AX20) -> 0 | AY21: =AY20 -> 0 | AZ21: =AZ20 -> 0 | BA21: =BA20 -> 0
A22: 07:15~07:30 | J22: 07:15~07:30 | S22: 07:15~07:30 | AB22: 07:15~07:30 | AK22: 07:15~07:30 | AT22: 07:15~07:30
A23: 開始時刻 | B23: 停車在臨近車道上的車輛總數 | F23: 臨近車道上的流量 | J23: 開始時刻 | K23: 停車在臨近車道上的車輛總數 | O23: 臨近車道上的流量 | S23: 開始時刻 | T23: 停車在臨近車道上的車輛總數 | X23: 臨近車道上的流量 | AB23: 開始時刻 | AC23: 停車在臨近車道上的車輛總數 | AG23: 臨近車道上的流量 | AK23: 開始時刻 | AL23: 停車在臨近車道上的車輛總數 | AP23: 臨近車道上的流量 | AT23: 開始時刻 | AU23: 停車在臨近車道上的車輛總數 | AY23: 臨近車道上的流量
A24: 07:15 | B24: 0秒 | C24: 15秒 | D24: 30秒 | E24: 45秒 | F24: 總數 | G24: 未受阻 | H24: 受阻 | J24: 07:15 | K24: 0秒 | L24: 15秒 | M24: 30秒 | N24: 45秒 | O24: 總數 | P24: 未受阻 | Q24: 受阻 | S24: 07:15 | T24: 0秒 | U24: 15秒 | V24: 30秒 | W24: 45秒 | X24: 總數 | Y24: 未受阻 | Z24: 受阻 | AB24: 07:15 | AC24: 0秒 | AD24: 15秒 | AE24: 30秒 | AF24: 45秒 | AG24: 總數 | AH24: 未受阻 | AI24: 受阻 | AK24: 07:15 | AL24: 0秒 | AM24: 15秒 | AN24: 30秒 | AO24: 45秒 | AP24: 總數 | AQ24: 未受阻 | AR24: 受阻 | AT24: 07:15 | AU24: 0秒 | AV24: 15秒 | AW24: 30秒 | AX24: 45秒 | AY24: 總數 | AZ24: 未受阻 | BA24: 受阻
A25: 16 | J25: 16 | S25: 16 | AB25: 16 | AK25: 16 | AT25: 16
A26: 17 | J26: 17 | S26: 17 | AB26: 17 | AK26: 17 | AT26: 17
A27: 18 | J27: 18 | S27: 18 | AB27: 18 | AK27: 18 | AT27: 18
A28: 19 | J28: 19 | S28: 19 | AB28: 19 | AK28: 19 | AT28: 19
A29: 20 | J29: 20 | S29: 20 | AB29: 20 | AK29: 20 | AT29: 20
A30: 21 | J30: 21 | S30: 21 | AB30: 21 | AK30: 21 | AT30: 21
A31: 22 | J31: 22 | S31: 22 | AB31: 22 | AK31: 22 | AT31: 22
A32: 23 | J32: 23 | S32: 23 | AB32: 23 | AK32: 23 | AT32: 23
A33: 24 | J33: 24 | S33: 24 | AB33: 24 | AK33: 24 | AT33: 24
A34: 25 | J34: 25 | S34: 25 | AB34: 25 | AK34: 25 | AT34: 25
A35: 26 | J35: 26 | S35: 26 | AB35: 26 | AK35: 26 | AT35: 26
A36: 27 | J36: 27 | S36: 27 | AB36: 27 | AK36: 27 | AT36: 27
... A39: 30 | J39: 30 | S39: 30 | AB39: 30 | AK39: 30 | AT39: 30
A40: 總 計 | B40: =SUM(B25:E39) -> 0 | F40: =F39 -> 0 | G40: =G39 -> 0 | H40: =H39 -> 0 | J40: 總 計 | K40: =SUM(K25:N39) -> 0 | O40: =O39 -> 0 | P40: =P39 -> 0 | Q40: =Q39 -> 0 | S40: 總 計 | T40: =SUM(T25:W39) -> 0 | X40: =X39 -> 0 | Y40: =Y39 -> 0 | Z40: =Z39 -> 0 | AB40: 總 計 | AC40: =SUM(AC25:AF39) -> 0 | AG40: =AG39 -> 0 | AH40: =AH39 -> 0 | AI40: =AI39 -> 0 | AK40: 總 計 | AL40: =SUM(AL25:AO39) -> 0 | AP40: =AP39 -> 0 | AQ40: =AQ39 -> 0 | AR40: =AR39 -> 0 | AT40: 總 計 | AU40: =SUM(AU25:AX39) -> 0 | AY40: =AY39 -> 0 | AZ40: =AZ39 -> 0 | BA40: =BA39 -> 0
A41: 07:30~07:45 | J41: 07:30~07:45 | S41: 07:30~07:45 | AB41: 07:30~07:45 | AK41: 07:30~07:45 | AT41: 07:30~07:45
A42: 開始時刻 | B42: 停車在臨近車道上的車輛總數 | F42: 臨近車道上的流量 | J42: 開始時刻 | K42: 停車在臨近車道上的車輛總數 | O42: 臨近車道上的流量 | S42: 開始時刻 | T42: 停車在臨近車道上的車輛總數 | X42: 臨近車道上的流量 | AB42: 開始時刻 | AC42: 停車在臨近車道上的車輛總數 | AG42: 臨近車道上的流量 | AK42: 開始時刻 | AL42: 停車在臨近車道上的車輛總數 | AP42: 臨近車道上的流量 | AT42: 開始時刻 | AU42: 停車在臨近車道上的車輛總數 | AY42: 臨近車道上的流量
A43: 07:30 | B43: 0秒 | C43: 15秒 | D43: 30秒 | E43: 45秒 | F43: 總數 | G43: 未受阻 | H43: 受阻 | J43: 07:30 | K43: 0秒 | L43: 15秒 | M43: 30秒 | N43: 45秒 | O43: 總數 | P43: 未受阻 | Q43: 受阻 | S43: 07:30 | T43: 0秒 | U43: 15秒 | V43: 30秒 | W43: 45秒 | X43: 總數 | Y43: 未受阻 | Z43: 受阻 | AB43: 07:30 | AC43: 0秒 | AD43: 15秒 | AE43: 30秒 | AF43: 45秒 | AG43: 總數 | AH43: 未受阻 | AI43: 受阻 | AK43: 07:30 | AL43: 0秒 | AM43: 15秒 | AN43: 30秒 | AO43: 45秒 | AP43: 總數 | AQ43: 未受阻 | AR43: 受阻 | AT43: 07:30 | AU43: 0秒 | AV43: 15秒 | AW43: 30秒 | AX43: 45秒 | AY43: 總數 | AZ43: 未受阻 | BA43: 受阻
A44: 31 | J44: 31 | S44: 31 | AB44: 31 | AK44: 31 | AT44: 31
A45: 32 | J45: 32 | S45: 32 | AB45: 32 | AK45: 32 | AT45: 32
A46: 33 | J46: 33 | S46: 33 | AB46: 33 | AK46: 33 | AT46: 33
A47: 34 | J47: 34 | S47: 34 | AB47: 34 | AK47: 34 | AT47: 34
A48: 35 | J48: 35 | S48: 35 | AB48: 35 | AK48: 35 | AT48: 35
A49: 36 | J49: 36 | S49: 36 | AB49: 36 | AK49: 36 | AT49: 36
A50: 37 | J50: 37 | S50: 37 | AB50: 37 | AK50: 37 | AT50: 37
A51: 38 | J51: 38 | S51: 38 | AB51: 38 | AK51: 38 | AT51: 38
A52: 39 | J52: 39 | S52: 39 | AB52: 39 | AK52: 39 | AT52: 39
A53: 40 | J53: 40 | S53: 40 | AB53: 40 | AK53: 40 | AT53: 40
A54: 41 | J54: 41 | S54: 41 | AB54: 41 | AK54: 41 | AT54: 41
A55: 42 | J55: 42 | S55: 42 | AB55: 42 | AK55: 42 | AT55: 42
... A58: 45 | J58: 45 | S58: 45 | AB58: 45 | AK58: 45 | AT58: 45
A59: 總 計 | B59: =SUM(B44:E58) -> 0 | F59: =F58 -> 0 | G59: =G58 -> 0 | H59: =H58 -> 0 | J59: 總 計 | K59: =SUM(K44:N58) -> 0 | O59: =O58 -> 0 | P59: =P58 -> 0 | Q59: =Q58 -> 0 | S59: 總 計 | T59: =SUM(T44:W58) -> 0 | X59: =X58 -> 0 | Y59: =Y58 -> 0 | Z59: =Z58 -> 0 | AB59: 總 計 | AC59: =SUM(AC44:AF58) -> 0 | AG59: =AG58 -> 0 | AH59: =AH58 -> 0 | AI59: =AI58 -> 0 | AK59: 總 計 | AL59: =SUM(AL44:AO58) -> 0 | AP59: =AP58 -> 0 | AQ59: =AQ58 -> 0 | AR59: =AR58 -> 0 | AT59: 總 計 | AU59: =SUM(AU44:AX58) -> 0 | AY59: =AY58 -> 0 | AZ59: =AZ58 -> 0 | BA59: =BA58 -> 0
A60: 07:45~08:00 | J60: 07:45~08:00 | S60: 07:45~08:00 | AB60: 07:45~08:00 | AK60: 07:45~08:00 | AT60: 07:45~08:00
A61: 開始時刻 | B61: 停車在臨近車道上的車輛總數 | F61: 臨近車道上的流量 | J61: 開始時刻 | K61: 停車在臨近車道上的車輛總數 | O61: 臨近車道上的流量 | S61: 開始時刻 | T61: 停車在臨近車道上的車輛總數 | X61: 臨近車道上的流量 | AB61: 開始時刻 | AC61: 停車在臨近車道上的車輛總數 | AG61: 臨近車道上的流量 | AK61: 開始時刻 | AL61: 停車在臨近車道上的車輛總數 | AP61: 臨近車道上的流量 | AT61: 開始時刻 | AU61: 停車在臨近車道上的車輛總數 | AY61: 臨近車道上的流量
A62: 07:45 | B62: 0秒 | C62: 15秒 | D62: 30秒 | E62: 45秒 | F62: 總數 | G62: 未受阻 | H62: 受阻 | J62: 07:45 | K62: 0秒 | L62: 15秒 | M62: 30秒 | N62: 45秒 | O62: 總數 | P62: 未受阻 | Q62: 受阻 | S62: 07:45 | T62: 0秒 | U62: 15秒 | V62: 30秒 | W62: 45秒 | X62: 總數 | Y62: 未受阻 | Z62: 受阻 | AB62: 07:45 | AC62: 0秒 | AD62: 15秒 | AE62: 30秒 | AF62: 45秒 | AG62: 總數 | AH62: 未受阻 | AI62: 受阻 | AK62: 07:45 | AL62: 0秒 | AM62: 15秒 | AN62: 30秒 | AO62: 45秒 | AP62: 總數 | AQ62: 未受阻 | AR62: 受阻 | AT62: 07:45 | AU62: 0秒 | AV62: 15秒 | AW62: 30秒 | AX62: 45秒 | AY62: 總數 | AZ62: 未受阻 | BA62: 受阻
A63: 46 | J63: 46 | S63: 46 | AB63: 46 | AK63: 46 | AT63: 46
A64: 47 | J64: 47 | S64: 47 | AB64: 47 | AK64: 47 | AT64: 47
A65: 48 | J65: 48 | S65: 48 | AB65: 48 | AK65: 48 | AT65: 48
A66: 49 | J66: 49 | S66: 49 | AB66: 49 | AK66: 49 | AT66: 49
A67: 50 | J67: 50 | S67: 50 | AB67: 50 | AK67: 50 | AT67: 50
A68: 51 | J68: 51 | S68: 51 | AB68: 51 | AK68: 51 | AT68: 51
A69: 52 | J69: 52 | S69: 52 | AB69: 52 | AK69: 52 | AT69: 52
A70: 53 | J70: 53 | S70: 53 | AB70: 53 | AK70: 53 | AT70: 53
A71: 54 | J71: 54 | S71: 54 | AB71: 54 | AK71: 54 | AT71: 54
A72: 55 | J72: 55 | S72: 55 | AB72: 55 | AK72: 55 | AT72: 55
A73: 56 | J73: 56 | S73: 56 | AB73: 56 | AK73: 56 | AT73: 56
A74: 57 | J74: 57 | S74: 57 | AB74: 57 | AK74: 57 | AT74: 57
... A77: 60 | J77: 60 | S77: 60 | AB77: 60 | AK77: 60 | AT77: 60
A78: 總 計 | B78: =SUM(B63:E77) -> 0 | F78: =F77 -> 0 | G78: =G77 -> 0 | H78: =H77 -> 0 | J78: 總 計 | K78: =SUM(K63:N77) -> 0 | O78: =O77 -> 0 | P78: =P77 -> 0 | Q78: =Q77 -> 0 | S78: 總 計 | T78: =SUM(T63:W77) -> 0 | X78: =X77 -> 0 | Y78: =Y77 -> 0 | Z78: =Z77 -> 0 | AB78: 總 計 | AC78: =SUM(AC63:AF77) -> 0 | AG78: =AG77 -> 0 | AH78: =AH77 -> 0 | AI78: =AI77 -> 0 | AK78: 總 計 | AL78: =SUM(AL63:AO77) -> 0 | AP78: =AP77 -> 0 | AQ78: =AQ77 -> 0 | AR78: =AR77 -> 0 | AT78: 總 計 | AU78: =SUM(AU63:AX77) -> 0 | AY78: =AY77 -> 0 | AZ78: =AZ77 -> 0 | BA78: =BA77 -> 0
A79: 08:00~08:15 | J79: 08:00~08:15 | S79: 08:00~08:15 | AB79: 08:00~08:15 | AK79: 08:00~08:15 | AT79: 08:00~08:15
A80: 開始時刻 | B80: 停車在臨近車道上的車輛總數 | F80: 臨近車道上的流量 | J80: 開始時刻 | K80: 停車在臨近車道上的車輛總數 | O80: 臨近車道上的流量 | S80: 開始時刻 | T80: 停車在臨近車道上的車輛總數 | X80: 臨近車道上的流量 | AB80: 開始時刻 | AC80: 停車在臨近車道上的車輛總數 | AG80: 臨近車道上的流量 | AK80: 開始時刻 | AL80: 停車在臨近車道上的車輛總數 | AP80: 臨近車道上的流量 | AT80: 開始時刻 | AU80: 停車在臨近車道上的車輛總數 | AY80: 臨近車道上的流量
A81: 08:00 | B81: 0秒 | C81: 15秒 | D81: 30秒 | E81: 45秒 | F81: 總數 | G81: 未受阻 | H81: 受阻 | J81: 08:00 | K81: 0秒 | L81: 15秒 | M81: 30秒 | N81: 45秒 | O81: 總數 | P81: 未受阻 | Q81: 受阻 | S81: 08:00 | T81: 0秒 | U81: 15秒 | V81: 30秒 | W81: 45秒 | X81: 總數 | Y81: 未受阻 | Z81: 受阻 | AB81: 08:00 | AC81: 0秒 | AD81: 15秒 | AE81: 30秒 | AF81: 45秒 | AG81: 總數 | AH81: 未受阻 | AI81: 受阻 | AK81: 08:00 | AL81: 0秒 | AM81: 15秒 | AN81: 30秒 | AO81: 45秒 | AP81: 總數 | AQ81: 未受阻 | AR81: 受阻 | AT81: 08:00 | AU81: 0秒 | AV81: 15秒 | AW81: 30秒 | AX81: 45秒 | AY81: 總數 | AZ81: 未受阻 | BA81: 受阻
A82: 1 | J82: 1 | S82: 1 | AB82: 1 | AK82: 1 | AT82: 1
A83: 2 | J83: 2 | S83: 2 | AB83: 2 | AK83: 2 | AT83: 2
A84: 3 | J84: 3 | S84: 3 | AB84: 3 | AK84: 3 | AT84: 3
A85: 4 | J85: 4 | S85: 4 | AB85: 4 | AK85: 4 | AT85: 4
A86: 5 | J86: 5 | S86: 5 | AB86: 5 | AK86: 5 | AT86: 5
A87: 6 | J87: 6 | S87: 6 | AB87: 6 | AK87: 6 | AT87: 6
A88: 7 | J88: 7 | S88: 7 | AB88: 7 | AK88: 7 | AT88: 7
A89: 8 | J89: 8 | S89: 8 | AB89: 8 | AK89: 8 | AT89: 8
A90: 9 | J90: 9 | S90: 9 | AB90: 9 | AK90: 9 | AT90: 9
A91: 10 | J91: 10 | S91: 10 | AB91: 10 | AK91: 10 | AT91: 10
A92: 11 | J92: 11 | S92: 11 | AB92: 11 | AK92: 11 | AT92: 11
A93: 12 | J93: 12 | S93: 12 | AB93: 12 | AK93: 12 | AT93: 12
... A96: 15 | J96: 15 | S96: 15 | AB96: 15 | AK96: 15 | AT96: 15
A97: 總 計 | B97: =SUM(B82:E96) -> 0 | F97: =F96 -> 0 | G97: =G96 -> 0 | H97: =H96 -> 0 | J97: 總 計 | K97: =SUM(K82:N96) -> 0 | O97: =O96 -> 0 | P97: =P96 -> 0 | Q97: =Q96 -> 0 | S97: 總 計 | T97: =SUM(T82:W96) -> 0 | X97: =X96 -> 0 | Y97: =Y96 -> 0 | Z97: =Z96 -> 0 | AB97: 總 計 | AC97: =SUM(AC82:AF96) -> 0 | AG97: =AG96 -> 0 | AH97: =AH96 -> 0 | AI97: =AI96 -> 0 | AK97: 總 計 | AL97: =SUM(AL82:AO96) -> 0 | AP97: =AP96 -> 0 | AQ97: =AQ96 -> 0 | AR97: =AR96 -> 0 | AT97: 總 計 | AU97: =SUM(AU82:AX96) -> 0 | AY97: =AY96 -> 0 | AZ97: =AZ96 -> 0 | BA97: =BA96 -> 0
A98: 08:15~08:30 | J98: 08:15~08:30 | S98: 08:15~08:30 | AB98: 08:15~08:30 | AK98: 08:15~08:30 | AT98: 08:15~08:30
A99: 開始時刻 | B99: 停車在臨近車道上的車輛總數 | F99: 臨近車道上的流量 | J99: 開始時刻 | K99: 停車在臨近車道上的車輛總數 | O99: 臨近車道上的流量 | S99: 開始時刻 | T99: 停車在臨近車道上的車輛總數 | X99: 臨近車道上的流量 | AB99: 開始時刻 | AC99: 停車在臨近車道上的車輛總數 | AG99: 臨近車道上的流量 | AK99: 開始時刻 | AL99: 停車在臨近車道上的車輛總數 | AP99: 臨近車道上的流量 | AT99: 開始時刻 | AU99: 停車在臨近車道上的車輛總數 | AY99: 臨近車道上的流量
A100: 08:15 | B100: 0秒 | C100: 15秒 | D100: 30秒 | E100: 45秒 | F100: 總數 | G100: 未受阻 | H100: 受阻 | J100: 08:15 | K100: 0秒 | L100: 15秒 | M100: 30秒 | N100: 45秒 | O100: 總數 | P100: 未受阻 | Q100: 受阻 | S100: 08:15 | T100: 0秒 | U100: 15秒 | V100: 30秒 | W100: 45秒 | X100: 總數 | Y100: 未受阻 | Z100: 受阻 | AB100: 08:15 | AC100: 0秒 | AD100: 15秒 | AE100: 30秒 | AF100: 45秒 | AG100: 總數 | AH100: 未受阻 | AI100: 受阻 | AK100: 08:15 | AL100: 0秒 | AM100: 15秒 | AN100: 30秒 | AO100: 45秒 | AP100: 總數 | AQ100: 未受阻 | AR100: 受阻 | AT100: 08:15 | AU100: 0秒 | AV100: 15秒 | AW100: 30秒 | AX100: 45秒 | AY100: 總數 | AZ100: 未受阻 | BA100: 受阻
A101: 16 | J101: 16 | S101: 16 | AB101: 16 | AK101: 16 | AT101: 16
A102: 17 | J102: 17 | S102: 17 | AB102: 17 | AK102: 17 | AT102: 17
A103: 18 | J103: 18 | S103: 18 | AB103: 18 | AK103: 18 | AT103: 18
A104: 19 | J104: 19 | S104: 19 | AB104: 19 | AK104: 19 | AT104: 19
A105: 20 | J105: 20 | S105: 20 | AB105: 20 | AK105: 20 | AT105: 20
A106: 21 | J106: 21 | S106: 21 | AB106: 21 | AK106: 21 | AT106: 21
A107: 22 | J107: 22 | S107: 22 | AB107: 22 | AK107: 22 | AT107: 22
A108: 23 | J108: 23 | S108: 23 | AB108: 23 | AK108: 23 | AT108: 23
A109: 24 | J109: 24 | S109: 24 | AB109: 24 | AK109: 24 | AT109: 24
A110: 25 | J110: 25 | S110: 25 | AB110: 25 | AK110: 25 | AT110: 25
...

Sheet 平日中午(11-13)
A1: =基本資料!$D$11 -> 平日中午(11-13) | J1: =基本資料!$D$11 -> 平日中午(11-13) | S1: =基本資料!$D$11 -> 平日中午(11-13) | AB1: =基本資料!$D$11 -> 平日中午(11-13) | AK1: =基本資料!$D$11 -> 平日中午(11-13) | AT1: =基本資料!$D$11 -> 平日中午(11-13)
A2: =CONCATENATE(基本資料!B18,"方向：",基本資料!B19,基本資料!B20) -> A方向： | J2: =CONCATENATE(基本資料!C18,"方向：",基本資料!C19,基本資料!C20) -> B方向： | S2: =CONCATENATE(基本資料!D18,"方向：",基本資料!D19,基本資料!D20) -> C方向： | AB2: =CONCATENATE(基本資料!E18,"方向：",基本資料!E19,基本資料!E20) -> D方向： | AK2: =CONCATENATE(基本資料!F18,"方向：",基本資料!F19,基本資料!F20) -> E方向： | AT2: =CONCATENATE(基本資料!G18,"方向：",基本資料!G19,基本資料!G20) -> F方向：
A3: 11:00~11:15 | J3: 11:00~11:15 | S3: 11:00~11:15 | AB3: 11:00~11:15 | AK3: 11:00~11:15 | AT3: 11:00~11:15
A4: 開始時刻 | B4: 停車在臨近車道上的車輛總數 | F4: 臨近車道上的流量 | J4: 開始時刻 | K4: 停車在臨近車道上的車輛總數 | O4: 臨近車道上的流量 | S4: 開始時刻 | T4: 停車在臨近車道上的車輛總數 | X4: 臨近車道上的流量 | AB4: 開始時刻 | AC4: 停車在臨近車道上的車輛總數 | AG4: 臨近車道上的流量 | AK4: 開始時刻 | AL4: 停車在臨近車道上的車輛總數 | AP4: 臨近車道上的流量 | AT4: 開始時刻 | AU4: 停車在臨近車道上的車輛總數 | AY4: 臨近車道上的流量
A5: 0.45833333 | B5: 0秒 | C5: 15秒 | D5: 30秒 | E5: 45秒 | F5: 總數 | G5: 未受阻 | H5: 受阻 | J5: 0.45833333 | K5: 0秒 | L5: 15秒 | M5: 30秒 | N5: 45秒 | O5: 總數 | P5: 未受阻 | Q5: 受阻 | S5: 0.45833333 | T5: 0秒 | U5: 15秒 | V5: 30秒 | W5: 45秒 | X5: 總數 | Y5: 未受阻 | Z5: 受阻 | AB5: 0.45833333 | AC5: 0秒 | AD5: 15秒 | AE5: 30秒 | AF5: 45秒 | AG5: 總數 | AH5: 未受阻 | AI5: 受阻 | AK5: 0.45833333 | AL5: 0秒 | AM5: 15秒 | AN5: 30秒 | AO5: 45秒 | AP5: 總數 | AQ5: 未受阻 | AR5: 受阻 | AT5: 0.45833333 | AU5: 0秒 | AV5: 15秒 | AW5: 30秒 | AX5: 45秒 | AY5: 總數 | AZ5: 未受阻 | BA5: 受阻
A6: 1 | J6: 1 | S6: 1 | AB6: 1 | AK6: 1 | AT6: 1
A7: 2 | J7: 2 | S7: 2 | AB7: 2 | AK7: 2 | AT7: 2
A8: 3 | J8: 3 | S8: 3 | AB8: 3 | AK8: 3 | AT8: 3
A9: 4 | J9: 4 | S9: 4 | AB9: 4 | AK9: 4 | AT9: 4
A10: 5 | J10: 5 | S10: 5 | AB10: 5 | AK10: 5 | AT10: 5
A11: 6 | J11: 6 | S11: 6 | AB11: 6 | AK11: 6 | AT11: 6
A12: 7 | J12: 7 | S12: 7 | AB12: 7 | AK12: 7 | AT12: 7
A13: 8 | J13: 8 | S13: 8 | AB13: 8 | AK13: 8 | AT13: 8
A14: 9 | J14: 9 | S14: 9 | AB14: 9 | AK14: 9 | AT14: 9
A15: 10 | J15: 10 | S15: 10 | AB15: 10 | AK15: 10 | AT15: 10
A16: 11 | J16: 11 | S16: 11 | AB16: 11 | AK16: 11 | AT16: 11
A17: 12 | J17: 12 | S17: 12 | AB17: 12 | AK17: 12 | AT17: 12
... A20: 15 | J20: 15 | S20: 15 | AB20: 15 | AK20: 15 | AT20: 15
A21: 總 計 | B21: =SUM(B6:E20) -> 0 | F21: =F20 -> 0 | G21: =G20 -> 0 | H21: =H20 -> 0 | J21: 總 計 | K21: =SUM(K6:N20) -> 0 | O21: =O20 -> 0 | P21: =P20 -> 0 | Q21: =Q20 -> 0 | S21: 總 計 | T21: =SUM(T6:W20) -> 0 | X21: =X20 -> 0 | Y21: =Y20 -> 0 | Z21: =Z20 -> 0 | AB21: 總 計 | AC21: =SUM(AC6:AF20) -> 0 | AG21: =AG20 -> 0 | AH21: =AH20 -> 0 | AI21: =AI20 -> 0 | AK21: 總 計 | AL21: =SUM(AL6:AO20) -> 0 | AP21: =AP20 -> 0 | AQ21: =AQ20 -> 0 | AR21: =AR20 -> 0 | AT21: 總 計 | AU21: =SUM(AU6:AX20) -> 0 | AY21: =AY20 -> 0 | AZ21: =AZ20 -> 0 | BA21: =BA20 -> 0
A22: 11:15~11:30 | J22: 11:15~11:30 | S22: 11:15~11:30 | AB22: 11:15~11:30 | AK22: 11:15~11:30 | AT22: 11:15~11:30
A23: 開始時刻 | B23: 停車在臨近車道上的車輛總數 | F23: 臨近車道上的流量 | J23: 開始時刻 | K23: 停車在臨近車道上的車輛總數 | O23: 臨近車道上的流量 | S23: 開始時刻 | T23: 停車在臨近車道上的車輛總數 | X23: 臨近車道上的流量 | AB23: 開始時刻 | AC23: 停車在臨近車道上的車輛總數 | AG23: 臨近車道上的流量 | AK23: 開始時刻 | AL23: 停車在臨近車道上的車輛總數 | AP23: 臨近車道上的流量 | AT23: 開始時刻 | AU23: 停車在臨近車道上的車輛總數 | AY23: 臨近車道上的流量
A24: 0.46875 | B24: 0秒 | C24: 15秒 | D24: 30秒 | E24: 45秒 | F24: 總數 | G24: 未受阻 | H24: 受阻 | J24: 0.46875 | K24: 0秒 | L24: 15秒 | M24: 30秒 | N24: 45秒 | O24: 總數 | P24: 未受阻 | Q24: 受阻 | S24: 0.46875 | T24: 0秒 | U24: 15秒 | V24: 30秒 | W24: 45秒 | X24: 總數 | Y24: 未受阻 | Z24: 受阻 | AB24: 0.46875 | AC24: 0秒 | AD24: 15秒 | AE24: 30秒 | AF24: 45秒 | AG24: 總數 | AH24: 未受阻 | AI24: 受阻 | AK24: 0.46875 | AL24: 0秒 | AM24: 15秒 | AN24: 30秒 | AO24: 45秒 | AP24: 總數 | AQ24: 未受阻 | AR24: 受阻 | AT24: 0.46875 | AU24: 0秒 | AV24: 15秒 | AW24: 30秒 | AX24: 45秒 | AY24: 總數 | AZ24: 未受阻 | BA24: 受阻
A25: 16 | J25: 16 | S25: 16 | AB25: 16 | AK25: 16 | AT25: 16
A26: 17 | J26: 17 | S26: 17 | AB26: 17 | AK26: 17 | AT26: 17
A27: 18 | J27: 18 | S27: 18 | AB27: 18 | AK27: 18 | AT27: 18
A28: 19 | J28: 19 | S28: 19 | AB28: 19 | AK28: 19 | AT28: 19
A29: 20 | J29: 20 | S29: 20 | AB29: 20 | AK29: 20 | AT29: 20
A30: 21 | J30: 21 | S30: 21 | AB30: 21 | AK30: 21 | AT30: 21
A31: 22 | J31: 22 | S31: 22 | AB31: 22 | AK31: 22 | AT31: 22
A32: 23 | J32: 23 | S32: 23 | AB32: 23 | AK32: 23 | AT32: 23
A33: 24 | J33: 24 | S33: 24 | AB33: 24 | AK33: 24 | AT33: 24
A34: 25 | J34: 25 | S34: 25 | AB34: 25 | AK34: 25 | AT34: 25
A35: 26 | J35: 26 | S35: 26 | AB35: 26 | AK35: 26 | AT35: 26
A36: 27 | J36: 27 | S36: 27 | AB36: 27 | AK36: 27 | AT36: 27
... A39: 30 | J39: 30 | S39: 30 | AB39: 30 | AK39: 30 | AT39: 30
A40: 總 計 | B40: =SUM(B25:E39) -> 0 | F40: =F39 -> 0 | G40: =G39 -> 0 | H40: =H39 -> 0 | J40: 總 計 | K40: =SUM(K25:N39) -> 0 | O40: =O39 -> 0 | P40: =P39 -> 0 | Q40: =Q39 -> 0 | S40: 總 計 | T40: =SUM(T25:W39) -> 0 | X40: =X39 -> 0 | Y40: =Y39 -> 0 | Z40: =Z39 -> 0 | AB40: 總 計 | AC40: =SUM(AC25:AF39) -> 0 | AG40: =AG39 -> 0 | AH40: =AH39 -> 0 | AI40: =AI39 -> 0 | AK40: 總 計 | AL40: =SUM(AL25:AO39) -> 0 | AP40: =AP39 -> 0 | AQ40: =AQ39 -> 0 | AR40: =AR39 -> 0 | AT40: 總 計 | AU40: =SUM(AU25:AX39) -> 0 | AY40: =AY39 -> 0 | AZ40: =AZ39 -> 0 | BA40: =BA39 -> 0
A41: 11:30~11:45 | J41: 11:30~11:45 | S41: 11:30~11:45 | AB41: 11:30~11:45 | AK41: 11:30~11:45 | AT41: 11:30~11:45
A42: 開始時刻 | B42: 停車在臨近車道上的車輛總數 | F42: 臨近車道上的流量 | J42: 開始時刻 | K42: 停車在臨近車道上的車輛總數 | O42: 臨近車道上的流量 | S42: 開始時刻 | T42: 停車在臨近車道上的車輛總數 | X42: 臨近車道上的流量 | AB42: 開始時刻 | AC42: 停車在臨近車道上的車輛總數 | AG42: 臨近車道上的流量 | AK42: 開始時刻 | AL42: 停車在臨近車道上的車輛總數 | AP42: 臨近車道上的流量 | AT42: 開始時刻 | AU42: 停車在臨近車道上的車輛總數 | AY42: 臨近車道上的流量
A43: 0.47916667 | B43: 0秒 | C43: 15秒 | D43: 30秒 | E43: 45秒 | F43: 總數 | G43: 未受阻 | H43: 受阻 | J43: 0.47916667 | K43: 0秒 | L43: 15秒 | M43: 30秒 | N43: 45秒 | O43: 總數 | P43: 未受阻 | Q43: 受阻 | S43: 0.47916667 | T43: 0秒 | U43: 15秒 | V43: 30秒 | W43: 45秒 | X43: 總數 | Y43: 未受阻 | Z43: 受阻 | AB43: 0.47916667 | AC43: 0秒 | AD43: 15秒 | AE43: 30秒 | AF43: 45秒 | AG43: 總數 | AH43: 未受阻 | AI43: 受阻 | AK43: 0.47916667 | AL43: 0秒 | AM43: 15秒 | AN43: 30秒 | AO43: 45秒 | AP43: 總數 | AQ43: 未受阻 | AR43: 受阻 | AT43: 0.47916667 | AU43: 0秒 | AV43: 15秒 | AW43: 30秒 | AX43: 45秒 | AY43: 總數 | AZ43: 未受阻 | BA43: 受阻
A44: 31 | J44: 31 | S44: 31 | AB44: 31 | AK44: 31 | AT44: 31
A45: 32 | J45: 32 | S45: 32 | AB45: 32 | AK45: 32 | AT45: 32
A46: 33 | J46: 33 | S46: 33 | AB46: 33 | AK46: 33 | AT46: 33
A47: 34 | J47: 34 | S47: 34 | AB47: 34 | AK47: 34 | AT47: 34
A48: 35 | J48: 35 | S48: 35 | AB48: 35 | AK48: 35 | AT48: 35
A49: 36 | J49: 36 | S49: 36 | AB49: 36 | AK49: 36 | AT49: 36
A50: 37 | J50: 37 | S50: 37 | AB50: 37 | AK50: 37 | AT50: 37
A51: 38 | J51: 38 | S51: 38 | AB51: 38 | AK51: 38 | AT51: 38
A52: 39 | J52: 39 | S52: 39 | AB52: 39 | AK52: 39 | AT52: 39
A53: 40 | J53: 40 | S53: 40 | AB53: 40 | AK53: 40 | AT53: 40
A54: 41 | J54: 41 | S54: 41 | AB54: 41 | AK54: 41 | AT54: 41
A55: 42 | J55: 42 | S55: 42 | AB55: 42 | AK55: 42 | AT55: 42
... A58: 45 | J58: 45 | S58: 45 | AB58: 45 | AK58: 45 | AT58: 45
A59: 總 計 | B59: =SUM(B44:E58) -> 0 | F59: =F58 -> 0 | G59: =G58 -> 0 | H59: =H58 -> 0 | J59: 總 計 | K59: =SUM(K44:N58) -> 0 | O59: =O58 -> 0 | P59: =P58 -> 0 | Q59: =Q58 -> 0 | S59: 總 計 | T59: =SUM(T44:W58) -> 0 | X59: =X58 -> 0 | Y59: =Y58 -> 0 | Z59: =Z58 -> 0 | AB59: 總 計 | AC59: =SUM(AC44:AF58) -> 0 | AG59: =AG58 -> 0 | AH59: =AH58 -> 0 | AI59: =AI58 -> 0 | AK59: 總 計 | AL59: =SUM(AL44:AO58) -> 0 | AP59: =AP58 -> 0 | AQ59: =AQ58 -> 0 | AR59: =AR58 -> 0 | AT59: 總 計 | AU59: =SUM(AU44:AX58) -> 0 | AY59: =AY58 -> 0 | AZ59: =AZ58 -> 0 | BA59: =BA58 -> 0
A60: 11:45~12:00 | J60: 11:45~12:00 | S60: 11:45~12:00 | AB60: 11:45~12:00 | AK60: 11:45~12:00 | AT60: 11:45~12:00
A61: 開始時刻 | B61: 停車在臨近車道上的車輛總數 | F61: 臨近車道上的流量 | J61: 開始時刻 | K61: 停車在臨近車道上的車輛總數 | O61: 臨近車道上的流量 | S61: 開始時刻 | T61: 停車在臨近車道上的車輛總數 | X61: 臨近車道上的流量 | AB61: 開始時刻 | AC61: 停車在臨近車道上的車輛總數 | AG61: 臨近車道上的流量 | AK61: 開始時刻 | AL61: 停車在臨近車道上的車輛總數 | AP61: 臨近車道上的流量 | AT61: 開始時刻 | AU61: 停車在臨近車道上的車輛總數 | AY61: 臨近車道上的流量
A62: 0.48958333 | B62: 0秒 | C62: 15秒 | D62: 30秒 | E62: 45秒 | F62: 總數 | G62: 未受阻 | H62: 受阻 | J62: 0.48958333 | K62: 0秒 | L62: 15秒 | M62: 30秒 | N62: 45秒 | O62: 總數 | P62: 未受阻 | Q62: 受阻 | S62: 0.48958333 | T62: 0秒 | U62: 15秒 | V62: 30秒 | W62: 45秒 | X62: 總數 | Y62: 未受阻 | Z62: 受阻 | AB62: 0.48958333 | AC62: 0秒 | AD62: 15秒 | AE62: 30秒 | AF62: 45秒 | AG62: 總數 | AH62: 未受阻 | AI62: 受阻 | AK62: 0.48958333 | AL62: 0秒 | AM62: 15秒 | AN62: 30秒 | AO62: 45秒 | AP62: 總數 | AQ62: 未受阻 | AR62: 受阻 | AT62: 0.48958333 | AU62: 0秒 | AV62: 15秒 | AW62: 30秒 | AX62: 45秒 | AY62: 總數 | AZ62: 未受阻 | BA62: 受阻
A63: 46 | J63: 46 | S63: 46 | AB63: 46 | AK63: 46 | AT63: 46
A64: 47 | J64: 47 | S64: 47 | AB64: 47 | AK64: 47 | AT64: 47
A65: 48 | J65: 48 | S65: 48 | AB65: 48 | AK65: 48 | AT65: 48
A66: 49 | J66: 49 | S66: 49 | AB66: 49 | AK66: 49 | AT66: 49
A67: 50 | J67: 50 | S67: 50 | AB67: 50 | AK67: 50 | AT67: 50
A68: 51 | J68: 51 | S68: 51 | AB68: 51 | AK68: 51 | AT68: 51
A69: 52 | J69: 52 | S69: 52 | AB69: 52 | AK69: 52 | AT69: 52
A70: 53 | J70: 53 | S70: 53 | AB70: 53 | AK70: 53 | AT70: 53
A71: 54 | J71: 54 | S71: 54 | AB71: 54 | AK71: 54 | AT71: 54
A72: 55 | J72: 55 | S72: 55 | AB72: 55 | AK72: 55 | AT72: 55
A73: 56 | J73: 56 | S73: 56 | AB73: 56 | AK73: 56 | AT73: 56
A74: 57 | J74: 57 | S74: 57 | AB74: 57 | AK74: 57 | AT74: 57
... A77: 60 | J77: 60 | S77: 60 | AB77: 60 | AK77: 60 | AT77: 60
A78: 總 計 | B78: =SUM(B63:E77) -> 0 | F78: =F77 -> 0 | G78: =G77 -> 0 | H78: =H77 -> 0 | J78: 總 計 | K78: =SUM(K63:N77) -> 0 | O78: =O77 -> 0 | P78: =P77 -> 0 | Q78: =Q77 -> 0 | S78: 總 計 | T78: =SUM(T63:W77) -> 0 | X78: =X77 -> 0 | Y78: =Y77 -> 0 | Z78: =Z77 -> 0 | AB78: 總 計 | AC78: =SUM(AC63:AF77) -> 0 | AG78: =AG77 -> 0 | AH78: =AH77 -> 0 | AI78: =AI77 -> 0 | AK78: 總 計 | AL78: =SUM(AL63:AO77) -> 0 | AP78: =AP77 -> 0 | AQ78: =AQ77 -> 0 | AR78: =AR77 -> 0 | AT78: 總 計 | AU78: =SUM(AU63:AX77) -> 0 | AY78: =AY77 -> 0 | AZ78: =AZ77 -> 0 | BA78: =BA77 -> 0
A79: 12:00~12:15 | J79: 12:00~12:15 | S79: 12:00~12:15 | AB79: 12:00~12:15 | AK79: 12:00~12:15 | AT79: 12:00~12:15
A80: 開始時刻 | B80: 停車在臨近車道上的車輛總數 | F80: 臨近車道上的流量 | J80: 開始時刻 | K80: 停車在臨近車道上的車輛總數 | O80: 臨近車道上的流量 | S80: 開始時刻 | T80: 停車在臨近車道上的車輛總數 | X80: 臨近車道上的流量 | AB80: 開始時刻 | AC80: 停車在臨近車道上的車輛總數 | AG80: 臨近車道上的流量 | AK80: 開始時刻 | AL80: 停車在臨近車道上的車輛總數 | AP80: 臨近車道上的流量 | AT80: 開始時刻 | AU80: 停車在臨近車道上的車輛總數 | AY80: 臨近車道上的流量
A81: 0.5 | B81: 0秒 | C81: 15秒 | D81: 30秒 | E81: 45秒 | F81: 總數 | G81: 未受阻 | H81: 受阻 | J81: 0.5 | K81: 0秒 | L81: 15秒 | M81: 30秒 | N81: 45秒 | O81: 總數 | P81: 未受阻 | Q81: 受阻 | S81: 0.5 | T81: 0秒 | U81: 15秒 | V81: 30秒 | W81: 45秒 | X81: 總數 | Y81: 未受阻 | Z81: 受阻 | AB81: 0.5 | AC81: 0秒 | AD81: 15秒 | AE81: 30秒 | AF81: 45秒 | AG81: 總數 | AH81: 未受阻 | AI81: 受阻 | AK81: 0.5 | AL81: 0秒 | AM81: 15秒 | AN81: 30秒 | AO81: 45秒 | AP81: 總數 | AQ81: 未受阻 | AR81: 受阻 | AT81: 0.5 | AU81: 0秒 | AV81: 15秒 | AW81: 30秒 | AX81: 45秒 | AY81: 總數 | AZ81: 未受阻 | BA81: 受阻
A82: 1 | J82: 1 | S82: 1 | AB82: 1 | AK82: 1 | AT82: 1
A83: 2 | J83: 2 | S83: 2 | AB83: 2 | AK83: 2 | AT83: 2
A84: 3 | J84: 3 | S84: 3 | AB84: 3 | AK84: 3 | AT84: 3
A85: 4 | J85: 4 | S85: 4 | AB85: 4 | AK85: 4 | AT85: 4
A86: 5 | J86: 5 | S86: 5 | AB86: 5 | AK86: 5 | AT86: 5
A87: 6 | J87: 6 | S87: 6 | AB87: 6 | AK87: 6 | AT87: 6
A88: 7 | J88: 7 | S88: 7 | AB88: 7 | AK88: 7 | AT88: 7
A89: 8 | J89: 8 | S89: 8 | AB89: 8 | AK89: 8 | AT89: 8
A90: 9 | J90: 9 | S90: 9 | AB90: 9 | AK90: 9 | AT90: 9
A91: 10 | J91: 10 | S91: 10 | AB91: 10 | AK91: 10 | AT91: 10
A92: 11 | J92: 11 | S92: 11 | AB92: 11 | AK92: 11 | AT92: 11
A93: 12 | J93: 12 | S93: 12 | AB93: 12 | AK93: 12 | AT93: 12
... A96: 15 | J96: 15 | S96: 15 | AB96: 15 | AK96: 15 | AT96: 15
A97: 總 計 | B97: =SUM(B82:E96) -> 0 | F97: =F96 -> 0 | G97: =G96 -> 0 | H97: =H96 -> 0 | J97: 總 計 | K97: =SUM(K82:N96) -> 0 | O97: =O96 -> 0 | P97: =P96 -> 0 | Q97: =Q96 -> 0 | S97: 總 計 | T97: =SUM(T82:W96) -> 0 | X97: =X96 -> 0 | Y97: =Y96 -> 0 | Z97: =Z96 -> 0 | AB97: 總 計 | AC97: =SUM(AC82:AF96) -> 0 | AG97: =AG96 -> 0 | AH97: =AH96 -> 0 | AI97: =AI96 -> 0 | AK97: 總 計 | AL97: =SUM(AL82:AO96) -> 0 | AP97: =AP96 -> 0 | AQ97: =AQ96 -> 0 | AR97: =AR96 -> 0 | AT97: 總 計 | AU97: =SUM(AU82:AX96) -> 0 | AY97: =AY96 -> 0 | AZ97: =AZ96 -> 0 | BA97: =BA96 -> 0
A98: 12:15~12:30 | J98: 12:15~12:30 | S98: 12:15~12:30 | AB98: 12:15~12:30 | AK98: 12:15~12:30 | AT98: 12:15~12:30
A99: 開始時刻 | B99: 停車在臨近車道上的車輛總數 | F99: 臨近車道上的流量 | J99: 開始時刻 | K99: 停車在臨近車道上的車輛總數 | O99: 臨近車道上的流量 | S99: 開始時刻 | T99: 停車在臨近車道上的車輛總數 | X99: 臨近車道上的流量 | AB99: 開始時刻 | AC99: 停車在臨近車道上的車輛總數 | AG99: 臨近車道上的流量 | AK99: 開始時刻 | AL99: 停車在臨近車道上的車輛總數 | AP99: 臨近車道上的流量 | AT99: 開始時刻 | AU99: 停車在臨近車道上的車輛總數 | AY99: 臨近車道上的流量
A100: 0.51041667 | B100: 0秒 | C100: 15秒 | D100: 30秒 | E100: 45秒 | F100: 總數 | G100: 未受阻 | H100: 受阻 | J100: 0.51041667 | K100: 0秒 | L100: 15秒 | M100: 30秒 | N100: 45秒 | O100: 總數 | P100: 未受阻 | Q100: 受阻 | S100: 0.51041667 | T100: 0秒 | U100: 15秒 | V100: 30秒 | W100: 45秒 | X100: 總數 | Y100: 未受阻 | Z100: 受阻 | AB100: 0.51041667 | AC100: 0秒 | AD100: 15秒 | AE100: 30秒 | AF100: 45秒 | AG100: 總數 | AH100: 未受阻 | AI100: 受阻 | AK100: 0.51041667 | AL100: 0秒 | AM100: 15秒 | AN100: 30秒 | AO100: 45秒 | AP100: 總數 | AQ100: 未受阻 | AR100: 受阻 | AT100: 0.51041667 | AU100: 0秒 | AV100: 15秒 | AW100: 30秒 | AX100: 45秒 | AY100: 總數 | AZ100: 未受阻 | BA100: 受阻
A101: 16 | J101: 16 | S101: 16 | AB101: 16 | AK101: 16 | AT101: 16
A102: 17 | J102: 17 | S102: 17 | AB102: 17 | AK102: 17 | AT102: 17
A103: 18 | J103: 18 | S103: 18 | AB103: 18 | AK103: 18 | AT103: 18
A104: 19 | J104: 19 | S104: 19 | AB104: 19 | AK104: 19 | AT104: 19
A105: 20 | J105: 20 | S105: 20 | AB105: 20 | AK105: 20 | AT105: 20
A106: 21 | J106: 21 | S106: 21 | AB106: 21 | AK106: 21 | AT106: 21
A107: 22 | J107: 22 | S107: 22 | AB107: 22 | AK107: 22 | AT107: 22
A108: 23 | J108: 23 | S108: 23 | AB108: 23 | AK108: 23 | AT108: 23
A109: 24 | J109: 24 | S109: 24 | AB109: 24 | AK109: 24 | AT109: 24
A110: 25 | J110: 25 | S110: 25 | AB110: 25 | AK110: 25 | AT110: 25
...

Sheet 平日中午(12-14)
A1: =基本資料!$E$11 -> 平日中午(12-14) | J1: =基本資料!$E$11 -> 平日中午(12-14) | S1: =基本資料!$E$11 -> 平日中午(12-14) | AB1: =基本資料!$E$11 -> 平日中午(12-14) | AK1: =基本資料!$E$11 -> 平日中午(12-14) | AT1: =基本資料!$E$11 -> 平日中午(12-14)
A2: =CONCATENATE(基本資料!B18,"方向：",基本資料!B19,基本資料!B20) -> A方向： | J2: =CONCATENATE(基本資料!C18,"方向：",基本資料!C19,基本資料!C20) -> B方向： | S2: =CONCATENATE(基本資料!D18,"方向：",基本資料!D19,基本資料!D20) -> C方向： | AB2: =CONCATENATE(基本資料!E18,"方向：",基本資料!E19,基本資料!E20) -> D方向： | AK2: =CONCATENATE(基本資料!F18,"方向：",基本資料!F19,基本資料!F20) -> E方向： | AT2: =CONCATENATE(基本資料!G18,"方向：",基本資料!G19,基本資料!G20) -> F方向：
A3: 12:00~12:15 | J3: 12:00~12:15 | S3: 12:00~12:15 | AB3: 12:00~12:15 | AK3: 12:00~12:15 | AT3: 12:00~12:15
A4: 開始時刻 | B4: 停車在臨近車道上的車輛總數 | F4: 臨近車道上的流量 | J4: 開始時刻 | K4: 停車在臨近車道上的車輛總數 | O4: 臨近車道上的流量 | S4: 開始時刻 | T4: 停車在臨近車道上的車輛總數 | X4: 臨近車道上的流量 | AB4: 開始時刻 | AC4: 停車在臨近車道上的車輛總數 | AG4: 臨近車道上的流量 | AK4: 開始時刻 | AL4: 停車在臨近車道上的車輛總數 | AP4: 臨近車道上的流量 | AT4: 開始時刻 | AU4: 停車在臨近車道上的車輛總數 | AY4: 臨近車道上的流量
A5: 0.5 | B5: 0秒 | C5: 15秒 | D5: 30秒 | E5: 45秒 | F5: 總數 | G5: 未受阻 | H5: 受阻 | J5: 0.5 | K5: 0秒 | L5: 15秒 | M5: 30秒 | N5: 45秒 | O5: 總數 | P5: 未受阻 | Q5: 受阻 | S5: 0.5 | T5: 0秒 | U5: 15秒 | V5: 30秒 | W5: 45秒 | X5: 總數 | Y5: 未受阻 | Z5: 受阻 | AB5: 0.5 | AC5: 0秒 | AD5: 15秒 | AE5: 30秒 | AF5: 45秒 | AG5: 總數 | AH5: 未受阻 | AI5: 受阻 | AK5: 0.5 | AL5: 0秒 | AM5: 15秒 | AN5: 30秒 | AO5: 45秒 | AP5: 總數 | AQ5: 未受阻 | AR5: 受阻 | AT5: 0.5 | AU5: 0秒 | AV5: 15秒 | AW5: 30秒 | AX5: 45秒 | AY5: 總數 | AZ5: 未受阻 | BA5: 受阻
A6: 1 | J6: 1 | S6: 1 | AB6: 1 | AK6: 1 | AT6: 1
A7: 2 | J7: 2 | S7: 2 | AB7: 2 | AK7: 2 | AT7: 2
A8: 3 | J8: 3 | S8: 3 | AB8: 3 | AK8: 3 | AT8: 3
A9: 4 | J9: 4 | S9: 4 | AB9: 4 | AK9: 4 | AT9: 4
A10: 5 | J10: 5 | S10: 5 | AB10: 5 | AK10: 5 | AT10: 5
A11: 6 | J11: 6 | S11: 6 | AB11: 6 | AK11: 6 | AT11: 6
A12: 7 | J12: 7 | S12: 7 | AB12: 7 | AK12: 7 | AT12: 7
A13: 8 | J13: 8 | S13: 8 | AB13: 8 | AK13: 8 | AT13: 8
A14: 9 | J14: 9 | S14: 9 | AB14: 9 | AK14: 9 | AT14: 9
A15: 10 | J15: 10 | S15: 10 | AB15: 10 | AK15: 10 | AT15: 10
A16: 11 | J16: 11 | S16: 11 | AB16: 11 | AK16: 11 | AT16: 11
A17: 12 | J17: 12 | S17: 12 | AB17: 12 | AK17: 12 | AT17: 12
... A20: 15 | J20: 15 | S20: 15 | AB20: 15 | AK20: 15 | AT20: 15
A21: 總 計 | B21: =SUM(B6:E20) -> 0 | F21: =F20 -> 0 | G21: =G20 -> 0 | H21: =H20 -> 0 | J21: 總 計 | K21: =SUM(K6:N20) -> 0 | O21: =O20 -> 0 | P21: =P20 -> 0 | Q21: =Q20 -> 0 | S21: 總 計 | T21: =SUM(T6:W20) -> 0 | X21: =X20 -> 0 | Y21: =Y20 -> 0 | Z21: =Z20 -> 0 | AB21: 總 計 | AC21: =SUM(AC6:AF20) -> 0 | AG21: =AG20 -> 0 | AH21: =AH20 -> 0 | AI21: =AI20 -> 0 | AK21: 總 計 | AL21: =SUM(AL6:AO20) -> 0 | AP21: =AP20 -> 0 | AQ21: =AQ20 -> 0 | AR21: =AR20 -> 0 | AT21: 總 計 | AU21: =SUM(AU6:AX20) -> 0 | AY21: =AY20 -> 0 | AZ21: =AZ20 -> 0 | BA21: =BA20 -> 0
A22: 12:15~12:30 | J22: 12:15~12:30 | S22: 12:15~12:30 | AB22: 12:15~12:30 | AK22: 12:15~12:30 | AT22: 12:15~12:30
A23: 開始時刻 | B23: 停車在臨近車道上的車輛總數 | F23: 臨近車道上的流量 | J23: 開始時刻 | K23: 停車在臨近車道上的車輛總數 | O23: 臨近車道上的流量 | S23: 開始時刻 | T23: 停車在臨近車道上的車輛總數 | X23: 臨近車道上的流量 | AB23: 開始時刻 | AC23: 停車在臨近車道上的車輛總數 | AG23: 臨近車道上的流量 | AK23: 開始時刻 | AL23: 停車在臨近車道上的車輛總數 | AP23: 臨近車道上的流量 | AT23: 開始時刻 | AU23: 停車在臨近車道上的車輛總數 | AY23: 臨近車道上的流量
A24: 0.51041667 | B24: 0秒 | C24: 15秒 | D24: 30秒 | E24: 45秒 | F24: 總數 | G24: 未受阻 | H24: 受阻 | J24: 0.51041667 | K24: 0秒 | L24: 15秒 | M24: 30秒 | N24: 45秒 | O24: 總數 | P24: 未受阻 | Q24: 受阻 | S24: 0.51041667 | T24: 0秒 | U24: 15秒 | V24: 30秒 | W24: 45秒 | X24: 總數 | Y24: 未受阻 | Z24: 受阻 | AB24: 0.51041667 | AC24: 0秒 | AD24: 15秒 | AE24: 30秒 | AF24: 45秒 | AG24: 總數 | AH24: 未受阻 | AI24: 受阻 | AK24: 0.51041667 | AL24: 0秒 | AM24: 15秒 | AN24: 30秒 | AO24: 45秒 | AP24: 總數 | AQ24: 未受阻 | AR24: 受阻 | AT24: 0.51041667 | AU24: 0秒 | AV24: 15秒 | AW24: 30秒 | AX24: 45秒 | AY24: 總數 | AZ24: 未受阻 | BA24: 受阻
A25: 16 | J25: 16 | S25: 16 | AB25: 16 | AK25: 16 | AT25: 16
A26: 17 | J26: 17 | S26: 17 | AB26: 17 | AK26: 17 | AT26: 17
A27: 18 | J27: 18 | S27: 18 | AB27: 18 | AK27: 18 | AT27: 18
A28: 19 | J28: 19 | S28: 19 | AB28: 19 | AK28: 19 | AT28: 19
A29: 20 | J29: 20 | S29: 20 | AB29: 20 | AK29: 20 | AT29: 20
A30: 21 | J30: 21 | S30: 21 | AB30: 21 | AK30: 21 | AT30: 21
A31: 22 | J31: 22 | S31: 22 | AB31: 22 | AK31: 22 | AT31: 22
A32: 23 | J32: 23 | S32: 23 | AB32: 23 | AK32: 23 | AT32: 23
A33: 24 | J33: 24 | S33: 24 | AB33: 24 | AK33: 24 | AT33: 24
A34: 25 | J34: 25 | S34: 25 | AB34: 25 | AK34: 25 | AT34: 25
A35: 26 | J35: 26 | S35: 26 | AB35: 26 | AK35: 26 | AT35: 26
A36: 27 | J36: 27 | S36: 27 | AB36: 27 | AK36: 27 | AT36: 27
... A39: 30 | J39: 30 | S39: 30 | AB39: 30 | AK39: 30 | AT39: 30
A40: 總 計 | B40: =SUM(B25:E39) -> 0 | F40: =F39 -> 0 | G40: =G39 -> 0 | H40: =H39 -> 0 | J40: 總 計 | K40: =SUM(K25:N39) -> 0 | O40: =O39 -> 0 | P40: =P39 -> 0 | Q40: =Q39 -> 0 | S40: 總 計 | T40: =SUM(T25:W39) -> 0 | X40: =X39 -> 0 | Y40: =Y39 -> 0 | Z40: =Z39 -> 0 | AB40: 總 計 | AC40: =SUM(AC25:AF39) -> 0 | AG40: =AG39 -> 0 | AH40: =AH39 -> 0 | AI40: =AI39 -> 0 | AK40: 總 計 | AL40: =SUM(AL25:AO39) -> 0 | AP40: =AP39 -> 0 | AQ40: =AQ39 -> 0 | AR40: =AR39 -> 0 | AT40: 總 計 | AU40: =SUM(AU25:AX39) -> 0 | AY40: =AY39 -> 0 | AZ40: =AZ39 -> 0 | BA40: =BA39 -> 0
A41: 12:30~12:45 | J41: 12:30~12:45 | S41: 12:30~12:45 | AB41: 12:30~12:45 | AK41: 12:30~12:45 | AT41: 12:30~12:45
A42: 開始時刻 | B42: 停車在臨近車道上的車輛總數 | F42: 臨近車道上的流量 | J42: 開始時刻 | K42: 停車在臨近車道上的車輛總數 | O42: 臨近車道上的流量 | S42: 開始時刻 | T42: 停車在臨近車道上的車輛總數 | X42: 臨近車道上的流量 | AB42: 開始時刻 | AC42: 停車在臨近車道上的車輛總數 | AG42: 臨近車道上的流量 | AK42: 開始時刻 | AL42: 停車在臨近車道上的車輛總數 | AP42: 臨近車道上的流量 | AT42: 開始時刻 | AU42: 停車在臨近車道上的車輛總數 | AY42: 臨近車道上的流量
A43: 0.52083333 | B43: 0秒 | C43: 15秒 | D43: 30秒 | E43: 45秒 | F43: 總數 | G43: 未受阻 | H43: 受阻 | J43: 0.52083333 | K43: 0秒 | L43: 15秒 | M43: 30秒 | N43: 45秒 | O43: 總數 | P43: 未受阻 | Q43: 受阻 | S43: 0.52083333 | T43: 0秒 | U43: 15秒 | V43: 30秒 | W43: 45秒 | X43: 總數 | Y43: 未受阻 | Z43: 受阻 | AB43: 0.52083333 | AC43: 0秒 | AD43: 15秒 | AE43: 30秒 | AF43: 45秒 | AG43: 總數 | AH43: 未受阻 | AI43: 受阻 | AK43: 0.52083333 | AL43: 0秒 | AM43: 15秒 | AN43: 30秒 | AO43: 45秒 | AP43: 總數 | AQ43: 未受阻 | AR43: 受阻 | AT43: 0.52083333 | AU43: 0秒 | AV43: 15秒 | AW43: 30秒 | AX43: 45秒 | AY43: 總數 | AZ43: 未受阻 | BA43: 受阻
A44: 31 | J44: 31 | S44: 31 | AB44: 31 | AK44: 31 | AT44: 31
A45: 32 | J45: 32 | S45: 32 | AB45: 32 | AK45: 32 | AT45: 32
A46: 33 | J46: 33 | S46: 33 | AB46: 33 | AK46: 33 | AT46: 33
A47: 34 | J47: 34 | S47: 34 | AB47: 34 | AK47: 34 | AT47: 34
A48: 35 | J48: 35 | S48: 35 | AB48: 35 | AK48: 35 | AT48: 35
A49: 36 | J49: 36 | S49: 36 | AB49: 36 | AK49: 36 | AT49: 36
A50: 37 | J50: 37 | S50: 37 | AB50: 37 | AK50: 37 | AT50: 37
A51: 38 | J51: 38 | S51: 38 | AB51: 38 | AK51: 38 | AT51: 38
A52: 39 | J52: 39 | S52: 39 | AB52: 39 | AK52: 39 | AT52: 39
A53: 40 | J53: 40 | S53: 40 | AB53: 40 | AK53: 40 | AT53: 40
A54: 41 | J54: 41 | S54: 41 | AB54: 41 | AK54: 41 | AT54: 41
A55: 42 | J55: 42 | S55: 42 | AB55: 42 | AK55: 42 | AT55: 42
... A58: 45 | J58: 45 | S58: 45 | AB58: 45 | AK58: 45 | AT58: 45
A59: 總 計 | B59: =SUM(B44:E58) -> 0 | F59: =F58 -> 0 | G59: =G58 -> 0 | H59: =H58 -> 0 | J59: 總 計 | K59: =SUM(K44:N58) -> 0 | O59: =O58 -> 0 | P59: =P58 -> 0 | Q59: =Q58 -> 0 | S59: 總 計 | T59: =SUM(T44:W58) -> 0 | X59: =X58 -> 0 | Y59: =Y58 -> 0 | Z59: =Z58 -> 0 | AB59: 總 計 | AC59: =SUM(AC44:AF58) -> 0 | AG59: =AG58 -> 0 | AH59: =AH58 -> 0 | AI59: =AI58 -> 0 | AK59: 總 計 | AL59: =SUM(AL44:AO58) -> 0 | AP59: =AP58 -> 0 | AQ59: =AQ58 -> 0 | AR59: =AR58 -> 0 | AT59: 總 計 | AU59: =SUM(AU44:AX58) -> 0 | AY59: =AY58 -> 0 | AZ59: =AZ58 -> 0 | BA59: =BA58 -> 0
A60: 12:45~13:00 | J60: 12:45~13:00 | S60: 12:45~13:00 | AB60: 12:45~13:00 | AK60: 12:45~13:00 | AT60: 12:45~13:00
A61: 開始時刻 | B61: 停車在臨近車道上的車輛總數 | F61: 臨近車道上的流量 | J61: 開始時刻 | K61: 停車在臨近車道上的車輛總數 | O61: 臨近車道上的流量 | S61: 開始時刻 | T61: 停車在臨近車道上的車輛總數 | X61: 臨近車道上的流量 | AB61: 開始時刻 | AC61: 停車在臨近車道上的車輛總數 | AG61: 臨近車道上的流量 | AK61: 開始時刻 | AL61: 停車在臨近車道上的車輛總數 | AP61: 臨近車道上的流量 | AT61: 開始時刻 | AU61: 停車在臨近車道上的車輛總數 | AY61: 臨近車道上的流量
A62: 0.53125 | B62: 0秒 | C62: 15秒 | D62: 30秒 | E62: 45秒 | F62: 總數 | G62: 未受阻 | H62: 受阻 | J62: 0.53125 | K62: 0秒 | L62: 15秒 | M62: 30秒 | N62: 45秒 | O62: 總數 | P62: 未受阻 | Q62: 受阻 | S62: 0.53125 | T62: 0秒 | U62: 15秒 | V62: 30秒 | W62: 45秒 | X62: 總數 | Y62: 未受阻 | Z62: 受阻 | AB62: 0.53125 | AC62: 0秒 | AD62: 15秒 | AE62: 30秒 | AF62: 45秒 | AG62: 總數 | AH62: 未受阻 | AI62: 受阻 | AK62: 0.53125 | AL62: 0秒 | AM62: 15秒 | AN62: 30秒 | AO62: 45秒 | AP62: 總數 | AQ62: 未受阻 | AR62: 受阻 | AT62: 0.53125 | AU62: 0秒 | AV62: 15秒 | AW62: 30秒 | AX62: 45秒 | AY62: 總數 | AZ62: 未受阻 | BA62: 受阻
A63: 46 | J63: 46 | S63: 46 | AB63: 46 | AK63: 46 | AT63: 46
A64: 47 | J64: 47 | S64: 47 | AB64: 47 | AK64: 47 | AT64: 47
A65: 48 | J65: 48 | S65: 48 | AB65: 48 | AK65: 48 | AT65: 48
A66: 49 | J66: 49 | S66: 49 | AB66: 49 | AK66: 49 | AT66: 49
A67: 50 | J67: 50 | S67: 50 | AB67: 50 | AK67: 50 | AT67: 50
A68: 51 | J68: 51 | S68: 51 | AB68: 51 | AK68: 51 | AT68: 51
A69: 52 | J69: 52 | S69: 52 | AB69: 52 | AK69: 52 | AT69: 52
A70: 53 | J70: 53 | S70: 53 | AB70: 53 | AK70: 53 | AT70: 53
A71: 54 | J71: 54 | S71: 54 | AB71: 54 | AK71: 54 | AT71: 54
A72: 55 | J72: 55 | S72: 55 | AB72: 55 | AK72: 55 | AT72: 55
A73: 56 | J73: 56 | S73: 56 | AB73: 56 | AK73: 56 | AT73: 56
A74: 57 | J74: 57 | S74: 57 | AB74: 57 | AK74: 57 | AT74: 57
... A77: 60 | J77: 60 | S77: 60 | AB77: 60 | AK77: 60 | AT77: 60
A78: 總 計 | B78: =SUM(B63:E77) -> 0 | F78: =F77 -> 0 | G78: =G77 -> 0 | H78: =H77 -> 0 | J78: 總 計 | K78: =SUM(K63:N77) -> 0 | O78: =O77 -> 0 | P78: =P77 -> 0 | Q78: =Q77 -> 0 | S78: 總 計 | T78: =SUM(T63:W77) -> 0 | X78: =X77 -> 0 | Y78: =Y77 -> 0 | Z78: =Z77 -> 0 | AB78: 總 計 | AC78: =SUM(AC63:AF77) -> 0 | AG78: =AG77 -> 0 | AH78: =AH77 -> 0 | AI78: =AI77 -> 0 | AK78: 總 計 | AL78: =SUM(AL63:AO77) -> 0 | AP78: =AP77 -> 0 | AQ78: =AQ77 -> 0 | AR78: =AR77 -> 0 | AT78: 總 計 | AU78: =SUM(AU63:AX77) -> 0 | AY78: =AY77 -> 0 | AZ78: =AZ77 -> 0 | BA78: =BA77 -> 0
A79: 13:00~13:15 | J79: 13:00~13:15 | S79: 13:00~13:15 | AB79: 13:00~13:15 | AK79: 13:00~13:15 | AT79: 13:00~13:15
A80: 開始時刻 | B80: 停車在臨近車道上的車輛總數 | F80: 臨近車道上的流量 | J80: 開始時刻 | K80: 停車在臨近車道上的車輛總數 | O80: 臨近車道上的流量 | S80: 開始時刻 | T80: 停車在臨近車道上的車輛總數 | X80: 臨近車道上的流量 | AB80: 開始時刻 | AC80: 停車在臨近車道上的車輛總數 | AG80: 臨近車道上的流量 | AK80: 開始時刻 | AL80: 停車在臨近車道上的車輛總數 | AP80: 臨近車道上的流量 | AT80: 開始時刻 | AU80: 停車在臨近車道上的車輛總數 | AY80: 臨近車道上的流量
A81: 0.54166667 | B81: 0秒 | C81: 15秒 | D81: 30秒 | E81: 45秒 | F81: 總數 | G81: 未受阻 | H81: 受阻 | J81: 0.54166667 | K81: 0秒 | L81: 15秒 | M81: 30秒 | N81: 45秒 | O81: 總數 | P81: 未受阻 | Q81: 受阻 | S81: 0.54166667 | T81: 0秒 | U81: 15秒 | V81: 30秒 | W81: 45秒 | X81: 總數 | Y81: 未受阻 | Z81: 受阻 | AB81: 0.54166667 | AC81: 0秒 | AD81: 15秒 | AE81: 30秒 | AF81: 45秒 | AG81: 總數 | AH81: 未受阻 | AI81: 受阻 | AK81: 0.54166667 | AL81: 0秒 | AM81: 15秒 | AN81: 30秒 | AO81: 45秒 | AP81: 總數 | AQ81: 未受阻 | AR81: 受阻 | AT81: 0.54166667 | AU81: 0秒 | AV81: 15秒 | AW81: 30秒 | AX81: 45秒 | AY81: 總數 | AZ81: 未受阻 | BA81: 受阻
A82: 1 | J82: 1 | S82: 1 | AB82: 1 | AK82: 1 | AT82: 1
A83: 2 | J83: 2 | S83: 2 | AB83: 2 | AK83: 2 | AT83: 2
A84: 3 | J84: 3 | S84: 3 | AB84: 3 | AK84: 3 | AT84: 3
A85: 4 | J85: 4 | S85: 4 | AB85: 4 | AK85: 4 | AT85: 4
A86: 5 | J86: 5 | S86: 5 | AB86: 5 | AK86: 5 | AT86: 5
A87: 6 | J87: 6 | S87: 6 | AB87: 6 | AK87: 6 | AT87: 6
A88: 7 | J88: 7 | S88: 7 | AB88: 7 | AK88: 7 | AT88: 7
A89: 8 | J89: 8 | S89: 8 | AB89: 8 | AK89: 8 | AT89: 8
A90: 9 | J90: 9 | S90: 9 | AB90: 9 | AK90: 9 | AT90: 9
A91: 10 | J91: 10 | S91: 10 | AB91: 10 | AK91: 10 | AT91: 10
A92: 11 | J92: 11 | S92: 11 | AB92: 11 | AK92: 11 | AT92: 11
A93: 12 | J93: 12 | S93: 12 | AB93: 12 | AK93: 12 | AT93: 12
... A96: 15 | J96: 15 | S96: 15 | AB96: 15 | AK96: 15 | AT96: 15
A97: 總 計 | B97: =SUM(B82:E96) -> 0 | F97: =F96 -> 0 | G97: =G96 -> 0 | H97: =H96 -> 0 | J97: 總 計 | K97: =SUM(K82:N96) -> 0 | O97: =O96 -> 0 | P97: =P96 -> 0 | Q97: =Q96 -> 0 | S97: 總 計 | T97: =SUM(T82:W96) -> 0 | X97: =X96 -> 0 | Y97: =Y96 -> 0 | Z97: =Z96 -> 0 | AB97: 總 計 | AC97: =SUM(AC82:AF96) -> 0 | AG97: =AG96 -> 0 | AH97: =AH96 -> 0 | AI97: =AI96 -> 0 | AK97: 總 計 | AL97: =SUM(AL82:AO96) -> 0 | AP97: =AP96 -> 0 | AQ97: =AQ96 -> 0 | AR97: =AR96 -> 0 | AT97: 總 計 | AU97: =SUM(AU82:AX96) -> 0 | AY97: =AY96 -> 0 | AZ97: =AZ96 -> 0 | BA97: =BA96 -> 0
A98: 13:15~13:30 | J98: 13:15~13:30 | S98: 13:15~13:30 | AB98: 13:15~13:30 | AK98: 13:15~13:30 | AT98: 13:15~13:30
A99: 開始時刻 | B99: 停車在臨近車道上的車輛總數 | F99: 臨近車道上的流量 | J99: 開始時刻 | K99: 停車在臨近車道上的車輛總數 | O99: 臨近車道上的流量 | S99: 開始時刻 | T99: 停車在臨近車道上的車輛總數 | X99: 臨近車道上的流量 | AB99: 開始時刻 | AC99: 停車在臨近車道上的車輛總數 | AG99: 臨近車道上的流量 | AK99: 開始時刻 | AL99: 停車在臨近車道上的車輛總數 | AP99: 臨近車道上的流量 | AT99: 開始時刻 | AU99: 停車在臨近車道上的車輛總數 | AY99: 臨近車道上的流量
A100: 0.55208333 | B100: 0秒 | C100: 15秒 | D100: 30秒 | E100: 45秒 | F100: 總數 | G100: 未受阻 | H100: 受阻 | J100: 0.55208333 | K100: 0秒 | L100: 15秒 | M100: 30秒 | N100: 45秒 | O100: 總數 | P100: 未受阻 | Q100: 受阻 | S100: 0.55208333 | T100: 0秒 | U100: 15秒 | V100: 30秒 | W100: 45秒 | X100: 總數 | Y100: 未受阻 | Z100: 受阻 | AB100: 0.55208333 | AC100: 0秒 | AD100: 15秒 | AE100: 30秒 | AF100: 45秒 | AG100: 總數 | AH100: 未受阻 | AI100: 受阻 | AK100: 0.55208333 | AL100: 0秒 | AM100: 15秒 | AN100: 30秒 | AO100: 45秒 | AP100: 總數 | AQ100: 未受阻 | AR100: 受阻 | AT100: 0.55208333 | AU100: 0秒 | AV100: 15秒 | AW100: 30秒 | AX100: 45秒 | AY100: 總數 | AZ100: 未受阻 | BA100: 受阻
A101: 16 | J101: 16 | S101: 16 | AB101: 16 | AK101: 16 | AT101: 16
A102: 17 | J102: 17 | S102: 17 | AB102: 17 | AK102: 17 | AT102: 17
A103: 18 | J103: 18 | S103: 18 | AB103: 18 | AK103: 18 | AT103: 18
A104: 19 | J104: 19 | S104: 19 | AB104: 19 | AK104: 19 | AT104: 19
A105: 20 | J105: 20 | S105: 20 | AB105: 20 | AK105: 20 | AT105: 20
A106: 21 | J106: 21 | S106: 21 | AB106: 21 | AK106: 21 | AT106: 21
A107: 22 | J107: 22 | S107: 22 | AB107: 22 | AK107: 22 | AT107: 22
A108: 23 | J108: 23 | S108: 23 | AB108: 23 | AK108: 23 | AT108: 23
A109: 24 | J109: 24 | S109: 24 | AB109: 24 | AK109: 24 | AT109: 24
A110: 25 | J110: 25 | S110: 25 | AB110: 25 | AK110: 25 | AT110: 25
...

Sheet 平日昏峰(17-19)
A1: =基本資料!$F$11 -> 平日昏峰(17-19) | J1: =基本資料!$F$11 -> 平日昏峰(17-19) | S1: =基本資料!$F$11 -> 平日昏峰(17-19) | AB1: =基本資料!$F$11 -> 平日昏峰(17-19) | AK1: =基本資料!$F$11 -> 平日昏峰(17-19) | AT1: =基本資料!$F$11 -> 平日昏峰(17-19)
A2: =CONCATENATE(基本資料!B18,"方向：",基本資料!B19,基本資料!B20) -> A方向： | J2: =CONCATENATE(基本資料!C18,"方向：",基本資料!C19,基本資料!C20) -> B方向： | S2: =CONCATENATE(基本資料!D18,"方向：",基本資料!D19,基本資料!D20) -> C方向： | AB2: =CONCATENATE(基本資料!E18,"方向：",基本資料!E19,基本資料!E20) -> D方向： | AK2: =CONCATENATE(基本資料!F18,"方向：",基本資料!F19,基本資料!F20) -> E方向： | AT2: =CONCATENATE(基本資料!G18,"方向：",基本資料!G19,基本資料!G20) -> F方向：
A3: 17:00~17:15 | J3: 17:00~17:15 | S3: 17:00~17:15 | AB3: 17:00~17:15 | AK3: 17:00~17:15 | AT3: 17:00~17:15
A4: 開始時刻 | B4: 停車在臨近車道上的車輛總數 | F4: 臨近車道上的流量 | J4: 開始時刻 | K4: 停車在臨近車道上的車輛總數 | O4: 臨近車道上的流量 | S4: 開始時刻 | T4: 停車在臨近車道上的車輛總數 | X4: 臨近車道上的流量 | AB4: 開始時刻 | AC4: 停車在臨近車道上的車輛總數 | AG4: 臨近車道上的流量 | AK4: 開始時刻 | AL4: 停車在臨近車道上的車輛總數 | AP4: 臨近車道上的流量 | AT4: 開始時刻 | AU4: 停車在臨近車道上的車輛總數 | AY4: 臨近車道上的流量
A5: 17:00 | B5: 0秒 | C5: 15秒 | D5: 30秒 | E5: 45秒 | F5: 總數 | G5: 未受阻 | H5: 受阻 | J5: 17:00 | K5: 0秒 | L5: 15秒 | M5: 30秒 | N5: 45秒 | O5: 總數 | P5: 未受阻 | Q5: 受阻 | S5: 17:00 | T5: 0秒 | U5: 15秒 | V5: 30秒 | W5: 45秒 | X5: 總數 | Y5: 未受阻 | Z5: 受阻 | AB5: 17:00 | AC5: 0秒 | AD5: 15秒 | AE5: 30秒 | AF5: 45秒 | AG5: 總數 | AH5: 未受阻 | AI5: 受阻 | AK5: 17:00 | AL5: 0秒 | AM5: 15秒 | AN5: 30秒 | AO5: 45秒 | AP5: 總數 | AQ5: 未受阻 | AR5: 受阻 | AT5: 17:00 | AU5: 0秒 | AV5: 15秒 | AW5: 30秒 | AX5: 45秒 | AY5: 總數 | AZ5: 未受阻 | BA5: 受阻
A6: 1 | J6: 1 | S6: 1 | AB6: 1 | AK6: 1 | AT6: 1
A7: 2 | J7: 2 | S7: 2 | AB7: 2 | AK7: 2 | AT7: 2
A8: 3 | J8: 3 | S8: 3 | AB8: 3 | AK8: 3 | AT8: 3
A9: 4 | J9: 4 | S9: 4 | AB9: 4 | AK9: 4 | AT9: 4
A10: 5 | J10: 5 | S10: 5 | AB10: 5 | AK10: 5 | AT10: 5
A11: 6 | J11: 6 | S11: 6 | AB11: 6 | AK11: 6 | AT11: 6
A12: 7 | J12: 7 | S12: 7 | AB12: 7 | AK12: 7 | AT12: 7
A13: 8 | J13: 8 | S13: 8 | AB13: 8 | AK13: 8 | AT13: 8
A14: 9 | J14: 9 | S14: 9 | AB14: 9 | AK14: 9 | AT14: 9
A15: 10 | J15: 10 | S15: 10 | AB15: 10 | AK15: 10 | AT15: 10
A16: 11 | J16: 11 | S16: 11 | AB16: 11 | AK16: 11 | AT16: 11
A17: 12 | J17: 12 | S17: 12 | AB17: 12 | AK17: 12 | AT17: 12
... A20: 15 | J20: 15 | S20: 15 | AB20: 15 | AK20: 15 | AT20: 15
A21: 總 計 | B21: =SUM(B6:E20) -> 0 | F21: =F20 -> 0 | G21: =G20 -> 0 | H21: =H20 -> 0 | J21: 總 計 | K21: =SUM(K6:N20) -> 0 | O21: =O20 -> 0 | P21: =P20 -> 0 | Q21: =Q20 -> 0 | S21: 總 計 | T21: =SUM(T6:W20) -> 0 | X21: =X20 -> 0 | Y21: =Y20 -> 0 | Z21: =Z20 -> 0 | AB21: 總 計 | AC21: =SUM(AC6:AF20) -> 0 | AG21: =AG20 -> 0 | AH21: =AH20 -> 0 | AI21: =AI20 -> 0 | AK21: 總 計 | AL21: =SUM(AL6:AO20) -> 0 | AP21: =AP20 -> 0 | AQ21: =AQ20 -> 0 | AR21: =AR20 -> 0 | AT21: 總 計 | AU21: =SUM(AU6:AX20) -> 0 | AY21: =AY20 -> 0 | AZ21: =AZ20 -> 0 | BA21: =BA20 -> 0
A22: 17:15~17:30 | J22: 17:15~17:30 | S22: 17:15~17:30 | AB22: 17:15~17:30 | AK22: 17:15~17:30 | AT22: 17:15~17:30
A23: 開始時刻 | B23: 停車在臨近車道上的車輛總數 | F23: 臨近車道上的流量 | J23: 開始時刻 | K23: 停車在臨近車道上的車輛總數 | O23: 臨近車道上的流量 | S23: 開始時刻 | T23: 停車在臨近車道上的車輛總數 | X23: 臨近車道上的流量 | AB23: 開始時刻 | AC23: 停車在臨近車道上的車輛總數 | AG23: 臨近車道上的流量 | AK23: 開始時刻 | AL23: 停車在臨近車道上的車輛總數 | AP23: 臨近車道上的流量 | AT23: 開始時刻 | AU23: 停車在臨近車道上的車輛總數 | AY23: 臨近車道上的流量
A24: 17:15 | B24: 0秒 | C24: 15秒 | D24: 30秒 | E24: 45秒 | F24: 總數 | G24: 未受阻 | H24: 受阻 | J24: 17:15 | K24: 0秒 | L24: 15秒 | M24: 30秒 | N24: 45秒 | O24: 總數 | P24: 未受阻 | Q24: 受阻 | S24: 17:15 | T24: 0秒 | U24: 15秒 | V24: 30秒 | W24: 45秒 | X24: 總數 | Y24: 未受阻 | Z24: 受阻 | AB24: 17:15 | AC24: 0秒 | AD24: 15秒 | AE24: 30秒 | AF24: 45秒 | AG24: 總數 | AH24: 未受阻 | AI24: 受阻 | AK24: 17:15 | AL24: 0秒 | AM24: 15秒 | AN24: 30秒 | AO24: 45秒 | AP24: 總數 | AQ24: 未受阻 | AR24: 受阻 | AT24: 17:15 | AU24: 0秒 | AV24: 15秒 | AW24: 30秒 | AX24: 45秒 | AY24: 總數 | AZ24: 未受阻 | BA24: 受阻
A25: 16 | J25: 16 | S25: 16 | AB25: 16 | AK25: 16 | AT25: 16
A26: 17 | J26: 17 | S26: 17 | AB26: 17 | AK26: 17 | AT26: 17
A27: 18 | J27: 18 | S27: 18 | AB27: 18 | AK27: 18 | AT27: 18
A28: 19 | J28: 19 | S28: 19 | AB28: 19 | AK28: 19 | AT28: 19
A29: 20 | J29: 20 | S29: 20 | AB29: 20 | AK29: 20 | AT29: 20
A30: 21 | J30: 21 | S30: 21 | AB30: 21 | AK30: 21 | AT30: 21
A31: 22 | J31: 22 | S31: 22 | AB31: 22 | AK31: 22 | AT31: 22
A32: 23 | J32: 23 | S32: 23 | AB32: 23 | AK32: 23 | AT32: 23
A33: 24 | J33: 24 | S33: 24 | AB33: 24 | AK33: 24 | AT33: 24
A34: 25 | J34: 25 | S34: 25 | AB34: 25 | AK34: 25 | AT34: 25
A35: 26 | J35: 26 | S35: 26 | AB35: 26 | AK35: 26 | AT35: 26
A36: 27 | J36: 27 | S36: 27 | AB36: 27 | AK36: 27 | AT36: 27
... A39: 30 | J39: 30 | S39: 30 | AB39: 30 | AK39: 30 | AT39: 30
A40: 總 計 | B40: =SUM(B25:E39) -> 0 | F40: =F39 -> 0 | G40: =G39 -> 0 | H40: =H39 -> 0 | J40: 總 計 | K40: =SUM(K25:N39) -> 0 | O40: =O39 -> 0 | P40: =P39 -> 0 | Q40: =Q39 -> 0 | S40: 總 計 | T40: =SUM(T25:W39) -> 0 | X40: =X39 -> 0 | Y40: =Y39 -> 0 | Z40: =Z39 -> 0 | AB40: 總 計 | AC40: =SUM(AC25:AF39) -> 0 | AG40: =AG39 -> 0 | AH40: =AH39 -> 0 | AI40: =AI39 -> 0 | AK40: 總 計 | AL40: =SUM(AL25:AO39) -> 0 | AP40: =AP39 -> 0 | AQ40: =AQ39 -> 0 | AR40: =AR39 -> 0 | AT40: 總 計 | AU40: =SUM(AU25:AX39) -> 0 | AY40: =AY39 -> 0 | AZ40: =AZ39 -> 0 | BA40: =BA39 -> 0
A41: 17:30~17:45 | J41: 17:30~17:45 | S41: 17:30~17:45 | AB41: 17:30~17:45 | AK41: 17:30~17:45 | AT41: 17:30~17:45
A42: 開始時刻 | B42: 停車在臨近車道上的車輛總數 | F42: 臨近車道上的流量 | J42: 開始時刻 | K42: 停車在臨近車道上的車輛總數 | O42: 臨近車道上的流量 | S42: 開始時刻 | T42: 停車在臨近車道上的車輛總數 | X42: 臨近車道上的流量 | AB42: 開始時刻 | AC42: 停車在臨近車道上的車輛總數 | AG42: 臨近車道上的流量 | AK42: 開始時刻 | AL42: 停車在臨近車道上的車輛總數 | AP42: 臨近車道上的流量 | AT42: 開始時刻 | AU42: 停車在臨近車道上的車輛總數 | AY42: 臨近車道上的流量
A43: 17:30 | B43: 0秒 | C43: 15秒 | D43: 30秒 | E43: 45秒 | F43: 總數 | G43: 未受阻 | H43: 受阻 | J43: 17:30 | K43: 0秒 | L43: 15秒 | M43: 30秒 | N43: 45秒 | O43: 總數 | P43: 未受阻 | Q43: 受阻 | S43: 17:30 | T43: 0秒 | U43: 15秒 | V43: 30秒 | W43: 45秒 | X43: 總數 | Y43: 未受阻 | Z43: 受阻 | AB43: 17:30 | AC43: 0秒 | AD43: 15秒 | AE43: 30秒 | AF43: 45秒 | AG43: 總數 | AH43: 未受阻 | AI43: 受阻 | AK43: 17:30 | AL43: 0秒 | AM43: 15秒 | AN43: 30秒 | AO43: 45秒 | AP43: 總數 | AQ43: 未受阻 | AR43: 受阻 | AT43: 17:30 | AU43: 0秒 | AV43: 15秒 | AW43: 30秒 | AX43: 45秒 | AY43: 總數 | AZ43: 未受阻 | BA43: 受阻
A44: 31 | J44: 31 | S44: 31 | AB44: 31 | AK44: 31 | AT44: 31
A45: 32 | J45: 32 | S45: 32 | AB45: 32 | AK45: 32 | AT45: 32
A46: 33 | J46: 33 | S46: 33 | AB46: 33 | AK46: 33 | AT46: 33
A47: 34 | J47: 34 | S47: 34 | AB47: 34 | AK47: 34 | AT47: 34
A48: 35 | J48: 35 | S48: 35 | AB48: 35 | AK48: 35 | AT48: 35
A49: 36 | J49: 36 | S49: 36 | AB49: 36 | AK49: 36 | AT49: 36
A50: 37 | J50: 37 | S50: 37 | AB50: 37 | AK50: 37 | AT50: 37
A51: 38 | J51: 38 | S51: 38 | AB51: 38 | AK51: 38 | AT51: 38
A52: 39 | J52: 39 | S52: 39 | AB52: 39 | AK52: 39 | AT52: 39
A53: 40 | J53: 40 | S53: 40 | AB53: 40 | AK53: 40 | AT53: 40
A54: 41 | J54: 41 | S54: 41 | AB54: 41 | AK54: 41 | AT54: 41
A55: 42 | J55: 42 | S55: 42 | AB55: 42 | AK55: 42 | AT55: 42
... A58: 45 | J58: 45 | S58: 45 | AB58: 45 | AK58: 45 | AT58: 45
A59: 總 計 | B59: =SUM(B44:E58) -> 0 | F59: =F58 -> 0 | G59: =G58 -> 0 | H59: =H58 -> 0 | J59: 總 計 | K59: =SUM(K44:N58) -> 0 | O59: =O58 -> 0 | P59: =P58 -> 0 | Q59: =Q58 -> 0 | S59: 總 計 | T59: =SUM(T44:W58) -> 0 | X59: =X58 -> 0 | Y59: =Y58 -> 0 | Z59: =Z58 -> 0 | AB59: 總 計 | AC59: =SUM(AC44:AF58) -> 0 | AG59: =AG58 -> 0 | AH59: =AH58 -> 0 | AI59: =AI58 -> 0 | AK59: 總 計 | AL59: =SUM(AL44:AO58) -> 0 | AP59: =AP58 -> 0 | AQ59: =AQ58 -> 0 | AR59: =AR58 -> 0 | AT59: 總 計 | AU59: =SUM(AU44:AX58) -> 0 | AY59: =AY58 -> 0 | AZ59: =AZ58 -> 0 | BA59: =BA58 -> 0
A60: 17:45~18:00 | J60: 17:45~18:00 | S60: 17:45~18:00 | AB60: 17:45~18:00 | AK60: 17:45~18:00 | AT60: 17:45~18:00
A61: 開始時刻 | B61: 停車在臨近車道上的車輛總數 | F61: 臨近車道上的流量 | J61: 開始時刻 | K61: 停車在臨近車道上的車輛總數 | O61: 臨近車道上的流量 | S61: 開始時刻 | T61: 停車在臨近車道上的車輛總數 | X61: 臨近車道上的流量 | AB61: 開始時刻 | AC61: 停車在臨近車道上的車輛總數 | AG61: 臨近車道上的流量 | AK61: 開始時刻 | AL61: 停車在臨近車道上的車輛總數 | AP61: 臨近車道上的流量 | AT61: 開始時刻 | AU61: 停車在臨近車道上的車輛總數 | AY61: 臨近車道上的流量
A62: 17:45 | B62: 0秒 | C62: 15秒 | D62: 30秒 | E62: 45秒 | F62: 總數 | G62: 未受阻 | H62: 受阻 | J62: 17:45 | K62: 0秒 | L62: 15秒 | M62: 30秒 | N62: 45秒 | O62: 總數 | P62: 未受阻 | Q62: 受阻 | S62: 17:45 | T62: 0秒 | U62: 15秒 | V62: 30秒 | W62: 45秒 | X62: 總數 | Y62: 未受阻 | Z62: 受阻 | AB62: 17:45 | AC62: 0秒 | AD62: 15秒 | AE62: 30秒 | AF62: 45秒 | AG62: 總數 | AH62: 未受阻 | AI62: 受阻 | AK62: 17:45 | AL62: 0秒 | AM62: 15秒 | AN62: 30秒 | AO62: 45秒 | AP62: 總數 | AQ62: 未受阻 | AR62: 受阻 | AT62: 17:45 | AU62: 0秒 | AV62: 15秒 | AW62: 30秒 | AX62: 45秒 | AY62: 總數 | AZ62: 未受阻 | BA62: 受阻
A63: 46 | J63: 46 | S63: 46 | AB63: 46 | AK63: 46 | AT63: 46
A64: 47 | J64: 47 | S64: 47 | AB64: 47 | AK64: 47 | AT64: 47
A65: 48 | J65: 48 | S65: 48 | AB65: 48 | AK65: 48 | AT65: 48
A66: 49 | J66: 49 | S66: 49 | AB66: 49 | AK66: 49 | AT66: 49
A67: 50 | J67: 50 | S67: 50 | AB67: 50 | AK67: 50 | AT67: 50
A68: 51 | J68: 51 | S68: 51 | AB68: 51 | AK68: 51 | AT68: 51
A69: 52 | J69: 52 | S69: 52 | AB69: 52 | AK69: 52 | AT69: 52
A70: 53 | J70: 53 | S70: 53 | AB70: 53 | AK70: 53 | AT70: 53
A71: 54 | J71: 54 | S71: 54 | AB71: 54 | AK71: 54 | AT71: 54
A72: 55 | J72: 55 | S72: 55 | AB72: 55 | AK72: 55 | AT72: 55
A73: 56 | J73: 56 | S73: 56 | AB73: 56 | AK73: 56 | AT73: 56
A74: 57 | J74: 57 | S74: 57 | AB74: 57 | AK74: 57 | AT74: 57
... A77: 60 | J77: 60 | S77: 60 | AB77: 60 | AK77: 60 | AT77: 60
A78: 總 計 | B78: =SUM(B63:E77) -> 0 | F78: =F77 -> 0 | G78: =G77 -> 0 | H78: =H77 -> 0 | J78: 總 計 | K78: =SUM(K63:N77) -> 0 | O78: =O77 -> 0 | P78: =P77 -> 0 | Q78: =Q77 -> 0 | S78: 總 計 | T78: =SUM(T63:W77) -> 0 | X78: =X77 -> 0 | Y78: =Y77 -> 0 | Z78: =Z77 -> 0 | AB78: 總 計 | AC78: =SUM(AC63:AF77) -> 0 | AG78: =AG77 -> 0 | AH78: =AH77 -> 0 | AI78: =AI77 -> 0 | AK78: 總 計 | AL78: =SUM(AL63:AO77) -> 0 | AP78: =AP77 -> 0 | AQ78: =AQ77 -> 0 | AR78: =AR77 -> 0 | AT78: 總 計 | AU78: =SUM(AU63:AX77) -> 0 | AY78: =AY77 -> 0 | AZ78: =AZ77 -> 0 | BA78: =BA77 -> 0
A79: 18:00~18:15 | J79: 18:00~18:15 | S79: 18:00~18:15 | AB79: 18:00~18:15 | AK79: 18:00~18:15 | AT79: 18:00~18:15
A80: 開始時刻 | B80: 停車在臨近車道上的車輛總數 | F80: 臨近車道上的流量 | J80: 開始時刻 | K80: 停車在臨近車道上的車輛總數 | O80: 臨近車道上的流量 | S80: 開始時刻 | T80: 停車在臨近車道上的車輛總數 | X80: 臨近車道上的流量 | AB80: 開始時刻 | AC80: 停車在臨近車道上的車輛總數 | AG80: 臨近車道上的流量 | AK80: 開始時刻 | AL80: 停車在臨近車道上的車輛總數 | AP80: 臨近車道上的流量 | AT80: 開始時刻 | AU80: 停車在臨近車道上的車輛總數 | AY80: 臨近車道上的流量
A81: 18:00 | B81: 0秒 | C81: 15秒 | D81: 30秒 | E81: 45秒 | F81: 總數 | G81: 未受阻 | H81: 受阻 | J81: 18:00 | K81: 0秒 | L81: 15秒 | M81: 30秒 | N81: 45秒 | O81: 總數 | P81: 未受阻 | Q81: 受阻 | S81: 18:00 | T81: 0秒 | U81: 15秒 | V81: 30秒 | W81: 45秒 | X81: 總數 | Y81: 未受阻 | Z81: 受阻 | AB81: 18:00 | AC81: 0秒 | AD81: 15秒 | AE81: 30秒 | AF81: 45秒 | AG81: 總數 | AH81: 未受阻 | AI81: 受阻 | AK81: 18:00 | AL81: 0秒 | AM81: 15秒 | AN81: 30秒 | AO81: 45秒 | AP81: 總數 | AQ81: 未受阻 | AR81: 受阻 | AT81: 18:00 | AU81: 0秒 | AV81: 15秒 | AW81: 30秒 | AX81: 45秒 | AY81: 總數 | AZ81: 未受阻 | BA81: 受阻
A82: 1 | J82: 1 | S82: 1 | AB82: 1 | AK82: 1 | AT82: 1
A83: 2 | J83: 2 | S83: 2 | AB83: 2 | AK83: 2 | AT83: 2
A84: 3 | J84: 3 | S84: 3 | AB84: 3 | AK84: 3 | AT84: 3
A85: 4 | J85: 4 | S85: 4 | AB85: 4 | AK85: 4 | AT85: 4
A86: 5 | J86: 5 | S86: 5 | AB86: 5 | AK86: 5 | AT86: 5
A87: 6 | J87: 6 | S87: 6 | AB87: 6 | AK87: 6 | AT87: 6
A88: 7 | J88: 7 | S88: 7 | AB88: 7 | AK88: 7 | AT88: 7
A89: 8 | J89: 8 | S89: 8 | AB89: 8 | AK89: 8 | AT89: 8
A90: 9 | J90: 9 | S90: 9 | AB90: 9 | AK90: 9 | AT90: 9
A91: 10 | J91: 10 | S91: 10 | AB91: 10 | AK91: 10 | AT91: 10
A92: 11 | J92: 11 | S92: 11 | AB92: 11 | AK92: 11 | AT92: 11
A93: 12 | J93: 12 | S93: 12 | AB93: 12 | AK93: 12 | AT93: 12
... A96: 15 | J96: 15 | S96: 15 | AB96: 15 | AK96: 15 | AT96: 15
A97: 總 計 | B97: =SUM(B82:E96) -> 0 | F97: =F96 -> 0 | G97: =G96 -> 0 | H97: =H96 -> 0 | J97: 總 計 | K97: =SUM(K82:N96) -> 0 | O97: =O96 -> 0 | P97: =P96 -> 0 | Q97: =Q96 -> 0 | S97: 總 計 | T97: =SUM(T82:W96) -> 0 | X97: =X96 -> 0 | Y97: =Y96 -> 0 | Z97: =Z96 -> 0 | AB97: 總 計 | AC97: =SUM(AC82:AF96) -> 0 | AG97: =AG96 -> 0 | AH97: =AH96 -> 0 | AI97: =AI96 -> 0 | AK97: 總 計 | AL97: =SUM(AL82:AO96) -> 0 | AP97: =AP96 -> 0 | AQ97: =AQ96 -> 0 | AR97: =AR96 -> 0 | AT97: 總 計 | AU97: =SUM(AU82:AX96) -> 0 | AY97: =AY96 -> 0 | AZ97: =AZ96 -> 0 | BA97: =BA96 -> 0
A98: 18:15~18:30 | J98: 18:15~18:30 | S98: 18:15~18:30 | AB98: 18:15~18:30 | AK98: 18:15~18:30 | AT98: 18:15~18:30
A99: 開始時刻 | B99: 停車在臨近車道上的車輛總數 | F99: 臨近車道上的流量 | J99: 開始時刻 | K99: 停車在臨近車道上的車輛總數 | O99: 臨近車道上的流量 | S99: 開始時刻 | T99: 停車在臨近車道上的車輛總數 | X99: 臨近車道上的流量 | AB99: 開始時刻 | AC99: 停車在臨近車道上的車輛總數 | AG99: 臨近車道上的流量 | AK99: 開始時刻 | AL99: 停車在臨近車道上的車輛總數 | AP99: 臨近車道上的流量 | AT99: 開始時刻 | AU99: 停車在臨近車道上的車輛總數 | AY99: 臨近車道上的流量
A100: 18:15 | B100: 0秒 | C100: 15秒 | D100: 30秒 | E100: 45秒 | F100: 總數 | G100: 未受阻 | H100: 受阻 | J100: 18:15 | K100: 0秒 | L100: 15秒 | M100: 30秒 | N100: 45秒 | O100: 總數 | P100: 未受阻 | Q100: 受阻 | S100: 18:15 | T100: 0秒 | U100: 15秒 | V100: 30秒 | W100: 45秒 | X100: 總數 | Y100: 未受阻 | Z100: 受阻 | AB100: 18:15 | AC100: 0秒 | AD100: 15秒 | AE100: 30秒 | AF100: 45秒 | AG100: 總數 | AH100: 未受阻 | AI100: 受阻 | AK100: 18:15 | AL100: 0秒 | AM100: 15秒 | AN100: 30秒 | AO100: 45秒 | AP100: 總數 | AQ100: 未受阻 | AR100: 受阻 | AT100: 18:15 | AU100: 0秒 | AV100: 15秒 | AW100: 30秒 | AX100: 45秒 | AY100: 總數 | AZ100: 未受阻 | BA100: 受阻
A101: 16 | J101: 16 | S101: 16 | AB101: 16 | AK101: 16 | AT101: 16
A102: 17 | J102: 17 | S102: 17 | AB102: 17 | AK102: 17 | AT102: 17
A103: 18 | J103: 18 | S103: 18 | AB103: 18 | AK103: 18 | AT103: 18
A104: 19 | J104: 19 | S104: 19 | AB104: 19 | AK104: 19 | AT104: 19
A105: 20 | J105: 20 | S105: 20 | AB105: 20 | AK105: 20 | AT105: 20
A106: 21 | J106: 21 | S106: 21 | AB106: 21 | AK106: 21 | AT106: 21
A107: 22 | J107: 22 | S107: 22 | AB107: 22 | AK107: 22 | AT107: 22
A108: 23 | J108: 23 | S108: 23 | AB108: 23 | AK108: 23 | AT108: 23
A109: 24 | J109: 24 | S109: 24 | AB109: 24 | AK109: 24 | AT109: 24
A110: 25 | J110: 25 | S110: 25 | AB110: 25 | AK110: 25 | AT110: 25
...

Sheet 假日(11-12)
A1: =基本資料!$G$11 -> 假日(11-12) | J1: =基本資料!$G$11 -> 假日(11-12) | S1: =基本資料!$G$11 -> 假日(11-12) | AB1: =基本資料!$G$11 -> 假日(11-12) | AK1: =基本資料!$G$11 -> 假日(11-12) | AT1: =基本資料!$G$11 -> 假日(11-12)
A2: =CONCATENATE(基本資料!B18,"方向：",基本資料!B19,基本資料!B20) -> A方向： | J2: =CONCATENATE(基本資料!C18,"方向：",基本資料!C19,基本資料!C20) -> B方向： | S2: =CONCATENATE(基本資料!D18,"方向：",基本資料!D19,基本資料!D20) -> C方向： | AB2: =CONCATENATE(基本資料!E18,"方向：",基本資料!E19,基本資料!E20) -> D方向： | AK2: =CONCATENATE(基本資料!F18,"方向：",基本資料!F19,基本資料!F20) -> E方向： | AT2: =CONCATENATE(基本資料!G18,"方向：",基本資料!G19,基本資料!G20) -> F方向：
A3: 11:00~11:15 | J3: 11:00~11:15 | S3: 11:00~11:15 | AB3: 11:00~11:15 | AK3: 11:00~11:15 | AT3: 11:00~11:15
A4: 開始時刻 | B4: 停車在臨近車道上的車輛總數 | F4: 臨近車道上的流量 | J4: 開始時刻 | K4: 停車在臨近車道上的車輛總數 | O4: 臨近車道上的流量 | S4: 開始時刻 | T4: 停車在臨近車道上的車輛總數 | X4: 臨近車道上的流量 | AB4: 開始時刻 | AC4: 停車在臨近車道上的車輛總數 | AG4: 臨近車道上的流量 | AK4: 開始時刻 | AL4: 停車在臨近車道上的車輛總數 | AP4: 臨近車道上的流量 | AT4: 開始時刻 | AU4: 停車在臨近車道上的車輛總數 | AY4: 臨近車道上的流量
A5: 0.45833333 | B5: 0秒 | C5: 15秒 | D5: 30秒 | E5: 45秒 | F5: 總數 | G5: 未受阻 | H5: 受阻 | J5: 0.45833333 | K5: 0秒 | L5: 15秒 | M5: 30秒 | N5: 45秒 | O5: 總數 | P5: 未受阻 | Q5: 受阻 | S5: 0.45833333 | T5: 0秒 | U5: 15秒 | V5: 30秒 | W5: 45秒 | X5: 總數 | Y5: 未受阻 | Z5: 受阻 | AB5: 0.45833333 | AC5: 0秒 | AD5: 15秒 | AE5: 30秒 | AF5: 45秒 | AG5: 總數 | AH5: 未受阻 | AI5: 受阻 | AK5: 0.45833333 | AL5: 0秒 | AM5: 15秒 | AN5: 30秒 | AO5: 45秒 | AP5: 總數 | AQ5: 未受阻 | AR5: 受阻 | AT5: 0.45833333 | AU5: 0秒 | AV5: 15秒 | AW5: 30秒 | AX5: 45秒 | AY5: 總數 | AZ5: 未受阻 | BA5: 受阻
A6: 1 | J6: 1 | S6: 1 | AB6: 1 | AK6: 1 | AT6: 1
A7: 2 | J7: 2 | S7: 2 | AB7: 2 | AK7: 2 | AT7: 2
A8: 3 | J8: 3 | S8: 3 | AB8: 3 | AK8: 3 | AT8: 3
A9: 4 | J9: 4 | S9: 4 | AB9: 4 | AK9: 4 | AT9: 4
A10: 5 | J10: 5 | S10: 5 | AB10: 5 | AK10: 5 | AT10: 5
A11: 6 | J11: 6 | S11: 6 | AB11: 6 | AK11: 6 | AT11: 6
A12: 7 | J12: 7 | S12: 7 | AB12: 7 | AK12: 7 | AT12: 7
A13: 8 | J13: 8 | S13: 8 | AB13: 8 | AK13: 8 | AT13: 8
A14: 9 | J14: 9 | S14: 9 | AB14: 9 | AK14: 9 | AT14: 9
A15: 10 | J15: 10 | S15: 10 | AB15: 10 | AK15: 10 | AT15: 10
A16: 11 | J16: 11 | S16: 11 | AB16: 11 | AK16: 11 | AT16: 11
A17: 12 | J17: 12 | S17: 12 | AB17: 12 | AK17: 12 | AT17: 12
... A20: 15 | J20: 15 | S20: 15 | AB20: 15 | AK20: 15 | AT20: 15
A21: 總 計 | B21: =SUM(B6:E20) -> 0 | F21: =F20 -> 0 | G21: =G20 -> 0 | H21: =H20 -> 0 | J21: 總 計 | K21: =SUM(K6:N20) -> 0 | O21: =O20 -> 0 | P21: =P20 -> 0 | Q21: =Q20 -> 0 | S21: 總 計 | T21: =SUM(T6:W20) -> 0 | X21: =X20 -> 0 | Y21: =Y20 -> 0 | Z21: =Z20 -> 0 | AB21: 總 計 | AC21: =SUM(AC6:AF20) -> 0 | AG21: =AG20 -> 0 | AH21: =AH20 -> 0 | AI21: =AI20 -> 0 | AK21: 總 計 | AL21: =SUM(AL6:AO20) -> 0 | AP21: =AP20 -> 0 | AQ21: =AQ20 -> 0 | AR21: =AR20 -> 0 | AT21: 總 計 | AU21: =SUM(AU6:AX20) -> 0 | AY21: =AY20 -> 0 | AZ21: =AZ20 -> 0 | BA21: =BA20 -> 0
A22: 11:15~11:30 | J22: 11:15~11:30 | S22: 11:15~11:30 | AB22: 11:15~11:30 | AK22: 11:15~11:30 | AT22: 11:15~11:30
A23: 開始時刻 | B23: 停車在臨近車道上的車輛總數 | F23: 臨近車道上的流量 | J23: 開始時刻 | K23: 停車在臨近車道上的車輛總數 | O23: 臨近車道上的流量 | S23: 開始時刻 | T23: 停車在臨近車道上的車輛總數 | X23: 臨近車道上的流量 | AB23: 開始時刻 | AC23: 停車在臨近車道上的車輛總數 | AG23: 臨近車道上的流量 | AK23: 開始時刻 | AL23: 停車在臨近車道上的車輛總數 | AP23: 臨近車道上的流量 | AT23: 開始時刻 | AU23: 停車在臨近車道上的車輛總數 | AY23: 臨近車道上的流量
A24: 0.46875 | B24: 0秒 | C24: 15秒 | D24: 30秒 | E24: 45秒 | F24: 總數 | G24: 未受阻 | H24: 受阻 | J24: 0.46875 | K24: 0秒 | L24: 15秒 | M24: 30秒 | N24: 45秒 | O24: 總數 | P24: 未受阻 | Q24: 受阻 | S24: 0.46875 | T24: 0秒 | U24: 15秒 | V24: 30秒 | W24: 45秒 | X24: 總數 | Y24: 未受阻 | Z24: 受阻 | AB24: 0.46875 | AC24: 0秒 | AD24: 15秒 | AE24: 30秒 | AF24: 45秒 | AG24: 總數 | AH24: 未受阻 | AI24: 受阻 | AK24: 0.46875 | AL24: 0秒 | AM24: 15秒 | AN24: 30秒 | AO24: 45秒 | AP24: 總數 | AQ24: 未受阻 | AR24: 受阻 | AT24: 0.46875 | AU24: 0秒 | AV24: 15秒 | AW24: 30秒 | AX24: 45秒 | AY24: 總數 | AZ24: 未受阻 | BA24: 受阻
A25: 16 | J25: 16 | S25: 16 | AB25: 16 | AK25: 16 | AT25: 16
A26: 17 | J26: 17 | S26: 17 | AB26: 17 | AK26: 17 | AT26: 17
A27: 18 | J27: 18 | S27: 18 | AB27: 18 | AK27: 18 | AT27: 18
A28: 19 | J28: 19 | S28: 19 | AB28: 19 | AK28: 19 | AT28: 19
A29: 20 | J29: 20 | S29: 20 | AB29: 20 | AK29: 20 | AT29: 20
A30: 21 | J30: 21 | S30: 21 | AB30: 21 | AK30: 21 | AT30: 21
A31: 22 | J31: 22 | S31: 22 | AB31: 22 | AK31: 22 | AT31: 22
A32: 23 | J32: 23 | S32: 23 | AB32: 23 | AK32: 23 | AT32: 23
A33: 24 | J33: 24 | S33: 24 | AB33: 24 | AK33: 24 | AT33: 24
A34: 25 | J34: 25 | S34: 25 | AB34: 25 | AK34: 25 | AT34: 25
A35: 26 | J35: 26 | S35: 26 | AB35: 26 | AK35: 26 | AT35: 26
A36: 27 | J36: 27 | S36: 27 | AB36: 27 | AK36: 27 | AT36: 27
... A39: 30 | J39: 30 | S39: 30 | AB39: 30 | AK39: 30 | AT39: 30
A40: 總 計 | B40: =SUM(B25:E39) -> 0 | F40: =F39 -> 0 | G40: =G39 -> 0 | H40: =H39 -> 0 | J40: 總 計 | K40: =SUM(K25:N39) -> 0 | O40: =O39 -> 0 | P40: =P39 -> 0 | Q40: =Q39 -> 0 | S40: 總 計 | T40: =SUM(T25:W39) -> 0 | X40: =X39 -> 0 | Y40: =Y39 -> 0 | Z40: =Z39 -> 0 | AB40: 總 計 | AC40: =SUM(AC25:AF39) -> 0 | AG40: =AG39 -> 0 | AH40: =AH39 -> 0 | AI40: =AI39 -> 0 | AK40: 總 計 | AL40: =SUM(AL25:AO39) -> 0 | AP40: =AP39 -> 0 | AQ40: =AQ39 -> 0 | AR40: =AR39 -> 0 | AT40: 總 計 | AU40: =SUM(AU25:AX39) -> 0 | AY40: =AY39 -> 0 | AZ40: =AZ39 -> 0 | BA40: =BA39 -> 0
A41: 11:30~11:45 | J41: 11:30~11:45 | S41: 11:30~11:45 | AB41: 11:30~11:45 | AK41: 11:30~11:45 | AT41: 11:30~11:45
A42: 開始時刻 | B42: 停車在臨近車道上的車輛總數 | F42: 臨近車道上的流量 | J42: 開始時刻 | K42: 停車在臨近車道上的車輛總數 | O42: 臨近車道上的流量 | S42: 開始時刻 | T42: 停車在臨近車道上的車輛總數 | X42: 臨近車道上的流量 | AB42: 開始時刻 | AC42: 停車在臨近車道上的車輛總數 | AG42: 臨近車道上的流量 | AK42: 開始時刻 | AL42: 停車在臨近車道上的車輛總數 | AP42: 臨近車道上的流量 | AT42: 開始時刻 | AU42: 停車在臨近車道上的車輛總數 | AY42: 臨近車道上的流量
A43: 0.47916667 | B43: 0秒 | C43: 15秒 | D43: 30秒 | E43: 45秒 | F43: 總數 | G43: 未受阻 | H43: 受阻 | J43: 0.47916667 | K43: 0秒 | L43: 15秒 | M43: 30秒 | N43: 45秒 | O43: 總數 | P43: 未受阻 | Q43: 受阻 | S43: 0.47916667 | T43: 0秒 | U43: 15秒 | V43: 30秒 | W43: 45秒 | X43: 總數 | Y43: 未受阻 | Z43: 受阻 | AB43: 0.47916667 | AC43: 0秒 | AD43: 15秒 | AE43: 30秒 | AF43: 45秒 | AG43: 總數 | AH43: 未受阻 | AI43: 受阻 | AK43: 0.47916667 | AL43: 0秒 | AM43: 15秒 | AN43: 30秒 | AO43: 45秒 | AP43: 總數 | AQ43: 未受阻 | AR43: 受阻 | AT43: 0.47916667 | AU43: 0秒 | AV43: 15秒 | AW43: 30秒 | AX43: 45秒 | AY43: 總數 | AZ43: 未受阻 | BA43: 受阻
A44: 31 | J44: 31 | S44: 31 | AB44: 31 | AK44: 31 | AT44: 31
A45: 32 | J45: 32 | S45: 32 | AB45: 32 | AK45: 32 | AT45: 32
A46: 33 | J46: 33 | S46: 33 | AB46: 33 | AK46: 33 | AT46: 33
A47: 34 | J47: 34 | S47: 34 | AB47: 34 | AK47: 34 | AT47: 34
A48: 35 | J48: 35 | S48: 35 | AB48: 35 | AK48: 35 | AT48: 35
A49: 36 | J49: 36 | S49: 36 | AB49: 36 | AK49: 36 | AT49: 36
A50: 37 | J50: 37 | S50: 37 | AB50: 37 | AK50: 37 | AT50: 37
A51: 38 | J51: 38 | S51: 38 | AB51: 38 | AK51: 38 | AT51: 38
A52: 39 | J52: 39 | S52: 39 | AB52: 39 | AK52: 39 | AT52: 39
A53: 40 | J53: 40 | S53: 40 | AB53: 40 | AK53: 40 | AT53: 40
A54: 41 | J54: 41 | S54: 41 | AB54: 41 | AK54: 41 | AT54: 41
A55: 42 | J55: 42 | S55: 42 | AB55: 42 | AK55: 42 | AT55: 42
... A58: 45 | J58: 45 | S58: 45 | AB58: 45 | AK58: 45 | AT58: 45
A59: 總 計 | B59: =SUM(B44:E58) -> 0 | F59: =F58 -> 0 | G59: =G58 -> 0 | H59: =H58 -> 0 | J59: 總 計 | K59: =SUM(K44:N58) -> 0 | O59: =O58 -> 0 | P59: =P58 -> 0 | Q59: =Q58 -> 0 | S59: 總 計 | T59: =SUM(T44:W58) -> 0 | X59: =X58 -> 0 | Y59: =Y58 -> 0 | Z59: =Z58 -> 0 | AB59: 總 計 | AC59: =SUM(AC44:AF58) -> 0 | AG59: =AG58 -> 0 | AH59: =AH58 -> 0 | AI59: =AI58 -> 0 | AK59: 總 計 | AL59: =SUM(AL44:AO58) -> 0 | AP59: =AP58 -> 0 | AQ59: =AQ58 -> 0 | AR59: =AR58 -> 0 | AT59: 總 計 | AU59: =SUM(AU44:AX58) -> 0 | AY59: =AY58 -> 0 | AZ59: =AZ58 -> 0 | BA59: =BA58 -> 0
A60: 11:45~12:00 | J60: 11:45~12:00 | S60: 11:45~12:00 | AB60: 11:45~12:00 | AK60: 11:45~12:00 | AT60: 11:45~12:00
A61: 開始時刻 | B61: 停車在臨近車道上的車輛總數 | F61: 臨近車道上的流量 | J61: 開始時刻 | K61: 停車在臨近車道上的車輛總數 | O61: 臨近車道上的流量 | S61: 開始時刻 | T61: 停車在臨近車道上的車輛總數 | X61: 臨近車道上的流量 | AB61: 開始時刻 | AC61: 停車在臨近車道上的車輛總數 | AG61: 臨近車道上的流量 | AK61: 開始時刻 | AL61: 停車在臨近車道上的車輛總數 | AP61: 臨近車道上的流量 | AT61: 開始時刻 | AU61: 停車在臨近車道上的車輛總數 | AY61: 臨近車道上的流量
A62: 0.48958333 | B62: 0秒 | C62: 15秒 | D62: 30秒 | E62: 45秒 | F62: 總數 | G62: 未受阻 | H62: 受阻 | J62: 0.48958333 | K62: 0秒 | L62: 15秒 | M62: 30秒 | N62: 45秒 | O62: 總數 | P62: 未受阻 | Q62: 受阻 | S62: 0.48958333 | T62: 0秒 | U62: 15秒 | V62: 30秒 | W62: 45秒 | X62: 總數 | Y62: 未受阻 | Z62: 受阻 | AB62: 0.48958333 | AC62: 0秒 | AD62: 15秒 | AE62: 30秒 | AF62: 45秒 | AG62: 總數 | AH62: 未受阻 | AI62: 受阻 | AK62: 0.48958333 | AL62: 0秒 | AM62: 15秒 | AN62: 30秒 | AO62: 45秒 | AP62: 總數 | AQ62: 未受阻 | AR62: 受阻 | AT62: 0.48958333 | AU62: 0秒 | AV62: 15秒 | AW62: 30秒 | AX62: 45秒 | AY62: 總數 | AZ62: 未受阻 | BA62: 受阻
A63: 46 | J63: 46 | S63: 46 | AB63: 46 | AK63: 46 | AT63: 46
A64: 47 | J64: 47 | S64: 47 | AB64: 47 | AK64: 47 | AT64: 47
A65: 48 | J65: 48 | S65: 48 | AB65: 48 | AK65: 48 | AT65: 48
A66: 49 | J66: 49 | S66: 49 | AB66: 49 | AK66: 49 | AT66: 49
A67: 50 | J67: 50 | S67: 50 | AB67: 50 | AK67: 50 | AT67: 50
A68: 51 | J68: 51 | S68: 51 | AB68: 51 | AK68: 51 | AT68: 51
A69: 52 | J69: 52 | S69: 52 | AB69: 52 | AK69: 52 | AT69: 52
A70: 53 | J70: 53 | S70: 53 | AB70: 53 | AK70: 53 | AT70: 53
A71: 54 | J71: 54 | S71: 54 | AB71: 54 | AK71: 54 | AT71: 54
A72: 55 | J72: 55 | S72: 55 | AB72: 55 | AK72: 55 | AT72: 55
A73: 56 | J73: 56 | S73: 56 | AB73: 56 | AK73: 56 | AT73: 56
A74: 57 | J74: 57 | S74: 57 | AB74: 57 | AK74: 57 | AT74: 57
... A77: 60 | J77: 60 | S77: 60 | AB77: 60 | AK77: 60 | AT77: 60
A78: 總 計 | B78: =SUM(B63:E77) -> 0 | F78: =F77 -> 0 | G78: =G77 -> 0 | H78: =H77 -> 0 | J78: 總 計 | K78: =SUM(K63:N77) -> 0 | O78: =O77 -> 0 | P78: =P77 -> 0 | Q78: =Q77 -> 0 | S78: 總 計 | T78: =SUM(T63:W77) -> 0 | X78: =X77 -> 0 | Y78: =Y77 -> 0 | Z78: =Z77 -> 0 | AB78: 總 計 | AC78: =SUM(AC63:AF77) -> 0 | AG78: =AG77 -> 0 | AH78: =AH77 -> 0 | AI78: =AI77 -> 0 | AK78: 總 計 | AL78: =SUM(AL63:AO77) -> 0 | AP78: =AP77 -> 0 | AQ78: =AQ77 -> 0 | AR78: =AR77 -> 0 | AT78: 總 計 | AU78: =SUM(AU63:AX77) -> 0 | AY78: =AY77 -> 0 | AZ78: =AZ77 -> 0 | BA78: =BA77 -> 0

Sheet 假日(1430-1530)
A1: =基本資料!$H$11 -> 假日(1430-1530) | J1: =基本資料!$H$11 -> 假日(1430-1530) | S1: =基本資料!$H$11 -> 假日(1430-1530) | AB1: =基本資料!$H$11 -> 假日(1430-1530) | AK1: =基本資料!$H$11 -> 假日(1430-1530) | AT1: =基本資料!$H$11 -> 假日(1430-1530)
A2: =CONCATENATE(基本資料!B18,"方向：",基本資料!B19,基本資料!B20) -> A方向： | J2: =CONCATENATE(基本資料!C18,"方向：",基本資料!C19,基本資料!C20) -> B方向： | S2: =CONCATENATE(基本資料!D18,"方向：",基本資料!D19,基本資料!D20) -> C方向： | AB2: =CONCATENATE(基本資料!E18,"方向：",基本資料!E19,基本資料!E20) -> D方向： | AK2: =CONCATENATE(基本資料!F18,"方向：",基本資料!F19,基本資料!F20) -> E方向： | AT2: =CONCATENATE(基本資料!G18,"方向：",基本資料!G19,基本資料!G20) -> F方向：
A3: 14:30~14:45 | J3: 14:30~14:45 | S3: 14:30~14:45 | AB3: 14:30~14:45 | AK3: 14:30~14:45 | AT3: 14:30~14:45
A4: 開始時刻 | B4: 停車在臨近車道上的車輛總數 | F4: 臨近車道上的流量 | J4: 開始時刻 | K4: 停車在臨近車道上的車輛總數 | O4: 臨近車道上的流量 | S4: 開始時刻 | T4: 停車在臨近車道上的車輛總數 | X4: 臨近車道上的流量 | AB4: 開始時刻 | AC4: 停車在臨近車道上的車輛總數 | AG4: 臨近車道上的流量 | AK4: 開始時刻 | AL4: 停車在臨近車道上的車輛總數 | AP4: 臨近車道上的流量 | AT4: 開始時刻 | AU4: 停車在臨近車道上的車輛總數 | AY4: 臨近車道上的流量
A5: 0.60416667 | B5: 0秒 | C5: 15秒 | D5: 30秒 | E5: 45秒 | F5: 總數 | G5: 未受阻 | H5: 受阻 | J5: 0.60416667 | K5: 0秒 | L5: 15秒 | M5: 30秒 | N5: 45秒 | O5: 總數 | P5: 未受阻 | Q5: 受阻 | S5: 0.60416667 | T5: 0秒 | U5: 15秒 | V5: 30秒 | W5: 45秒 | X5: 總數 | Y5: 未受阻 | Z5: 受阻 | AB5: 0.60416667 | AC5: 0秒 | AD5: 15秒 | AE5: 30秒 | AF5: 45秒 | AG5: 總數 | AH5: 未受阻 | AI5: 受阻 | AK5: 0.60416667 | AL5: 0秒 | AM5: 15秒 | AN5: 30秒 | AO5: 45秒 | AP5: 總數 | AQ5: 未受阻 | AR5: 受阻 | AT5: 0.60416667 | AU5: 0秒 | AV5: 15秒 | AW5: 30秒 | AX5: 45秒 | AY5: 總數 | AZ5: 未受阻 | BA5: 受阻
A6: 31 | J6: 31 | S6: 31 | AB6: 31 | AK6: 31 | AT6: 31
A7: 32 | J7: 32 | S7: 32 | AB7: 32 | AK7: 32 | AT7: 32
A8: 33 | J8: 33 | S8: 33 | AB8: 33 | AK8: 33 | AT8: 33
A9: 34 | J9: 34 | S9: 34 | AB9: 34 | AK9: 34 | AT9: 34
A10: 35 | J10: 35 | S10: 35 | AB10: 35 | AK10: 35 | AT10: 35
A11: 36 | J11: 36 | S11: 36 | AB11: 36 | AK11: 36 | AT11: 36
A12: 37 | J12: 37 | S12: 37 | AB12: 37 | AK12: 37 | AT12: 37
A13: 38 | J13: 38 | S13: 38 | AB13: 38 | AK13: 38 | AT13: 38
A14: 39 | J14: 39 | S14: 39 | AB14: 39 | AK14: 39 | AT14: 39
A15: 40 | J15: 40 | S15: 40 | AB15: 40 | AK15: 40 | AT15: 40
A16: 41 | J16: 41 | S16: 41 | AB16: 41 | AK16: 41 | AT16: 41
A17: 42 | J17: 42 | S17: 42 | AB17: 42 | AK17: 42 | AT17: 42
... A20: 45 | J20: 45 | S20: 45 | AB20: 45 | AK20: 45 | AT20: 45
A21: 總 計 | B21: =SUM(B6:E20) -> 0 | F21: =F20 -> 0 | G21: =G20 -> 0 | H21: =H20 -> 0 | J21: 總 計 | K21: =SUM(K6:N20) -> 0 | O21: =O20 -> 0 | P21: =P20 -> 0 | Q21: =Q20 -> 0 | S21: 總 計 | T21: =SUM(T6:W20) -> 0 | X21: =X20 -> 0 | Y21: =Y20 -> 0 | Z21: =Z20 -> 0 | AB21: 總 計 | AC21: =SUM(AC6:AF20) -> 0 | AG21: =AG20 -> 0 | AH21: =AH20 -> 0 | AI21: =AI20 -> 0 | AK21: 總 計 | AL21: =SUM(AL6:AO20) -> 0 | AP21: =AP20 -> 0 | AQ21: =AQ20 -> 0 | AR21: =AR20 -> 0 | AT21: 總 計 | AU21: =SUM(AU6:AX20) -> 0 | AY21: =AY20 -> 0 | AZ21: =AZ20 -> 0 | BA21: =BA20 -> 0
A22: 14:45~15:00 | J22: 14:45~15:00 | S22: 14:45~15:00 | AB22: 14:45~15:00 | AK22: 14:45~15:00 | AT22: 14:45~15:00
A23: 開始時刻 | B23: 停車在臨近車道上的車輛總數 | F23: 臨近車道上的流量 | J23: 開始時刻 | K23: 停車在臨近車道上的車輛總數 | O23: 臨近車道上的流量 | S23: 開始時刻 | T23: 停車在臨近車道上的車輛總數 | X23: 臨近車道上的流量 | AB23: 開始時刻 | AC23: 停車在臨近車道上的車輛總數 | AG23: 臨近車道上的流量 | AK23: 開始時刻 | AL23: 停車在臨近車道上的車輛總數 | AP23: 臨近車道上的流量 | AT23: 開始時刻 | AU23: 停車在臨近車道上的車輛總數 | AY23: 臨近車道上的流量
A24: 0.61458333 | B24: 0秒 | C24: 15秒 | D24: 30秒 | E24: 45秒 | F24: 總數 | G24: 未受阻 | H24: 受阻 | J24: 0.61458333 | K24: 0秒 | L24: 15秒 | M24: 30秒 | N24: 45秒 | O24: 總數 | P24: 未受阻 | Q24: 受阻 | S24: 0.61458333 | T24: 0秒 | U24: 15秒 | V24: 30秒 | W24: 45秒 | X24: 總數 | Y24: 未受阻 | Z24: 受阻 | AB24: 0.61458333 | AC24: 0秒 | AD24: 15秒 | AE24: 30秒 | AF24: 45秒 | AG24: 總數 | AH24: 未受阻 | AI24: 受阻 | AK24: 0.61458333 | AL24: 0秒 | AM24: 15秒 | AN24: 30秒 | AO24: 45秒 | AP24: 總數 | AQ24: 未受阻 | AR24: 受阻 | AT24: 0.61458333 | AU24: 0秒 | AV24: 15秒 | AW24: 30秒 | AX24: 45秒 | AY24: 總數 | AZ24: 未受阻 | BA24: 受阻
A25: 46 | J25: 46 | S25: 46 | AB25: 46 | AK25: 46 | AT25: 46
A26: 47 | J26: 47 | S26: 47 | AB26: 47 | AK26: 47 | AT26: 47
A27: 48 | J27: 48 | S27: 48 | AB27: 48 | AK27: 48 | AT27: 48
A28: 49 | J28: 49 | S28: 49 | AB28: 49 | AK28: 49 | AT28: 49
A29: 50 | J29: 50 | S29: 50 | AB29: 50 | AK29: 50 | AT29: 50
A30: 51 | J30: 51 | S30: 51 | AB30: 51 | AK30: 51 | AT30: 51
A31: 52 | J31: 52 | S31: 52 | AB31: 52 | AK31: 52 | AT31: 52
A32: 53 | J32: 53 | S32: 53 | AB32: 53 | AK32: 53 | AT32: 53
A33: 54 | J33: 54 | S33: 54 | AB33: 54 | AK33: 54 | AT33: 54
A34: 55 | J34: 55 | S34: 55 | AB34: 55 | AK34: 55 | AT34: 55
A35: 56 | J35: 56 | S35: 56 | AB35: 56 | AK35: 56 | AT35: 56
A36: 57 | J36: 57 | S36: 57 | AB36: 57 | AK36: 57 | AT36: 57
... A39: 60 | J39: 60 | S39: 60 | AB39: 60 | AK39: 60 | AT39: 60
A40: 總 計 | B40: =SUM(B25:E39) -> 0 | F40: =F39 -> 0 | G40: =G39 -> 0 | H40: =H39 -> 0 | J40: 總 計 | K40: =SUM(K25:N39) -> 0 | O40: =O39 -> 0 | P40: =P39 -> 0 | Q40: =Q39 -> 0 | S40: 總 計 | T40: =SUM(T25:W39) -> 0 | X40: =X39 -> 0 | Y40: =Y39 -> 0 | Z40: =Z39 -> 0 | AB40: 總 計 | AC40: =SUM(AC25:AF39) -> 0 | AG40: =AG39 -> 0 | AH40: =AH39 -> 0 | AI40: =AI39 -> 0 | AK40: 總 計 | AL40: =SUM(AL25:AO39) -> 0 | AP40: =AP39 -> 0 | AQ40: =AQ39 -> 0 | AR40: =AR39 -> 0 | AT40: 總 計 | AU40: =SUM(AU25:AX39) -> 0 | AY40: =AY39 -> 0 | AZ40: =AZ39 -> 0 | BA40: =BA39 -> 0
A41: 15:00~15:15 | J41: 15:00~15:15 | S41: 15:00~15:15 | AB41: 15:00~15:15 | AK41: 15:00~15:15 | AT41: 15:00~15:15
A42: 開始時刻 | B42: 停車在臨近車道上的車輛總數 | F42: 臨近車道上的流量 | J42: 開始時刻 | K42: 停車在臨近車道上的車輛總數 | O42: 臨近車道上的流量 | S42: 開始時刻 | T42: 停車在臨近車道上的車輛總數 | X42: 臨近車道上的流量 | AB42: 開始時刻 | AC42: 停車在臨近車道上的車輛總數 | AG42: 臨近車道上的流量 | AK42: 開始時刻 | AL42: 停車在臨近車道上的車輛總數 | AP42: 臨近車道上的流量 | AT42: 開始時刻 | AU42: 停車在臨近車道上的車輛總數 | AY42: 臨近車道上的流量
A43: 0.625 | B43: 0秒 | C43: 15秒 | D43: 30秒 | E43: 45秒 | F43: 總數 | G43: 未受阻 | H43: 受阻 | J43: 0.625 | K43: 0秒 | L43: 15秒 | M43: 30秒 | N43: 45秒 | O43: 總數 | P43: 未受阻 | Q43: 受阻 | S43: 0.625 | T43: 0秒 | U43: 15秒 | V43: 30秒 | W43: 45秒 | X43: 總數 | Y43: 未受阻 | Z43: 受阻 | AB43: 0.625 | AC43: 0秒 | AD43: 15秒 | AE43: 30秒 | AF43: 45秒 | AG43: 總數 | AH43: 未受阻 | AI43: 受阻 | AK43: 0.625 | AL43: 0秒 | AM43: 15秒 | AN43: 30秒 | AO43: 45秒 | AP43: 總數 | AQ43: 未受阻 | AR43: 受阻 | AT43: 0.625 | AU43: 0秒 | AV43: 15秒 | AW43: 30秒 | AX43: 45秒 | AY43: 總數 | AZ43: 未受阻 | BA43: 受阻
A44: 1 | J44: 1 | S44: 1 | AB44: 1 | AK44: 1 | AT44: 1
A45: 2 | J45: 2 | S45: 2 | AB45: 2 | AK45: 2 | AT45: 2
A46: 3 | J46: 3 | S46: 3 | AB46: 3 | AK46: 3 | AT46: 3
A47: 4 | J47: 4 | S47: 4 | AB47: 4 | AK47: 4 | AT47: 4
A48: 5 | J48: 5 | S48: 5 | AB48: 5 | AK48: 5 | AT48: 5
A49: 6 | J49: 6 | S49: 6 | AB49: 6 | AK49: 6 | AT49: 6
A50: 7 | J50: 7 | S50: 7 | AB50: 7 | AK50: 7 | AT50: 7
A51: 8 | J51: 8 | S51: 8 | AB51: 8 | AK51: 8 | AT51: 8
A52: 9 | J52: 9 | S52: 9 | AB52: 9 | AK52: 9 | AT52: 9
A53: 10 | J53: 10 | S53: 10 | AB53: 10 | AK53: 10 | AT53: 10
A54: 11 | J54: 11 | S54: 11 | AB54: 11 | AK54: 11 | AT54: 11
A55: 12 | J55: 12 | S55: 12 | AB55: 12 | AK55: 12 | AT55: 12
... A58: 15 | J58: 15 | S58: 15 | AB58: 15 | AK58: 15 | AT58: 15
A59: 總 計 | B59: =SUM(B44:E58) -> 0 | F59: =F58 -> 0 | G59: =G58 -> 0 | H59: =H58 -> 0 | J59: 總 計 | K59: =SUM(K44:N58) -> 0 | O59: =O58 -> 0 | P59: =P58 -> 0 | Q59: =Q58 -> 0 | S59: 總 計 | T59: =SUM(T44:W58) -> 0 | X59: =X58 -> 0 | Y59: =Y58 -> 0 | Z59: =Z58 -> 0 | AB59: 總 計 | AC59: =SUM(AC44:AF58) -> 0 | AG59: =AG58 -> 0 | AH59: =AH58 -> 0 | AI59: =AI58 -> 0 | AK59: 總 計 | AL59: =SUM(AL44:AO58) -> 0 | AP59: =AP58 -> 0 | AQ59: =AQ58 -> 0 | AR59: =AR58 -> 0 | AT59: 總 計 | AU59: =SUM(AU44:AX58) -> 0 | AY59: =AY58 -> 0 | AZ59: =AZ58 -> 0 | BA59: =BA58 -> 0
A60: 15:15~15:30 | J60: 15:15~15:30 | S60: 15:15~15:30 | AB60: 15:15~15:30 | AK60: 15:15~15:30 | AT60: 15:15~15:30
A61: 開始時刻 | B61: 停車在臨近車道上的車輛總數 | F61: 臨近車道上的流量 | J61: 開始時刻 | K61: 停車在臨近車道上的車輛總數 | O61: 臨近車道上的流量 | S61: 開始時刻 | T61: 停車在臨近車道上的車輛總數 | X61: 臨近車道上的流量 | AB61: 開始時刻 | AC61: 停車在臨近車道上的車輛總數 | AG61: 臨近車道上的流量 | AK61: 開始時刻 | AL61: 停車在臨近車道上的車輛總數 | AP61: 臨近車道上的流量 | AT61: 開始時刻 | AU61: 停車在臨近車道上的車輛總數 | AY61: 臨近車道上的流量
A62: 0.63541667 | B62: 0秒 | C62: 15秒 | D62: 30秒 | E62: 45秒 | F62: 總數 | G62: 未受阻 | H62: 受阻 | J62: 0.63541667 | K62: 0秒 | L62: 15秒 | M62: 30秒 | N62: 45秒 | O62: 總數 | P62: 未受阻 | Q62: 受阻 | S62: 0.63541667 | T62: 0秒 | U62: 15秒 | V62: 30秒 | W62: 45秒 | X62: 總數 | Y62: 未受阻 | Z62: 受阻 | AB62: 0.63541667 | AC62: 0秒 | AD62: 15秒 | AE62: 30秒 | AF62: 45秒 | AG62: 總數 | AH62: 未受阻 | AI62: 受阻 | AK62: 0.63541667 | AL62: 0秒 | AM62: 15秒 | AN62: 30秒 | AO62: 45秒 | AP62: 總數 | AQ62: 未受阻 | AR62: 受阻 | AT62: 0.63541667 | AU62: 0秒 | AV62: 15秒 | AW62: 30秒 | AX62: 45秒 | AY62: 總數 | AZ62: 未受阻 | BA62: 受阻
A63: 16 | J63: 16 | S63: 16 | AB63: 16 | AK63: 16 | AT63: 16
A64: 17 | J64: 17 | S64: 17 | AB64: 17 | AK64: 17 | AT64: 17
A65: 18 | J65: 18 | S65: 18 | AB65: 18 | AK65: 18 | AT65: 18
A66: 19 | J66: 19 | S66: 19 | AB66: 19 | AK66: 19 | AT66: 19
A67: 20 | J67: 20 | S67: 20 | AB67: 20 | AK67: 20 | AT67: 20
A68: 21 | J68: 21 | S68: 21 | AB68: 21 | AK68: 21 | AT68: 21
A69: 22 | J69: 22 | S69: 22 | AB69: 22 | AK69: 22 | AT69: 22
A70: 23 | J70: 23 | S70: 23 | AB70: 23 | AK70: 23 | AT70: 23
A71: 24 | J71: 24 | S71: 24 | AB71: 24 | AK71: 24 | AT71: 24
A72: 25 | J72: 25 | S72: 25 | AB72: 25 | AK72: 25 | AT72: 25
A73: 26 | J73: 26 | S73: 26 | AB73: 26 | AK73: 26 | AT73: 26
A74: 27 | J74: 27 | S74: 27 | AB74: 27 | AK74: 27 | AT74: 27
... A77: 30 | J77: 30 | S77: 30 | AB77: 30 | AK77: 30 | AT77: 30
A78: 總 計 | B78: =SUM(B63:E77) -> 0 | F78: =F77 -> 0 | G78: =G77 -> 0 | H78: =H77 -> 0 | J78: 總 計 | K78: =SUM(K63:N77) -> 0 | O78: =O77 -> 0 | P78: =P77 -> 0 | Q78: =Q77 -> 0 | S78: 總 計 | T78: =SUM(T63:W77) -> 0 | X78: =X77 -> 0 | Y78: =Y77 -> 0 | Z78: =Z77 -> 0 | AB78: 總 計 | AC78: =SUM(AC63:AF77) -> 0 | AG78: =AG77 -> 0 | AH78: =AH77 -> 0 | AI78: =AI77 -> 0 | AK78: 總 計 | AL78: =SUM(AL63:AO77) -> 0 | AP78: =AP77 -> 0 | AQ78: =AQ77 -> 0 | AR78: =AR77 -> 0 | AT78: 總 計 | AU78: =SUM(AU63:AX77) -> 0 | AY78: =AY77 -> 0 | AZ78: =AZ77 -> 0 | BA78: =BA77 -> 0

Sheet 假日(1730-1830)
A1: =基本資料!$I$11 -> 假日(1730-1830) | J1: =基本資料!$I$11 -> 假日(1730-1830) | S1: =基本資料!$I$11 -> 假日(1730-1830) | AB1: =基本資料!$I$11 -> 假日(1730-1830) | AK1: =基本資料!$I$11 -> 假日(1730-1830) | AT1: =基本資料!$I$11 -> 假日(1730-1830)
A2: =CONCATENATE(基本資料!B18,"方向：",基本資料!B19,基本資料!B20) -> A方向： | J2: =CONCATENATE(基本資料!C18,"方向：",基本資料!C19,基本資料!C20) -> B方向： | S2: =CONCATENATE(基本資料!D18,"方向：",基本資料!D19,基本資料!D20) -> C方向： | AB2: =CONCATENATE(基本資料!E18,"方向：",基本資料!E19,基本資料!E20) -> D方向： | AK2: =CONCATENATE(基本資料!F18,"方向：",基本資料!F19,基本資料!F20) -> E方向： | AT2: =CONCATENATE(基本資料!G18,"方向：",基本資料!G19,基本資料!G20) -> F方向：
A3: 17:30~17:45 | J3: 17:30~17:45 | S3: 17:30~17:45 | AB3: 17:30~17:45 | AK3: 17:30~17:45 | AT3: 17:30~17:45
A4: 開始時刻 | B4: 停車在臨近車道上的車輛總數 | F4: 臨近車道上的流量 | J4: 開始時刻 | K4: 停車在臨近車道上的車輛總數 | O4: 臨近車道上的流量 | S4: 開始時刻 | T4: 停車在臨近車道上的車輛總數 | X4: 臨近車道上的流量 | AB4: 開始時刻 | AC4: 停車在臨近車道上的車輛總數 | AG4: 臨近車道上的流量 | AK4: 開始時刻 | AL4: 停車在臨近車道上的車輛總數 | AP4: 臨近車道上的流量 | AT4: 開始時刻 | AU4: 停車在臨近車道上的車輛總數 | AY4: 臨近車道上的流量
A5: 0.72916667 | B5: 0秒 | C5: 15秒 | D5: 30秒 | E5: 45秒 | F5: 總數 | G5: 未受阻 | H5: 受阻 | J5: 0.72916667 | K5: 0秒 | L5: 15秒 | M5: 30秒 | N5: 45秒 | O5: 總數 | P5: 未受阻 | Q5: 受阻 | S5: 0.72916667 | T5: 0秒 | U5: 15秒 | V5: 30秒 | W5: 45秒 | X5: 總數 | Y5: 未受阻 | Z5: 受阻 | AB5: 0.72916667 | AC5: 0秒 | AD5: 15秒 | AE5: 30秒 | AF5: 45秒 | AG5: 總數 | AH5: 未受阻 | AI5: 受阻 | AK5: 0.72916667 | AL5: 0秒 | AM5: 15秒 | AN5: 30秒 | AO5: 45秒 | AP5: 總數 | AQ5: 未受阻 | AR5: 受阻 | AT5: 0.72916667 | AU5: 0秒 | AV5: 15秒 | AW5: 30秒 | AX5: 45秒 | AY5: 總數 | AZ5: 未受阻 | BA5: 受阻
A6: 31 | J6: 31 | S6: 31 | AB6: 31 | AK6: 31 | AT6: 31
A7: 32 | J7: 32 | S7: 32 | AB7: 32 | AK7: 32 | AT7: 32
A8: 33 | J8: 33 | S8: 33 | AB8: 33 | AK8: 33 | AT8: 33
A9: 34 | J9: 34 | S9: 34 | AB9: 34 | AK9: 34 | AT9: 34
A10: 35 | J10: 35 | S10: 35 | AB10: 35 | AK10: 35 | AT10: 35
A11: 36 | J11: 36 | S11: 36 | AB11: 36 | AK11: 36 | AT11: 36
A12: 37 | J12: 37 | S12: 37 | AB12: 37 | AK12: 37 | AT12: 37
A13: 38 | J13: 38 | S13: 38 | AB13: 38 | AK13: 38 | AT13: 38
A14: 39 | J14: 39 | S14: 39 | AB14: 39 | AK14: 39 | AT14: 39
A15: 40 | J15: 40 | S15: 40 | AB15: 40 | AK15: 40 | AT15: 40
A16: 41 | J16: 41 | S16: 41 | AB16: 41 | AK16: 41 | AT16: 41
A17: 42 | J17: 42 | S17: 42 | AB17: 42 | AK17: 42 | AT17: 42
... A20: 45 | J20: 45 | S20: 45 | AB20: 45 | AK20: 45 | AT20: 45
A21: 總 計 | B21: =SUM(B6:E20) -> 0 | F21: =F20 -> 0 | G21: =G20 -> 0 | H21: =H20 -> 0 | J21: 總 計 | K21: =SUM(K6:N20) -> 0 | O21: =O20 -> 0 | P21: =P20 -> 0 | Q21: =Q20 -> 0 | S21: 總 計 | T21: =SUM(T6:W20) -> 0 | X21: =X20 -> 0 | Y21: =Y20 -> 0 | Z21: =Z20 -> 0 | AB21: 總 計 | AC21: =SUM(AC6:AF20) -> 0 | AG21: =AG20 -> 0 | AH21: =AH20 -> 0 | AI21: =AI20 -> 0 | AK21: 總 計 | AL21: =SUM(AL6:AO20) -> 0 | AP21: =AP20 -> 0 | AQ21: =AQ20 -> 0 | AR21: =AR20 -> 0 | AT21: 總 計 | AU21: =SUM(AU6:AX20) -> 0 | AY21: =AY20 -> 0 | AZ21: =AZ20 -> 0 | BA21: =BA20 -> 0
A22: 17:45~18:00 | J22: 17:45~18:00 | S22: 17:45~18:00 | AB22: 17:45~18:00 | AK22: 17:45~18:00 | AT22: 17:45~18:00
A23: 開始時刻 | B23: 停車在臨近車道上的車輛總數 | F23: 臨近車道上的流量 | J23: 開始時刻 | K23: 停車在臨近車道上的車輛總數 | O23: 臨近車道上的流量 | S23: 開始時刻 | T23: 停車在臨近車道上的車輛總數 | X23: 臨近車道上的流量 | AB23: 開始時刻 | AC23: 停車在臨近車道上的車輛總數 | AG23: 臨近車道上的流量 | AK23: 開始時刻 | AL23: 停車在臨近車道上的車輛總數 | AP23: 臨近車道上的流量 | AT23: 開始時刻 | AU23: 停車在臨近車道上的車輛總數 | AY23: 臨近車道上的流量
A24: 0.73958333 | B24: 0秒 | C24: 15秒 | D24: 30秒 | E24: 45秒 | F24: 總數 | G24: 未受阻 | H24: 受阻 | J24: 0.73958333 | K24: 0秒 | L24: 15秒 | M24: 30秒 | N24: 45秒 | O24: 總數 | P24: 未受阻 | Q24: 受阻 | S24: 0.73958333 | T24: 0秒 | U24: 15秒 | V24: 30秒 | W24: 45秒 | X24: 總數 | Y24: 未受阻 | Z24: 受阻 | AB24: 0.73958333 | AC24: 0秒 | AD24: 15秒 | AE24: 30秒 | AF24: 45秒 | AG24: 總數 | AH24: 未受阻 | AI24: 受阻 | AK24: 0.73958333 | AL24: 0秒 | AM24: 15秒 | AN24: 30秒 | AO24: 45秒 | AP24: 總數 | AQ24: 未受阻 | AR24: 受阻 | AT24: 0.73958333 | AU24: 0秒 | AV24: 15秒 | AW24: 30秒 | AX24: 45秒 | AY24: 總數 | AZ24: 未受阻 | BA24: 受阻
A25: 46 | J25: 46 | S25: 46 | AB25: 46 | AK25: 46 | AT25: 46
A26: 47 | J26: 47 | S26: 47 | AB26: 47 | AK26: 47 | AT26: 47
A27: 48 | J27: 48 | S27: 48 | AB27: 48 | AK27: 48 | AT27: 48
A28: 49 | J28: 49 | S28: 49 | AB28: 49 | AK28: 49 | AT28: 49
A29: 50 | J29: 50 | S29: 50 | AB29: 50 | AK29: 50 | AT29: 50
A30: 51 | J30: 51 | S30: 51 | AB30: 51 | AK30: 51 | AT30: 51
A31: 52 | J31: 52 | S31: 52 | AB31: 52 | AK31: 52 | AT31: 52
A32: 53 | J32: 53 | S32: 53 | AB32: 53 | AK32: 53 | AT32: 53
A33: 54 | J33: 54 | S33: 54 | AB33: 54 | AK33: 54 | AT33: 54
A34: 55 | J34: 55 | S34: 55 | AB34: 55 | AK34: 55 | AT34: 55
A35: 56 | J35: 56 | S35: 56 | AB35: 56 | AK35: 56 | AT35: 56
A36: 57 | J36: 57 | S36: 57 | AB36: 57 | AK36: 57 | AT36: 57
... A39: 60 | J39: 60 | S39: 60 | AB39: 60 | AK39: 60 | AT39: 60
A40: 總 計 | B40: =SUM(B25:E39) -> 0 | F40: =F39 -> 0 | G40: =G39 -> 0 | H40: =H39 -> 0 | J40: 總 計 | K40: =SUM(K25:N39) -> 0 | O40: =O39 -> 0 | P40: =P39 -> 0 | Q40: =Q39 -> 0 | S40: 總 計 | T40: =SUM(T25:W39) -> 0 | X40: =X39 -> 0 | Y40: =Y39 -> 0 | Z40: =Z39 -> 0 | AB40: 總 計 | AC40: =SUM(AC25:AF39) -> 0 | AG40: =AG39 -> 0 | AH40: =AH39 -> 0 | AI40: =AI39 -> 0 | AK40: 總 計 | AL40: =SUM(AL25:AO39) -> 0 | AP40: =AP39 -> 0 | AQ40: =AQ39 -> 0 | AR40: =AR39 -> 0 | AT40: 總 計 | AU40: =SUM(AU25:AX39) -> 0 | AY40: =AY39 -> 0 | AZ40: =AZ39 -> 0 | BA40: =BA39 -> 0
A41: 18:00~18:15 | J41: 18:00~18:15 | S41: 18:00~18:15 | AB41: 18:00~18:15 | AK41: 18:00~18:15 | AT41: 18:00~18:15
A42: 開始時刻 | B42: 停車在臨近車道上的車輛總數 | F42: 臨近車道上的流量 | J42: 開始時刻 | K42: 停車在臨近車道上的車輛總數 | O42: 臨近車道上的流量 | S42: 開始時刻 | T42: 停車在臨近車道上的車輛總數 | X42: 臨近車道上的流量 | AB42: 開始時刻 | AC42: 停車在臨近車道上的車輛總數 | AG42: 臨近車道上的流量 | AK42: 開始時刻 | AL42: 停車在臨近車道上的車輛總數 | AP42: 臨近車道上的流量 | AT42: 開始時刻 | AU42: 停車在臨近車道上的車輛總數 | AY42: 臨近車道上的流量
A43: 0.75 | B43: 0秒 | C43: 15秒 | D43: 30秒 | E43: 45秒 | F43: 總數 | G43: 未受阻 | H43: 受阻 | J43: 0.75 | K43: 0秒 | L43: 15秒 | M43: 30秒 | N43: 45秒 | O43: 總數 | P43: 未受阻 | Q43: 受阻 | S43: 0.75 | T43: 0秒 | U43: 15秒 | V43: 30秒 | W43: 45秒 | X43: 總數 | Y43: 未受阻 | Z43: 受阻 | AB43: 0.75 | AC43: 0秒 | AD43: 15秒 | AE43: 30秒 | AF43: 45秒 | AG43: 總數 | AH43: 未受阻 | AI43: 受阻 | AK43: 0.75 | AL43: 0秒 | AM43: 15秒 | AN43: 30秒 | AO43: 45秒 | AP43: 總數 | AQ43: 未受阻 | AR43: 受阻 | AT43: 0.75 | AU43: 0秒 | AV43: 15秒 | AW43: 30秒 | AX43: 45秒 | AY43: 總數 | AZ43: 未受阻 | BA43: 受阻
A44: 1 | J44: 1 | S44: 1 | AB44: 1 | AK44: 1 | AT44: 1
A45: 2 | J45: 2 | S45: 2 | AB45: 2 | AK45: 2 | AT45: 2
A46: 3 | J46: 3 | S46: 3 | AB46: 3 | AK46: 3 | AT46: 3
A47: 4 | J47: 4 | S47: 4 | AB47: 4 | AK47: 4 | AT47: 4
A48: 5 | J48: 5 | S48: 5 | AB48: 5 | AK48: 5 | AT48: 5
A49: 6 | J49: 6 | S49: 6 | AB49: 6 | AK49: 6 | AT49: 6
A50: 7 | J50: 7 | S50: 7 | AB50: 7 | AK50: 7 | AT50: 7
A51: 8 | J51: 8 | S51: 8 | AB51: 8 | AK51: 8 | AT51: 8
A52: 9 | J52: 9 | S52: 9 | AB52: 9 | AK52: 9 | AT52: 9
A53: 10 | J53: 10 | S53: 10 | AB53: 10 | AK53: 10 | AT53: 10
A54: 11 | J54: 11 | S54: 11 | AB54: 11 | AK54: 11 | AT54: 11
A55: 12 | J55: 12 | S55: 12 | AB55: 12 | AK55: 12 | AT55: 12
... A58: 15 | J58: 15 | S58: 15 | AB58: 15 | AK58: 15 | AT58: 15
A59: 總 計 | B59: =SUM(B44:E58) -> 0 | F59: =F58 -> 0 | G59: =G58 -> 0 | H59: =H58 -> 0 | J59: 總 計 | K59: =SUM(K44:N58) -> 0 | O59: =O58 -> 0 | P59: =P58 -> 0 | Q59: =Q58 -> 0 | S59: 總 計 | T59: =SUM(T44:W58) -> 0 | X59: =X58 -> 0 | Y59: =Y58 -> 0 | Z59: =Z58 -> 0 | AB59: 總 計 | AC59: =SUM(AC44:AF58) -> 0 | AG59: =AG58 -> 0 | AH59: =AH58 -> 0 | AI59: =AI58 -> 0 | AK59: 總 計 | AL59: =SUM(AL44:AO58) -> 0 | AP59: =AP58 -> 0 | AQ59: =AQ58 -> 0 | AR59: =AR58 -> 0 | AT59: 總 計 | AU59: =SUM(AU44:AX58) -> 0 | AY59: =AY58 -> 0 | AZ59: =AZ58 -> 0 | BA59: =BA58 -> 0
A60: 18:15~18:30 | J60: 18:15~18:30 | S60: 18:15~18:30 | AB60: 18:15~18:30 | AK60: 18:15~18:30 | AT60: 18:15~18:30
A61: 開始時刻 | B61: 停車在臨近車道上的車輛總數 | F61: 臨近車道上的流量 | J61: 開始時刻 | K61: 停車在臨近車道上的車輛總數 | O61: 臨近車道上的流量 | S61: 開始時刻 | T61: 停車在臨近車道上的車輛總數 | X61: 臨近車道上的流量 | AB61: 開始時刻 | AC61: 停車在臨近車道上的車輛總數 | AG61: 臨近車道上的流量 | AK61: 開始時刻 | AL61: 停車在臨近車道上的車輛總數 | AP61: 臨近車道上的流量 | AT61: 開始時刻 | AU61: 停車在臨近車道上的車輛總數 | AY61: 臨近車道上的流量
A62: 0.76041667 | B62: 0秒 | C62: 15秒 | D62: 30秒 | E62: 45秒 | F62: 總數 | G62: 未受阻 | H62: 受阻 | J62: 0.76041667 | K62: 0秒 | L62: 15秒 | M62: 30秒 | N62: 45秒 | O62: 總數 | P62: 未受阻 | Q62: 受阻 | S62: 0.76041667 | T62: 0秒 | U62: 15秒 | V62: 30秒 | W62: 45秒 | X62: 總數 | Y62: 未受阻 | Z62: 受阻 | AB62: 0.76041667 | AC62: 0秒 | AD62: 15秒 | AE62: 30秒 | AF62: 45秒 | AG62: 總數 | AH62: 未受阻 | AI62: 受阻 | AK62: 0.76041667 | AL62: 0秒 | AM62: 15秒 | AN62: 30秒 | AO62: 45秒 | AP62: 總數 | AQ62: 未受阻 | AR62: 受阻 | AT62: 0.76041667 | AU62: 0秒 | AV62: 15秒 | AW62: 30秒 | AX62: 45秒 | AY62: 總數 | AZ62: 未受阻 | BA62: 受阻
A63: 16 | J63: 16 | S63: 16 | AB63: 16 | AK63: 16 | AT63: 16
A64: 17 | J64: 17 | S64: 17 | AB64: 17 | AK64: 17 | AT64: 17
A65: 18 | J65: 18 | S65: 18 | AB65: 18 | AK65: 18 | AT65: 18
A66: 19 | J66: 19 | S66: 19 | AB66: 19 | AK66: 19 | AT66: 19
A67: 20 | J67: 20 | S67: 20 | AB67: 20 | AK67: 20 | AT67: 20
A68: 21 | J68: 21 | S68: 21 | AB68: 21 | AK68: 21 | AT68: 21
A69: 22 | J69: 22 | S69: 22 | AB69: 22 | AK69: 22 | AT69: 22
A70: 23 | J70: 23 | S70: 23 | AB70: 23 | AK70: 23 | AT70: 23
A71: 24 | J71: 24 | S71: 24 | AB71: 24 | AK71: 24 | AT71: 24
A72: 25 | J72: 25 | S72: 25 | AB72: 25 | AK72: 25 | AT72: 25
A73: 26 | J73: 26 | S73: 26 | AB73: 26 | AK73: 26 | AT73: 26
A74: 27 | J74: 27 | S74: 27 | AB74: 27 | AK74: 27 | AT74: 27
... A77: 30 | J77: 30 | S77: 30 | AB77: 30 | AK77: 30 | AT77: 30
A78: 總 計 | B78: =SUM(B63:E77) -> 0 | F78: =F77 -> 0 | G78: =G77 -> 0 | H78: =H77 -> 0 | J78: 總 計 | K78: =SUM(K63:N77) -> 0 | O78: =O77 -> 0 | P78: =P77 -> 0 | Q78: =Q77 -> 0 | S78: 總 計 | T78: =SUM(T63:W77) -> 0 | X78: =X77 -> 0 | Y78: =Y77 -> 0 | Z78: =Z77 -> 0 | AB78: 總 計 | AC78: =SUM(AC63:AF77) -> 0 | AG78: =AG77 -> 0 | AH78: =AH77 -> 0 | AI78: =AI77 -> 0 | AK78: 總 計 | AL78: =SUM(AL63:AO77) -> 0 | AP78: =AP77 -> 0 | AQ78: =AQ77 -> 0 | AR78: =AR77 -> 0 | AT78: 總 計 | AU78: =SUM(AU63:AX77) -> 0 | AY78: =AY77 -> 0 | AZ78: =AZ77 -> 0 | BA78: =BA77 -> 0

Sheet 假日(16-18)
A1: =基本資料!$J$11 -> 假日(16-18) | J1: =基本資料!$J$11 -> 假日(16-18) | S1: =基本資料!$J$11 -> 假日(16-18) | AB1: =基本資料!$J$11 -> 假日(16-18) | AK1: =基本資料!$J$11 -> 假日(16-18) | AT1: =基本資料!$J$11 -> 假日(16-18)
A2: =CONCATENATE(基本資料!B18,"方向：",基本資料!B19,基本資料!B20) -> A方向： | J2: =CONCATENATE(基本資料!C18,"方向：",基本資料!C19,基本資料!C20) -> B方向： | S2: =CONCATENATE(基本資料!D18,"方向：",基本資料!D19,基本資料!D20) -> C方向： | AB2: =CONCATENATE(基本資料!E18,"方向：",基本資料!E19,基本資料!E20) -> D方向： | AK2: =CONCATENATE(基本資料!F18,"方向：",基本資料!F19,基本資料!F20) -> E方向： | AT2: =CONCATENATE(基本資料!G18,"方向：",基本資料!G19,基本資料!G20) -> F方向：
A3: 16:00~16:15 | J3: 16:00~16:15 | S3: 16:00~16:15 | AB3: 16:00~16:15 | AK3: 16:00~16:15 | AT3: 16:00~16:15
A4: 開始時刻 | B4: 停車在臨近車道上的車輛總數 | F4: 臨近車道上的流量 | J4: 開始時刻 | K4: 停車在臨近車道上的車輛總數 | O4: 臨近車道上的流量 | S4: 開始時刻 | T4: 停車在臨近車道上的車輛總數 | X4: 臨近車道上的流量 | AB4: 開始時刻 | AC4: 停車在臨近車道上的車輛總數 | AG4: 臨近車道上的流量 | AK4: 開始時刻 | AL4: 停車在臨近車道上的車輛總數 | AP4: 臨近車道上的流量 | AT4: 開始時刻 | AU4: 停車在臨近車道上的車輛總數 | AY4: 臨近車道上的流量
A5: 0.66666667 | B5: 0秒 | C5: 15秒 | D5: 30秒 | E5: 45秒 | F5: 總數 | G5: 未受阻 | H5: 受阻 | J5: 0.66666667 | K5: 0秒 | L5: 15秒 | M5: 30秒 | N5: 45秒 | O5: 總數 | P5: 未受阻 | Q5: 受阻 | S5: 0.66666667 | T5: 0秒 | U5: 15秒 | V5: 30秒 | W5: 45秒 | X5: 總數 | Y5: 未受阻 | Z5: 受阻 | AB5: 0.66666667 | AC5: 0秒 | AD5: 15秒 | AE5: 30秒 | AF5: 45秒 | AG5: 總數 | AH5: 未受阻 | AI5: 受阻 | AK5: 0.66666667 | AL5: 0秒 | AM5: 15秒 | AN5: 30秒 | AO5: 45秒 | AP5: 總數 | AQ5: 未受阻 | AR5: 受阻 | AT5: 0.66666667 | AU5: 0秒 | AV5: 15秒 | AW5: 30秒 | AX5: 45秒 | AY5: 總數 | AZ5: 未受阻 | BA5: 受阻
A6: 1 | J6: 1 | S6: 1 | AB6: 1 | AK6: 1 | AT6: 1
A7: 2 | J7: 2 | S7: 2 | AB7: 2 | AK7: 2 | AT7: 2
A8: 3 | J8: 3 | S8: 3 | AB8: 3 | AK8: 3 | AT8: 3
A9: 4 | J9: 4 | S9: 4 | AB9: 4 | AK9: 4 | AT9: 4
A10: 5 | J10: 5 | S10: 5 | AB10: 5 | AK10: 5 | AT10: 5
A11: 6 | J11: 6 | S11: 6 | AB11: 6 | AK11: 6 | AT11: 6
A12: 7 | J12: 7 | S12: 7 | AB12: 7 | AK12: 7 | AT12: 7
A13: 8 | J13: 8 | S13: 8 | AB13: 8 | AK13: 8 | AT13: 8
A14: 9 | J14: 9 | S14: 9 | AB14: 9 | AK14: 9 | AT14: 9
A15: 10 | J15: 10 | S15: 10 | AB15: 10 | AK15: 10 | AT15: 10
A16: 11 | J16: 11 | S16: 11 | AB16: 11 | AK16: 11 | AT16: 11
A17: 12 | J17: 12 | S17: 12 | AB17: 12 | AK17: 12 | AT17: 12
... A20: 15 | J20: 15 | S20: 15 | AB20: 15 | AK20: 15 | AT20: 15
A21: 總 計 | B21: =SUM(B6:E20) -> 0 | F21: =F20 -> 0 | G21: =G20 -> 0 | H21: =H20 -> 0 | J21: 總 計 | K21: =SUM(K6:N20) -> 0 | O21: =O20 -> 0 | P21: =P20 -> 0 | Q21: =Q20 -> 0 | S21: 總 計 | T21: =SUM(T6:W20) -> 0 | X21: =X20 -> 0 | Y21: =Y20 -> 0 | Z21: =Z20 -> 0 | AB21: 總 計 | AC21: =SUM(AC6:AF20) -> 0 | AG21: =AG20 -> 0 | AH21: =AH20 -> 0 | AI21: =AI20 -> 0 | AK21: 總 計 | AL21: =SUM(AL6:AO20) -> 0 | AP21: =AP20 -> 0 | AQ21: =AQ20 -> 0 | AR21: =AR20 -> 0 | AT21: 總 計 | AU21: =SUM(AU6:AX20) -> 0 | AY21: =AY20 -> 0 | AZ21: =AZ20 -> 0 | BA21: =BA20 -> 0
A22: 16:15~16:30 | J22: 16:15~16:30 | S22: 16:15~16:30 | AB22: 16:15~16:30 | AK22: 16:15~16:30 | AT22: 16:15~16:30
A23: 開始時刻 | B23: 停車在臨近車道上的車輛總數 | F23: 臨近車道上的流量 | J23: 開始時刻 | K23: 停車在臨近車道上的車輛總數 | O23: 臨近車道上的流量 | S23: 開始時刻 | T23: 停車在臨近車道上的車輛總數 | X23: 臨近車道上的流量 | AB23: 開始時刻 | AC23: 停車在臨近車道上的車輛總數 | AG23: 臨近車道上的流量 | AK23: 開始時刻 | AL23: 停車在臨近車道上的車輛總數 | AP23: 臨近車道上的流量 | AT23: 開始時刻 | AU23: 停車在臨近車道上的車輛總數 | AY23: 臨近車道上的流量
A24: 0.67708333 | B24: 0秒 | C24: 15秒 | D24: 30秒 | E24: 45秒 | F24: 總數 | G24: 未受阻 | H24: 受阻 | J24: 0.67708333 | K24: 0秒 | L24: 15秒 | M24: 30秒 | N24: 45秒 | O24: 總數 | P24: 未受阻 | Q24: 受阻 | S24: 0.67708333 | T24: 0秒 | U24: 15秒 | V24: 30秒 | W24: 45秒 | X24: 總數 | Y24: 未受阻 | Z24: 受阻 | AB24: 0.67708333 | AC24: 0秒 | AD24: 15秒 | AE24: 30秒 | AF24: 45秒 | AG24: 總數 | AH24: 未受阻 | AI24: 受阻 | AK24: 0.67708333 | AL24: 0秒 | AM24: 15秒 | AN24: 30秒 | AO24: 45秒 | AP24: 總數 | AQ24: 未受阻 | AR24: 受阻 | AT24: 0.67708333 | AU24: 0秒 | AV24: 15秒 | AW24: 30秒 | AX24: 45秒 | AY24: 總數 | AZ24: 未受阻 | BA24: 受阻
A25: 16 | J25: 16 | S25: 16 | AB25: 16 | AK25: 16 | AT25: 16
A26: 17 | J26: 17 | S26: 17 | AB26: 17 | AK26: 17 | AT26: 17
A27: 18 | J27: 18 | S27: 18 | AB27: 18 | AK27: 18 | AT27: 18
A28: 19 | J28: 19 | S28: 19 | AB28: 19 | AK28: 19 | AT28: 19
A29: 20 | J29: 20 | S29: 20 | AB29: 20 | AK29: 20 | AT29: 20
A30: 21 | J30: 21 | S30: 21 | AB30: 21 | AK30: 21 | AT30: 21
A31: 22 | J31: 22 | S31: 22 | AB31: 22 | AK31: 22 | AT31: 22
A32: 23 | J32: 23 | S32: 23 | AB32: 23 | AK32: 23 | AT32: 23
A33: 24 | J33: 24 | S33: 24 | AB33: 24 | AK33: 24 | AT33: 24
A34: 25 | J34: 25 | S34: 25 | AB34: 25 | AK34: 25 | AT34: 25
A35: 26 | J35: 26 | S35: 26 | AB35: 26 | AK35: 26 | AT35: 26
A36: 27 | J36: 27 | S36: 27 | AB36: 27 | AK36: 27 | AT36: 27
... A39: 30 | J39: 30 | S39: 30 | AB39: 30 | AK39: 30 | AT39: 30
A40: 總 計 | B40: =SUM(B25:E39) -> 0 | F40: =F39 -> 0 | G40: =G39 -> 0 | H40: =H39 -> 0 | J40: 總 計 | K40: =SUM(K25:N39) -> 0 | O40: =O39 -> 0 | P40: =P39 -> 0 | Q40: =Q39 -> 0 | S40: 總 計 | T40: =SUM(T25:W39) -> 0 | X40: =X39 -> 0 | Y40: =Y39 -> 0 | Z40: =Z39 -> 0 | AB40: 總 計 | AC40: =SUM(AC25:AF39) -> 0 | AG40: =AG39 -> 0 | AH40: =AH39 -> 0 | AI40: =AI39 -> 0 | AK40: 總 計 | AL40: =SUM(AL25:AO39) -> 0 | AP40: =AP39 -> 0 | AQ40: =AQ39 -> 0 | AR40: =AR39 -> 0 | AT40: 總 計 | AU40: =SUM(AU25:AX39) -> 0 | AY40: =AY39 -> 0 | AZ40: =AZ39 -> 0 | BA40: =BA39 -> 0
A41: 16:30~16:45 | J41: 16:30~16:45 | S41: 16:30~16:45 | AB41: 16:30~16:45 | AK41: 16:30~16:45 | AT41: 16:30~16:45
A42: 開始時刻 | B42: 停車在臨近車道上的車輛總數 | F42: 臨近車道上的流量 | J42: 開始時刻 | K42: 停車在臨近車道上的車輛總數 | O42: 臨近車道上的流量 | S42: 開始時刻 | T42: 停車在臨近車道上的車輛總數 | X42: 臨近車道上的流量 | AB42: 開始時刻 | AC42: 停車在臨近車道上的車輛總數 | AG42: 臨近車道上的流量 | AK42: 開始時刻 | AL42: 停車在臨近車道上的車輛總數 | AP42: 臨近車道上的流量 | AT42: 開始時刻 | AU42: 停車在臨近車道上的車輛總數 | AY42: 臨近車道上的流量
A43: 0.6875 | B43: 0秒 | C43: 15秒 | D43: 30秒 | E43: 45秒 | F43: 總數 | G43: 未受阻 | H43: 受阻 | J43: 0.6875 | K43: 0秒 | L43: 15秒 | M43: 30秒 | N43: 45秒 | O43: 總數 | P43: 未受阻 | Q43: 受阻 | S43: 0.6875 | T43: 0秒 | U43: 15秒 | V43: 30秒 | W43: 45秒 | X43: 總數 | Y43: 未受阻 | Z43: 受阻 | AB43: 0.6875 | AC43: 0秒 | AD43: 15秒 | AE43: 30秒 | AF43: 45秒 | AG43: 總數 | AH43: 未受阻 | AI43: 受阻 | AK43: 0.6875 | AL43: 0秒 | AM43: 15秒 | AN43: 30秒 | AO43: 45秒 | AP43: 總數 | AQ43: 未受阻 | AR43: 受阻 | AT43: 0.6875 | AU43: 0秒 | AV43: 15秒 | AW43: 30秒 | AX43: 45秒 | AY43: 總數 | AZ43: 未受阻 | BA43: 受阻
A44: 31 | J44: 31 | S44: 31 | AB44: 31 | AK44: 31 | AT44: 31
A45: 32 | J45: 32 | S45: 32 | AB45: 32 | AK45: 32 | AT45: 32
A46: 33 | J46: 33 | S46: 33 | AB46: 33 | AK46: 33 | AT46: 33
A47: 34 | J47: 34 | S47: 34 | AB47: 34 | AK47: 34 | AT47: 34
A48: 35 | J48: 35 | S48: 35 | AB48: 35 | AK48: 35 | AT48: 35
A49: 36 | J49: 36 | S49: 36 | AB49: 36 | AK49: 36 | AT49: 36
A50: 37 | J50: 37 | S50: 37 | AB50: 37 | AK50: 37 | AT50: 37
A51: 38 | J51: 38 | S51: 38 | AB51: 38 | AK51: 38 | AT51: 38
A52: 39 | J52: 39 | S52: 39 | AB52: 39 | AK52: 39 | AT52: 39
A53: 40 | J53: 40 | S53: 40 | AB53: 40 | AK53: 40 | AT53: 40
A54: 41 | J54: 41 | S54: 41 | AB54: 41 | AK54: 41 | AT54: 41
A55: 42 | J55: 42 | S55: 42 | AB55: 42 | AK55: 42 | AT55: 42
... A58: 45 | J58: 45 | S58: 45 | AB58: 45 | AK58: 45 | AT58: 45
A59: 總 計 | B59: =SUM(B44:E58) -> 0 | F59: =F58 -> 0 | G59: =G58 -> 0 | H59: =H58 -> 0 | J59: 總 計 | K59: =SUM(K44:N58) -> 0 | O59: =O58 -> 0 | P59: =P58 -> 0 | Q59: =Q58 -> 0 | S59: 總 計 | T59: =SUM(T44:W58) -> 0 | X59: =X58 -> 0 | Y59: =Y58 -> 0 | Z59: =Z58 -> 0 | AB59: 總 計 | AC59: =SUM(AC44:AF58) -> 0 | AG59: =AG58 -> 0 | AH59: =AH58 -> 0 | AI59: =AI58 -> 0 | AK59: 總 計 | AL59: =SUM(AL44:AO58) -> 0 | AP59: =AP58 -> 0 | AQ59: =AQ58 -> 0 | AR59: =AR58 -> 0 | AT59: 總 計 | AU59: =SUM(AU44:AX58) -> 0 | AY59: =AY58 -> 0 | AZ59: =AZ58 -> 0 | BA59: =BA58 -> 0
A60: 16:45~17:00 | J60: 16:45~17:00 | S60: 16:45~17:00 | AB60: 16:45~17:00 | AK60: 16:45~17:00 | AT60: 16:45~17:00
A61: 開始時刻 | B61: 停車在臨近車道上的車輛總數 | F61: 臨近車道上的流量 | J61: 開始時刻 | K61: 停車在臨近車道上的車輛總數 | O61: 臨近車道上的流量 | S61: 開始時刻 | T61: 停車在臨近車道上的車輛總數 | X61: 臨近車道上的流量 | AB61: 開始時刻 | AC61: 停車在臨近車道上的車輛總數 | AG61: 臨近車道上的流量 | AK61: 開始時刻 | AL61: 停車在臨近車道上的車輛總數 | AP61: 臨近車道上的流量 | AT61: 開始時刻 | AU61: 停車在臨近車道上的車輛總數 | AY61: 臨近車道上的流量
A62: 0.69791667 | B62: 0秒 | C62: 15秒 | D62: 30秒 | E62: 45秒 | F62: 總數 | G62: 未受阻 | H62: 受阻 | J62: 0.69791667 | K62: 0秒 | L62: 15秒 | M62: 30秒 | N62: 45秒 | O62: 總數 | P62: 未受阻 | Q62: 受阻 | S62: 0.69791667 | T62: 0秒 | U62: 15秒 | V62: 30秒 | W62: 45秒 | X62: 總數 | Y62: 未受阻 | Z62: 受阻 | AB62: 0.69791667 | AC62: 0秒 | AD62: 15秒 | AE62: 30秒 | AF62: 45秒 | AG62: 總數 | AH62: 未受阻 | AI62: 受阻 | AK62: 0.69791667 | AL62: 0秒 | AM62: 15秒 | AN62: 30秒 | AO62: 45秒 | AP62: 總數 | AQ62: 未受阻 | AR62: 受阻 | AT62: 0.69791667 | AU62: 0秒 | AV62: 15秒 | AW62: 30秒 | AX62: 45秒 | AY62: 總數 | AZ62: 未受阻 | BA62: 受阻
A63: 46 | J63: 46 | S63: 46 | AB63: 46 | AK63: 46 | AT63: 46
A64: 47 | J64: 47 | S64: 47 | AB64: 47 | AK64: 47 | AT64: 47
A65: 48 | J65: 48 | S65: 48 | AB65: 48 | AK65: 48 | AT65: 48
A66: 49 | J66: 49 | S66: 49 | AB66: 49 | AK66: 49 | AT66: 49
A67: 50 | J67: 50 | S67: 50 | AB67: 50 | AK67: 50 | AT67: 50
A68: 51 | J68: 51 | S68: 51 | AB68: 51 | AK68: 51 | AT68: 51
A69: 52 | J69: 52 | S69: 52 | AB69: 52 | AK69: 52 | AT69: 52
A70: 53 | J70: 53 | S70: 53 | AB70: 53 | AK70: 53 | AT70: 53
A71: 54 | J71: 54 | S71: 54 | AB71: 54 | AK71: 54 | AT71: 54
A72: 55 | J72: 55 | S72: 55 | AB72: 55 | AK72: 55 | AT72: 55
A73: 56 | J73: 56 | S73: 56 | AB73: 56 | AK73: 56 | AT73: 56
A74: 57 | J74: 57 | S74: 57 | AB74: 57 | AK74: 57 | AT74: 57
... A77: 60 | J77: 60 | S77: 60 | AB77: 60 | AK77: 60 | AT77: 60
A78: 總 計 | B78: =SUM(B63:E77) -> 0 | F78: =F77 -> 0 | G78: =G77 -> 0 | H78: =H77 -> 0 | J78: 總 計 | K78: =SUM(K63:N77) -> 0 | O78: =O77 -> 0 | P78: =P77 -> 0 | Q78: =Q77 -> 0 | S78: 總 計 | T78: =SUM(T63:W77) -> 0 | X78: =X77 -> 0 | Y78: =Y77 -> 0 | Z78: =Z77 -> 0 | AB78: 總 計 | AC78: =SUM(AC63:AF77) -> 0 | AG78: =AG77 -> 0 | AH78: =AH77 -> 0 | AI78: =AI77 -> 0 | AK78: 總 計 | AL78: =SUM(AL63:AO77) -> 0 | AP78: =AP77 -> 0 | AQ78: =AQ77 -> 0 | AR78: =AR77 -> 0 | AT78: 總 計 | AU78: =SUM(AU63:AX77) -> 0 | AY78: =AY77 -> 0 | AZ78: =AZ77 -> 0 | BA78: =BA77 -> 0
A79: 17:00~17:15 | J79: 17:00~17:15 | S79: 17:00~17:15 | AB79: 17:00~17:15 | AK79: 17:00~17:15 | AT79: 17:00~17:15
A80: 開始時刻 | B80: 停車在臨近車道上的車輛總數 | F80: 臨近車道上的流量 | J80: 開始時刻 | K80: 停車在臨近車道上的車輛總數 | O80: 臨近車道上的流量 | S80: 開始時刻 | T80: 停車在臨近車道上的車輛總數 | X80: 臨近車道上的流量 | AB80: 開始時刻 | AC80: 停車在臨近車道上的車輛總數 | AG80: 臨近車道上的流量 | AK80: 開始時刻 | AL80: 停車在臨近車道上的車輛總數 | AP80: 臨近車道上的流量 | AT80: 開始時刻 | AU80: 停車在臨近車道上的車輛總數 | AY80: 臨近車道上的流量
A81: 0.70833333 | B81: 0秒 | C81: 15秒 | D81: 30秒 | E81: 45秒 | F81: 總數 | G81: 未受阻 | H81: 受阻 | J81: 0.70833333 | K81: 0秒 | L81: 15秒 | M81: 30秒 | N81: 45秒 | O81: 總數 | P81: 未受阻 | Q81: 受阻 | S81: 0.70833333 | T81: 0秒 | U81: 15秒 | V81: 30秒 | W81: 45秒 | X81: 總數 | Y81: 未受阻 | Z81: 受阻 | AB81: 0.70833333 | AC81: 0秒 | AD81: 15秒 | AE81: 30秒 | AF81: 45秒 | AG81: 總數 | AH81: 未受阻 | AI81: 受阻 | AK81: 0.70833333 | AL81: 0秒 | AM81: 15秒 | AN81: 30秒 | AO81: 45秒 | AP81: 總數 | AQ81: 未受阻 | AR81: 受阻 | AT81: 0.70833333 | AU81: 0秒 | AV81: 15秒 | AW81: 30秒 | AX81: 45秒 | AY81: 總數 | AZ81: 未受阻 | BA81: 受阻
A82: 1 | J82: 1 | S82: 1 | AB82: 1 | AK82: 1 | AT82: 1
A83: 2 | J83: 2 | S83: 2 | AB83: 2 | AK83: 2 | AT83: 2
A84: 3 | J84: 3 | S84: 3 | AB84: 3 | AK84: 3 | AT84: 3
A85: 4 | J85: 4 | S85: 4 | AB85: 4 | AK85: 4 | AT85: 4
A86: 5 | J86: 5 | S86: 5 | AB86: 5 | AK86: 5 | AT86: 5
A87: 6 | J87: 6 | S87: 6 | AB87: 6 | AK87: 6 | AT87: 6
A88: 7 | J88: 7 | S88: 7 | AB88: 7 | AK88: 7 | AT88: 7
A89: 8 | J89: 8 | S89: 8 | AB89: 8 | AK89: 8 | AT89: 8
A90: 9 | J90: 9 | S90: 9 | AB90: 9 | AK90: 9 | AT90: 9
A91: 10 | J91: 10 | S91: 10 | AB91: 10 | AK91: 10 | AT91: 10
A92: 11 | J92: 11 | S92: 11 | AB92: 11 | AK92: 11 | AT92: 11
A93: 12 | J93: 12 | S93: 12 | AB93: 12 | AK93: 12 | AT93: 12
... A96: 15 | J96: 15 | S96: 15 | AB96: 15 | AK96: 15 | AT96: 15
A97: 總 計 | B97: =SUM(B82:E96) -> 0 | F97: =F96 -> 0 | G97: =G96 -> 0 | H97: =H96 -> 0 | J97: 總 計 | K97: =SUM(K82:N96) -> 0 | O97: =O96 -> 0 | P97: =P96 -> 0 | Q97: =Q96 -> 0 | S97: 總 計 | T97: =SUM(T82:W96) -> 0 | X97: =X96 -> 0 | Y97: =Y96 -> 0 | Z97: =Z96 -> 0 | AB97: 總 計 | AC97: =SUM(AC82:AF96) -> 0 | AG97: =AG96 -> 0 | AH97: =AH96 -> 0 | AI97: =AI96 -> 0 | AK97: 總 計 | AL97: =SUM(AL82:AO96) -> 0 | AP97: =AP96 -> 0 | AQ97: =AQ96 -> 0 | AR97: =AR96 -> 0 | AT97: 總 計 | AU97: =SUM(AU82:AX96) -> 0 | AY97: =AY96 -> 0 | AZ97: =AZ96 -> 0 | BA97: =BA96 -> 0
A98: 17:15~17:30 | J98: 17:15~17:30 | S98: 17:15~17:30 | AB98: 17:15~17:30 | AK98: 17:15~17:30 | AT98: 17:15~17:30
A99: 開始時刻 | B99: 停車在臨近車道上的車輛總數 | F99: 臨近車道上的流量 | J99: 開始時刻 | K99: 停車在臨近車道上的車輛總數 | O99: 臨近車道上的流量 | S99: 開始時刻 | T99: 停車在臨近車道上的車輛總數 | X99: 臨近車道上的流量 | AB99: 開始時刻 | AC99: 停車在臨近車道上的車輛總數 | AG99: 臨近車道上的流量 | AK99: 開始時刻 | AL99: 停車在臨近車道上的車輛總數 | AP99: 臨近車道上的流量 | AT99: 開始時刻 | AU99: 停車在臨近車道上的車輛總數 | AY99: 臨近車道上的流量
A100: 0.71875 | B100: 0秒 | C100: 15秒 | D100: 30秒 | E100: 45秒 | F100: 總數 | G100: 未受阻 | H100: 受阻 | J100: 0.71875 | K100: 0秒 | L100: 15秒 | M100: 30秒 | N100: 45秒 | O100: 總數 | P100: 未受阻 | Q100: 受阻 | S100: 0.71875 | T100: 0秒 | U100: 15秒 | V100: 30秒 | W100: 45秒 | X100: 總數 | Y100: 未受阻 | Z100: 受阻 | AB100: 0.71875 | AC100: 0秒 | AD100: 15秒 | AE100: 30秒 | AF100: 45秒 | AG100: 總數 | AH100: 未受阻 | AI100: 受阻 | AK100: 0.71875 | AL100: 0秒 | AM100: 15秒 | AN100: 30秒 | AO100: 45秒 | AP100: 總數 | AQ100: 未受阻 | AR100: 受阻 | AT100: 0.71875 | AU100: 0秒 | AV100: 15秒 | AW100: 30秒 | AX100: 45秒 | AY100: 總數 | AZ100: 未受阻 | BA100: 受阻
A101: 16 | J101: 16 | S101: 16 | AB101: 16 | AK101: 16 | AT101: 16
A102: 17 | J102: 17 | S102: 17 | AB102: 17 | AK102: 17 | AT102: 17
A103: 18 | J103: 18 | S103: 18 | AB103: 18 | AK103: 18 | AT103: 18
A104: 19 | J104: 19 | S104: 19 | AB104: 19 | AK104: 19 | AT104: 19
A105: 20 | J105: 20 | S105: 20 | AB105: 20 | AK105: 20 | AT105: 20
A106: 21 | J106: 21 | S106: 21 | AB106: 21 | AK106: 21 | AT106: 21
A107: 22 | J107: 22 | S107: 22 | AB107: 22 | AK107: 22 | AT107: 22
A108: 23 | J108: 23 | S108: 23 | AB108: 23 | AK108: 23 | AT108: 23
A109: 24 | J109: 24 | S109: 24 | AB109: 24 | AK109: 24 | AT109: 24
A110: 25 | J110: 25 | S110: 25 | AB110: 25 | AK110: 25 | AT110: 25
...

Sheet 假日(17-19)
A1: =基本資料!$K$11 -> 假日(17-19) | J1: =基本資料!$K$11 -> 假日(17-19) | S1: =基本資料!$K$11 -> 假日(17-19) | AB1: =基本資料!$K$11 -> 假日(17-19) | AK1: =基本資料!$K$11 -> 假日(17-19) | AT1: =基本資料!$K$11 -> 假日(17-19)
A2: =CONCATENATE(基本資料!B18,"方向：",基本資料!B19,基本資料!B20) -> A方向： | J2: =CONCATENATE(基本資料!C18,"方向：",基本資料!C19,基本資料!C20) -> B方向： | S2: =CONCATENATE(基本資料!D18,"方向：",基本資料!D19,基本資料!D20) -> C方向： | AB2: =CONCATENATE(基本資料!E18,"方向：",基本資料!E19,基本資料!E20) -> D方向： | AK2: =CONCATENATE(基本資料!F18,"方向：",基本資料!F19,基本資料!F20) -> E方向： | AT2: =CONCATENATE(基本資料!G18,"方向：",基本資料!G19,基本資料!G20) -> F方向：
A3: 17:00~17:15 | J3: 17:00~17:15 | S3: 17:00~17:15 | AB3: 17:00~17:15 | AK3: 17:00~17:15 | AT3: 17:00~17:15
A4: 開始時刻 | B4: 停車在臨近車道上的車輛總數 | F4: 臨近車道上的流量 | J4: 開始時刻 | K4: 停車在臨近車道上的車輛總數 | O4: 臨近車道上的流量 | S4: 開始時刻 | T4: 停車在臨近車道上的車輛總數 | X4: 臨近車道上的流量 | AB4: 開始時刻 | AC4: 停車在臨近車道上的車輛總數 | AG4: 臨近車道上的流量 | AK4: 開始時刻 | AL4: 停車在臨近車道上的車輛總數 | AP4: 臨近車道上的流量 | AT4: 開始時刻 | AU4: 停車在臨近車道上的車輛總數 | AY4: 臨近車道上的流量
A5: 17:00 | B5: 0秒 | C5: 15秒 | D5: 30秒 | E5: 45秒 | F5: 總數 | G5: 未受阻 | H5: 受阻 | J5: 17:00 | K5: 0秒 | L5: 15秒 | M5: 30秒 | N5: 45秒 | O5: 總數 | P5: 未受阻 | Q5: 受阻 | S5: 17:00 | T5: 0秒 | U5: 15秒 | V5: 30秒 | W5: 45秒 | X5: 總數 | Y5: 未受阻 | Z5: 受阻 | AB5: 17:00 | AC5: 0秒 | AD5: 15秒 | AE5: 30秒 | AF5: 45秒 | AG5: 總數 | AH5: 未受阻 | AI5: 受阻 | AK5: 17:00 | AL5: 0秒 | AM5: 15秒 | AN5: 30秒 | AO5: 45秒 | AP5: 總數 | AQ5: 未受阻 | AR5: 受阻 | AT5: 17:00 | AU5: 0秒 | AV5: 15秒 | AW5: 30秒 | AX5: 45秒 | AY5: 總數 | AZ5: 未受阻 | BA5: 受阻
A6: 1 | J6: 1 | S6: 1 | AB6: 1 | AK6: 1 | AT6: 1
A7: 2 | J7: 2 | S7: 2 | AB7: 2 | AK7: 2 | AT7: 2
A8: 3 | J8: 3 | S8: 3 | AB8: 3 | AK8: 3 | AT8: 3
A9: 4 | J9: 4 | S9: 4 | AB9: 4 | AK9: 4 | AT9: 4
A10: 5 | J10: 5 | S10: 5 | AB10: 5 | AK10: 5 | AT10: 5
A11: 6 | J11: 6 | S11: 6 | AB11: 6 | AK11: 6 | AT11: 6
A12: 7 | J12: 7 | S12: 7 | AB12: 7 | AK12: 7 | AT12: 7
A13: 8 | J13: 8 | S13: 8 | AB13: 8 | AK13: 8 | AT13: 8
A14: 9 | J14: 9 | S14: 9 | AB14: 9 | AK14: 9 | AT14: 9
A15: 10 | J15: 10 | S15: 10 | AB15: 10 | AK15: 10 | AT15: 10
A16: 11 | J16: 11 | S16: 11 | AB16: 11 | AK16: 11 | AT16: 11
A17: 12 | J17: 12 | S17: 12 | AB17: 12 | AK17: 12 | AT17: 12
... A20: 15 | J20: 15 | S20: 15 | AB20: 15 | AK20: 15 | AT20: 15
A21: 總 計 | B21: =SUM(B6:E20) -> 0 | F21: =F20 -> 0 | G21: =G20 -> 0 | H21: =H20 -> 0 | J21: 總 計 | K21: =SUM(K6:N20) -> 0 | O21: =O20 -> 0 | P21: =P20 -> 0 | Q21: =Q20 -> 0 | S21: 總 計 | T21: =SUM(T6:W20) -> 0 | X21: =X20 -> 0 | Y21: =Y20 -> 0 | Z21: =Z20 -> 0 | AB21: 總 計 | AC21: =SUM(AC6:AF20) -> 0 | AG21: =AG20 -> 0 | AH21: =AH20 -> 0 | AI21: =AI20 -> 0 | AK21: 總 計 | AL21: =SUM(AL6:AO20) -> 0 | AP21: =AP20 -> 0 | AQ21: =AQ20 -> 0 | AR21: =AR20 -> 0 | AT21: 總 計 | AU21: =SUM(AU6:AX20) -> 0 | AY21: =AY20 -> 0 | AZ21: =AZ20 -> 0 | BA21: =BA20 -> 0
A22: 17:15~17:30 | J22: 17:15~17:30 | S22: 17:15~17:30 | AB22: 17:15~17:30 | AK22: 17:15~17:30 | AT22: 17:15~17:30
A23: 開始時刻 | B23: 停車在臨近車道上的車輛總數 | F23: 臨近車道上的流量 | J23: 開始時刻 | K23: 停車在臨近車道上的車輛總數 | O23: 臨近車道上的流量 | S23: 開始時刻 | T23: 停車在臨近車道上的車輛總數 | X23: 臨近車道上的流量 | AB23: 開始時刻 | AC23: 停車在臨近車道上的車輛總數 | AG23: 臨近車道上的流量 | AK23: 開始時刻 | AL23: 停車在臨近車道上的車輛總數 | AP23: 臨近車道上的流量 | AT23: 開始時刻 | AU23: 停車在臨近車道上的車輛總數 | AY23: 臨近車道上的流量
A24: 17:15 | B24: 0秒 | C24: 15秒 | D24: 30秒 | E24: 45秒 | F24: 總數 | G24: 未受阻 | H24: 受阻 | J24: 17:15 | K24: 0秒 | L24: 15秒 | M24: 30秒 | N24: 45秒 | O24: 總數 | P24: 未受阻 | Q24: 受阻 | S24: 17:15 | T24: 0秒 | U24: 15秒 | V24: 30秒 | W24: 45秒 | X24: 總數 | Y24: 未受阻 | Z24: 受阻 | AB24: 17:15 | AC24: 0秒 | AD24: 15秒 | AE24: 30秒 | AF24: 45秒 | AG24: 總數 | AH24: 未受阻 | AI24: 受阻 | AK24: 17:15 | AL24: 0秒 | AM24: 15秒 | AN24: 30秒 | AO24: 45秒 | AP24: 總數 | AQ24: 未受阻 | AR24: 受阻 | AT24: 17:15 | AU24: 0秒 | AV24: 15秒 | AW24: 30秒 | AX24: 45秒 | AY24: 總數 | AZ24: 未受阻 | BA24: 受阻
A25: 16 | J25: 16 | S25: 16 | AB25: 16 | AK25: 16 | AT25: 16
A26: 17 | J26: 17 | S26: 17 | AB26: 17 | AK26: 17 | AT26: 17
A27: 18 | J27: 18 | S27: 18 | AB27: 18 | AK27: 18 | AT27: 18
A28: 19 | J28: 19 | S28: 19 | AB28: 19 | AK28: 19 | AT28: 19
A29: 20 | J29: 20 | S29: 20 | AB29: 20 | AK29: 20 | AT29: 20
A30: 21 | J30: 21 | S30: 21 | AB30: 21 | AK30: 21 | AT30: 21
A31: 22 | J31: 22 | S31: 22 | AB31: 22 | AK31: 22 | AT31: 22
A32: 23 | J32: 23 | S32: 23 | AB32: 23 | AK32: 23 | AT32: 23
A33: 24 | J33: 24 | S33: 24 | AB33: 24 | AK33: 24 | AT33: 24
A34: 25 | J34: 25 | S34: 25 | AB34: 25 | AK34: 25 | AT34: 25
A35: 26 | J35: 26 | S35: 26 | AB35: 26 | AK35: 26 | AT35: 26
A36: 27 | J36: 27 | S36: 27 | AB36: 27 | AK36: 27 | AT36: 27
... A39: 30 | J39: 30 | S39: 30 | AB39: 30 | AK39: 30 | AT39: 30
A40: 總 計 | B40: =SUM(B25:E39) -> 0 | F40: =F39 -> 0 | G40: =G39 -> 0 | H40: =H39 -> 0 | J40: 總 計 | K40: =SUM(K25:N39) -> 0 | O40: =O39 -> 0 | P40: =P39 -> 0 | Q40: =Q39 -> 0 | S40: 總 計 | T40: =SUM(T25:W39) -> 0 | X40: =X39 -> 0 | Y40: =Y39 -> 0 | Z40: =Z39 -> 0 | AB40: 總 計 | AC40: =SUM(AC25:AF39) -> 0 | AG40: =AG39 -> 0 | AH40: =AH39 -> 0 | AI40: =AI39 -> 0 | AK40: 總 計 | AL40: =SUM(AL25:AO39) -> 0 | AP40: =AP39 -> 0 | AQ40: =AQ39 -> 0 | AR40: =AR39 -> 0 | AT40: 總 計 | AU40: =SUM(AU25:AX39) -> 0 | AY40: =AY39 -> 0 | AZ40: =AZ39 -> 0 | BA40: =BA39 -> 0
A41: 17:30~17:45 | J41: 17:30~17:45 | S41: 17:30~17:45 | AB41: 17:30~17:45 | AK41: 17:30~17:45 | AT41: 17:30~17:45
A42: 開始時刻 | B42: 停車在臨近車道上的車輛總數 | F42: 臨近車道上的流量 | J42: 開始時刻 | K42: 停車在臨近車道上的車輛總數 | O42: 臨近車道上的流量 | S42: 開始時刻 | T42: 停車在臨近車道上的車輛總數 | X42: 臨近車道上的流量 | AB42: 開始時刻 | AC42: 停車在臨近車道上的車輛總數 | AG42: 臨近車道上的流量 | AK42: 開始時刻 | AL42: 停車在臨近車道上的車輛總數 | AP42: 臨近車道上的流量 | AT42: 開始時刻 | AU42: 停車在臨近車道上的車輛總數 | AY42: 臨近車道上的流量
A43: 17:30 | B43: 0秒 | C43: 15秒 | D43: 30秒 | E43: 45秒 | F43: 總數 | G43: 未受阻 | H43: 受阻 | J43: 17:30 | K43: 0秒 | L43: 15秒 | M43: 30秒 | N43: 45秒 | O43: 總數 | P43: 未受阻 | Q43: 受阻 | S43: 17:30 | T43: 0秒 | U43: 15秒 | V43: 30秒 | W43: 45秒 | X43: 總數 | Y43: 未受阻 | Z43: 受阻 | AB43: 17:30 | AC43: 0秒 | AD43: 15秒 | AE43: 30秒 | AF43: 45秒 | AG43: 總數 | AH43: 未受阻 | AI43: 受阻 | AK43: 17:30 | AL43: 0秒 | AM43: 15秒 | AN43: 30秒 | AO43: 45秒 | AP43: 總數 | AQ43: 未受阻 | AR43: 受阻 | AT43: 17:30 | AU43: 0秒 | AV43: 15秒 | AW43: 30秒 | AX43: 45秒 | AY43: 總數 | AZ43: 未受阻 | BA43: 受阻
A44: 31 | J44: 31 | S44: 31 | AB44: 31 | AK44: 31 | AT44: 31
A45: 32 | J45: 32 | S45: 32 | AB45: 32 | AK45: 32 | AT45: 32
A46: 33 | J46: 33 | S46: 33 | AB46: 33 | AK46: 33 | AT46: 33
A47: 34 | J47: 34 | S47: 34 | AB47: 34 | AK47: 34 | AT47: 34
A48: 35 | J48: 35 | S48: 35 | AB48: 35 | AK48: 35 | AT48: 35
A49: 36 | J49: 36 | S49: 36 | AB49: 36 | AK49: 36 | AT49: 36
A50: 37 | J50: 37 | S50: 37 | AB50: 37 | AK50: 37 | AT50: 37
A51: 38 | J51: 38 | S51: 38 | AB51: 38 | AK51: 38 | AT51: 38
A52: 39 | J52: 39 | S52: 39 | AB52: 39 | AK52: 39 | AT52: 39
A53: 40 | J53: 40 | S53: 40 | AB53: 40 | AK53: 40 | AT53: 40
A54: 41 | J54: 41 | S54: 41 | AB54: 41 | AK54: 41 | AT54: 41
A55: 42 | J55: 42 | S55: 42 | AB55: 42 | AK55: 42 | AT55: 42
... A58: 45 | J58: 45 | S58: 45 | AB58: 45 | AK58: 45 | AT58: 45
A59: 總 計 | B59: =SUM(B44:E58) -> 0 | F59: =F58 -> 0 | G59: =G58 -> 0 | H59: =H58 -> 0 | J59: 總 計 | K59: =SUM(K44:N58) -> 0 | O59: =O58 -> 0 | P59: =P58 -> 0 | Q59: =Q58 -> 0 | S59: 總 計 | T59: =SUM(T44:W58) -> 0 | X59: =X58 -> 0 | Y59: =Y58 -> 0 | Z59: =Z58 -> 0 | AB59: 總 計 | AC59: =SUM(AC44:AF58) -> 0 | AG59: =AG58 -> 0 | AH59: =AH58 -> 0 | AI59: =AI58 -> 0 | AK59: 總 計 | AL59: =SUM(AL44:AO58) -> 0 | AP59: =AP58 -> 0 | AQ59: =AQ58 -> 0 | AR59: =AR58 -> 0 | AT59: 總 計 | AU59: =SUM(AU44:AX58) -> 0 | AY59: =AY58 -> 0 | AZ59: =AZ58 -> 0 | BA59: =BA58 -> 0
A60: 17:45~18:00 | J60: 17:45~18:00 | S60: 17:45~18:00 | AB60: 17:45~18:00 | AK60: 17:45~18:00 | AT60: 17:45~18:00
A61: 開始時刻 | B61: 停車在臨近車道上的車輛總數 | F61: 臨近車道上的流量 | J61: 開始時刻 | K61: 停車在臨近車道上的車輛總數 | O61: 臨近車道上的流量 | S61: 開始時刻 | T61: 停車在臨近車道上的車輛總數 | X61: 臨近車道上的流量 | AB61: 開始時刻 | AC61: 停車在臨近車道上的車輛總數 | AG61: 臨近車道上的流量 | AK61: 開始時刻 | AL61: 停車在臨近車道上的車輛總數 | AP61: 臨近車道上的流量 | AT61: 開始時刻 | AU61: 停車在臨近車道上的車輛總數 | AY61: 臨近車道上的流量
A62: 17:45 | B62: 0秒 | C62: 15秒 | D62: 30秒 | E62: 45秒 | F62: 總數 | G62: 未受阻 | H62: 受阻 | J62: 17:45 | K62: 0秒 | L62: 15秒 | M62: 30秒 | N62: 45秒 | O62: 總數 | P62: 未受阻 | Q62: 受阻 | S62: 17:45 | T62: 0秒 | U62: 15秒 | V62: 30秒 | W62: 45秒 | X62: 總數 | Y62: 未受阻 | Z62: 受阻 | AB62: 17:45 | AC62: 0秒 | AD62: 15秒 | AE62: 30秒 | AF62: 45秒 | AG62: 總數 | AH62: 未受阻 | AI62: 受阻 | AK62: 17:45 | AL62: 0秒 | AM62: 15秒 | AN62: 30秒 | AO62: 45秒 | AP62: 總數 | AQ62: 未受阻 | AR62: 受阻 | AT62: 17:45 | AU62: 0秒 | AV62: 15秒 | AW62: 30秒 | AX62: 45秒 | AY62: 總數 | AZ62: 未受阻 | BA62: 受阻
A63: 46 | J63: 46 | S63: 46 | AB63: 46 | AK63: 46 | AT63: 46
A64: 47 | J64: 47 | S64: 47 | AB64: 47 | AK64: 47 | AT64: 47
A65: 48 | J65: 48 | S65: 48 | AB65: 48 | AK65: 48 | AT65: 48
A66: 49 | J66: 49 | S66: 49 | AB66: 49 | AK66: 49 | AT66: 49
A67: 50 | J67: 50 | S67: 50 | AB67: 50 | AK67: 50 | AT67: 50
A68: 51 | J68: 51 | S68: 51 | AB68: 51 | AK68: 51 | AT68: 51
A69: 52 | J69: 52 | S69: 52 | AB69: 52 | AK69: 52 | AT69: 52
A70: 53 | J70: 53 | S70: 53 | AB70: 53 | AK70: 53 | AT70: 53
A71: 54 | J71: 54 | S71: 54 | AB71: 54 | AK71: 54 | AT71: 54
A72: 55 | J72: 55 | S72: 55 | AB72: 55 | AK72: 55 | AT72: 55
A73: 56 | J73: 56 | S73: 56 | AB73: 56 | AK73: 56 | AT73: 56
A74: 57 | J74: 57 | S74: 57 | AB74: 57 | AK74: 57 | AT74: 57
... A77: 60 | J77: 60 | S77: 60 | AB77: 60 | AK77: 60 | AT77: 60
A78: 總 計 | B78: =SUM(B63:E77) -> 0 | F78: =F77 -> 0 | G78: =G77 -> 0 | H78: =H77 -> 0 | J78: 總 計 | K78: =SUM(K63:N77) -> 0 | O78: =O77 -> 0 | P78: =P77 -> 0 | Q78: =Q77 -> 0 | S78: 總 計 | T78: =SUM(T63:W77) -> 0 | X78: =X77 -> 0 | Y78: =Y77 -> 0 | Z78: =Z77 -> 0 | AB78: 總 計 | AC78: =SUM(AC63:AF77) -> 0 | AG78: =AG77 -> 0 | AH78: =AH77 -> 0 | AI78: =AI77 -> 0 | AK78: 總 計 | AL78: =SUM(AL63:AO77) -> 0 | AP78: =AP77 -> 0 | AQ78: =AQ77 -> 0 | AR78: =AR77 -> 0 | AT78: 總 計 | AU78: =SUM(AU63:AX77) -> 0 | AY78: =AY77 -> 0 | AZ78: =AZ77 -> 0 | BA78: =BA77 -> 0
A79: 18:00~18:15 | J79: 18:00~18:15 | S79: 18:00~18:15 | AB79: 18:00~18:15 | AK79: 18:00~18:15 | AT79: 18:00~18:15
A80: 開始時刻 | B80: 停車在臨近車道上的車輛總數 | F80: 臨近車道上的流量 | J80: 開始時刻 | K80: 停車在臨近車道上的車輛總數 | O80: 臨近車道上的流量 | S80: 開始時刻 | T80: 停車在臨近車道上的車輛總數 | X80: 臨近車道上的流量 | AB80: 開始時刻 | AC80: 停車在臨近車道上的車輛總數 | AG80: 臨近車道上的流量 | AK80: 開始時刻 | AL80: 停車在臨近車道上的車輛總數 | AP80: 臨近車道上的流量 | AT80: 開始時刻 | AU80: 停車在臨近車道上的車輛總數 | AY80: 臨近車道上的流量
A81: 18:00 | B81: 0秒 | C81: 15秒 | D81: 30秒 | E81: 45秒 | F81: 總數 | G81: 未受阻 | H81: 受阻 | J81: 18:00 | K81: 0秒 | L81: 15秒 | M81: 30秒 | N81: 45秒 | O81: 總數 | P81: 未受阻 | Q81: 受阻 | S81: 18:00 | T81: 0秒 | U81: 15秒 | V81: 30秒 | W81: 45秒 | X81: 總數 | Y81: 未受阻 | Z81: 受阻 | AB81: 18:00 | AC81: 0秒 | AD81: 15秒 | AE81: 30秒 | AF81: 45秒 | AG81: 總數 | AH81: 未受阻 | AI81: 受阻 | AK81: 18:00 | AL81: 0秒 | AM81: 15秒 | AN81: 30秒 | AO81: 45秒 | AP81: 總數 | AQ81: 未受阻 | AR81: 受阻 | AT81: 18:00 | AU81: 0秒 | AV81: 15秒 | AW81: 30秒 | AX81: 45秒 | AY81: 總數 | AZ81: 未受阻 | BA81: 受阻
A82: 1 | J82: 1 | S82: 1 | AB82: 1 | AK82: 1 | AT82: 1
A83: 2 | J83: 2 | S83: 2 | AB83: 2 | AK83: 2 | AT83: 2
A84: 3 | J84: 3 | S84: 3 | AB84: 3 | AK84: 3 | AT84: 3
A85: 4 | J85: 4 | S85: 4 | AB85: 4 | AK85: 4 | AT85: 4
A86: 5 | J86: 5 | S86: 5 | AB86: 5 | AK86: 5 | AT86: 5
A87: 6 | J87: 6 | S87: 6 | AB87: 6 | AK87: 6 | AT87: 6
A88: 7 | J88: 7 | S88: 7 | AB88: 7 | AK88: 7 | AT88: 7
A89: 8 | J89: 8 | S89: 8 | AB89: 8 | AK89: 8 | AT89: 8
A90: 9 | J90: 9 | S90: 9 | AB90: 9 | AK90: 9 | AT90: 9
A91: 10 | J91: 10 | S91: 10 | AB91: 10 | AK91: 10 | AT91: 10
A92: 11 | J92: 11 | S92: 11 | AB92: 11 | AK92: 11 | AT92: 11
A93: 12 | J93: 12 | S93: 12 | AB93: 12 | AK93: 12 | AT93: 12
... A96: 15 | J96: 15 | S96: 15 | AB96: 15 | AK96: 15 | AT96: 15
A97: 總 計 | B97: =SUM(B82:E96) -> 0 | F97: =F96 -> 0 | G97: =G96 -> 0 | H97: =H96 -> 0 | J97: 總 計 | K97: =SUM(K82:N96) -> 0 | O97: =O96 -> 0 | P97: =P96 -> 0 | Q97: =Q96 -> 0 | S97: 總 計 | T97: =SUM(T82:W96) -> 0 | X97: =X96 -> 0 | Y97: =Y96 -> 0 | Z97: =Z96 -> 0 | AB97: 總 計 | AC97: =SUM(AC82:AF96) -> 0 | AG97: =AG96 -> 0 | AH97: =AH96 -> 0 | AI97: =AI96 -> 0 | AK97: 總 計 | AL97: =SUM(AL82:AO96) -> 0 | AP97: =AP96 -> 0 | AQ97: =AQ96 -> 0 | AR97: =AR96 -> 0 | AT97: 總 計 | AU97: =SUM(AU82:AX96) -> 0 | AY97: =AY96 -> 0 | AZ97: =AZ96 -> 0 | BA97: =BA96 -> 0
A98: 18:15~18:30 | J98: 18:15~18:30 | S98: 18:15~18:30 | AB98: 18:15~18:30 | AK98: 18:15~18:30 | AT98: 18:15~18:30
A99: 開始時刻 | B99: 停車在臨近車道上的車輛總數 | F99: 臨近車道上的流量 | J99: 開始時刻 | K99: 停車在臨近車道上的車輛總數 | O99: 臨近車道上的流量 | S99: 開始時刻 | T99: 停車在臨近車道上的車輛總數 | X99: 臨近車道上的流量 | AB99: 開始時刻 | AC99: 停車在臨近車道上的車輛總數 | AG99: 臨近車道上的流量 | AK99: 開始時刻 | AL99: 停車在臨近車道上的車輛總數 | AP99: 臨近車道上的流量 | AT99: 開始時刻 | AU99: 停車在臨近車道上的車輛總數 | AY99: 臨近車道上的流量
A100: 18:15 | B100: 0秒 | C100: 15秒 | D100: 30秒 | E100: 45秒 | F100: 總數 | G100: 未受阻 | H100: 受阻 | J100: 18:15 | K100: 0秒 | L100: 15秒 | M100: 30秒 | N100: 45秒 | O100: 總數 | P100: 未受阻 | Q100: 受阻 | S100: 18:15 | T100: 0秒 | U100: 15秒 | V100: 30秒 | W100: 45秒 | X100: 總數 | Y100: 未受阻 | Z100: 受阻 | AB100: 18:15 | AC100: 0秒 | AD100: 15秒 | AE100: 30秒 | AF100: 45秒 | AG100: 總數 | AH100: 未受阻 | AI100: 受阻 | AK100: 18:15 | AL100: 0秒 | AM100: 15秒 | AN100: 30秒 | AO100: 45秒 | AP100: 總數 | AQ100: 未受阻 | AR100: 受阻 | AT100: 18:15 | AU100: 0秒 | AV100: 15秒 | AW100: 30秒 | AX100: 45秒 | AY100: 總數 | AZ100: 未受阻 | BA100: 受阻
A101: 16 | J101: 16 | S101: 16 | AB101: 16 | AK101: 16 | AT101: 16
A102: 17 | J102: 17 | S102: 17 | AB102: 17 | AK102: 17 | AT102: 17
A103: 18 | J103: 18 | S103: 18 | AB103: 18 | AK103: 18 | AT103: 18
A104: 19 | J104: 19 | S104: 19 | AB104: 19 | AK104: 19 | AT104: 19
A105: 20 | J105: 20 | S105: 20 | AB105: 20 | AK105: 20 | AT105: 20
A106: 21 | J106: 21 | S106: 21 | AB106: 21 | AK106: 21 | AT106: 21
A107: 22 | J107: 22 | S107: 22 | AB107: 22 | AK107: 22 | AT107: 22
A108: 23 | J108: 23 | S108: 23 | AB108: 23 | AK108: 23 | AT108: 23
A109: 24 | J109: 24 | S109: 24 | AB109: 24 | AK109: 24 | AT109: 24
A110: 25 | J110: 25 | S110: 25 | AB110: 25 | AK110: 25 | AT110: 25
...

Sheet 假日(16-20)
A1: =基本資料!L11 -> 假日(16-20) | J1: =基本資料!L11 -> 假日(16-20) | S1: =基本資料!L11 -> 假日(16-20) | AB1: =基本資料!L11 -> 假日(16-20) | AK1: =基本資料!L11 -> 假日(16-20) | AT1: =基本資料!L11 -> 假日(16-20)
A2: =CONCATENATE(基本資料!B18,"方向：",基本資料!B19,基本資料!B20) -> A方向： | J2: =CONCATENATE(基本資料!C18,"方向：",基本資料!C19,基本資料!C20) -> B方向： | S2: =CONCATENATE(基本資料!D18,"方向：",基本資料!D19,基本資料!D20) -> C方向： | AB2: =CONCATENATE(基本資料!E18,"方向：",基本資料!E19,基本資料!E20) -> D方向： | AK2: =CONCATENATE(基本資料!F18,"方向：",基本資料!F19,基本資料!F20) -> E方向： | AT2: =CONCATENATE(基本資料!G18,"方向：",基本資料!G19,基本資料!G20) -> F方向：
A3: 16:00~16:15 | J3: 16:00~16:15 | S3: 16:00~16:15 | AB3: 16:00~16:15 | AK3: 16:00~16:15 | AT3: 16:00~16:15
A4: 開始時刻 | B4: 停車在臨近車道上的車輛總數 | F4: 臨近車道上的流量 | J4: 開始時刻 | K4: 停車在臨近車道上的車輛總數 | O4: 臨近車道上的流量 | S4: 開始時刻 | T4: 停車在臨近車道上的車輛總數 | X4: 臨近車道上的流量 | AB4: 開始時刻 | AC4: 停車在臨近車道上的車輛總數 | AG4: 臨近車道上的流量 | AK4: 開始時刻 | AL4: 停車在臨近車道上的車輛總數 | AP4: 臨近車道上的流量 | AT4: 開始時刻 | AU4: 停車在臨近車道上的車輛總數 | AY4: 臨近車道上的流量
A5: 0.66666667 | B5: 0秒 | C5: 15秒 | D5: 30秒 | E5: 45秒 | F5: 總數 | G5: 未受阻 | H5: 受阻 | J5: 0.66666667 | K5: 0秒 | L5: 15秒 | M5: 30秒 | N5: 45秒 | O5: 總數 | P5: 未受阻 | Q5: 受阻 | S5: 0.66666667 | T5: 0秒 | U5: 15秒 | V5: 30秒 | W5: 45秒 | X5: 總數 | Y5: 未受阻 | Z5: 受阻 | AB5: 0.66666667 | AC5: 0秒 | AD5: 15秒 | AE5: 30秒 | AF5: 45秒 | AG5: 總數 | AH5: 未受阻 | AI5: 受阻 | AK5: 0.66666667 | AL5: 0秒 | AM5: 15秒 | AN5: 30秒 | AO5: 45秒 | AP5: 總數 | AQ5: 未受阻 | AR5: 受阻 | AT5: 0.66666667 | AU5: 0秒 | AV5: 15秒 | AW5: 30秒 | AX5: 45秒 | AY5: 總數 | AZ5: 未受阻 | BA5: 受阻
A6: 1 | J6: 1 | S6: 1 | AB6: 1 | AK6: 1 | AT6: 1
A7: 2 | J7: 2 | S7: 2 | AB7: 2 | AK7: 2 | AT7: 2
A8: 3 | J8: 3 | S8: 3 | AB8: 3 | AK8: 3 | AT8: 3
A9: 4 | J9: 4 | S9: 4 | AB9: 4 | AK9: 4 | AT9: 4
A10: 5 | J10: 5 | S10: 5 | AB10: 5 | AK10: 5 | AT10: 5
A11: 6 | J11: 6 | S11: 6 | AB11: 6 | AK11: 6 | AT11: 6
A12: 7 | J12: 7 | S12: 7 | AB12: 7 | AK12: 7 | AT12: 7
A13: 8 | J13: 8 | S13: 8 | AB13: 8 | AK13: 8 | AT13: 8
A14: 9 | J14: 9 | S14: 9 | AB14: 9 | AK14: 9 | AT14: 9
A15: 10 | J15: 10 | S15: 10 | AB15: 10 | AK15: 10 | AT15: 10
A16: 11 | J16: 11 | S16: 11 | AB16: 11 | AK16: 11 | AT16: 11
A17: 12 | J17: 12 | S17: 12 | AB17: 12 | AK17: 12 | AT17: 12
... A20: 15 | J20: 15 | S20: 15 | AB20: 15 | AK20: 15 | AT20: 15
A21: 總 計 | B21: =SUM(B6:E20) -> 0 | F21: =F20 -> 0 | G21: =G20 -> 0 | H21: =H20 -> 0 | J21: 總 計 | K21: =SUM(K6:N20) -> 0 | O21: =O20 -> 0 | P21: =P20 -> 0 | Q21: =Q20 -> 0 | S21: 總 計 | T21: =SUM(T6:W20) -> 0 | X21: =X20 -> 0 | Y21: =Y20 -> 0 | Z21: =Z20 -> 0 | AB21: 總 計 | AC21: =SUM(AC6:AF20) -> 0 | AG21: =AG20 -> 0 | AH21: =AH20 -> 0 | AI21: =AI20 -> 0 | AK21: 總 計 | AL21: =SUM(AL6:AO20) -> 0 | AP21: =AP20 -> 0 | AQ21: =AQ20 -> 0 | AR21: =AR20 -> 0 | AT21: 總 計 | AU21: =SUM(AU6:AX20) -> 0 | AY21: =AY20 -> 0 | AZ21: =AZ20 -> 0 | BA21: =BA20 -> 0
A22: 16:15~16:30 | J22: 16:15~16:30 | S22: 16:15~16:30 | AB22: 16:15~16:30 | AK22: 16:15~16:30 | AT22: 16:15~16:30
A23: 開始時刻 | B23: 停車在臨近車道上的車輛總數 | F23: 臨近車道上的流量 | J23: 開始時刻 | K23: 停車在臨近車道上的車輛總數 | O23: 臨近車道上的流量 | S23: 開始時刻 | T23: 停車在臨近車道上的車輛總數 | X23: 臨近車道上的流量 | AB23: 開始時刻 | AC23: 停車在臨近車道上的車輛總數 | AG23: 臨近車道上的流量 | AK23: 開始時刻 | AL23: 停車在臨近車道上的車輛總數 | AP23: 臨近車道上的流量 | AT23: 開始時刻 | AU23: 停車在臨近車道上的車輛總數 | AY23: 臨近車道上的流量
A24: 0.67708333 | B24: 0秒 | C24: 15秒 | D24: 30秒 | E24: 45秒 | F24: 總數 | G24: 未受阻 | H24: 受阻 | J24: 0.67708333 | K24: 0秒 | L24: 15秒 | M24: 30秒 | N24: 45秒 | O24: 總數 | P24: 未受阻 | Q24: 受阻 | S24: 0.67708333 | T24: 0秒 | U24: 15秒 | V24: 30秒 | W24: 45秒 | X24: 總數 | Y24: 未受阻 | Z24: 受阻 | AB24: 0.67708333 | AC24: 0秒 | AD24: 15秒 | AE24: 30秒 | AF24: 45秒 | AG24: 總數 | AH24: 未受阻 | AI24: 受阻 | AK24: 0.67708333 | AL24: 0秒 | AM24: 15秒 | AN24: 30秒 | AO24: 45秒 | AP24: 總數 | AQ24: 未受阻 | AR24: 受阻 | AT24: 0.67708333 | AU24: 0秒 | AV24: 15秒 | AW24: 30秒 | AX24: 45秒 | AY24: 總數 | AZ24: 未受阻 | BA24: 受阻
A25: 16 | J25: 16 | S25: 16 | AB25: 16 | AK25: 16 | AT25: 16
A26: 17 | J26: 17 | S26: 17 | AB26: 17 | AK26: 17 | AT26: 17
A27: 18 | J27: 18 | S27: 18 | AB27: 18 | AK27: 18 | AT27: 18
A28: 19 | J28: 19 | S28: 19 | AB28: 19 | AK28: 19 | AT28: 19
A29: 20 | J29: 20 | S29: 20 | AB29: 20 | AK29: 20 | AT29: 20
A30: 21 | J30: 21 | S30: 21 | AB30: 21 | AK30: 21 | AT30: 21
A31: 22 | J31: 22 | S31: 22 | AB31: 22 | AK31: 22 | AT31: 22
A32: 23 | J32: 23 | S32: 23 | AB32: 23 | AK32: 23 | AT32: 23
A33: 24 | J33: 24 | S33: 24 | AB33: 24 | AK33: 24 | AT33: 24
A34: 25 | J34: 25 | S34: 25 | AB34: 25 | AK34: 25 | AT34: 25
A35: 26 | J35: 26 | S35: 26 | AB35: 26 | AK35: 26 | AT35: 26
A36: 27 | J36: 27 | S36: 27 | AB36: 27 | AK36: 27 | AT36: 27
... A39: 30 | J39: 30 | S39: 30 | AB39: 30 | AK39: 30 | AT39: 30
A40: 總 計 | B40: =SUM(B25:E39) -> 0 | F40: =F39 -> 0 | G40: =G39 -> 0 | H40: =H39 -> 0 | J40: 總 計 | K40: =SUM(K25:N39) -> 0 | O40: =O39 -> 0 | P40: =P39 -> 0 | Q40: =Q39 -> 0 | S40: 總 計 | T40: =SUM(T25:W39) -> 0 | X40: =X39 -> 0 | Y40: =Y39 -> 0 | Z40: =Z39 -> 0 | AB40: 總 計 | AC40: =SUM(AC25:AF39) -> 0 | AG40: =AG39 -> 0 | AH40: =AH39 -> 0 | AI40: =AI39 -> 0 | AK40: 總 計 | AL40: =SUM(AL25:AO39) -> 0 | AP40: =AP39 -> 0 | AQ40: =AQ39 -> 0 | AR40: =AR39 -> 0 | AT40: 總 計 | AU40: =SUM(AU25:AX39) -> 0 | AY40: =AY39 -> 0 | AZ40: =AZ39 -> 0 | BA40: =BA39 -> 0
A41: 16:30~16:45 | J41: 16:30~16:45 | S41: 16:30~16:45 | AB41: 16:30~16:45 | AK41: 16:30~16:45 | AT41: 16:30~16:45
A42: 開始時刻 | B42: 停車在臨近車道上的車輛總數 | F42: 臨近車道上的流量 | J42: 開始時刻 | K42: 停車在臨近車道上的車輛總數 | O42: 臨近車道上的流量 | S42: 開始時刻 | T42: 停車在臨近車道上的車輛總數 | X42: 臨近車道上的流量 | AB42: 開始時刻 | AC42: 停車在臨近車道上的車輛總數 | AG42: 臨近車道上的流量 | AK42: 開始時刻 | AL42: 停車在臨近車道上的車輛總數 | AP42: 臨近車道上的流量 | AT42: 開始時刻 | AU42: 停車在臨近車道上的車輛總數 | AY42: 臨近車道上的流量
A43: 0.6875 | B43: 0秒 | C43: 15秒 | D43: 30秒 | E43: 45秒 | F43: 總數 | G43: 未受阻 | H43: 受阻 | J43: 0.6875 | K43: 0秒 | L43: 15秒 | M43: 30秒 | N43: 45秒 | O43: 總數 | P43: 未受阻 | Q43: 受阻 | S43: 0.6875 | T43: 0秒 | U43: 15秒 | V43: 30秒 | W43: 45秒 | X43: 總數 | Y43: 未受阻 | Z43: 受阻 | AB43: 0.6875 | AC43: 0秒 | AD43: 15秒 | AE43: 30秒 | AF43: 45秒 | AG43: 總數 | AH43: 未受阻 | AI43: 受阻 | AK43: 0.6875 | AL43: 0秒 | AM43: 15秒 | AN43: 30秒 | AO43: 45秒 | AP43: 總數 | AQ43: 未受阻 | AR43: 受阻 | AT43: 0.6875 | AU43: 0秒 | AV43: 15秒 | AW43: 30秒 | AX43: 45秒 | AY43: 總數 | AZ43: 未受阻 | BA43: 受阻
A44: 31 | J44: 31 | S44: 31 | AB44: 31 | AK44: 31 | AT44: 31
A45: 32 | J45: 32 | S45: 32 | AB45: 32 | AK45: 32 | AT45: 32
A46: 33 | J46: 33 | S46: 33 | AB46: 33 | AK46: 33 | AT46: 33
A47: 34 | J47: 34 | S47: 34 | AB47: 34 | AK47: 34 | AT47: 34
A48: 35 | J48: 35 | S48: 35 | AB48: 35 | AK48: 35 | AT48: 35
A49: 36 | J49: 36 | S49: 36 | AB49: 36 | AK49: 36 | AT49: 36
A50: 37 | J50: 37 | S50: 37 | AB50: 37 | AK50: 37 | AT50: 37
A51: 38 | J51: 38 | S51: 38 | AB51: 38 | AK51: 38 | AT51: 38
A52: 39 | J52: 39 | S52: 39 | AB52: 39 | AK52: 39 | AT52: 39
A53: 40 | J53: 40 | S53: 40 | AB53: 40 | AK53: 40 | AT53: 40
A54: 41 | J54: 41 | S54: 41 | AB54: 41 | AK54: 41 | AT54: 41
A55: 42 | J55: 42 | S55: 42 | AB55: 42 | AK55: 42 | AT55: 42
... A58: 45 | J58: 45 | S58: 45 | AB58: 45 | AK58: 45 | AT58: 45
A59: 總 計 | B59: =SUM(B44:E58) -> 0 | F59: =F58 -> 0 | G59: =G58 -> 0 | H59: =H58 -> 0 | J59: 總 計 | K59: =SUM(K44:N58) -> 0 | O59: =O58 -> 0 | P59: =P58 -> 0 | Q59: =Q58 -> 0 | S59: 總 計 | T59: =SUM(T44:W58) -> 0 | X59: =X58 -> 0 | Y59: =Y58 -> 0 | Z59: =Z58 -> 0 | AB59: 總 計 | AC59: =SUM(AC44:AF58) -> 0 | AG59: =AG58 -> 0 | AH59: =AH58 -> 0 | AI59: =AI58 -> 0 | AK59: 總 計 | AL59: =SUM(AL44:AO58) -> 0 | AP59: =AP58 -> 0 | AQ59: =AQ58 -> 0 | AR59: =AR58 -> 0 | AT59: 總 計 | AU59: =SUM(AU44:AX58) -> 0 | AY59: =AY58 -> 0 | AZ59: =AZ58 -> 0 | BA59: =BA58 -> 0
A60: 16:45~17:00 | J60: 16:45~17:00 | S60: 16:45~17:00 | AB60: 16:45~17:00 | AK60: 16:45~17:00 | AT60: 16:45~17:00
A61: 開始時刻 | B61: 停車在臨近車道上的車輛總數 | F61: 臨近車道上的流量 | J61: 開始時刻 | K61: 停車在臨近車道上的車輛總數 | O61: 臨近車道上的流量 | S61: 開始時刻 | T61: 停車在臨近車道上的車輛總數 | X61: 臨近車道上的流量 | AB61: 開始時刻 | AC61: 停車在臨近車道上的車輛總數 | AG61: 臨近車道上的流量 | AK61: 開始時刻 | AL61: 停車在臨近車道上的車輛總數 | AP61: 臨近車道上的流量 | AT61: 開始時刻 | AU61: 停車在臨近車道上的車輛總數 | AY61: 臨近車道上的流量
A62: 0.69791667 | B62: 0秒 | C62: 15秒 | D62: 30秒 | E62: 45秒 | F62: 總數 | G62: 未受阻 | H62: 受阻 | J62: 0.69791667 | K62: 0秒 | L62: 15秒 | M62: 30秒 | N62: 45秒 | O62: 總數 | P62: 未受阻 | Q62: 受阻 | S62: 0.69791667 | T62: 0秒 | U62: 15秒 | V62: 30秒 | W62: 45秒 | X62: 總數 | Y62: 未受阻 | Z62: 受阻 | AB62: 0.69791667 | AC62: 0秒 | AD62: 15秒 | AE62: 30秒 | AF62: 45秒 | AG62: 總數 | AH62: 未受阻 | AI62: 受阻 | AK62: 0.69791667 | AL62: 0秒 | AM62: 15秒 | AN62: 30秒 | AO62: 45秒 | AP62: 總數 | AQ62: 未受阻 | AR62: 受阻 | AT62: 0.69791667 | AU62: 0秒 | AV62: 15秒 | AW62: 30秒 | AX62: 45秒 | AY62: 總數 | AZ62: 未受阻 | BA62: 受阻
A63: 46 | J63: 46 | S63: 46 | AB63: 46 | AK63: 46 | AT63: 46
A64: 47 | J64: 47 | S64: 47 | AB64: 47 | AK64: 47 | AT64: 47
A65: 48 | J65: 48 | S65: 48 | AB65: 48 | AK65: 48 | AT65: 48
A66: 49 | J66: 49 | S66: 49 | AB66: 49 | AK66: 49 | AT66: 49
A67: 50 | J67: 50 | S67: 50 | AB67: 50 | AK67: 50 | AT67: 50
A68: 51 | J68: 51 | S68: 51 | AB68: 51 | AK68: 51 | AT68: 51
A69: 52 | J69: 52 | S69: 52 | AB69: 52 | AK69: 52 | AT69: 52
A70: 53 | J70: 53 | S70: 53 | AB70: 53 | AK70: 53 | AT70: 53
A71: 54 | J71: 54 | S71: 54 | AB71: 54 | AK71: 54 | AT71: 54
A72: 55 | J72: 55 | S72: 55 | AB72: 55 | AK72: 55 | AT72: 55
A73: 56 | J73: 56 | S73: 56 | AB73: 56 | AK73: 56 | AT73: 56
A74: 57 | J74: 57 | S74: 57 | AB74: 57 | AK74: 57 | AT74: 57
... A77: 60 | J77: 60 | S77: 60 | AB77: 60 | AK77: 60 | AT77: 60
A78: 總 計 | B78: =SUM(B63:E77) -> 0 | F78: =F77 -> 0 | G78: =G77 -> 0 | H78: =H77 -> 0 | J78: 總 計 | K78: =SUM(K63:N77) -> 0 | O78: =O77 -> 0 | P78: =P77 -> 0 | Q78: =Q77 -> 0 | S78: 總 計 | T78: =SUM(T63:W77) -> 0 | X78: =X77 -> 0 | Y78: =Y77 -> 0 | Z78: =Z77 -> 0 | AB78: 總 計 | AC78: =SUM(AC63:AF77) -> 0 | AG78: =AG77 -> 0 | AH78: =AH77 -> 0 | AI78: =AI77 -> 0 | AK78: 總 計 | AL78: =SUM(AL63:AO77) -> 0 | AP78: =AP77 -> 0 | AQ78: =AQ77 -> 0 | AR78: =AR77 -> 0 | AT78: 總 計 | AU78: =SUM(AU63:AX77) -> 0 | AY78: =AY77 -> 0 | AZ78: =AZ77 -> 0 | BA78: =BA77 -> 0
A79: 17:00~17:15 | J79: 17:00~17:15 | S79: 17:00~17:15 | AB79: 17:00~17:15 | AK79: 17:00~17:15 | AT79: 17:00~17:15
A80: 開始時刻 | B80: 停車在臨近車道上的車輛總數 | F80: 臨近車道上的流量 | J80: 開始時刻 | K80: 停車在臨近車道上的車輛總數 | O80: 臨近車道上的流量 | S80: 開始時刻 | T80: 停車在臨近車道上的車輛總數 | X80: 臨近車道上的流量 | AB80: 開始時刻 | AC80: 停車在臨近車道上的車輛總數 | AG80: 臨近車道上的流量 | AK80: 開始時刻 | AL80: 停車在臨近車道上的車輛總數 | AP80: 臨近車道上的流量 | AT80: 開始時刻 | AU80: 停車在臨近車道上的車輛總數 | AY80: 臨近車道上的流量
A81: 0.70833333 | B81: 0秒 | C81: 15秒 | D81: 30秒 | E81: 45秒 | F81: 總數 | G81: 未受阻 | H81: 受阻 | J81: 0.70833333 | K81: 0秒 | L81: 15秒 | M81: 30秒 | N81: 45秒 | O81: 總數 | P81: 未受阻 | Q81: 受阻 | S81: 0.70833333 | T81: 0秒 | U81: 15秒 | V81: 30秒 | W81: 45秒 | X81: 總數 | Y81: 未受阻 | Z81: 受阻 | AB81: 0.70833333 | AC81: 0秒 | AD81: 15秒 | AE81: 30秒 | AF81: 45秒 | AG81: 總數 | AH81: 未受阻 | AI81: 受阻 | AK81: 0.70833333 | AL81: 0秒 | AM81: 15秒 | AN81: 30秒 | AO81: 45秒 | AP81: 總數 | AQ81: 未受阻 | AR81: 受阻 | AT81: 0.70833333 | AU81: 0秒 | AV81: 15秒 | AW81: 30秒 | AX81: 45秒 | AY81: 總數 | AZ81: 未受阻 | BA81: 受阻
A82: 1 | J82: 1 | S82: 1 | AB82: 1 | AK82: 1 | AT82: 1
A83: 2 | J83: 2 | S83: 2 | AB83: 2 | AK83: 2 | AT83: 2
A84: 3 | J84: 3 | S84: 3 | AB84: 3 | AK84: 3 | AT84: 3
A85: 4 | J85: 4 | S85: 4 | AB85: 4 | AK85: 4 | AT85: 4
A86: 5 | J86: 5 | S86: 5 | AB86: 5 | AK86: 5 | AT86: 5
A87: 6 | J87: 6 | S87: 6 | AB87: 6 | AK87: 6 | AT87: 6
A88: 7 | J88: 7 | S88: 7 | AB88: 7 | AK88: 7 | AT88: 7
A89: 8 | J89: 8 | S89: 8 | AB89: 8 | AK89: 8 | AT89: 8
A90: 9 | J90: 9 | S90: 9 | AB90: 9 | AK90: 9 | AT90: 9
A91: 10 | J91: 10 | S91: 10 | AB91: 10 | AK91: 10 | AT91: 10
A92: 11 | J92: 11 | S92: 11 | AB92: 11 | AK92: 11 | AT92: 11
A93: 12 | J93: 12 | S93: 12 | AB93: 12 | AK93: 12 | AT93: 12
... A96: 15 | J96: 15 | S96: 15 | AB96: 15 | AK96: 15 | AT96: 15
A97: 總 計 | B97: =SUM(B82:E96) -> 0 | F97: =F96 -> 0 | G97: =G96 -> 0 | H97: =H96 -> 0 | J97: 總 計 | K97: =SUM(K82:N96) -> 0 | O97: =O96 -> 0 | P97: =P96 -> 0 | Q97: =Q96 -> 0 | S97: 總 計 | T97: =SUM(T82:W96) -> 0 | X97: =X96 -> 0 | Y97: =Y96 -> 0 | Z97: =Z96 -> 0 | AB97: 總 計 | AC97: =SUM(AC82:AF96) -> 0 | AG97: =AG96 -> 0 | AH97: =AH96 -> 0 | AI97: =AI96 -> 0 | AK97: 總 計 | AL97: =SUM(AL82:AO96) -> 0 | AP97: =AP96 -> 0 | AQ97: =AQ96 -> 0 | AR97: =AR96 -> 0 | AT97: 總 計 | AU97: =SUM(AU82:AX96) -> 0 | AY97: =AY96 -> 0 | AZ97: =AZ96 -> 0 | BA97: =BA96 -> 0
A98: 17:15~17:30 | J98: 17:15~17:30 | S98: 17:15~17:30 | AB98: 17:15~17:30 | AK98: 17:15~17:30 | AT98: 17:15~17:30
A99: 開始時刻 | B99: 停車在臨近車道上的車輛總數 | F99: 臨近車道上的流量 | J99: 開始時刻 | K99: 停車在臨近車道上的車輛總數 | O99: 臨近車道上的流量 | S99: 開始時刻 | T99: 停車在臨近車道上的車輛總數 | X99: 臨近車道上的流量 | AB99: 開始時刻 | AC99: 停車在臨近車道上的車輛總數 | AG99: 臨近車道上的流量 | AK99: 開始時刻 | AL99: 停車在臨近車道上的車輛總數 | AP99: 臨近車道上的流量 | AT99: 開始時刻 | AU99: 停車在臨近車道上的車輛總數 | AY99: 臨近車道上的流量
A100: 0.71875 | B100: 0秒 | C100: 15秒 | D100: 30秒 | E100: 45秒 | F100: 總數 | G100: 未受阻 | H100: 受阻 | J100: 0.71875 | K100: 0秒 | L100: 15秒 | M100: 30秒 | N100: 45秒 | O100: 總數 | P100: 未受阻 | Q100: 受阻 | S100: 0.71875 | T100: 0秒 | U100: 15秒 | V100: 30秒 | W100: 45秒 | X100: 總數 | Y100: 未受阻 | Z100: 受阻 | AB100: 0.71875 | AC100: 0秒 | AD100: 15秒 | AE100: 30秒 | AF100: 45秒 | AG100: 總數 | AH100: 未受阻 | AI100: 受阻 | AK100: 0.71875 | AL100: 0秒 | AM100: 15秒 | AN100: 30秒 | AO100: 45秒 | AP100: 總數 | AQ100: 未受阻 | AR100: 受阻 | AT100: 0.71875 | AU100: 0秒 | AV100: 15秒 | AW100: 30秒 | AX100: 45秒 | AY100: 總數 | AZ100: 未受阻 | BA100: 受阻
A101: 16 | J101: 16 | S101: 16 | AB101: 16 | AK101: 16 | AT101: 16
A102: 17 | J102: 17 | S102: 17 | AB102: 17 | AK102: 17 | AT102: 17
A103: 18 | J103: 18 | S103: 18 | AB103: 18 | AK103: 18 | AT103: 18
A104: 19 | J104: 19 | S104: 19 | AB104: 19 | AK104: 19 | AT104: 19
A105: 20 | J105: 20 | S105: 20 | AB105: 20 | AK105: 20 | AT105: 20
A106: 21 | J106: 21 | S106: 21 | AB106: 21 | AK106: 21 | AT106: 21
A107: 22 | J107: 22 | S107: 22 | AB107: 22 | AK107: 22 | AT107: 22
A108: 23 | J108: 23 | S108: 23 | AB108: 23 | AK108: 23 | AT108: 23
A109: 24 | J109: 24 | S109: 24 | AB109: 24 | AK109: 24 | AT109: 24
A110: 25 | J110: 25 | S110: 25 | AB110: 25 | AK110: 25 | AT110: 25
...
