Workbook
Name _PCU11: [1]基本!$B$35
Name _PCU12: [1]基本!$C$35
Name _PCU13: [1]基本!$D$35
Name _PCU14: [1]基本!$E$35
Name _PCU21: [1]基本!$F$35
Name _PCU22: [1]基本!$G$35
Name _PCU23: [1]基本!$H$35
Name _PCU31: [1]基本!$I$35
Name _PCU32: [1]基本!$J$35
Name _PCU33: [1]基本!$K$35
Name GAM: #REF!
Name GINFO: #REF!
Name GPM: #REF!
Name GRAPH: #REF!
Name HN: [1]集賢!$M$1
Name ROADNAME: [2]基本!$I$5,[2]基本!$G$9,[2]基本!$E$5,[2]基本!$G$1
Name TABLE: #REF!
Name 尖峰: #REF!
Name 夜間: #REF!
Name 時制A: #REF!,#REF!,#REF!,#REF!,#REF!
Name 時制B: #REF!,#REF!,#REF!,#REF!,#REF!
Name 假日: #REF!
Name 週五夜: #REF!
Name 離峰: #REF!

Sheet 轉向量
A1: 臨近路段 | B1: 起始時間 | C1: 結束時間 | D1: 大車A | E1: 大車B | F1: 大車C | G1: 大車D | H1: 大車E | I1: 小車A | J1: 小車B | K1: 小車C | L1: 小車D | M1: 小車E | N1: 機車A | O1: 機車B | P1: 機車C | Q1: 機車D | R1: 機車E
A2: A | B2: 0 | C2: 0.010416667 | D2: - | I2: - | N2: -
A3: A | B3: 0.010416667 | C3: 0.020833333 | D3: - | I3: - | N3: -
A4: A | B4: 0.020833333 | C4: 0.03125 | D4: - | I4: - | N4: -
A5: A | B5: 0.03125 | C5: 0.041666667 | D5: - | I5: - | N5: -
A6: A | B6: 0.041666667 | C6: 0.052083333 | D6: - | I6: - | N6: -
A7: A | B7: 0.052083333 | C7: 0.0625 | D7: - | I7: - | N7: -
A8: A | B8: 0.0625 | C8: 0.072916667 | D8: - | I8: - | N8: -
A9: A | B9: 0.072916667 | C9: 0.083333333 | D9: - | I9: - | N9: -
A10: A | B10: 0.083333333 | C10: 0.09375 | D10: - | I10: - | N10: -
A11: A | B11: 0.09375 | C11: 0.10416667 | D11: - | I11: - | N11: -
A12: A | B12: 0.10416667 | C12: 0.11458333 | D12: - | I12: - | N12: -
A13: A | B13: 0.11458333 | C13: 0.125 | D13: - | I13: - | N13: -
... A96: A | B96: 0.97916667 | C96: 0.98958333 | D96: - | I96: - | N96: -
A97: A | B97: 0.98958333 | C97: 24:00 | D97: - | I97: - | N97: -
A98: B | B98: 0 | C98: 0.010416667 | E98: - | J98: - | O98: -
A99: B | B99: 0.010416667 | C99: 0.020833333 | E99: - | J99: - | O99: -
A100: B | B100: 0.020833333 | C100: 0.03125 | E100: - | J100: - | O100: -
A101: B | B101: 0.03125 | C101: 0.041666667 | E101: - | J101: - | O101: -
A102: B | B102: 0.041666667 | C102: 0.052083333 | E102: - | J102: - | O102: -
A103: B | B103: 0.052083333 | C103: 0.0625 | E103: - | J103: - | O103: -
A104: B | B104: 0.0625 | C104: 0.072916667 | E104: - | J104: - | O104: -
A105: B | B105: 0.072916667 | C105: 0.083333333 | E105: - | J105: - | O105: -
A106: B | B106: 0.083333333 | C106: 0.09375 | E106: - | J106: - | O106: -
A107: B | B107: 0.09375 | C107: 0.10416667 | E107: - | J107: - | O107: -
A108: B | B108: 0.10416667 | C108: 0.11458333 | E108: - | J108: - | O108: -
A109: B | B109: 0.11458333 | C109: 0.125 | E109: - | J109: - | O109: -
... A192: B | B192: 0.97916667 | C192: 0.98958333 | E192: - | J192: - | O192: -
A193: B | B193: 0.98958333 | C193: 24:00 | E193: - | J193: - | O193: -
A194: C | B194: 0 | C194: 0.010416667 | F194: - | K194: - | P194: -
A195: C | B195: 0.010416667 | C195: 0.020833333 | F195: - | K195: - | P195: -
A196: C | B196: 0.020833333 | C196: 0.03125 | F196: - | K196: - | P196: -
A197: C | B197: 0.03125 | C197: 0.041666667 | F197: - | K197: - | P197: -
A198: C | B198: 0.041666667 | C198: 0.052083333 | F198: - | K198: - | P198: -
A199: C | B199: 0.052083333 | C199: 0.0625 | F199: - | K199: - | P199: -
A200: C | B200: 0.0625 | C200: 0.072916667 | F200: - | K200: - | P200: -
A201: C | B201: 0.072916667 | C201: 0.083333333 | F201: - | K201: - | P201: -
A202: C | B202: 0.083333333 | C202: 0.09375 | F202: - | K202: - | P202: -
A203: C | B203: 0.09375 | C203: 0.10416667 | F203: - | K203: - | P203: -
A204: C | B204: 0.10416667 | C204: 0.11458333 | F204: - | K204: - | P204: -
A205: C | B205: 0.11458333 | C205: 0.125 | F205: - | K205: - | P205: -
... A288: C | B288: 0.97916667 | C288: 0.98958333 | F288: - | K288: - | P288: -
A289: C | B289: 0.98958333 | C289: 24:00 | F289: - | K289: - | P289: -
A290: D | B290: 0 | C290: 0.010416667 | G290: - | L290: - | Q290: -
A291: D | B291: 0.010416667 | C291: 0.020833333 | G291: - | L291: - | Q291: -
A292: D | B292: 0.020833333 | C292: 0.03125 | G292: - | L292: - | Q292: -
A293: D | B293: 0.03125 | C293: 0.041666667 | G293: - | L293: - | Q293: -
A294: D | B294: 0.041666667 | C294: 0.052083333 | G294: - | L294: - | Q294: -
A295: D | B295: 0.052083333 | C295: 0.0625 | G295: - | L295: - | Q295: -
A296: D | B296: 0.0625 | C296: 0.072916667 | G296: - | L296: - | Q296: -
A297: D | B297: 0.072916667 | C297: 0.083333333 | G297: - | L297: - | Q297: -
A298: D | B298: 0.083333333 | C298: 0.09375 | G298: - | L298: - | Q298: -
A299: D | B299: 0.09375 | C299: 0.10416667 | G299: - | L299: - | Q299: -
A300: D | B300: 0.10416667 | C300: 0.11458333 | G300: - | L300: - | Q300: -
A301: D | B301: 0.11458333 | C301: 0.125 | G301: - | L301: - | Q301: -
... A384: D | B384: 0.97916667 | C384: 0.98958333 | G384: - | L384: - | Q384: -
A385: D | B385: 0.98958333 | C385: 24:00 | G385: - | L385: - | Q385: -
A386: E | B386: 0 | C386: 0.010416667 | H386: - | M386: - | R386: -
A387: E | B387: 0.010416667 | C387: 0.020833333 | H387: - | M387: - | R387: -
A388: E | B388: 0.020833333 | C388: 0.03125 | H388: - | M388: - | R388: -
A389: E | B389: 0.03125 | C389: 0.041666667 | H389: - | M389: - | R389: -
A390: E | B390: 0.041666667 | C390: 0.052083333 | H390: - | M390: - | R390: -
A391: E | B391: 0.052083333 | C391: 0.0625 | H391: - | M391: - | R391: -
A392: E | B392: 0.0625 | C392: 0.072916667 | H392: - | M392: - | R392: -
A393: E | B393: 0.072916667 | C393: 0.083333333 | H393: - | M393: - | R393: -
A394: E | B394: 0.083333333 | C394: 0.09375 | H394: - | M394: - | R394: -
A395: E | B395: 0.09375 | C395: 0.10416667 | H395: - | M395: - | R395: -
A396: E | B396: 0.10416667 | C396: 0.11458333 | H396: - | M396: - | R396: -
A397: E | B397: 0.11458333 | C397: 0.125 | H397: - | M397: - | R397: -
... A480: E | B480: 0.97916667 | C480: 0.98958333 | H480: - | M480: - | R480: -
A481: E | B481: 0.98958333 | C481: 24:00 | H481: - | M481: - | R481: -

Sheet 路口基本資料
A1: 業主名稱： | G1: 簡圖： | I1: =E15 -> 0 | J1: =F15 -> 0 | L1: N
A2: 專案編號： | I2: D | J2: E | L2: ↑
A4: TC編號：
A5: 路口名稱： | G5: =D15 -> 0 | H5: C | K5: A | L5: =B15 -> 0
A6: 行政區域：
A8: 日期： | B8: YYYY/MM/DD | I8: B
A9: 平假日： | I9: =C15 -> 0 | J9: =C15 -> 0
A10: 調查時段：
A11: 天候：
A13: 路口類型： | B13: 五叉路口
A14: 方向： | B14: A | C14: B | D14: C | E14: D | F14: E
A15: 路段名：
A16: 車道數：
A17: 行車方向： | B17: 往西 | C17: 往北 | D17: 往東 | E17: 往南 | F17: 往南
A18: 往A方向： | B18: - | C18: 請選擇 | D18: 請選擇 | E18: 請選擇 | F18: 請選擇
A19: 往B方向： | B19: 請選擇 | C19: - | D19: 請選擇 | E19: 請選擇 | F19: 請選擇
A20: 往C方向： | B20: 請選擇 | C20: 請選擇 | D20: - | E20: 請選擇 | F20: 請選擇
A21: 往D方向： | B21: 請選擇 | C21: 請選擇 | D21: 請選擇 | E21: - | F21: 請選擇
A22: 往E方向： | B22: 請選擇 | C22: 請選擇 | D22: 請選擇 | E22: 請選擇 | F22: -
A24: 車種設定
A25: 大型車1 | C25: 小型車1 | E25: 機車1 | G25: 特殊1
A26: 大型車2 | C26: 小型車2 | E26: 機車2 | G26: 特殊2
A27: 大型車3 | C27: 小型車3 | E27: 機車3
A28: 大型車4 | C28: 小型車4
A29: 大型車5
A30: 大型車6

Sheet 調查資料(OUT)
A1: 套用PCE | B1: =IF(路口基本資料!$B$13="左轉",1.9, IF(路口基本資料!$B$13="右轉",2.5,1.8)) -> 1.8 | C1: =IF(路口基本資料!$B$14="左轉",1.9, IF(路口基本資料!$B$14="右轉",2.5,1.8)) -> 1.8 | D1: =IF(路口基本資料!$B$15="左轉",1.9, IF(路口基本資料!$B$15="右轉",2.5,1.8)) -> 1.8 | E1: =IF(路口基本資料!$B$16="左轉",1.9, IF(路口基本資料!$B$16="右轉",2.5,1.8)) -> 1.8 | F1: 1 | G1: 1 | H1: 1 | I1: 1 | J1: =IF(路口基本資料!$B$13="左轉",0.41,0.42) -> 0.42 | K1: =IF(路口基本資料!$B$14="左轉",0.41,0.42) -> 0.42 | L1: =IF(路口基本資料!$B$15="左轉",0.41,0.42) -> 0.42 | M1: =IF(路口基本資料!$B$16="左轉",0.41,0.42) -> 0.42 | N1: =IF(路口基本資料!$C$12="左轉",1.9, IF(路口基本資料!$C$12="右轉",2.5,1.8)) -> 1.8 | O1: =IF(路口基本資料!$C$14="左轉",1.9, IF(路口基本資料!$C$14="右轉",2.5,1.8)) -> 1.8 | P1: =IF(路口基本資料!$C$15="左轉",1.9, IF(路口基本資料!$C$15="右轉",2.5,1.8)) -> 1.8 | Q1: =IF(路口基本資料!$C$16="左轉",1.9, IF(路口基本資料!$C$16="右轉",2.5,1.8)) -> 1.8 | R1: 1 | S1: 1 | T1: 1 | U1: 1 | V1: =IF(路口基本資料!$C$12="左轉",0.41,0.42) -> 0.42 | W1: =IF(路口基本資料!$C$14="左轉",0.41,0.42) -> 0.42 | X1: =IF(路口基本資料!$C$15="左轉",0.41,0.42) -> 0.42 | Y1: =IF(路口基本資料!$C$16="左轉",0.41,0.42) -> 0.42 | Z1: =IF(路口基本資料!$D$12="左轉",1.9, IF(路口基本資料!$D$12="右轉",2.5,1.8)) -> 1.8 | AA1: =IF(路口基本資料!$D$13="左轉",1.9, IF(路口基本資料!$D$13="右轉",2.5,1.8)) -> 1.8 | AB1: =IF(路口基本資料!$D$15="左轉",1.9, IF(路口基本資料!$D$15="右轉",2.5,1.8)) -> 1.8 | AC1: =IF(路口基本資料!$D$16="左轉",1.9, IF(路口基本資料!$D$16="右轉",2.5,1.8)) -> 1.8 | AD1: 1 | AE1: 1 | AF1: 1 | AG1: 1 | AH1: =IF(路口基本資料!$D$12="左轉",0.41,0.42) -> 0.42 | AI1: =IF(路口基本資料!$D$13="左轉",0.41,0.42) -> 0.42 | AJ1: =IF(路口基本資料!$D$15="左轉",0.41,0.42) -> 0.42 | AK1: =IF(路口基本資料!$D$16="左轉",0.41,0.42) -> 0.42 | AL1: =IF(路口基本資料!$E$12="左轉",1.9, IF(路口基本資料!$E$12="右轉",2.5,1.8)) -> 1.8 | AM1: =IF(路口基本資料!$E$13="左轉",1.9, IF(路口基本資料!$E$13="右轉",2.5,1.8)) -> 1.8 | AN1: =IF(路口基本資料!$E$14="左轉",1.9, IF(路口基本資料!$E$14="右轉",2.5,1.8)) -> 1.8 | AO1: =IF(路口基本資料!$E$16="左轉",1.9, IF(路口基本資料!$E$16="右轉",2.5,1.8)) -> 1.8 | AP1: 1 | AQ1: 1 | AR1: 1 | AS1: 1 | AT1: =IF(路口基本資料!$E$12="左轉",0.41,0.42) -> 0.42 | AU1: =IF(路口基本資料!$E$13="左轉",0.41,0.42) -> 0.42 | AV1: =IF(路口基本資料!$E$14="左轉",0.41,0.42) -> 0.42 | AW1: =IF(路口基本資料!$E$16="左轉",0.41,0.42) -> 0.42 | AX1: =IF(路口基本資料!$F$12="左轉",1.9, IF(路口基本資料!$F$12="右轉",2.5,1.8)) -> 1.8 | AY1: =IF(路口基本資料!$F$13="左轉",1.9, IF(路口基本資料!$F$13="右轉",2.5,1.8)) -> 1.8 | AZ1: =IF(路口基本資料!$F$14="左轉",1.9, IF(路口基本資料!$F$14="右轉",2.5,1.8)) -> 1.8 | BA1: =IF(路口基本資料!$F$15="左轉",1.9, IF(路口基本資料!$F$15="右轉",2.5,1.8)) -> 1.8 | BB1: 1 | BC1: 1 | BD1: 1 | BE1: 1 | BF1: =IF(路口基本資料!$F$12="左轉",0.41,0.42) -> 0.42 | BG1: =IF(路口基本資料!$F$13="左轉",0.41,0.42) -> 0.42 | BH1: =IF(路口基本資料!$F$14="左轉",0.41,0.42) -> 0.42 | BI1: =IF(路口基本資料!$F$15="左轉",0.41,0.42) -> 0.42
B3: ※註： 1. 行車方向若無車輛通過，表示為"0" 2. 若該行車方向為禁行方向，或為非調查時段，表示為"-"
EL5: =IF($W5="N","N",SUM('調查資料(OUT)'!#REF!)) -> #REF!
B8: ←A | C8: =路口基本資料!$B$9 -> 0 | F8: 車道數 | G8: =路口基本資料!$B$10 -> 0 | N8: ↑B | O8: =路口基本資料!$C$9 -> 0 | R8: 車道數 | S8: =路口基本資料!$C$10 -> 0 | Z8: →C | AA8: =路口基本資料!$D$9 -> 0 | AD8: 車道數 | AE8: =路口基本資料!$D$10 -> 0 | AL8: ↓D | AM8: =路口基本資料!$E$9 -> 0 | AP8: 車道數 | AQ8: =路口基本資料!$E$10 -> 0 | AX8: ↓E | AY8: =路口基本資料!$F$9 -> 0 | BB8: 車道數 | BC8: =路口基本資料!$F$10 -> 0
A9: 調查 開始時間 | B9: 大型車 | F9: 小型車 | J9: 機車 | N9: 大型車 | R9: 小型車 | V9: 機車 | Z9: 大型車 | AD9: 小型車 | AH9: 機車 | AL9: 大型車 | AP9: 小型車 | AT9: 機車 | AX9: 大型車 | BB9: 小型車 | BF9: 機車
B10: B | C10: C | D10: D | E10: E | F10: B | G10: C | H10: D | I10: E | J10: B | K10: C | L10: D | M10: E | N10: A | O10: C | P10: D | Q10: E | R10: A | S10: C | T10: D | U10: E | V10: A | W10: C | X10: D | Y10: E | Z10: A | AA10: B | AB10: D | AC10: E | AD10: A | AE10: B | AF10: D | AG10: E | AH10: A | AI10: B | AJ10: D | AK10: E | AL10: A | AM10: B | AN10: C | AO10: E | AP10: A | AQ10: B | AR10: C | AS10: E | AT10: A | AU10: B | AV10: C | AW10: E | AX10: A | AY10: B | AZ10: C | BA10: D | BB10: A | BC10: B | BD10: C | BE10: D | BF10: A | BG10: B | BH10: C | BI10: D
A11: 0 | B11: =轉向量!E2 -> 0 | C11: =轉向量!F2 -> 0 | D11: =轉向量!G2 -> 0 | E11: =轉向量!H2 -> 0 | F11: =轉向量!J2 -> 0 | G11: =轉向量!K2 -> 0 | H11: =轉向量!L2 -> 0 | I11: =轉向量!M2 -> 0 | J11: =轉向量!O2 -> 0 | K11: =轉向量!P2 -> 0 | L11: =轉向量!Q2 -> 0 | M11: =轉向量!R2 -> 0 | N11: =轉向量!D98 -> 0 | O11: =轉向量!F98 -> 0 | P11: =轉向量!G98 -> 0 | Q11: =轉向量!H98 -> 0 | R11: =轉向量!I98 -> 0 | S11: =轉向量!K98 -> 0 | T11: =轉向量!L98 -> 0 | U11: =轉向量!M98 -> 0 | V11: =轉向量!N98 -> 0 | W11: =轉向量!P98 -> 0 | X11: =轉向量!Q98 -> 0 | Y11: =轉向量!R98 -> 0 | Z11: =轉向量!D194 -> 0 | AA11: =轉向量!E194 -> 0 | AB11: =轉向量!G194 -> 0 | AC11: =轉向量!H194 -> 0 | AD11: =轉向量!I194 -> 0 | AE11: =轉向量!J194 -> 0 | AF11: =轉向量!L194 -> 0 | AG11: =轉向量!M194 -> 0 | AH11: =轉向量!N194 -> 0 | AI11: =轉向量!O194 -> 0 | AJ11: =轉向量!Q194 -> 0 | AK11: =轉向量!R194 -> 0 | AL11: =轉向量!D290 -> 0 | AM11: =轉向量!E290 -> 0 | AN11: =轉向量!F290 -> 0 | AO11: =轉向量!H290 -> 0 | AP11: =轉向量!I290 -> 0 | AQ11: =轉向量!J290 -> 0 | AR11: =轉向量!K290 -> 0 | AS11: =轉向量!M290 -> 0 | AT11: =轉向量!N290 -> 0 | AU11: =轉向量!O290 -> 0 | AV11: =轉向量!P290 -> 0 | AW11: =轉向量!R290 -> 0 | AX11: =轉向量!D386 -> 0 | AY11: =轉向量!E386 -> 0 | AZ11: =轉向量!F386 -> 0 | BA11: =轉向量!G386 -> 0 | BB11: =轉向量!I386 -> 0 | BC11: =轉向量!J386 -> 0 | BD11: =轉向量!K386 -> 0 | BE11: =轉向量!L386 -> 0 | BF11: =轉向量!N386 -> 0 | BG11: =轉向量!O386 -> 0 | BH11: =轉向量!P386 -> 0 | BI11: =轉向量!Q386 -> 0
A12: 15 | B12: =轉向量!E3 -> 0 | C12: =轉向量!F3 -> 0 | D12: =轉向量!G3 -> 0 | E12: =轉向量!H3 -> 0 | F12: =轉向量!J3 -> 0 | G12: =轉向量!K3 -> 0 | H12: =轉向量!L3 -> 0 | I12: =轉向量!M3 -> 0 | J12: =轉向量!O3 -> 0 | K12: =轉向量!P3 -> 0 | L12: =轉向量!Q3 -> 0 | M12: =轉向量!R3 -> 0 | N12: =轉向量!D99 -> 0 | O12: =轉向量!F99 -> 0 | P12: =轉向量!G99 -> 0 | Q12: =轉向量!H99 -> 0 | R12: =轉向量!I99 -> 0 | S12: =轉向量!K99 -> 0 | T12: =轉向量!L99 -> 0 | U12: =轉向量!M99 -> 0 | V12: =轉向量!N99 -> 0 | W12: =轉向量!P99 -> 0 | X12: =轉向量!Q99 -> 0 | Y12: =轉向量!R99 -> 0 | Z12: =轉向量!D195 -> 0 | AA12: =轉向量!E195 -> 0 | AB12: =轉向量!G195 -> 0 | AC12: =轉向量!H195 -> 0 | AD12: =轉向量!I195 -> 0 | AE12: =轉向量!J195 -> 0 | AF12: =轉向量!L195 -> 0 | AG12: =轉向量!M195 -> 0 | AH12: =轉向量!N195 -> 0 | AI12: =轉向量!O195 -> 0 | AJ12: =轉向量!Q195 -> 0 | AK12: =轉向量!R195 -> 0 | AL12: =轉向量!D291 -> 0 | AM12: =轉向量!E291 -> 0 | AN12: =轉向量!F291 -> 0 | AO12: =轉向量!H291 -> 0 | AP12: =轉向量!I291 -> 0 | AQ12: =轉向量!J291 -> 0 | AR12: =轉向量!K291 -> 0 | AS12: =轉向量!M291 -> 0 | AT12: =轉向量!N291 -> 0 | AU12: =轉向量!O291 -> 0 | AV12: =轉向量!P291 -> 0 | AW12: =轉向量!R291 -> 0 | AX12: =轉向量!D387 -> 0 | AY12: =轉向量!E387 -> 0 | AZ12: =轉向量!F387 -> 0 | BA12: =轉向量!G387 -> 0 | BB12: =轉向量!I387 -> 0 | BC12: =轉向量!J387 -> 0 | BD12: =轉向量!K387 -> 0 | BE12: =轉向量!L387 -> 0 | BF12: =轉向量!N387 -> 0 | BG12: =轉向量!O387 -> 0 | BH12: =轉向量!P387 -> 0 | BI12: =轉向量!Q387 -> 0
A13: 30 | B13: =轉向量!E4 -> 0 | C13: =轉向量!F4 -> 0 | D13: =轉向量!G4 -> 0 | E13: =轉向量!H4 -> 0 | F13: =轉向量!J4 -> 0 | G13: =轉向量!K4 -> 0 | H13: =轉向量!L4 -> 0 | I13: =轉向量!M4 -> 0 | J13: =轉向量!O4 -> 0 | K13: =轉向量!P4 -> 0 | L13: =轉向量!Q4 -> 0 | M13: =轉向量!R4 -> 0 | N13: =轉向量!D100 -> 0 | O13: =轉向量!F100 -> 0 | P13: =轉向量!G100 -> 0 | Q13: =轉向量!H100 -> 0 | R13: =轉向量!I100 -> 0 | S13: =轉向量!K100 -> 0 | T13: =轉向量!L100 -> 0 | U13: =轉向量!M100 -> 0 | V13: =轉向量!N100 -> 0 | W13: =轉向量!P100 -> 0 | X13: =轉向量!Q100 -> 0 | Y13: =轉向量!R100 -> 0 | Z13: =轉向量!D196 -> 0 | AA13: =轉向量!E196 -> 0 | AB13: =轉向量!G196 -> 0 | AC13: =轉向量!H196 -> 0 | AD13: =轉向量!I196 -> 0 | AE13: =轉向量!J196 -> 0 | AF13: =轉向量!L196 -> 0 | AG13: =轉向量!M196 -> 0 | AH13: =轉向量!N196 -> 0 | AI13: =轉向量!O196 -> 0 | AJ13: =轉向量!Q196 -> 0 | AK13: =轉向量!R196 -> 0 | AL13: =轉向量!D292 -> 0 | AM13: =轉向量!E292 -> 0 | AN13: =轉向量!F292 -> 0 | AO13: =轉向量!H292 -> 0 | AP13: =轉向量!I292 -> 0 | AQ13: =轉向量!J292 -> 0 | AR13: =轉向量!K292 -> 0 | AS13: =轉向量!M292 -> 0 | AT13: =轉向量!N292 -> 0 | AU13: =轉向量!O292 -> 0 | AV13: =轉向量!P292 -> 0 | AW13: =轉向量!R292 -> 0 | AX13: =轉向量!D388 -> 0 | AY13: =轉向量!E388 -> 0 | AZ13: =轉向量!F388 -> 0 | BA13: =轉向量!G388 -> 0 | BB13: =轉向量!I388 -> 0 | BC13: =轉向量!J388 -> 0 | BD13: =轉向量!K388 -> 0 | BE13: =轉向量!L388 -> 0 | BF13: =轉向量!N388 -> 0 | BG13: =轉向量!O388 -> 0 | BH13: =轉向量!P388 -> 0 | BI13: =轉向量!Q388 -> 0
A14: 45 | B14: =轉向量!E5 -> 0 | C14: =轉向量!F5 -> 0 | D14: =轉向量!G5 -> 0 | E14: =轉向量!H5 -> 0 | F14: =轉向量!J5 -> 0 | G14: =轉向量!K5 -> 0 | H14: =轉向量!L5 -> 0 | I14: =轉向量!M5 -> 0 | J14: =轉向量!O5 -> 0 | K14: =轉向量!P5 -> 0 | L14: =轉向量!Q5 -> 0 | M14: =轉向量!R5 -> 0 | N14: =轉向量!D101 -> 0 | O14: =轉向量!F101 -> 0 | P14: =轉向量!G101 -> 0 | Q14: =轉向量!H101 -> 0 | R14: =轉向量!I101 -> 0 | S14: =轉向量!K101 -> 0 | T14: =轉向量!L101 -> 0 | U14: =轉向量!M101 -> 0 | V14: =轉向量!N101 -> 0 | W14: =轉向量!P101 -> 0 | X14: =轉向量!Q101 -> 0 | Y14: =轉向量!R101 -> 0 | Z14: =轉向量!D197 -> 0 | AA14: =轉向量!E197 -> 0 | AB14: =轉向量!G197 -> 0 | AC14: =轉向量!H197 -> 0 | AD14: =轉向量!I197 -> 0 | AE14: =轉向量!J197 -> 0 | AF14: =轉向量!L197 -> 0 | AG14: =轉向量!M197 -> 0 | AH14: =轉向量!N197 -> 0 | AI14: =轉向量!O197 -> 0 | AJ14: =轉向量!Q197 -> 0 | AK14: =轉向量!R197 -> 0 | AL14: =轉向量!D293 -> 0 | AM14: =轉向量!E293 -> 0 | AN14: =轉向量!F293 -> 0 | AO14: =轉向量!H293 -> 0 | AP14: =轉向量!I293 -> 0 | AQ14: =轉向量!J293 -> 0 | AR14: =轉向量!K293 -> 0 | AS14: =轉向量!M293 -> 0 | AT14: =轉向量!N293 -> 0 | AU14: =轉向量!O293 -> 0 | AV14: =轉向量!P293 -> 0 | AW14: =轉向量!R293 -> 0 | AX14: =轉向量!D389 -> 0 | AY14: =轉向量!E389 -> 0 | AZ14: =轉向量!F389 -> 0 | BA14: =轉向量!G389 -> 0 | BB14: =轉向量!I389 -> 0 | BC14: =轉向量!J389 -> 0 | BD14: =轉向量!K389 -> 0 | BE14: =轉向量!L389 -> 0 | BF14: =轉向量!N389 -> 0 | BG14: =轉向量!O389 -> 0 | BH14: =轉向量!P389 -> 0 | BI14: =轉向量!Q389 -> 0
A15: 100 | B15: =轉向量!E6 -> 0 | C15: =轉向量!F6 -> 0 | D15: =轉向量!G6 -> 0 | E15: =轉向量!H6 -> 0 | F15: =轉向量!J6 -> 0 | G15: =轉向量!K6 -> 0 | H15: =轉向量!L6 -> 0 | I15: =轉向量!M6 -> 0 | J15: =轉向量!O6 -> 0 | K15: =轉向量!P6 -> 0 | L15: =轉向量!Q6 -> 0 | M15: =轉向量!R6 -> 0 | N15: =轉向量!D102 -> 0 | O15: =轉向量!F102 -> 0 | P15: =轉向量!G102 -> 0 | Q15: =轉向量!H102 -> 0 | R15: =轉向量!I102 -> 0 | S15: =轉向量!K102 -> 0 | T15: =轉向量!L102 -> 0 | U15: =轉向量!M102 -> 0 | V15: =轉向量!N102 -> 0 | W15: =轉向量!P102 -> 0 | X15: =轉向量!Q102 -> 0 | Y15: =轉向量!R102 -> 0 | Z15: =轉向量!D198 -> 0 | AA15: =轉向量!E198 -> 0 | AB15: =轉向量!G198 -> 0 | AC15: =轉向量!H198 -> 0 | AD15: =轉向量!I198 -> 0 | AE15: =轉向量!J198 -> 0 | AF15: =轉向量!L198 -> 0 | AG15: =轉向量!M198 -> 0 | AH15: =轉向量!N198 -> 0 | AI15: =轉向量!O198 -> 0 | AJ15: =轉向量!Q198 -> 0 | AK15: =轉向量!R198 -> 0 | AL15: =轉向量!D294 -> 0 | AM15: =轉向量!E294 -> 0 | AN15: =轉向量!F294 -> 0 | AO15: =轉向量!H294 -> 0 | AP15: =轉向量!I294 -> 0 | AQ15: =轉向量!J294 -> 0 | AR15: =轉向量!K294 -> 0 | AS15: =轉向量!M294 -> 0 | AT15: =轉向量!N294 -> 0 | AU15: =轉向量!O294 -> 0 | AV15: =轉向量!P294 -> 0 | AW15: =轉向量!R294 -> 0 | AX15: =轉向量!D390 -> 0 | AY15: =轉向量!E390 -> 0 | AZ15: =轉向量!F390 -> 0 | BA15: =轉向量!G390 -> 0 | BB15: =轉向量!I390 -> 0 | BC15: =轉向量!J390 -> 0 | BD15: =轉向量!K390 -> 0 | BE15: =轉向量!L390 -> 0 | BF15: =轉向量!N390 -> 0 | BG15: =轉向量!O390 -> 0 | BH15: =轉向量!P390 -> 0 | BI15: =轉向量!Q390 -> 0
A16: 115 | B16: =轉向量!E7 -> 0 | C16: =轉向量!F7 -> 0 | D16: =轉向量!G7 -> 0 | E16: =轉向量!H7 -> 0 | F16: =轉向量!J7 -> 0 | G16: =轉向量!K7 -> 0 | H16: =轉向量!L7 -> 0 | I16: =轉向量!M7 -> 0 | J16: =轉向量!O7 -> 0 | K16: =轉向量!P7 -> 0 | L16: =轉向量!Q7 -> 0 | M16: =轉向量!R7 -> 0 | N16: =轉向量!D103 -> 0 | O16: =轉向量!F103 -> 0 | P16: =轉向量!G103 -> 0 | Q16: =轉向量!H103 -> 0 | R16: =轉向量!I103 -> 0 | S16: =轉向量!K103 -> 0 | T16: =轉向量!L103 -> 0 | U16: =轉向量!M103 -> 0 | V16: =轉向量!N103 -> 0 | W16: =轉向量!P103 -> 0 | X16: =轉向量!Q103 -> 0 | Y16: =轉向量!R103 -> 0 | Z16: =轉向量!D199 -> 0 | AA16: =轉向量!E199 -> 0 | AB16: =轉向量!G199 -> 0 | AC16: =轉向量!H199 -> 0 | AD16: =轉向量!I199 -> 0 | AE16: =轉向量!J199 -> 0 | AF16: =轉向量!L199 -> 0 | AG16: =轉向量!M199 -> 0 | AH16: =轉向量!N199 -> 0 | AI16: =轉向量!O199 -> 0 | AJ16: =轉向量!Q199 -> 0 | AK16: =轉向量!R199 -> 0 | AL16: =轉向量!D295 -> 0 | AM16: =轉向量!E295 -> 0 | AN16: =轉向量!F295 -> 0 | AO16: =轉向量!H295 -> 0 | AP16: =轉向量!I295 -> 0 | AQ16: =轉向量!J295 -> 0 | AR16: =轉向量!K295 -> 0 | AS16: =轉向量!M295 -> 0 | AT16: =轉向量!N295 -> 0 | AU16: =轉向量!O295 -> 0 | AV16: =轉向量!P295 -> 0 | AW16: =轉向量!R295 -> 0 | AX16: =轉向量!D391 -> 0 | AY16: =轉向量!E391 -> 0 | AZ16: =轉向量!F391 -> 0 | BA16: =轉向量!G391 -> 0 | BB16: =轉向量!I391 -> 0 | BC16: =轉向量!J391 -> 0 | BD16: =轉向量!K391 -> 0 | BE16: =轉向量!L391 -> 0 | BF16: =轉向量!N391 -> 0 | BG16: =轉向量!O391 -> 0 | BH16: =轉向量!P391 -> 0 | BI16: =轉向量!Q391 -> 0
A17: 130 | B17: =轉向量!E8 -> 0 | C17: =轉向量!F8 -> 0 | D17: =轉向量!G8 -> 0 | E17: =轉向量!H8 -> 0 | F17: =轉向量!J8 -> 0 | G17: =轉向量!K8 -> 0 | H17: =轉向量!L8 -> 0 | I17: =轉向量!M8 -> 0 | J17: =轉向量!O8 -> 0 | K17: =轉向量!P8 -> 0 | L17: =轉向量!Q8 -> 0 | M17: =轉向量!R8 -> 0 | N17: =轉向量!D104 -> 0 | O17: =轉向量!F104 -> 0 | P17: =轉向量!G104 -> 0 | Q17: =轉向量!H104 -> 0 | R17: =轉向量!I104 -> 0 | S17: =轉向量!K104 -> 0 | T17: =轉向量!L104 -> 0 | U17: =轉向量!M104 -> 0 | V17: =轉向量!N104 -> 0 | W17: =轉向量!P104 -> 0 | X17: =轉向量!Q104 -> 0 | Y17: =轉向量!R104 -> 0 | Z17: =轉向量!D200 -> 0 | AA17: =轉向量!E200 -> 0 | AB17: =轉向量!G200 -> 0 | AC17: =轉向量!H200 -> 0 | AD17: =轉向量!I200 -> 0 | AE17: =轉向量!J200 -> 0 | AF17: =轉向量!L200 -> 0 | AG17: =轉向量!M200 -> 0 | AH17: =轉向量!N200 -> 0 | AI17: =轉向量!O200 -> 0 | AJ17: =轉向量!Q200 -> 0 | AK17: =轉向量!R200 -> 0 | AL17: =轉向量!D296 -> 0 | AM17: =轉向量!E296 -> 0 | AN17: =轉向量!F296 -> 0 | AO17: =轉向量!H296 -> 0 | AP17: =轉向量!I296 -> 0 | AQ17: =轉向量!J296 -> 0 | AR17: =轉向量!K296 -> 0 | AS17: =轉向量!M296 -> 0 | AT17: =轉向量!N296 -> 0 | AU17: =轉向量!O296 -> 0 | AV17: =轉向量!P296 -> 0 | AW17: =轉向量!R296 -> 0 | AX17: =轉向量!D392 -> 0 | AY17: =轉向量!E392 -> 0 | AZ17: =轉向量!F392 -> 0 | BA17: =轉向量!G392 -> 0 | BB17: =轉向量!I392 -> 0 | BC17: =轉向量!J392 -> 0 | BD17: =轉向量!K392 -> 0 | BE17: =轉向量!L392 -> 0 | BF17: =轉向量!N392 -> 0 | BG17: =轉向量!O392 -> 0 | BH17: =轉向量!P392 -> 0 | BI17: =轉向量!Q392 -> 0
A18: 145 | B18: =轉向量!E9 -> 0 | C18: =轉向量!F9 -> 0 | D18: =轉向量!G9 -> 0 | E18: =轉向量!H9 -> 0 | F18: =轉向量!J9 -> 0 | G18: =轉向量!K9 -> 0 | H18: =轉向量!L9 -> 0 | I18: =轉向量!M9 -> 0 | J18: =轉向量!O9 -> 0 | K18: =轉向量!P9 -> 0 | L18: =轉向量!Q9 -> 0 | M18: =轉向量!R9 -> 0 | N18: =轉向量!D105 -> 0 | O18: =轉向量!F105 -> 0 | P18: =轉向量!G105 -> 0 | Q18: =轉向量!H105 -> 0 | R18: =轉向量!I105 -> 0 | S18: =轉向量!K105 -> 0 | T18: =轉向量!L105 -> 0 | U18: =轉向量!M105 -> 0 | V18: =轉向量!N105 -> 0 | W18: =轉向量!P105 -> 0 | X18: =轉向量!Q105 -> 0 | Y18: =轉向量!R105 -> 0 | Z18: =轉向量!D201 -> 0 | AA18: =轉向量!E201 -> 0 | AB18: =轉向量!G201 -> 0 | AC18: =轉向量!H201 -> 0 | AD18: =轉向量!I201 -> 0 | AE18: =轉向量!J201 -> 0 | AF18: =轉向量!L201 -> 0 | AG18: =轉向量!M201 -> 0 | AH18: =轉向量!N201 -> 0 | AI18: =轉向量!O201 -> 0 | AJ18: =轉向量!Q201 -> 0 | AK18: =轉向量!R201 -> 0 | AL18: =轉向量!D297 -> 0 | AM18: =轉向量!E297 -> 0 | AN18: =轉向量!F297 -> 0 | AO18: =轉向量!H297 -> 0 | AP18: =轉向量!I297 -> 0 | AQ18: =轉向量!J297 -> 0 | AR18: =轉向量!K297 -> 0 | AS18: =轉向量!M297 -> 0 | AT18: =轉向量!N297 -> 0 | AU18: =轉向量!O297 -> 0 | AV18: =轉向量!P297 -> 0 | AW18: =轉向量!R297 -> 0 | AX18: =轉向量!D393 -> 0 | AY18: =轉向量!E393 -> 0 | AZ18: =轉向量!F393 -> 0 | BA18: =轉向量!G393 -> 0 | BB18: =轉向量!I393 -> 0 | BC18: =轉向量!J393 -> 0 | BD18: =轉向量!K393 -> 0 | BE18: =轉向量!L393 -> 0 | BF18: =轉向量!N393 -> 0 | BG18: =轉向量!O393 -> 0 | BH18: =轉向量!P393 -> 0 | BI18: =轉向量!Q393 -> 0
A19: 200 | B19: =轉向量!E10 -> 0 | C19: =轉向量!F10 -> 0 | D19: =轉向量!G10 -> 0 | E19: =轉向量!H10 -> 0 | F19: =轉向量!J10 -> 0 | G19: =轉向量!K10 -> 0 | H19: =轉向量!L10 -> 0 | I19: =轉向量!M10 -> 0 | J19: =轉向量!O10 -> 0 | K19: =轉向量!P10 -> 0 | L19: =轉向量!Q10 -> 0 | M19: =轉向量!R10 -> 0 | N19: =轉向量!D106 -> 0 | O19: =轉向量!F106 -> 0 | P19: =轉向量!G106 -> 0 | Q19: =轉向量!H106 -> 0 | R19: =轉向量!I106 -> 0 | S19: =轉向量!K106 -> 0 | T19: =轉向量!L106 -> 0 | U19: =轉向量!M106 -> 0 | V19: =轉向量!N106 -> 0 | W19: =轉向量!P106 -> 0 | X19: =轉向量!Q106 -> 0 | Y19: =轉向量!R106 -> 0 | Z19: =轉向量!D202 -> 0 | AA19: =轉向量!E202 -> 0 | AB19: =轉向量!G202 -> 0 | AC19: =轉向量!H202 -> 0 | AD19: =轉向量!I202 -> 0 | AE19: =轉向量!J202 -> 0 | AF19: =轉向量!L202 -> 0 | AG19: =轉向量!M202 -> 0 | AH19: =轉向量!N202 -> 0 | AI19: =轉向量!O202 -> 0 | AJ19: =轉向量!Q202 -> 0 | AK19: =轉向量!R202 -> 0 | AL19: =轉向量!D298 -> 0 | AM19: =轉向量!E298 -> 0 | AN19: =轉向量!F298 -> 0 | AO19: =轉向量!H298 -> 0 | AP19: =轉向量!I298 -> 0 | AQ19: =轉向量!J298 -> 0 | AR19: =轉向量!K298 -> 0 | AS19: =轉向量!M298 -> 0 | AT19: =轉向量!N298 -> 0 | AU19: =轉向量!O298 -> 0 | AV19: =轉向量!P298 -> 0 | AW19: =轉向量!R298 -> 0 | AX19: =轉向量!D394 -> 0 | AY19: =轉向量!E394 -> 0 | AZ19: =轉向量!F394 -> 0 | BA19: =轉向量!G394 -> 0 | BB19: =轉向量!I394 -> 0 | BC19: =轉向量!J394 -> 0 | BD19: =轉向量!K394 -> 0 | BE19: =轉向量!L394 -> 0 | BF19: =轉向量!N394 -> 0 | BG19: =轉向量!O394 -> 0 | BH19: =轉向量!P394 -> 0 | BI19: =轉向量!Q394 -> 0
A20: 215 | B20: =轉向量!E11 -> 0 | C20: =轉向量!F11 -> 0 | D20: =轉向量!G11 -> 0 | E20: =轉向量!H11 -> 0 | F20: =轉向量!J11 -> 0 | G20: =轉向量!K11 -> 0 | H20: =轉向量!L11 -> 0 | I20: =轉向量!M11 -> 0 | J20: =轉向量!O11 -> 0 | K20: =轉向量!P11 -> 0 | L20: =轉向量!Q11 -> 0 | M20: =轉向量!R11 -> 0 | N20: =轉向量!D107 -> 0 | O20: =轉向量!F107 -> 0 | P20: =轉向量!G107 -> 0 | Q20: =轉向量!H107 -> 0 | R20: =轉向量!I107 -> 0 | S20: =轉向量!K107 -> 0 | T20: =轉向量!L107 -> 0 | U20: =轉向量!M107 -> 0 | V20: =轉向量!N107 -> 0 | W20: =轉向量!P107 -> 0 | X20: =轉向量!Q107 -> 0 | Y20: =轉向量!R107 -> 0 | Z20: =轉向量!D203 -> 0 | AA20: =轉向量!E203 -> 0 | AB20: =轉向量!G203 -> 0 | AC20: =轉向量!H203 -> 0 | AD20: =轉向量!I203 -> 0 | AE20: =轉向量!J203 -> 0 | AF20: =轉向量!L203 -> 0 | AG20: =轉向量!M203 -> 0 | AH20: =轉向量!N203 -> 0 | AI20: =轉向量!O203 -> 0 | AJ20: =轉向量!Q203 -> 0 | AK20: =轉向量!R203 -> 0 | AL20: =轉向量!D299 -> 0 | AM20: =轉向量!E299 -> 0 | AN20: =轉向量!F299 -> 0 | AO20: =轉向量!H299 -> 0 | AP20: =轉向量!I299 -> 0 | AQ20: =轉向量!J299 -> 0 | AR20: =轉向量!K299 -> 0 | AS20: =轉向量!M299 -> 0 | AT20: =轉向量!N299 -> 0 | AU20: =轉向量!O299 -> 0 | AV20: =轉向量!P299 -> 0 | AW20: =轉向量!R299 -> 0 | AX20: =轉向量!D395 -> 0 | AY20: =轉向量!E395 -> 0 | AZ20: =轉向量!F395 -> 0 | BA20: =轉向量!G395 -> 0 | BB20: =轉向量!I395 -> 0 | BC20: =轉向量!J395 -> 0 | BD20: =轉向量!K395 -> 0 | BE20: =轉向量!L395 -> 0 | BF20: =轉向量!N395 -> 0 | BG20: =轉向量!O395 -> 0 | BH20: =轉向量!P395 -> 0 | BI20: =轉向量!Q395 -> 0
A21: 230 | B21: =轉向量!E12 -> 0 | C21: =轉向量!F12 -> 0 | D21: =轉向量!G12 -> 0 | E21: =轉向量!H12 -> 0 | F21: =轉向量!J12 -> 0 | G21: =轉向量!K12 -> 0 | H21: =轉向量!L12 -> 0 | I21: =轉向量!M12 -> 0 | J21: =轉向量!O12 -> 0 | K21: =轉向量!P12 -> 0 | L21: =轉向量!Q12 -> 0 | M21: =轉向量!R12 -> 0 | N21: =轉向量!D108 -> 0 | O21: =轉向量!F108 -> 0 | P21: =轉向量!G108 -> 0 | Q21: =轉向量!H108 -> 0 | R21: =轉向量!I108 -> 0 | S21: =轉向量!K108 -> 0 | T21: =轉向量!L108 -> 0 | U21: =轉向量!M108 -> 0 | V21: =轉向量!N108 -> 0 | W21: =轉向量!P108 -> 0 | X21: =轉向量!Q108 -> 0 | Y21: =轉向量!R108 -> 0 | Z21: =轉向量!D204 -> 0 | AA21: =轉向量!E204 -> 0 | AB21: =轉向量!G204 -> 0 | AC21: =轉向量!H204 -> 0 | AD21: =轉向量!I204 -> 0 | AE21: =轉向量!J204 -> 0 | AF21: =轉向量!L204 -> 0 | AG21: =轉向量!M204 -> 0 | AH21: =轉向量!N204 -> 0 | AI21: =轉向量!O204 -> 0 | AJ21: =轉向量!Q204 -> 0 | AK21: =轉向量!R204 -> 0 | AL21: =轉向量!D300 -> 0 | AM21: =轉向量!E300 -> 0 | AN21: =轉向量!F300 -> 0 | AO21: =轉向量!H300 -> 0 | AP21: =轉向量!I300 -> 0 | AQ21: =轉向量!J300 -> 0 | AR21: =轉向量!K300 -> 0 | AS21: =轉向量!M300 -> 0 | AT21: =轉向量!N300 -> 0 | AU21: =轉向量!O300 -> 0 | AV21: =轉向量!P300 -> 0 | AW21: =轉向量!R300 -> 0 | AX21: =轉向量!D396 -> 0 | AY21: =轉向量!E396 -> 0 | AZ21: =轉向量!F396 -> 0 | BA21: =轉向量!G396 -> 0 | BB21: =轉向量!I396 -> 0 | BC21: =轉向量!J396 -> 0 | BD21: =轉向量!K396 -> 0 | BE21: =轉向量!L396 -> 0 | BF21: =轉向量!N396 -> 0 | BG21: =轉向量!O396 -> 0 | BH21: =轉向量!P396 -> 0 | BI21: =轉向量!Q396 -> 0
A22: 245 | B22: =轉向量!E13 -> 0 | C22: =轉向量!F13 -> 0 | D22: =轉向量!G13 -> 0 | E22: =轉向量!H13 -> 0 | F22: =轉向量!J13 -> 0 | G22: =轉向量!K13 -> 0 | H22: =轉向量!L13 -> 0 | I22: =轉向量!M13 -> 0 | J22: =轉向量!O13 -> 0 | K22: =轉向量!P13 -> 0 | L22: =轉向量!Q13 -> 0 | M22: =轉向量!R13 -> 0 | N22: =轉向量!D109 -> 0 | O22: =轉向量!F109 -> 0 | P22: =轉向量!G109 -> 0 | Q22: =轉向量!H109 -> 0 | R22: =轉向量!I109 -> 0 | S22: =轉向量!K109 -> 0 | T22: =轉向量!L109 -> 0 | U22: =轉向量!M109 -> 0 | V22: =轉向量!N109 -> 0 | W22: =轉向量!P109 -> 0 | X22: =轉向量!Q109 -> 0 | Y22: =轉向量!R109 -> 0 | Z22: =轉向量!D205 -> 0 | AA22: =轉向量!E205 -> 0 | AB22: =轉向量!G205 -> 0 | AC22: =轉向量!H205 -> 0 | AD22: =轉向量!I205 -> 0 | AE22: =轉向量!J205 -> 0 | AF22: =轉向量!L205 -> 0 | AG22: =轉向量!M205 -> 0 | AH22: =轉向量!N205 -> 0 | AI22: =轉向量!O205 -> 0 | AJ22: =轉向量!Q205 -> 0 | AK22: =轉向量!R205 -> 0 | AL22: =轉向量!D301 -> 0 | AM22: =轉向量!E301 -> 0 | AN22: =轉向量!F301 -> 0 | AO22: =轉向量!H301 -> 0 | AP22: =轉向量!I301 -> 0 | AQ22: =轉向量!J301 -> 0 | AR22: =轉向量!K301 -> 0 | AS22: =轉向量!M301 -> 0 | AT22: =轉向量!N301 -> 0 | AU22: =轉向量!O301 -> 0 | AV22: =轉向量!P301 -> 0 | AW22: =轉向量!R301 -> 0 | AX22: =轉向量!D397 -> 0 | AY22: =轉向量!E397 -> 0 | AZ22: =轉向量!F397 -> 0 | BA22: =轉向量!G397 -> 0 | BB22: =轉向量!I397 -> 0 | BC22: =轉向量!J397 -> 0 | BD22: =轉向量!K397 -> 0 | BE22: =轉向量!L397 -> 0 | BF22: =轉向量!N397 -> 0 | BG22: =轉向量!O397 -> 0 | BH22: =轉向量!P397 -> 0 | BI22: =轉向量!Q397 -> 0
... A106: 2345 | B106: =轉向量!E97 -> 0 | C106: =轉向量!F97 -> 0 | D106: =轉向量!G97 -> 0 | E106: =轉向量!H97 -> 0 | F106: =轉向量!J97 -> 0 | G106: =轉向量!K97 -> 0 | H106: =轉向量!L97 -> 0 | I106: =轉向量!M97 -> 0 | J106: =轉向量!O97 -> 0 | K106: =轉向量!P97 -> 0 | L106: =轉向量!Q97 -> 0 | M106: =轉向量!R97 -> 0 | N106: =轉向量!D193 -> 0 | O106: =轉向量!F193 -> 0 | P106: =轉向量!G193 -> 0 | Q106: =轉向量!H193 -> 0 | R106: =轉向量!I193 -> 0 | S106: =轉向量!K193 -> 0 | T106: =轉向量!L193 -> 0 | U106: =轉向量!M193 -> 0 | V106: =轉向量!N193 -> 0 | W106: =轉向量!P193 -> 0 | X106: =轉向量!Q193 -> 0 | Y106: =轉向量!R193 -> 0 | Z106: =轉向量!D289 -> 0 | AA106: =轉向量!E289 -> 0 | AB106: =轉向量!G289 -> 0 | AC106: =轉向量!H289 -> 0 | AD106: =轉向量!I289 -> 0 | AE106: =轉向量!J289 -> 0 | AF106: =轉向量!L289 -> 0 | AG106: =轉向量!M289 -> 0 | AH106: =轉向量!N289 -> 0 | AI106: =轉向量!O289 -> 0 | AJ106: =轉向量!Q289 -> 0 | AK106: =轉向量!R289 -> 0 | AL106: =轉向量!D385 -> 0 | AM106: =轉向量!E385 -> 0 | AN106: =轉向量!F385 -> 0 | AO106: =轉向量!H385 -> 0 | AP106: =轉向量!I385 -> 0 | AQ106: =轉向量!J385 -> 0 | AR106: =轉向量!K385 -> 0 | AS106: =轉向量!M385 -> 0 | AT106: =轉向量!N385 -> 0 | AU106: =轉向量!O385 -> 0 | AV106: =轉向量!P385 -> 0 | AW106: =轉向量!R385 -> 0 | AX106: =轉向量!D481 -> 0 | AY106: =轉向量!E481 -> 0 | AZ106: =轉向量!F481 -> 0 | BA106: =轉向量!G481 -> 0 | BB106: =轉向量!I481 -> 0 | BC106: =轉向量!J481 -> 0 | BD106: =轉向量!K481 -> 0 | BE106: =轉向量!L481 -> 0 | BF106: =轉向量!N481 -> 0 | BG106: =轉向量!O481 -> 0 | BH106: =轉向量!P481 -> 0 | BI106: =轉向量!Q481 -> 0

Sheet PHF及轉向比
AP1: ←A | BJ1: 合計 | BQ1: ↑B | CK1: 合計 | CR1: →C | DL1: 合計 | DS1: ↓D | EM1: 合計 | ET1: ↓E | FN1: 合計
B2: ←A | G2: ↑B | L2: →C | Q2: ↓D | V2: ↓E | AA2: 路口 | AE2: 每小時 | AF2: 尖峰小時 | AG2: 最大15分鐘 | AH2: A尖峰小時 | AI2: B尖峰小時 | AJ2: C尖峰小時 | AK2: D尖峰小時 | AL2: E尖峰小時 | AM2: 尖峰小時 | AN2: 尖峰 | AO2: 小時 | AP2: B | AT2: 轉向 | AU2: C | AY2: 轉向 | AZ2: D | BD2: 轉向 | BE2: E | BI2: 轉向 | BK2: 車種 | BM2: 車種 | BO2: 車種 | BQ2: A | BU2: 轉向 | BV2: C | BZ2: 轉向 | CA2: D | CE2: 轉向 | CF2: E | CJ2: 轉向 | CL2: 車種 | CN2: 車種 | CP2: 車種 | CR2: A | CV2: 轉向 | CW2: B | DA2: 轉向 | DB2: D | DF2: 轉向 | DG2: E | DK2: 轉向 | DM2: 車種 | DO2: 車種 | DQ2: 車種 | DS2: A | DW2: 轉向 | DX2: B | EB2: 轉向 | EC2: C | EG2: 轉向 | EH2: E | EL2: 轉向 | EN2: 車種 | EP2: 車種 | ER2: 車種 | ET2: A | EX2: 轉向 | EY2: B | FC2: 轉向 | FD2: C | FH2: 轉向 | FI2: D | FM2: 轉向 | FO2: 車種 | FQ2: 車種 | FS2: 車種
B3: 小計 | C3: B | D3: C | E3: D | F3: E | G3: 小計 | H3: A | I3: C | J3: D | K3: E | L3: 小計 | M3: A | N3: B | O3: D | P3: E | Q3: 小計 | R3: A | S3: B | T3: C | U3: E | V3: 小計 | W3: A | X3: B | Y3: C | Z3: D | AA3: 總計 | AE3: 交通量 | AF3: 交通量 | AG3: 交通量 | AH3: 係數 | AI3: 係數 | AJ3: 係數 | AK3: 係數 | AL3: 係數 | AM3: 係數 | AN3: 起 | AO3: 迄 | AP3: 小計 | AQ3: 大型車 | AR3: 小型車 | AS3: 機車 | AT3: 百分比 | AU3: 小計 | AV3: 大型車 | AW3: 小型車 | AX3: 機車 | AY3: 百分比 | AZ3: 小計 | BA3: 大型車 | BB3: 小型車 | BC3: 機車 | BD3: 百分比 | BE3: 小計 | BF3: 大型車 | BG3: 小型車 | BH3: 機車 | BI3: 百分比 | BJ3: 大型車 | BK3: 百分比 | BL3: 小型車 | BM3: 百分比 | BN3: 機車 | BO3: 百分比 | BP3: 合計 | BQ3: 小計 | BR3: 大型車 | BS3: 小型車 | BT3: 機車 | BU3: 百分比 | BV3: 小計 | BW3: 大型車 | BX3: 小型車 | BY3: 機車 | BZ3: 百分比 | CA3: 小計 | CB3: 大型車 | CC3: 小型車 | CD3: 機車 | CE3: 百分比 | CF3: 小計 | CG3: 大型車 | CH3: 小型車 | CI3: 機車 | CJ3: 百分比 | CK3: 大型車 | CL3: 百分比 | CM3: 小型車 | CN3: 百分比 | CO3: 機車 | CP3: 百分比 | CQ3: 合計 | CR3: 小計 | CS3: 大型車 | CT3: 小型車 | CU3: 機車 | CV3: 百分比 | CW3: 小計 | CX3: 大型車 | CY3: 小型車 | CZ3: 機車 | DA3: 百分比 | DB3: 小計 | DC3: 大型車 | DD3: 小型車 | DE3: 機車 | DF3: 百分比 | DG3: 小計 | DH3: 大型車 | DI3: 小型車 | DJ3: 機車 | DK3: 百分比 | DL3: 大型車 | DM3: 百分比 | DN3: 小型車 | DO3: 百分比 | DP3: 機車 | DQ3: 百分比 | DR3: 合計 | DS3: 小計 | DT3: 大型車 | DU3: 小型車 | DV3: 機車 | DW3: 百分比 | DX3: 小計 | DY3: 大型車 | DZ3: 小型車 | EA3: 機車 | EB3: 百分比 | EC3: 小計 | ED3: 大型車 | EE3: 小型車 | EF3: 機車 | EG3: 百分比 | EH3: 小計 | EI3: 大型車 | EJ3: 小型車 | EK3: 機車 | EL3: 百分比 | EM3: 大型車 | EN3: 百分比 | EO3: 小型車 | EP3: 百分比 | EQ3: 機車 | ER3: 百分比 | ES3: 合計 | ET3: 小計 | EU3: 大型車 | EV3: 小型車 | EW3: 機車 | EX3: 百分比 | EY3: 小計 | EZ3: 大型車 | FA3: 小型車 | FB3: 機車 | FC3: 百分比 | FD3: 小計 | FE3: 大型車 | FF3: 小型車 | FG3: 機車 | FH3: 百分比 | FI3: 小計 | FJ3: 大型車 | FK3: 小型車 | FL3: 機車 | FM3: 百分比 | FN3: 大型車 | FO3: 百分比 | FP3: 小型車 | FQ3: 百分比 | FR3: 機車 | FS3: 百分比 | FT3: 合計
B4: (PCU) | C4: (PCU) | D4: (PCU) | E4: (PCU) | F4: (PCU) | G4: (PCU) | H4: (PCU) | I4: (PCU) | J4: (PCU) | K4: (PCU) | L4: (PCU) | M4: (PCU) | N4: (PCU) | O4: (PCU) | P4: (PCU) | Q4: (PCU) | R4: (PCU) | S4: (PCU) | T4: (PCU) | U4: (PCU) | V4: (PCU) | W4: (PCU) | X4: (PCU) | Y4: (PCU) | Z4: (PCU) | AA4: (PCU) | AE4: （PCU） | AF4: （PCU） | AG4: （PCU） | AH4: （PHF） | AI4: （PHF） | AJ4: （PHF） | AK4: （PHF） | AL4: （PHF） | AM4: （PHF） | AP4: （PCU） | AQ4: （輛） | AR4: （輛） | AS4: （輛） | AT4: （％） | AU4: （PCU） | AV4: （輛） | AW4: （輛） | AX4: （輛） | AY4: （％） | AZ4: （PCU） | BA4: （輛） | BB4: （輛） | BC4: （輛） | BD4: （％） | BE4: （PCU） | BF4: （輛） | BG4: （輛） | BH4: （輛） | BI4: （％） | BJ4: （輛） | BK4: （％） | BL4: （輛） | BM4: （％） | BN4: （輛） | BO4: （％） | BP4: （PCU） | BQ4: （PCU） | BR4: （輛） | BS4: （輛） | BT4: （輛） | BU4: （％） | BV4: （PCU） | BW4: （輛） | BX4: （輛） | BY4: （輛） | BZ4: （％） | CA4: （PCU） | CB4: （輛） | CC4: （輛） | CD4: （輛） | CE4: （％） | CF4: （PCU） | CG4: （輛） | CH4: （輛） | CI4: （輛） | CJ4: （％） | CK4: （輛） | CL4: （％） | CM4: （輛） | CN4: （％） | CO4: （輛） | CP4: （％） | CQ4: （PCU） | CR4: （PCU） | CS4: （輛） | CT4: （輛） | CU4: （輛） | CV4: （％） | CW4: （PCU） | CX4: （輛） | CY4: （輛） | CZ4: （輛） | DA4: （％） | DB4: （PCU） | DC4: （輛） | DD4: （輛） | DE4: （輛） | DF4: （％） | DG4: （PCU） | DH4: （輛） | DI4: （輛） | DJ4: （輛） | DK4: （％） | DL4: （輛） | DM4: （％） | DN4: （輛） | DO4: （％） | DP4: （輛） | DQ4: （％） | DR4: （PCU） | DS4: （PCU） | DT4: （輛） | DU4: （輛） | DV4: （輛） | DW4: （％） | DX4: （PCU） | DY4: （輛） | DZ4: （輛） | EA4: （輛） | EB4: （％） | EC4: （PCU） | ED4: （輛） | EE4: （輛） | EF4: （輛） | EG4: （％） | EH4: （PCU） | EI4: （輛） | EJ4: （輛） | EK4: （輛） | EL4: （％） | EM4: （輛） | EN4: （％） | EO4: （輛） | EP4: （％） | EQ4: （輛） | ER4: （％） | ES4: （PCU） | ET4: （PCU） | EU4: （輛） | EV4: （輛） | EW4: （輛） | EX4: （％） | EY4: （PCU） | EZ4: （輛） | FA4: （輛） | FB4: （輛） | FC4: （％） | FD4: （PCU） | FE4: （輛） | FF4: （輛） | FG4: （輛） | FH4: （％） | FI4: （PCU） | FJ4: （輛） | FK4: （輛） | FL4: （輛） | FM4: （％） | FN4: （輛） | FO4: （％） | FP4: （輛） | FQ4: （％） | FR4: （輛） | FS4: （％） | FT4: （PCU）
A5: ='調查資料(OUT)'!A11 -> 0 | B5: =SUM(C5:F5) -> 0 | C5: =IFERROR('調查資料(OUT)'!$B$1*'調查資料(OUT)'!B11,0)+IFERROR('調查資料(OUT)'!$F$1*'調查資料(OUT)'!F11,0)+IFERROR('調查資料(OUT)'!$J$1*'調查資料(OUT)'!J11,0) -> 0 | D5: =IFERROR('調查資料(OUT)'!$C$1*'調查資料(OUT)'!C11,0)+IFERROR('調查資料(OUT)'!$G$1*'調查資料(OUT)'!G11,0)+IFERROR('調查資料(OUT)'!$K$1*'調查資料(OUT)'!K11,0) -> 0 | E5: =IFERROR('調查資料(OUT)'!$D$1*'調查資料(OUT)'!D11,0)+IFERROR('調查資料(OUT)'!$H$1*'調查資料(OUT)'!H11,0)+IFERROR('調查資料(OUT)'!$L$1*'調查資料(OUT)'!L11,0) -> 0 | F5: =IFERROR('調查資料(OUT)'!$E$1*'調查資料(OUT)'!E11,0)+IFERROR('調查資料(OUT)'!$I$1*'調查資料(OUT)'!I11,0)+IFERROR('調查資料(OUT)'!$M$1*'調查資料(OUT)'!M11,0) -> 0 | G5: =SUM(H5:K5) -> 0 | H5: =IFERROR('調查資料(OUT)'!$N$1*'調查資料(OUT)'!N11,0)+IFERROR('調查資料(OUT)'!$R$1*'調查資料(OUT)'!R11,0)+IFERROR('調查資料(OUT)'!$V$1*'調查資料(OUT)'!V11,0) -> 0 | I5: =IFERROR('調查資料(OUT)'!$O$1*'調查資料(OUT)'!O11,0)+IFERROR('調查資料(OUT)'!$S$1*'調查資料(OUT)'!S11,0)+IFERROR('調查資料(OUT)'!$W$1*'調查資料(OUT)'!W11,0) -> 0 | J5: =IFERROR('調查資料(OUT)'!$P$1*'調查資料(OUT)'!P11,0)+IFERROR('調查資料(OUT)'!$T$1*'調查資料(OUT)'!T11,0)+IFERROR('調查資料(OUT)'!$X$1*'調查資料(OUT)'!X11,0) -> 0 | K5: =IFERROR('調查資料(OUT)'!$Q$1*'調查資料(OUT)'!Q11,0)+IFERROR('調查資料(OUT)'!$U$1*'調查資料(OUT)'!U11,0)+IFERROR('調查資料(OUT)'!$Y$1*'調查資料(OUT)'!Y11,0) -> 0 | L5: =SUM(M5:P5) -> 0 | M5: =IFERROR('調查資料(OUT)'!$Z$1*'調查資料(OUT)'!Z11,0)+IFERROR('調查資料(OUT)'!$AD$1*'調查資料(OUT)'!AD11,0)+IFERROR('調查資料(OUT)'!$AH$1*'調查資料(OUT)'!AH11,0) -> 0 | N5: =IFERROR('調查資料(OUT)'!$AA$1*'調查資料(OUT)'!AA11,0)+IFERROR('調查資料(OUT)'!$AE$1*'調查資料(OUT)'!AE11,0)+IFERROR('調查資料(OUT)'!$AI$1*'調查資料(OUT)'!AI11,0) -> 0 | O5: =IFERROR('調查資料(OUT)'!$AB$1*'調查資料(OUT)'!AB11,0)+IFERROR('調查資料(OUT)'!$AF$1*'調查資料(OUT)'!AF11,0)+IFERROR('調查資料(OUT)'!$AJ$1*'調查資料(OUT)'!AJ11,0) -> 0 | P5: =IFERROR('調查資料(OUT)'!$AC$1*'調查資料(OUT)'!AC11,0)+IFERROR('調查資料(OUT)'!$AG$1*'調查資料(OUT)'!AG11,0)+IFERROR('調查資料(OUT)'!$AK$1*'調查資料(OUT)'!AK11,0) -> 0 | Q5: =SUM(R5:U5) -> 0 | R5: =IFERROR('調查資料(OUT)'!$AL$1*'調查資料(OUT)'!AL11,0)+IFERROR('調查資料(OUT)'!$AP$1*'調查資料(OUT)'!AP11,0)+IFERROR('調查資料(OUT)'!$AT$1*'調查資料(OUT)'!AT11,0) -> 0 | S5: =IFERROR('調查資料(OUT)'!$AM$1*'調查資料(OUT)'!AM11,0)+IFERROR('調查資料(OUT)'!$AQ$1*'調查資料(OUT)'!AQ11,0)+IFERROR('調查資料(OUT)'!$AU$1*'調查資料(OUT)'!AU11,0) -> 0 | T5: =IFERROR('調查資料(OUT)'!$AN$1*'調查資料(OUT)'!AN11,0)+IFERROR('調查資料(OUT)'!$AR$1*'調查資料(OUT)'!AR11,0)+IFERROR('調查資料(OUT)'!$AV$1*'調查資料(OUT)'!AV11,0) -> 0 | U5: =IFERROR('調查資料(OUT)'!$AO$1*'調查資料(OUT)'!AO11,0)+IFERROR('調查資料(OUT)'!$AS$1*'調查資料(OUT)'!AS11,0)+IFERROR('調查資料(OUT)'!$AW$1*'調查資料(OUT)'!AW11,0) -> 0 | V5: =SUM(W5:Z5) -> 0 | W5: =IFERROR('調查資料(OUT)'!$AX$1*'調查資料(OUT)'!AX11,0)+IFERROR('調查資料(OUT)'!$BB$1*'調查資料(OUT)'!BB11,0)+IFERROR('調查資料(OUT)'!$BF$1*'調查資料(OUT)'!BF11,0) -> 0 | X5: =IFERROR('調查資料(OUT)'!$AY$1*'調查資料(OUT)'!AY11,0)+IFERROR('調查資料(OUT)'!$BC$1*'調查資料(OUT)'!BC11,0)+IFERROR('調查資料(OUT)'!$BG$1*'調查資料(OUT)'!BG11,0) -> 0 | Y5: =IFERROR('調查資料(OUT)'!$AZ$1*'調查資料(OUT)'!AZ11,0)+IFERROR('調查資料(OUT)'!$BD$1*'調查資料(OUT)'!BD11,0)+IFERROR('調查資料(OUT)'!$BH$1*'調查資料(OUT)'!BH11,0) -> 0 | Z5: =IFERROR('調查資料(OUT)'!$BA$1*'調查資料(OUT)'!BA11,0)+IFERROR('調查資料(OUT)'!$BE$1*'調查資料(OUT)'!BE11,0)+IFERROR('調查資料(OUT)'!$BI$1*'調查資料(OUT)'!BI11,0) -> 0 | AA5: =B5+G5+L5+Q5+V5 -> 0 | AC5: ='調查資料(OUT)'!A11 -> 0 | AD5: =AC5+100 -> 100 | AE5: =SUM(AA5:AA8) -> 0 | AF5: =MAX(AE29:AE41) -> 0 | AG5: =IF($AE5=$AF$5,MAX(AA5:AA8),0) -> 0 | AH5: =IF($AE5=AF$5,SUM(B5:B8)/(4*(MAX(B5:B8))),0) -> #DIV/0! | AI5: =IF($AE5=AF$5,SUM(G5:G8)/(4*(MAX(G5:G8))),0) -> #DIV/0! | AJ5: =IF($AE5=AF$5,SUM(L5:L8)/(4*(MAX(L5:L8))),0) -> #DIV/0! | AK5: =IF($AE5=AF$5,SUM(Q5:Q8)/(4*(MAX(Q5:Q8))),0) -> #DIV/0! | AL5: =IF($AE5=AF$5,SUM(V5:V8)/(4*(MAX(V5:V8))),0) -> #DIV/0! | AM5: =$AF$5/(4*MAX(AG5:AG17)) -> #DIV/0! | AN5: =IF(AE5=AF$5,$AC5,"N") -> 0 | AO5: =IF(AE5=AF$5,$AD5,"N") -> 100 | AP5: =IF($AN5="N","N",SUM(C5:C8)) -> 0 | AQ5: =IF($AN5="N","N",SUM('調查資料(OUT)'!B11:B14)) -> 0 | AR5: =IF($AN5="N","N",SUM('調查資料(OUT)'!F11:F14)) -> 0 | AS5: =IF($AN5="N","N",SUM('調查資料(OUT)'!J11:J14)) -> 0 | AT5: =IF($AN5="N","N",(AP5/$BP5)*100) -> #DIV/0! | AU5: =IF($AN5="N","N",SUM(D5:D8)) -> 0 | AV5: =IF($AN5="N","N",SUM('調查資料(OUT)'!C11:C14)) -> 0 | AW5: =IF($AN5="N","N",SUM('調查資料(OUT)'!G11:G14)) -> 0 | AX5: =IF($AN5="N","N",SUM('調查資料(OUT)'!K11:K14)) -> 0 | AY5: =IF($AN5="N","N",(AU5/$BP5)*100) -> #DIV/0! | AZ5: =IF($AN5="N","N",SUM(E5:E8)) -> 0 | BA5: =IF($AN5="N","N",SUM('調查資料(OUT)'!D11:D14)) -> 0 | BB5: =IF($AN5="N","N",SUM('調查資料(OUT)'!H11:H14)) -> 0 | BC5: =IF($AN5="N","N",SUM('調查資料(OUT)'!L11:L14)) -> 0 | BD5: =IF($AN5="N","N",(AZ5/$BP5)*100) -> #DIV/0! | BE5: =IF($AN5="N","N",SUM(F5:F8)) -> 0 | BF5: =IF($AN5="N","N",SUM('調查資料(OUT)'!E11:E14)) -> 0 | BG5: =IF($AN5="N","N",SUM('調查資料(OUT)'!I11:I14)) -> 0 | BH5: =IF($AN5="N","N",SUM('調查資料(OUT)'!M11:M14)) -> 0 | BI5: =IF($AN5="N","N",(BE5/$BP5)*100) -> #DIV/0! | BJ5: =IF($AN5="N","N",AQ5+AV5+BA5+BF5) -> 0 | BK5: =IF($AN5="N","N",(BJ5/($BJ5+$BL5+$BN5))*100) -> #DIV/0! | BL5: =IF($AN5="N","N",AR5+AW5+BB5+BG5) -> 0 | BM5: =IF($AN5="N","N",(BL5/($BJ5+$BL5+$BN5))*100) -> #DIV/0! | BN5: =IF($AN5="N","N",AS5+AX5+BC5+BH5) -> 0 | BO5: =IF($AN5="N","N",(BN5/($BJ5+$BL5+$BN5))*100) -> #DIV/0! | BP5: =IF($AN5="N","N",AP5+AU5+AZ5+BE5) -> 0 | BQ5: =IF($AN5="N","N",SUM(H5:H8)) -> 0 | BR5: =IF($AN5="N","N",SUM('調查資料(OUT)'!N11:N14)) -> 0 | BS5: =IF($AN5="N","N",SUM('調查資料(OUT)'!R11:R14)) -> 0 | BT5: =IF($AN5="N","N",SUM('調查資料(OUT)'!V11:V14)) -> 0 | BU5: =IF($AN5="N","N",(BQ5/CQ5)*100) -> #DIV/0! | BV5: =IF($AN5="N","N",SUM(I5:I8)) -> 0 | BW5: =IF($AN5="N","N",SUM('調查資料(OUT)'!O11:O14)) -> 0 | BX5: =IF($AN5="N","N",SUM('調查資料(OUT)'!S11:S14)) -> 0 | BY5: =IF($AN5="N","N",SUM('調查資料(OUT)'!W11:W14)) -> 0 | BZ5: =IF($AN5="N","N",(BV5/$CQ5)*100) -> #DIV/0! | CA5: =IF($AN5="N","N",SUM(J5:J8)) -> 0 | CB5: =IF($AN5="N","N",SUM('調查資料(OUT)'!P11:P14)) -> 0 | CC5: =IF($AN5="N","N",SUM('調查資料(OUT)'!T11:T14)) -> 0 | CD5: =IF($AN5="N","N",SUM('調查資料(OUT)'!X11:X14)) -> 0 | CE5: =IF($AN5="N","N",(CA5/$CQ5)*100) -> #DIV/0! | CF5: =IF($AN5="N","N",SUM(K5:K8)) -> 0 | CG5: =IF($AN5="N","N",SUM('調查資料(OUT)'!Q11:Q14)) -> 0 | CH5: =IF($AN5="N","N",SUM('調查資料(OUT)'!U11:U14)) -> 0 | CI5: =IF($AN5="N","N",SUM('調查資料(OUT)'!Y11:Y14)) -> 0 | CJ5: =IF($AN5="N","N",(CF5/CQ5)*100) -> #DIV/0! | CK5: =IF($AN5="N","N",BR5+BW5+CB5+CG5) -> 0 | CL5: =IF($AN5="N","N",(CK5/($CK5+$CM5+$CO5))*100) -> #DIV/0! | CM5: =IF($AN5="N","N",BS5+BX5+CC5+CH5) -> 0 | CN5: =IF($AN5="N","N",(CM5/($CK5+$CM5+$CO5))*100) -> #DIV/0! | CO5: =IF($AN5="N","N",BT5+BY5+CD5+CI5) -> 0 | CP5: =IF($AN5="N","N",(CO5/($CK5+$CM5+$CO5))*100) -> #DIV/0! | CQ5: =IF($AN5="N","N",BQ5+BV5+CA5+CF5) -> 0 | CR5: =IF($AN5="N","N",SUM(M5:M8)) -> 0 | CS5: =IF($AN5="N","N",SUM('調查資料(OUT)'!Z11:Z14)) -> 0 | CT5: =IF($AN5="N","N",SUM('調查資料(OUT)'!AD11:AD14)) -> 0 | CU5: =IF($AN5="N","N",SUM('調查資料(OUT)'!AH11:AH14)) -> 0 | CV5: =IF($AN5="N","N",(CR5/DR5)*100) -> #DIV/0! | CW5: =IF($AN5="N","N",SUM(N5:N8)) -> 0 | CX5: =IF($AN5="N","N",SUM('調查資料(OUT)'!AA11:AA14)) -> 0 | CY5: =IF($AN5="N","N",SUM('調查資料(OUT)'!AE11:AE14)) -> 0 | CZ5: =IF($AN5="N","N",SUM('調查資料(OUT)'!AI11:AI14)) -> 0 | DA5: =IF($AN5="N","N",(CW5/$DR5)*100) -> #DIV/0! | DB5: =IF($AN5="N","N",SUM(O5:O8)) -> 0 | DC5: =IF($AN5="N","N",SUM('調查資料(OUT)'!AB11:AB14)) -> 0 | DD5: =IF($AN5="N","N",SUM('調查資料(OUT)'!AF11:AF14)) -> 0 | DE5: =IF($AN5="N","N",SUM('調查資料(OUT)'!AJ11:AJ14)) -> 0 | DF5: =IF($AN5="N","N",(DB5/$DR5)*100) -> #DIV/0! | DG5: =IF($AN5="N","N",SUM(P5:P8)) -> 0 | DH5: =IF($AN5="N","N",SUM('調查資料(OUT)'!AC11:AC14)) -> 0 | DI5: =IF($AN5="N","N",SUM('調查資料(OUT)'!AG11:AG14)) -> 0 | DJ5: =IF($AN5="N","N",SUM('調查資料(OUT)'!AK11:AK14)) -> 0 | DK5: =IF($AN5="N","N",(DG5/DR5)*100) -> #DIV/0! | DL5: =IF($AN5="N","N",CS5+CX5+DC5+DH5) -> 0 | DM5: =IF($AN5="N","N",(DL5/($DL5+$DN5+$DP5))*100) -> #DIV/0! | DN5: =IF($AN5="N","N",CT5+CY5+DD5+DI5) -> 0 | DO5: =IF($AN5="N","N",(DN5/($DL5+$DN5+$DP5))*100) -> #DIV/0! | DP5: =IF($AN5="N","N",CU5+CZ5+DE5+DJ5) -> 0 | DQ5: =IF($AN5="N","N",(DP5/($DL5+$DN5+$DP5))*100) -> #DIV/0! | DR5: =IF($AN5="N","N",CR5+CW5+DB5+DG5) -> 0 | DS5: =IF($AN5="N","N",SUM(R5:R8)) -> 0 | DT5: =IF($AN5="N","N",SUM('調查資料(OUT)'!AL11:AL14)) -> 0 | DU5: =IF($AN5="N","N",SUM('調查資料(OUT)'!AP11:AP14)) -> 0 | DV5: =IF($AN5="N","N",SUM('調查資料(OUT)'!AT11:AT14)) -> 0 | DW5: =IF($AN5="N","N",(DS5/ES5)*100) -> #DIV/0! | DX5: =IF($AN5="N","N",SUM(S5:S8)) -> 0 | DY5: =IF($AN5="N","N",SUM('調查資料(OUT)'!AM11:AM14)) -> 0 | DZ5: =IF($AN5="N","N",SUM('調查資料(OUT)'!AQ11:AQ14)) -> 0 | EA5: =IF($AN5="N","N",SUM('調查資料(OUT)'!AU11:AU14)) -> 0 | EB5: =IF($AN5="N","N",(DX5/$ES5)*100) -> #DIV/0! | EC5: =IF($AN5="N","N",SUM(T5:T8)) -> 0 | ED5: =IF($AN5="N","N",SUM('調查資料(OUT)'!AN11:AN14)) -> 0 | EE5: =IF($AN5="N","N",SUM('調查資料(OUT)'!AR11:AR14)) -> 0 | EF5: =IF($AN5="N","N",SUM('調查資料(OUT)'!AV11:AV14)) -> 0 | EG5: =IF($AN5="N","N",(EC5/$ES5)*100) -> #DIV/0! | EH5: =IF($AN5="N","N",SUM(U5:U8)) -> 0 | EI5: =IF($AN5="N","N",SUM('調查資料(OUT)'!AO11:AO14)) -> 0 | EJ5: =IF($AN5="N","N",SUM('調查資料(OUT)'!AS11:AS14)) -> 0 | EK5: =IF($AN5="N","N",SUM('調查資料(OUT)'!AW11:AW14)) -> 0 | EL5: =IF($AN5="N","N",(EH5/ES5)*100) -> #DIV/0! | EM5: =IF($AN5="N","N",DT5+DY5+ED5+EI5) -> 0 | EN5: =IF($AN5="N","N",(EM5/($EM5+$EO5+$EQ5))*100) -> #DIV/0! | EO5: =IF($AN5="N","N",DU5+DZ5+EE5+EJ5) -> 0 | EP5: =IF($AN5="N","N",(EO5/($EM5+$EO5+$EQ5))*100) -> #DIV/0! | EQ5: =IF($AN5="N","N",DV5+EA5+EF5+EK5) -> 0 | ER5: =IF($AN5="N","N",(EQ5/($EM5+$EO5+$EQ5))*100) -> #DIV/0! | ES5: =IF($AN5="N","N",DS5+DX5+EC5+EH5) -> 0 | ET5: =IF($AN5="N","N",SUM(W5:W8)) -> 0 | EU5: =IF($AN5="N","N",SUM('調查資料(OUT)'!AX11:AX14)) -> 0 | EV5: =IF($AN5="N","N",SUM('調查資料(OUT)'!BB11:BB14)) -> 0 | EW5: =IF($AN5="N","N",SUM('調查資料(OUT)'!BF11:BF14)) -> 0 | EX5: =IF($AN5="N","N",(ET5/FT5)*100) -> #DIV/0! | EY5: =IF($AN5="N","N",SUM(X5:X8)) -> 0 | EZ5: =IF($AN5="N","N",SUM('調查資料(OUT)'!AY11:AY14)) -> 0 | FA5: =IF($AN5="N","N",SUM('調查資料(OUT)'!BC11:BC14)) -> 0 | FB5: =IF($AN5="N","N",SUM('調查資料(OUT)'!BG11:BG14)) -> 0 | FC5: =IF($AN5="N","N",(EY5/$FT5)*100) -> #DIV/0! | FD5: =IF($AN5="N","N",SUM(Y5:Y8)) -> 0 | FE5: =IF($AN5="N","N",SUM('調查資料(OUT)'!AZ11:AZ14)) -> 0 | FF5: =IF($AN5="N","N",SUM('調查資料(OUT)'!BD11:BD14)) -> 0 | FG5: =IF($AN5="N","N",SUM('調查資料(OUT)'!BH11:BH14)) -> 0 | FH5: =IF($AN5="N","N",(FD5/$FT5)*100) -> #DIV/0! | FI5: =IF($AN5="N","N",SUM(Z5:Z8)) -> 0 | FJ5: =IF($AN5="N","N",SUM('調查資料(OUT)'!BA11:BA14)) -> 0 | FK5: =IF($AN5="N","N",SUM('調查資料(OUT)'!BE11:BE14)) -> 0 | FL5: =IF($AN5="N","N",SUM('調查資料(OUT)'!BI11:BI14)) -> 0 | FM5: =IF($AN5="N","N",(FI5/FT5)*100) -> #DIV/0! | FN5: =IF($AN5="N","N",EU5+EZ5+FE5+FJ5) -> 0 | FO5: =IF($AN5="N","N",(FN5/($FN5+$FP5+$FR5))*100) -> #DIV/0! | FP5: =IF($AN5="N","N",EV5+FA5+FF5+FK5) -> 0 | FQ5: =IF($AN5="N","N",(FP5/($FN5+$FP5+$FR5))*100) -> #DIV/0! | FR5: =IF($AN5="N","N",EW5+FB5+FG5+FL5) -> 0 | FS5: =IF($AN5="N","N",(FR5/($FN5+$FP5+$FR5))*100) -> #DIV/0! | FT5: =IF($AN5="N","N",ET5+EY5+FD5+FI5) -> 0
A6: ='調查資料(OUT)'!A12 -> 15 | B6: =SUM(C6:F6) -> 0 | C6: =IFERROR('調查資料(OUT)'!$B$1*'調查資料(OUT)'!B12,0)+IFERROR('調查資料(OUT)'!$F$1*'調查資料(OUT)'!F12,0)+IFERROR('調查資料(OUT)'!$J$1*'調查資料(OUT)'!J12,0) -> 0 | D6: =IFERROR('調查資料(OUT)'!$C$1*'調查資料(OUT)'!C12,0)+IFERROR('調查資料(OUT)'!$G$1*'調查資料(OUT)'!G12,0)+IFERROR('調查資料(OUT)'!$K$1*'調查資料(OUT)'!K12,0) -> 0 | E6: =IFERROR('調查資料(OUT)'!$D$1*'調查資料(OUT)'!D12,0)+IFERROR('調查資料(OUT)'!$H$1*'調查資料(OUT)'!H12,0)+IFERROR('調查資料(OUT)'!$L$1*'調查資料(OUT)'!L12,0) -> 0 | F6: =IFERROR('調查資料(OUT)'!$E$1*'調查資料(OUT)'!E12,0)+IFERROR('調查資料(OUT)'!$I$1*'調查資料(OUT)'!I12,0)+IFERROR('調查資料(OUT)'!$M$1*'調查資料(OUT)'!M12,0) -> 0 | G6: =SUM(H6:K6) -> 0 | H6: =IFERROR('調查資料(OUT)'!$N$1*'調查資料(OUT)'!N12,0)+IFERROR('調查資料(OUT)'!$R$1*'調查資料(OUT)'!R12,0)+IFERROR('調查資料(OUT)'!$V$1*'調查資料(OUT)'!V12,0) -> 0 | I6: =IFERROR('調查資料(OUT)'!$O$1*'調查資料(OUT)'!O12,0)+IFERROR('調查資料(OUT)'!$S$1*'調查資料(OUT)'!S12,0)+IFERROR('調查資料(OUT)'!$W$1*'調查資料(OUT)'!W12,0) -> 0 | J6: =IFERROR('調查資料(OUT)'!$P$1*'調查資料(OUT)'!P12,0)+IFERROR('調查資料(OUT)'!$T$1*'調查資料(OUT)'!T12,0)+IFERROR('調查資料(OUT)'!$X$1*'調查資料(OUT)'!X12,0) -> 0 | K6: =IFERROR('調查資料(OUT)'!$Q$1*'調查資料(OUT)'!Q12,0)+IFERROR('調查資料(OUT)'!$U$1*'調查資料(OUT)'!U12,0)+IFERROR('調查資料(OUT)'!$Y$1*'調查資料(OUT)'!Y12,0) -> 0 | L6: =SUM(M6:P6) -> 0 | M6: =IFERROR('調查資料(OUT)'!$Z$1*'調查資料(OUT)'!Z12,0)+IFERROR('調查資料(OUT)'!$AD$1*'調查資料(OUT)'!AD12,0)+IFERROR('調查資料(OUT)'!$AH$1*'調查資料(OUT)'!AH12,0) -> 0 | N6: =IFERROR('調查資料(OUT)'!$AA$1*'調查資料(OUT)'!AA12,0)+IFERROR('調查資料(OUT)'!$AE$1*'調查資料(OUT)'!AE12,0)+IFERROR('調查資料(OUT)'!$AI$1*'調查資料(OUT)'!AI12,0) -> 0 | O6: =IFERROR('調查資料(OUT)'!$AB$1*'調查資料(OUT)'!AB12,0)+IFERROR('調查資料(OUT)'!$AF$1*'調查資料(OUT)'!AF12,0)+IFERROR('調查資料(OUT)'!$AJ$1*'調查資料(OUT)'!AJ12,0) -> 0 | P6: =IFERROR('調查資料(OUT)'!$AC$1*'調查資料(OUT)'!AC12,0)+IFERROR('調查資料(OUT)'!$AG$1*'調查資料(OUT)'!AG12,0)+IFERROR('調查資料(OUT)'!$AK$1*'調查資料(OUT)'!AK12,0) -> 0 | Q6: =SUM(R6:U6) -> 0 | R6: =IFERROR('調查資料(OUT)'!$AL$1*'調查資料(OUT)'!AL12,0)+IFERROR('調查資料(OUT)'!$AP$1*'調查資料(OUT)'!AP12,0)+IFERROR('調查資料(OUT)'!$AT$1*'調查資料(OUT)'!AT12,0) -> 0 | S6: =IFERROR('調查資料(OUT)'!$AM$1*'調查資料(OUT)'!AM12,0)+IFERROR('調查資料(OUT)'!$AQ$1*'調查資料(OUT)'!AQ12,0)+IFERROR('調查資料(OUT)'!$AU$1*'調查資料(OUT)'!AU12,0) -> 0 | T6: =IFERROR('調查資料(OUT)'!$AN$1*'調查資料(OUT)'!AN12,0)+IFERROR('調查資料(OUT)'!$AR$1*'調查資料(OUT)'!AR12,0)+IFERROR('調查資料(OUT)'!$AV$1*'調查資料(OUT)'!AV12,0) -> 0 | U6: =IFERROR('調查資料(OUT)'!$AO$1*'調查資料(OUT)'!AO12,0)+IFERROR('調查資料(OUT)'!$AS$1*'調查資料(OUT)'!AS12,0)+IFERROR('調查資料(OUT)'!$AW$1*'調查資料(OUT)'!AW12,0) -> 0 | V6: =SUM(W6:Z6) -> 0 | W6: =IFERROR('調查資料(OUT)'!$AX$1*'調查資料(OUT)'!AX12,0)+IFERROR('調查資料(OUT)'!$BB$1*'調查資料(OUT)'!BB12,0)+IFERROR('調查資料(OUT)'!$BF$1*'調查資料(OUT)'!BF12,0) -> 0 | X6: =IFERROR('調查資料(OUT)'!$AY$1*'調查資料(OUT)'!AY12,0)+IFERROR('調查資料(OUT)'!$BC$1*'調查資料(OUT)'!BC12,0)+IFERROR('調查資料(OUT)'!$BG$1*'調查資料(OUT)'!BG12,0) -> 0 | Y6: =IFERROR('調查資料(OUT)'!$AZ$1*'調查資料(OUT)'!AZ12,0)+IFERROR('調查資料(OUT)'!$BD$1*'調查資料(OUT)'!BD12,0)+IFERROR('調查資料(OUT)'!$BH$1*'調查資料(OUT)'!BH12,0) -> 0 | Z6: =IFERROR('調查資料(OUT)'!$BA$1*'調查資料(OUT)'!BA12,0)+IFERROR('調查資料(OUT)'!$BE$1*'調查資料(OUT)'!BE12,0)+IFERROR('調查資料(OUT)'!$BI$1*'調查資料(OUT)'!BI12,0) -> 0 | AA6: =B6+G6+L6+Q6+V6 -> 0 | AC6: ='調查資料(OUT)'!A12 -> 15 | AD6: =AC6+100 -> 115 | AE6: =SUM(AA6:AA9) -> 0 | AG6: =IF($AE6=$AF$5,MAX(AA6:AA9),0) -> 0 | AH6: =IF($AE6=AF$5,SUM(B6:B9)/(4*(MAX(B6:B9))),0) -> #DIV/0! | AI6: =IF($AE6=AF$5,SUM(G6:G9)/(4*(MAX(G6:G9))),0) -> #DIV/0! | AJ6: =IF($AE6=AF$5,SUM(L6:L9)/(4*(MAX(L6:L9))),0) -> #DIV/0! | AK6: =IF($AE6=AF$5,SUM(Q6:Q9)/(4*(MAX(Q6:Q9))),0) -> #DIV/0! | AL6: =IF($AE6=AF$5,SUM(V6:V9)/(4*(MAX(V6:V9))),0) -> #DIV/0! | AN6: =IF(AE6=AF$5,$AC6,"N") -> 15 | AO6: =IF(AE6=AF$5,$AD6,"N") -> 115 | AP6: =IF($AN6="N","N",SUM(C6:C9)) -> 0 | AQ6: =IF($AN6="N","N",SUM('調查資料(OUT)'!B12:B15)) -> 0 | AR6: =IF($AN6="N","N",SUM('調查資料(OUT)'!F12:F15)) -> 0 | AS6: =IF($AN6="N","N",SUM('調查資料(OUT)'!J12:J15)) -> 0 | AT6: =IF($AN6="N","N",(AP6/$BP6)*100) -> #DIV/0! | AU6: =IF($AN6="N","N",SUM(D6:D9)) -> 0 | AV6: =IF($AN6="N","N",SUM('調查資料(OUT)'!C12:C15)) -> 0 | AW6: =IF($AN6="N","N",SUM('調查資料(OUT)'!G12:G15)) -> 0 | AX6: =IF($AN6="N","N",SUM('調查資料(OUT)'!K12:K15)) -> 0 | AY6: =IF($AN6="N","N",(AU6/$BP6)*100) -> #DIV/0! | AZ6: =IF($AN6="N","N",SUM(E6:E9)) -> 0 | BA6: =IF($AN6="N","N",SUM('調查資料(OUT)'!D12:D15)) -> 0 | BB6: =IF($AN6="N","N",SUM('調查資料(OUT)'!H12:H15)) -> 0 | BC6: =IF($AN6="N","N",SUM('調查資料(OUT)'!L12:L15)) -> 0 | BD6: =IF($AN6="N","N",(AZ6/$BP6)*100) -> #DIV/0! | BE6: =IF($AN6="N","N",SUM(F6:F9)) -> 0 | BF6: =IF($AN6="N","N",SUM('調查資料(OUT)'!E12:E15)) -> 0 | BG6: =IF($AN6="N","N",SUM('調查資料(OUT)'!I12:I15)) -> 0 | BH6: =IF($AN6="N","N",SUM('調查資料(OUT)'!M12:M15)) -> 0 | BI6: =IF($AN6="N","N",(BE6/$BP6)*100) -> #DIV/0! | BJ6: =IF($AN6="N","N",AQ6+AV6+BA6+BF6) -> 0 | BK6: =IF($AN6="N","N",(BJ6/($BJ6+$BL6+$BN6))*100) -> #DIV/0! | BL6: =IF($AN6="N","N",AR6+AW6+BB6+BG6) -> 0 | BM6: =IF($AN6="N","N",(BL6/($BJ6+$BL6+$BN6))*100) -> #DIV/0! | BN6: =IF($AN6="N","N",AS6+AX6+BC6+BH6) -> 0 | BO6: =IF($AN6="N","N",(BN6/($BJ6+$BL6+$BN6))*100) -> #DIV/0! | BP6: =IF($AN6="N","N",AP6+AU6+AZ6+BE6) -> 0 | BQ6: =IF($AN6="N","N",SUM(H6:H9)) -> 0 | BR6: =IF($AN6="N","N",SUM('調查資料(OUT)'!N12:N15)) -> 0 | BS6: =IF($AN6="N","N",SUM('調查資料(OUT)'!R12:R15)) -> 0 | BT6: =IF($AN6="N","N",SUM('調查資料(OUT)'!V12:V15)) -> 0 | BU6: =IF($AN6="N","N",(BQ6/CQ6)*100) -> #DIV/0! | BV6: =IF($AN6="N","N",SUM(I6:I9)) -> 0 | BW6: =IF($AN6="N","N",SUM('調查資料(OUT)'!O12:O15)) -> 0 | BX6: =IF($AN6="N","N",SUM('調查資料(OUT)'!S12:S15)) -> 0 | BY6: =IF($AN6="N","N",SUM('調查資料(OUT)'!W12:W15)) -> 0 | BZ6: =IF($AN6="N","N",(BV6/$CQ6)*100) -> #DIV/0! | CA6: =IF($AN6="N","N",SUM(J6:J9)) -> 0 | CB6: =IF($AN6="N","N",SUM('調查資料(OUT)'!P12:P15)) -> 0 | CC6: =IF($AN6="N","N",SUM('調查資料(OUT)'!T12:T15)) -> 0 | CD6: =IF($AN6="N","N",SUM('調查資料(OUT)'!X12:X15)) -> 0 | CE6: =IF($AN6="N","N",(CA6/$CQ6)*100) -> #DIV/0! | CF6: =IF($AN6="N","N",SUM(K6:K9)) -> 0 | CG6: =IF($AN6="N","N",SUM('調查資料(OUT)'!Q12:Q15)) -> 0 | CH6: =IF($AN6="N","N",SUM('調查資料(OUT)'!U12:U15)) -> 0 | CI6: =IF($AN6="N","N",SUM('調查資料(OUT)'!Y12:Y15)) -> 0 | CJ6: =IF($AN6="N","N",(CF6/CQ6)*100) -> #DIV/0! | CK6: =IF($AN6="N","N",BR6+BW6+CB6+CG6) -> 0 | CL6: =IF($AN6="N","N",(CK6/($CK6+$CM6+$CO6))*100) -> #DIV/0! | CM6: =IF($AN6="N","N",BS6+BX6+CC6+CH6) -> 0 | CN6: =IF($AN6="N","N",(CM6/($CK6+$CM6+$CO6))*100) -> #DIV/0! | CO6: =IF($AN6="N","N",BT6+BY6+CD6+CI6) -> 0 | CP6: =IF($AN6="N","N",(CO6/($CK6+$CM6+$CO6))*100) -> #DIV/0! | CQ6: =IF($AN6="N","N",BQ6+BV6+CA6+CF6) -> 0 | CR6: =IF($AN6="N","N",SUM(M6:M9)) -> 0 | CS6: =IF($AN6="N","N",SUM('調查資料(OUT)'!Z12:Z15)) -> 0 | CT6: =IF($AN6="N","N",SUM('調查資料(OUT)'!AD12:AD15)) -> 0 | CU6: =IF($AN6="N","N",SUM('調查資料(OUT)'!AH12:AH15)) -> 0 | CV6: =IF($AN6="N","N",(CR6/DR6)*100) -> #DIV/0! | CW6: =IF($AN6="N","N",SUM(N6:N9)) -> 0 | CX6: =IF($AN6="N","N",SUM('調查資料(OUT)'!AA12:AA15)) -> 0 | CY6: =IF($AN6="N","N",SUM('調查資料(OUT)'!AE12:AE15)) -> 0 | CZ6: =IF($AN6="N","N",SUM('調查資料(OUT)'!AI12:AI15)) -> 0 | DA6: =IF($AN6="N","N",(CW6/$DR6)*100) -> #DIV/0! | DB6: =IF($AN6="N","N",SUM(O6:O9)) -> 0 | DC6: =IF($AN6="N","N",SUM('調查資料(OUT)'!AB12:AB15)) -> 0 | DD6: =IF($AN6="N","N",SUM('調查資料(OUT)'!AF12:AF15)) -> 0 | DE6: =IF($AN6="N","N",SUM('調查資料(OUT)'!AJ12:AJ15)) -> 0 | DF6: =IF($AN6="N","N",(DB6/$DR6)*100) -> #DIV/0! | DG6: =IF($AN6="N","N",SUM(P6:P9)) -> 0 | DH6: =IF($AN6="N","N",SUM('調查資料(OUT)'!AC12:AC15)) -> 0 | DI6: =IF($AN6="N","N",SUM('調查資料(OUT)'!AG12:AG15)) -> 0 | DJ6: =IF($AN6="N","N",SUM('調查資料(OUT)'!AK12:AK15)) -> 0 | DK6: =IF($AN6="N","N",(DG6/DR6)*100) -> #DIV/0! | DL6: =IF($AN6="N","N",CS6+CX6+DC6+DH6) -> 0 | DM6: =IF($AN6="N","N",(DL6/($DL6+$DN6+$DP6))*100) -> #DIV/0! | DN6: =IF($AN6="N","N",CT6+CY6+DD6+DI6) -> 0 | DO6: =IF($AN6="N","N",(DN6/($DL6+$DN6+$DP6))*100) -> #DIV/0! | DP6: =IF($AN6="N","N",CU6+CZ6+DE6+DJ6) -> 0 | DQ6: =IF($AN6="N","N",(DP6/($DL6+$DN6+$DP6))*100) -> #DIV/0! | DR6: =IF($AN6="N","N",CR6+CW6+DB6+DG6) -> 0 | DS6: =IF($AN6="N","N",SUM(R6:R9)) -> 0 | DT6: =IF($AN6="N","N",SUM('調查資料(OUT)'!AL12:AL15)) -> 0 | DU6: =IF($AN6="N","N",SUM('調查資料(OUT)'!AP12:AP15)) -> 0 | DV6: =IF($AN6="N","N",SUM('調查資料(OUT)'!AT12:AT15)) -> 0 | DW6: =IF($AN6="N","N",(DS6/ES6)*100) -> #DIV/0! | DX6: =IF($AN6="N","N",SUM(S6:S9)) -> 0 | DY6: =IF($AN6="N","N",SUM('調查資料(OUT)'!AM12:AM15)) -> 0 | DZ6: =IF($AN6="N","N",SUM('調查資料(OUT)'!AQ12:AQ15)) -> 0 | EA6: =IF($AN6="N","N",SUM('調查資料(OUT)'!AU12:AU15)) -> 0 | EB6: =IF($AN6="N","N",(DX6/$ES6)*100) -> #DIV/0! | EC6: =IF($AN6="N","N",SUM(T6:T9)) -> 0 | ED6: =IF($AN6="N","N",SUM('調查資料(OUT)'!AN12:AN15)) -> 0 | EE6: =IF($AN6="N","N",SUM('調查資料(OUT)'!AR12:AR15)) -> 0 | EF6: =IF($AN6="N","N",SUM('調查資料(OUT)'!AV12:AV15)) -> 0 | EG6: =IF($AN6="N","N",(EC6/$ES6)*100) -> #DIV/0! | EH6: =IF($AN6="N","N",SUM(U6:U9)) -> 0 | EI6: =IF($AN6="N","N",SUM('調查資料(OUT)'!AO12:AO15)) -> 0 | EJ6: =IF($AN6="N","N",SUM('調查資料(OUT)'!AS12:AS15)) -> 0 | EK6: =IF($AN6="N","N",SUM('調查資料(OUT)'!AW12:AW15)) -> 0 | EL6: =IF($AN6="N","N",(EH6/ES6)*100) -> #DIV/0! | EM6: =IF($AN6="N","N",DT6+DY6+ED6+EI6) -> 0 | EN6: =IF($AN6="N","N",(EM6/($EM6+$EO6+$EQ6))*100) -> #DIV/0! | EO6: =IF($AN6="N","N",DU6+DZ6+EE6+EJ6) -> 0 | EP6: =IF($AN6="N","N",(EO6/($EM6+$EO6+$EQ6))*100) -> #DIV/0! | EQ6: =IF($AN6="N","N",DV6+EA6+EF6+EK6) -> 0 | ER6: =IF($AN6="N","N",(EQ6/($EM6+$EO6+$EQ6))*100) -> #DIV/0! | ES6: =IF($AN6="N","N",DS6+DX6+EC6+EH6) -> 0 | ET6: =IF($AN6="N","N",SUM(W6:W9)) -> 0 | EU6: =IF($AN6="N","N",SUM('調查資料(OUT)'!AX12:AX15)) -> 0 | EV6: =IF($AN6="N","N",SUM('調查資料(OUT)'!BB12:BB15)) -> 0 | EW6: =IF($AN6="N","N",SUM('調查資料(OUT)'!BF12:BF15)) -> 0 | EX6: =IF($AN6="N","N",(ET6/FT6)*100) -> #DIV/0! | EY6: =IF($AN6="N","N",SUM(X6:X9)) -> 0 | EZ6: =IF($AN6="N","N",SUM('調查資料(OUT)'!AY12:AY15)) -> 0 | FA6: =IF($AN6="N","N",SUM('調查資料(OUT)'!BC12:BC15)) -> 0 | FB6: =IF($AN6="N","N",SUM('調查資料(OUT)'!BG12:BG15)) -> 0 | FC6: =IF($AN6="N","N",(EY6/$FT6)*100) -> #DIV/0! | FD6: =IF($AN6="N","N",SUM(Y6:Y9)) -> 0 | FE6: =IF($AN6="N","N",SUM('調查資料(OUT)'!AZ12:AZ15)) -> 0 | FF6: =IF($AN6="N","N",SUM('調查資料(OUT)'!BD12:BD15)) -> 0 | FG6: =IF($AN6="N","N",SUM('調查資料(OUT)'!BH12:BH15)) -> 0 | FH6: =IF($AN6="N","N",(FD6/$FT6)*100) -> #DIV/0! | FI6: =IF($AN6="N","N",SUM(Z6:Z9)) -> 0 | FJ6: =IF($AN6="N","N",SUM('調查資料(OUT)'!BA12:BA15)) -> 0 | FK6: =IF($AN6="N","N",SUM('調查資料(OUT)'!BE12:BE15)) -> 0 | FL6: =IF($AN6="N","N",SUM('調查資料(OUT)'!BI12:BI15)) -> 0 | FM6: =IF($AN6="N","N",(FI6/FT6)*100) -> #DIV/0! | FN6: =IF($AN6="N","N",EU6+EZ6+FE6+FJ6) -> 0 | FO6: =IF($AN6="N","N",(FN6/($FN6+$FP6+$FR6))*100) -> #DIV/0! | FP6: =IF($AN6="N","N",EV6+FA6+FF6+FK6) -> 0 | FQ6: =IF($AN6="N","N",(FP6/($FN6+$FP6+$FR6))*100) -> #DIV/0! | FR6: =IF($AN6="N","N",EW6+FB6+FG6+FL6) -> 0 | FS6: =IF($AN6="N","N",(FR6/($FN6+$FP6+$FR6))*100) -> #DIV/0! | FT6: =IF($AN6="N","N",ET6+EY6+FD6+FI6) -> 0
A7: ='調查資料(OUT)'!A13 -> 30 | B7: =SUM(C7:F7) -> 0 | C7: =IFERROR('調查資料(OUT)'!$B$1*'調查資料(OUT)'!B13,0)+IFERROR('調查資料(OUT)'!$F$1*'調查資料(OUT)'!F13,0)+IFERROR('調查資料(OUT)'!$J$1*'調查資料(OUT)'!J13,0) -> 0 | D7: =IFERROR('調查資料(OUT)'!$C$1*'調查資料(OUT)'!C13,0)+IFERROR('調查資料(OUT)'!$G$1*'調查資料(OUT)'!G13,0)+IFERROR('調查資料(OUT)'!$K$1*'調查資料(OUT)'!K13,0) -> 0 | E7: =IFERROR('調查資料(OUT)'!$D$1*'調查資料(OUT)'!D13,0)+IFERROR('調查資料(OUT)'!$H$1*'調查資料(OUT)'!H13,0)+IFERROR('調查資料(OUT)'!$L$1*'調查資料(OUT)'!L13,0) -> 0 | F7: =IFERROR('調查資料(OUT)'!$E$1*'調查資料(OUT)'!E13,0)+IFERROR('調查資料(OUT)'!$I$1*'調查資料(OUT)'!I13,0)+IFERROR('調查資料(OUT)'!$M$1*'調查資料(OUT)'!M13,0) -> 0 | G7: =SUM(H7:K7) -> 0 | H7: =IFERROR('調查資料(OUT)'!$N$1*'調查資料(OUT)'!N13,0)+IFERROR('調查資料(OUT)'!$R$1*'調查資料(OUT)'!R13,0)+IFERROR('調查資料(OUT)'!$V$1*'調查資料(OUT)'!V13,0) -> 0 | I7: =IFERROR('調查資料(OUT)'!$O$1*'調查資料(OUT)'!O13,0)+IFERROR('調查資料(OUT)'!$S$1*'調查資料(OUT)'!S13,0)+IFERROR('調查資料(OUT)'!$W$1*'調查資料(OUT)'!W13,0) -> 0 | J7: =IFERROR('調查資料(OUT)'!$P$1*'調查資料(OUT)'!P13,0)+IFERROR('調查資料(OUT)'!$T$1*'調查資料(OUT)'!T13,0)+IFERROR('調查資料(OUT)'!$X$1*'調查資料(OUT)'!X13,0) -> 0 | K7: =IFERROR('調查資料(OUT)'!$Q$1*'調查資料(OUT)'!Q13,0)+IFERROR('調查資料(OUT)'!$U$1*'調查資料(OUT)'!U13,0)+IFERROR('調查資料(OUT)'!$Y$1*'調查資料(OUT)'!Y13,0) -> 0 | L7: =SUM(M7:P7) -> 0 | M7: =IFERROR('調查資料(OUT)'!$Z$1*'調查資料(OUT)'!Z13,0)+IFERROR('調查資料(OUT)'!$AD$1*'調查資料(OUT)'!AD13,0)+IFERROR('調查資料(OUT)'!$AH$1*'調查資料(OUT)'!AH13,0) -> 0 | N7: =IFERROR('調查資料(OUT)'!$AA$1*'調查資料(OUT)'!AA13,0)+IFERROR('調查資料(OUT)'!$AE$1*'調查資料(OUT)'!AE13,0)+IFERROR('調查資料(OUT)'!$AI$1*'調查資料(OUT)'!AI13,0) -> 0 | O7: =IFERROR('調查資料(OUT)'!$AB$1*'調查資料(OUT)'!AB13,0)+IFERROR('調查資料(OUT)'!$AF$1*'調查資料(OUT)'!AF13,0)+IFERROR('調查資料(OUT)'!$AJ$1*'調查資料(OUT)'!AJ13,0) -> 0 | P7: =IFERROR('調查資料(OUT)'!$AC$1*'調查資料(OUT)'!AC13,0)+IFERROR('調查資料(OUT)'!$AG$1*'調查資料(OUT)'!AG13,0)+IFERROR('調查資料(OUT)'!$AK$1*'調查資料(OUT)'!AK13,0) -> 0 | Q7: =SUM(R7:U7) -> 0 | R7: =IFERROR('調查資料(OUT)'!$AL$1*'調查資料(OUT)'!AL13,0)+IFERROR('調查資料(OUT)'!$AP$1*'調查資料(OUT)'!AP13,0)+IFERROR('調查資料(OUT)'!$AT$1*'調查資料(OUT)'!AT13,0) -> 0 | S7: =IFERROR('調查資料(OUT)'!$AM$1*'調查資料(OUT)'!AM13,0)+IFERROR('調查資料(OUT)'!$AQ$1*'調查資料(OUT)'!AQ13,0)+IFERROR('調查資料(OUT)'!$AU$1*'調查資料(OUT)'!AU13,0) -> 0 | T7: =IFERROR('調查資料(OUT)'!$AN$1*'調查資料(OUT)'!AN13,0)+IFERROR('調查資料(OUT)'!$AR$1*'調查資料(OUT)'!AR13,0)+IFERROR('調查資料(OUT)'!$AV$1*'調查資料(OUT)'!AV13,0) -> 0 | U7: =IFERROR('調查資料(OUT)'!$AO$1*'調查資料(OUT)'!AO13,0)+IFERROR('調查資料(OUT)'!$AS$1*'調查資料(OUT)'!AS13,0)+IFERROR('調查資料(OUT)'!$AW$1*'調查資料(OUT)'!AW13,0) -> 0 | V7: =SUM(W7:Z7) -> 0 | W7: =IFERROR('調查資料(OUT)'!$AX$1*'調查資料(OUT)'!AX13,0)+IFERROR('調查資料(OUT)'!$BB$1*'調查資料(OUT)'!BB13,0)+IFERROR('調查資料(OUT)'!$BF$1*'調查資料(OUT)'!BF13,0) -> 0 | X7: =IFERROR('調查資料(OUT)'!$AY$1*'調查資料(OUT)'!AY13,0)+IFERROR('調查資料(OUT)'!$BC$1*'調查資料(OUT)'!BC13,0)+IFERROR('調查資料(OUT)'!$BG$1*'調查資料(OUT)'!BG13,0) -> 0 | Y7: =IFERROR('調查資料(OUT)'!$AZ$1*'調查資料(OUT)'!AZ13,0)+IFERROR('調查資料(OUT)'!$BD$1*'調查資料(OUT)'!BD13,0)+IFERROR('調查資料(OUT)'!$BH$1*'調查資料(OUT)'!BH13,0) -> 0 | Z7: =IFERROR('調查資料(OUT)'!$BA$1*'調查資料(OUT)'!BA13,0)+IFERROR('調查資料(OUT)'!$BE$1*'調查資料(OUT)'!BE13,0)+IFERROR('調查資料(OUT)'!$BI$1*'調查資料(OUT)'!BI13,0) -> 0 | AA7: =B7+G7+L7+Q7+V7 -> 0 | AC7: ='調查資料(OUT)'!A13 -> 30 | AD7: =AC7+100 -> 130 | AE7: =SUM(AA7:AA10) -> 0 | AG7: =IF($AE7=$AF$5,MAX(AA7:AA10),0) -> 0 | AH7: =IF($AE7=AF$5,SUM(B7:B10)/(4*(MAX(B7:B10))),0) -> #DIV/0! | AI7: =IF($AE7=AF$5,SUM(G7:G10)/(4*(MAX(G7:G10))),0) -> #DIV/0! | AJ7: =IF($AE7=AF$5,SUM(L7:L10)/(4*(MAX(L7:L10))),0) -> #DIV/0! | AK7: =IF($AE7=AF$5,SUM(Q7:Q10)/(4*(MAX(Q7:Q10))),0) -> #DIV/0! | AL7: =IF($AE7=AF$5,SUM(V7:V10)/(4*(MAX(V7:V10))),0) -> #DIV/0! | AN7: =IF(AE7=AF$5,$AC7,"N") -> 30 | AO7: =IF(AE7=AF$5,$AD7,"N") -> 130 | AP7: =IF($AN7="N","N",SUM(C7:C10)) -> 0 | AQ7: =IF($AN7="N","N",SUM('調查資料(OUT)'!B13:B16)) -> 0 | AR7: =IF($AN7="N","N",SUM('調查資料(OUT)'!F13:F16)) -> 0 | AS7: =IF($AN7="N","N",SUM('調查資料(OUT)'!J13:J16)) -> 0 | AT7: =IF($AN7="N","N",(AP7/$BP7)*100) -> #DIV/0! | AU7: =IF($AN7="N","N",SUM(D7:D10)) -> 0 | AV7: =IF($AN7="N","N",SUM('調查資料(OUT)'!C13:C16)) -> 0 | AW7: =IF($AN7="N","N",SUM('調查資料(OUT)'!G13:G16)) -> 0 | AX7: =IF($AN7="N","N",SUM('調查資料(OUT)'!K13:K16)) -> 0 | AY7: =IF($AN7="N","N",(AU7/$BP7)*100) -> #DIV/0! | AZ7: =IF($AN7="N","N",SUM(E7:E10)) -> 0 | BA7: =IF($AN7="N","N",SUM('調查資料(OUT)'!D13:D16)) -> 0 | BB7: =IF($AN7="N","N",SUM('調查資料(OUT)'!H13:H16)) -> 0 | BC7: =IF($AN7="N","N",SUM('調查資料(OUT)'!L13:L16)) -> 0 | BD7: =IF($AN7="N","N",(AZ7/$BP7)*100) -> #DIV/0! | BE7: =IF($AN7="N","N",SUM(F7:F10)) -> 0 | BF7: =IF($AN7="N","N",SUM('調查資料(OUT)'!E13:E16)) -> 0 | BG7: =IF($AN7="N","N",SUM('調查資料(OUT)'!I13:I16)) -> 0 | BH7: =IF($AN7="N","N",SUM('調查資料(OUT)'!M13:M16)) -> 0 | BI7: =IF($AN7="N","N",(BE7/$BP7)*100) -> #DIV/0! | BJ7: =IF($AN7="N","N",AQ7+AV7+BA7+BF7) -> 0 | BK7: =IF($AN7="N","N",(BJ7/($BJ7+$BL7+$BN7))*100) -> #DIV/0! | BL7: =IF($AN7="N","N",AR7+AW7+BB7+BG7) -> 0 | BM7: =IF($AN7="N","N",(BL7/($BJ7+$BL7+$BN7))*100) -> #DIV/0! | BN7: =IF($AN7="N","N",AS7+AX7+BC7+BH7) -> 0 | BO7: =IF($AN7="N","N",(BN7/($BJ7+$BL7+$BN7))*100) -> #DIV/0! | BP7: =IF($AN7="N","N",AP7+AU7+AZ7+BE7) -> 0 | BQ7: =IF($AN7="N","N",SUM(H7:H10)) -> 0 | BR7: =IF($AN7="N","N",SUM('調查資料(OUT)'!N13:N16)) -> 0 | BS7: =IF($AN7="N","N",SUM('調查資料(OUT)'!R13:R16)) -> 0 | BT7: =IF($AN7="N","N",SUM('調查資料(OUT)'!V13:V16)) -> 0 | BU7: =IF($AN7="N","N",(BQ7/CQ7)*100) -> #DIV/0! | BV7: =IF($AN7="N","N",SUM(I7:I10)) -> 0 | BW7: =IF($AN7="N","N",SUM('調查資料(OUT)'!O13:O16)) -> 0 | BX7: =IF($AN7="N","N",SUM('調查資料(OUT)'!S13:S16)) -> 0 | BY7: =IF($AN7="N","N",SUM('調查資料(OUT)'!W13:W16)) -> 0 | BZ7: =IF($AN7="N","N",(BV7/$CQ7)*100) -> #DIV/0! | CA7: =IF($AN7="N","N",SUM(J7:J10)) -> 0 | CB7: =IF($AN7="N","N",SUM('調查資料(OUT)'!P13:P16)) -> 0 | CC7: =IF($AN7="N","N",SUM('調查資料(OUT)'!T13:T16)) -> 0 | CD7: =IF($AN7="N","N",SUM('調查資料(OUT)'!X13:X16)) -> 0 | CE7: =IF($AN7="N","N",(CA7/$CQ7)*100) -> #DIV/0! | CF7: =IF($AN7="N","N",SUM(K7:K10)) -> 0 | CG7: =IF($AN7="N","N",SUM('調查資料(OUT)'!Q13:Q16)) -> 0 | CH7: =IF($AN7="N","N",SUM('調查資料(OUT)'!U13:U16)) -> 0 | CI7: =IF($AN7="N","N",SUM('調查資料(OUT)'!Y13:Y16)) -> 0 | CJ7: =IF($AN7="N","N",(CF7/CQ7)*100) -> #DIV/0! | CK7: =IF($AN7="N","N",BR7+BW7+CB7+CG7) -> 0 | CL7: =IF($AN7="N","N",(CK7/($CK7+$CM7+$CO7))*100) -> #DIV/0! | CM7: =IF($AN7="N","N",BS7+BX7+CC7+CH7) -> 0 | CN7: =IF($AN7="N","N",(CM7/($CK7+$CM7+$CO7))*100) -> #DIV/0! | CO7: =IF($AN7="N","N",BT7+BY7+CD7+CI7) -> 0 | CP7: =IF($AN7="N","N",(CO7/($CK7+$CM7+$CO7))*100) -> #DIV/0! | CQ7: =IF($AN7="N","N",BQ7+BV7+CA7+CF7) -> 0 | CR7: =IF($AN7="N","N",SUM(M7:M10)) -> 0 | CS7: =IF($AN7="N","N",SUM('調查資料(OUT)'!Z13:Z16)) -> 0 | CT7: =IF($AN7="N","N",SUM('調查資料(OUT)'!AD13:AD16)) -> 0 | CU7: =IF($AN7="N","N",SUM('調查資料(OUT)'!AH13:AH16)) -> 0 | CV7: =IF($AN7="N","N",(CR7/DR7)*100) -> #DIV/0! | CW7: =IF($AN7="N","N",SUM(N7:N10)) -> 0 | CX7: =IF($AN7="N","N",SUM('調查資料(OUT)'!AA13:AA16)) -> 0 | CY7: =IF($AN7="N","N",SUM('調查資料(OUT)'!AE13:AE16)) -> 0 | CZ7: =IF($AN7="N","N",SUM('調查資料(OUT)'!AI13:AI16)) -> 0 | DA7: =IF($AN7="N","N",(CW7/$DR7)*100) -> #DIV/0! | DB7: =IF($AN7="N","N",SUM(O7:O10)) -> 0 | DC7: =IF($AN7="N","N",SUM('調查資料(OUT)'!AB13:AB16)) -> 0 | DD7: =IF($AN7="N","N",SUM('調查資料(OUT)'!AF13:AF16)) -> 0 | DE7: =IF($AN7="N","N",SUM('調查資料(OUT)'!AJ13:AJ16)) -> 0 | DF7: =IF($AN7="N","N",(DB7/$DR7)*100) -> #DIV/0! | DG7: =IF($AN7="N","N",SUM(P7:P10)) -> 0 | DH7: =IF($AN7="N","N",SUM('調查資料(OUT)'!AC13:AC16)) -> 0 | DI7: =IF($AN7="N","N",SUM('調查資料(OUT)'!AG13:AG16)) -> 0 | DJ7: =IF($AN7="N","N",SUM('調查資料(OUT)'!AK13:AK16)) -> 0 | DK7: =IF($AN7="N","N",(DG7/DR7)*100) -> #DIV/0! | DL7: =IF($AN7="N","N",CS7+CX7+DC7+DH7) -> 0 | DM7: =IF($AN7="N","N",(DL7/($DL7+$DN7+$DP7))*100) -> #DIV/0! | DN7: =IF($AN7="N","N",CT7+CY7+DD7+DI7) -> 0 | DO7: =IF($AN7="N","N",(DN7/($DL7+$DN7+$DP7))*100) -> #DIV/0! | DP7: =IF($AN7="N","N",CU7+CZ7+DE7+DJ7) -> 0 | DQ7: =IF($AN7="N","N",(DP7/($DL7+$DN7+$DP7))*100) -> #DIV/0! | DR7: =IF($AN7="N","N",CR7+CW7+DB7+DG7) -> 0 | DS7: =IF($AN7="N","N",SUM(R7:R10)) -> 0 | DT7: =IF($AN7="N","N",SUM('調查資料(OUT)'!AL13:AL16)) -> 0 | DU7: =IF($AN7="N","N",SUM('調查資料(OUT)'!AP13:AP16)) -> 0 | DV7: =IF($AN7="N","N",SUM('調查資料(OUT)'!AT13:AT16)) -> 0 | DW7: =IF($AN7="N","N",(DS7/ES7)*100) -> #DIV/0! | DX7: =IF($AN7="N","N",SUM(S7:S10)) -> 0 | DY7: =IF($AN7="N","N",SUM('調查資料(OUT)'!AM13:AM16)) -> 0 | DZ7: =IF($AN7="N","N",SUM('調查資料(OUT)'!AQ13:AQ16)) -> 0 | EA7: =IF($AN7="N","N",SUM('調查資料(OUT)'!AU13:AU16)) -> 0 | EB7: =IF($AN7="N","N",(DX7/$ES7)*100) -> #DIV/0! | EC7: =IF($AN7="N","N",SUM(T7:T10)) -> 0 | ED7: =IF($AN7="N","N",SUM('調查資料(OUT)'!AN13:AN16)) -> 0 | EE7: =IF($AN7="N","N",SUM('調查資料(OUT)'!AR13:AR16)) -> 0 | EF7: =IF($AN7="N","N",SUM('調查資料(OUT)'!AV13:AV16)) -> 0 | EG7: =IF($AN7="N","N",(EC7/$ES7)*100) -> #DIV/0! | EH7: =IF($AN7="N","N",SUM(U7:U10)) -> 0 | EI7: =IF($AN7="N","N",SUM('調查資料(OUT)'!AO13:AO16)) -> 0 | EJ7: =IF($AN7="N","N",SUM('調查資料(OUT)'!AS13:AS16)) -> 0 | EK7: =IF($AN7="N","N",SUM('調查資料(OUT)'!AW13:AW16)) -> 0 | EL7: =IF($AN7="N","N",(EH7/ES7)*100) -> #DIV/0! | EM7: =IF($AN7="N","N",DT7+DY7+ED7+EI7) -> 0 | EN7: =IF($AN7="N","N",(EM7/($EM7+$EO7+$EQ7))*100) -> #DIV/0! | EO7: =IF($AN7="N","N",DU7+DZ7+EE7+EJ7) -> 0 | EP7: =IF($AN7="N","N",(EO7/($EM7+$EO7+$EQ7))*100) -> #DIV/0! | EQ7: =IF($AN7="N","N",DV7+EA7+EF7+EK7) -> 0 | ER7: =IF($AN7="N","N",(EQ7/($EM7+$EO7+$EQ7))*100) -> #DIV/0! | ES7: =IF($AN7="N","N",DS7+DX7+EC7+EH7) -> 0 | ET7: =IF($AN7="N","N",SUM(W7:W10)) -> 0 | EU7: =IF($AN7="N","N",SUM('調查資料(OUT)'!AX13:AX16)) -> 0 | EV7: =IF($AN7="N","N",SUM('調查資料(OUT)'!BB13:BB16)) -> 0 | EW7: =IF($AN7="N","N",SUM('調查資料(OUT)'!BF13:BF16)) -> 0 | EX7: =IF($AN7="N","N",(ET7/FT7)*100) -> #DIV/0! | EY7: =IF($AN7="N","N",SUM(X7:X10)) -> 0 | EZ7: =IF($AN7="N","N",SUM('調查資料(OUT)'!AY13:AY16)) -> 0 | FA7: =IF($AN7="N","N",SUM('調查資料(OUT)'!BC13:BC16)) -> 0 | FB7: =IF($AN7="N","N",SUM('調查資料(OUT)'!BG13:BG16)) -> 0 | FC7: =IF($AN7="N","N",(EY7/$FT7)*100) -> #DIV/0! | FD7: =IF($AN7="N","N",SUM(Y7:Y10)) -> 0 | FE7: =IF($AN7="N","N",SUM('調查資料(OUT)'!AZ13:AZ16)) -> 0 | FF7: =IF($AN7="N","N",SUM('調查資料(OUT)'!BD13:BD16)) -> 0 | FG7: =IF($AN7="N","N",SUM('調查資料(OUT)'!BH13:BH16)) -> 0 | FH7: =IF($AN7="N","N",(FD7/$FT7)*100) -> #DIV/0! | FI7: =IF($AN7="N","N",SUM(Z7:Z10)) -> 0 | FJ7: =IF($AN7="N","N",SUM('調查資料(OUT)'!BA13:BA16)) -> 0 | FK7: =IF($AN7="N","N",SUM('調查資料(OUT)'!BE13:BE16)) -> 0 | FL7: =IF($AN7="N","N",SUM('調查資料(OUT)'!BI13:BI16)) -> 0 | FM7: =IF($AN7="N","N",(FI7/FT7)*100) -> #DIV/0! | FN7: =IF($AN7="N","N",EU7+EZ7+FE7+FJ7) -> 0 | FO7: =IF($AN7="N","N",(FN7/($FN7+$FP7+$FR7))*100) -> #DIV/0! | FP7: =IF($AN7="N","N",EV7+FA7+FF7+FK7) -> 0 | FQ7: =IF($AN7="N","N",(FP7/($FN7+$FP7+$FR7))*100) -> #DIV/0! | FR7: =IF($AN7="N","N",EW7+FB7+FG7+FL7) -> 0 | FS7: =IF($AN7="N","N",(FR7/($FN7+$FP7+$FR7))*100) -> #DIV/0! | FT7: =IF($AN7="N","N",ET7+EY7+FD7+FI7) -> 0
A8: ='調查資料(OUT)'!A14 -> 45 | B8: =SUM(C8:F8) -> 0 | C8: =IFERROR('調查資料(OUT)'!$B$1*'調查資料(OUT)'!B14,0)+IFERROR('調查資料(OUT)'!$F$1*'調查資料(OUT)'!F14,0)+IFERROR('調查資料(OUT)'!$J$1*'調查資料(OUT)'!J14,0) -> 0 | D8: =IFERROR('調查資料(OUT)'!$C$1*'調查資料(OUT)'!C14,0)+IFERROR('調查資料(OUT)'!$G$1*'調查資料(OUT)'!G14,0)+IFERROR('調查資料(OUT)'!$K$1*'調查資料(OUT)'!K14,0) -> 0 | E8: =IFERROR('調查資料(OUT)'!$D$1*'調查資料(OUT)'!D14,0)+IFERROR('調查資料(OUT)'!$H$1*'調查資料(OUT)'!H14,0)+IFERROR('調查資料(OUT)'!$L$1*'調查資料(OUT)'!L14,0) -> 0 | F8: =IFERROR('調查資料(OUT)'!$E$1*'調查資料(OUT)'!E14,0)+IFERROR('調查資料(OUT)'!$I$1*'調查資料(OUT)'!I14,0)+IFERROR('調查資料(OUT)'!$M$1*'調查資料(OUT)'!M14,0) -> 0 | G8: =SUM(H8:K8) -> 0 | H8: =IFERROR('調查資料(OUT)'!$N$1*'調查資料(OUT)'!N14,0)+IFERROR('調查資料(OUT)'!$R$1*'調查資料(OUT)'!R14,0)+IFERROR('調查資料(OUT)'!$V$1*'調查資料(OUT)'!V14,0) -> 0 | I8: =IFERROR('調查資料(OUT)'!$O$1*'調查資料(OUT)'!O14,0)+IFERROR('調查資料(OUT)'!$S$1*'調查資料(OUT)'!S14,0)+IFERROR('調查資料(OUT)'!$W$1*'調查資料(OUT)'!W14,0) -> 0 | J8: =IFERROR('調查資料(OUT)'!$P$1*'調查資料(OUT)'!P14,0)+IFERROR('調查資料(OUT)'!$T$1*'調查資料(OUT)'!T14,0)+IFERROR('調查資料(OUT)'!$X$1*'調查資料(OUT)'!X14,0) -> 0 | K8: =IFERROR('調查資料(OUT)'!$Q$1*'調查資料(OUT)'!Q14,0)+IFERROR('調查資料(OUT)'!$U$1*'調查資料(OUT)'!U14,0)+IFERROR('調查資料(OUT)'!$Y$1*'調查資料(OUT)'!Y14,0) -> 0 | L8: =SUM(M8:P8) -> 0 | M8: =IFERROR('調查資料(OUT)'!$Z$1*'調查資料(OUT)'!Z14,0)+IFERROR('調查資料(OUT)'!$AD$1*'調查資料(OUT)'!AD14,0)+IFERROR('調查資料(OUT)'!$AH$1*'調查資料(OUT)'!AH14,0) -> 0 | N8: =IFERROR('調查資料(OUT)'!$AA$1*'調查資料(OUT)'!AA14,0)+IFERROR('調查資料(OUT)'!$AE$1*'調查資料(OUT)'!AE14,0)+IFERROR('調查資料(OUT)'!$AI$1*'調查資料(OUT)'!AI14,0) -> 0 | O8: =IFERROR('調查資料(OUT)'!$AB$1*'調查資料(OUT)'!AB14,0)+IFERROR('調查資料(OUT)'!$AF$1*'調查資料(OUT)'!AF14,0)+IFERROR('調查資料(OUT)'!$AJ$1*'調查資料(OUT)'!AJ14,0) -> 0 | P8: =IFERROR('調查資料(OUT)'!$AC$1*'調查資料(OUT)'!AC14,0)+IFERROR('調查資料(OUT)'!$AG$1*'調查資料(OUT)'!AG14,0)+IFERROR('調查資料(OUT)'!$AK$1*'調查資料(OUT)'!AK14,0) -> 0 | Q8: =SUM(R8:U8) -> 0 | R8: =IFERROR('調查資料(OUT)'!$AL$1*'調查資料(OUT)'!AL14,0)+IFERROR('調查資料(OUT)'!$AP$1*'調查資料(OUT)'!AP14,0)+IFERROR('調查資料(OUT)'!$AT$1*'調查資料(OUT)'!AT14,0) -> 0 | S8: =IFERROR('調查資料(OUT)'!$AM$1*'調查資料(OUT)'!AM14,0)+IFERROR('調查資料(OUT)'!$AQ$1*'調查資料(OUT)'!AQ14,0)+IFERROR('調查資料(OUT)'!$AU$1*'調查資料(OUT)'!AU14,0) -> 0 | T8: =IFERROR('調查資料(OUT)'!$AN$1*'調查資料(OUT)'!AN14,0)+IFERROR('調查資料(OUT)'!$AR$1*'調查資料(OUT)'!AR14,0)+IFERROR('調查資料(OUT)'!$AV$1*'調查資料(OUT)'!AV14,0) -> 0 | U8: =IFERROR('調查資料(OUT)'!$AO$1*'調查資料(OUT)'!AO14,0)+IFERROR('調查資料(OUT)'!$AS$1*'調查資料(OUT)'!AS14,0)+IFERROR('調查資料(OUT)'!$AW$1*'調查資料(OUT)'!AW14,0) -> 0 | V8: =SUM(W8:Z8) -> 0 | W8: =IFERROR('調查資料(OUT)'!$AX$1*'調查資料(OUT)'!AX14,0)+IFERROR('調查資料(OUT)'!$BB$1*'調查資料(OUT)'!BB14,0)+IFERROR('調查資料(OUT)'!$BF$1*'調查資料(OUT)'!BF14,0) -> 0 | X8: =IFERROR('調查資料(OUT)'!$AY$1*'調查資料(OUT)'!AY14,0)+IFERROR('調查資料(OUT)'!$BC$1*'調查資料(OUT)'!BC14,0)+IFERROR('調查資料(OUT)'!$BG$1*'調查資料(OUT)'!BG14,0) -> 0 | Y8: =IFERROR('調查資料(OUT)'!$AZ$1*'調查資料(OUT)'!AZ14,0)+IFERROR('調查資料(OUT)'!$BD$1*'調查資料(OUT)'!BD14,0)+IFERROR('調查資料(OUT)'!$BH$1*'調查資料(OUT)'!BH14,0) -> 0 | Z8: =IFERROR('調查資料(OUT)'!$BA$1*'調查資料(OUT)'!BA14,0)+IFERROR('調查資料(OUT)'!$BE$1*'調查資料(OUT)'!BE14,0)+IFERROR('調查資料(OUT)'!$BI$1*'調查資料(OUT)'!BI14,0) -> 0 | AA8: =B8+G8+L8+Q8+V8 -> 0 | AC8: ='調查資料(OUT)'!A14 -> 45 | AD8: =AC8+100 -> 145 | AE8: =SUM(AA8:AA11) -> 0 | AG8: =IF($AE8=$AF$5,MAX(AA8:AA11),0) -> 0 | AH8: =IF($AE8=AF$5,SUM(B8:B11)/(4*(MAX(B8:B11))),0) -> #DIV/0! | AI8: =IF($AE8=AF$5,SUM(G8:G11)/(4*(MAX(G8:G11))),0) -> #DIV/0! | AJ8: =IF($AE8=AF$5,SUM(L8:L11)/(4*(MAX(L8:L11))),0) -> #DIV/0! | AK8: =IF($AE8=AF$5,SUM(Q8:Q11)/(4*(MAX(Q8:Q11))),0) -> #DIV/0! | AL8: =IF($AE8=AF$5,SUM(V8:V11)/(4*(MAX(V8:V11))),0) -> #DIV/0! | AN8: =IF(AE8=AF$5,$AC8,"N") -> 45 | AO8: =IF(AE8=AF$5,$AD8,"N") -> 145 | AP8: =IF($AN8="N","N",SUM(C8:C11)) -> 0 | AQ8: =IF($AN8="N","N",SUM('調查資料(OUT)'!B14:B17)) -> 0 | AR8: =IF($AN8="N","N",SUM('調查資料(OUT)'!F14:F17)) -> 0 | AS8: =IF($AN8="N","N",SUM('調查資料(OUT)'!J14:J17)) -> 0 | AT8: =IF($AN8="N","N",(AP8/$BP8)*100) -> #DIV/0! | AU8: =IF($AN8="N","N",SUM(D8:D11)) -> 0 | AV8: =IF($AN8="N","N",SUM('調查資料(OUT)'!C14:C17)) -> 0 | AW8: =IF($AN8="N","N",SUM('調查資料(OUT)'!G14:G17)) -> 0 | AX8: =IF($AN8="N","N",SUM('調查資料(OUT)'!K14:K17)) -> 0 | AY8: =IF($AN8="N","N",(AU8/$BP8)*100) -> #DIV/0! | AZ8: =IF($AN8="N","N",SUM(E8:E11)) -> 0 | BA8: =IF($AN8="N","N",SUM('調查資料(OUT)'!D14:D17)) -> 0 | BB8: =IF($AN8="N","N",SUM('調查資料(OUT)'!H14:H17)) -> 0 | BC8: =IF($AN8="N","N",SUM('調查資料(OUT)'!L14:L17)) -> 0 | BD8: =IF($AN8="N","N",(AZ8/$BP8)*100) -> #DIV/0! | BE8: =IF($AN8="N","N",SUM(F8:F11)) -> 0 | BF8: =IF($AN8="N","N",SUM('調查資料(OUT)'!E14:E17)) -> 0 | BG8: =IF($AN8="N","N",SUM('調查資料(OUT)'!I14:I17)) -> 0 | BH8: =IF($AN8="N","N",SUM('調查資料(OUT)'!M14:M17)) -> 0 | BI8: =IF($AN8="N","N",(BE8/$BP8)*100) -> #DIV/0! | BJ8: =IF($AN8="N","N",AQ8+AV8+BA8+BF8) -> 0 | BK8: =IF($AN8="N","N",(BJ8/($BJ8+$BL8+$BN8))*100) -> #DIV/0! | BL8: =IF($AN8="N","N",AR8+AW8+BB8+BG8) -> 0 | BM8: =IF($AN8="N","N",(BL8/($BJ8+$BL8+$BN8))*100) -> #DIV/0! | BN8: =IF($AN8="N","N",AS8+AX8+BC8+BH8) -> 0 | BO8: =IF($AN8="N","N",(BN8/($BJ8+$BL8+$BN8))*100) -> #DIV/0! | BP8: =IF($AN8="N","N",AP8+AU8+AZ8+BE8) -> 0 | BQ8: =IF($AN8="N","N",SUM(H8:H11)) -> 0 | BR8: =IF($AN8="N","N",SUM('調查資料(OUT)'!N14:N17)) -> 0 | BS8: =IF($AN8="N","N",SUM('調查資料(OUT)'!R14:R17)) -> 0 | BT8: =IF($AN8="N","N",SUM('調查資料(OUT)'!V14:V17)) -> 0 | BU8: =IF($AN8="N","N",(BQ8/CQ8)*100) -> #DIV/0! | BV8: =IF($AN8="N","N",SUM(I8:I11)) -> 0 | BW8: =IF($AN8="N","N",SUM('調查資料(OUT)'!O14:O17)) -> 0 | BX8: =IF($AN8="N","N",SUM('調查資料(OUT)'!S14:S17)) -> 0 | BY8: =IF($AN8="N","N",SUM('調查資料(OUT)'!W14:W17)) -> 0 | BZ8: =IF($AN8="N","N",(BV8/$CQ8)*100) -> #DIV/0! | CA8: =IF($AN8="N","N",SUM(J8:J11)) -> 0 | CB8: =IF($AN8="N","N",SUM('調查資料(OUT)'!P14:P17)) -> 0 | CC8: =IF($AN8="N","N",SUM('調查資料(OUT)'!T14:T17)) -> 0 | CD8: =IF($AN8="N","N",SUM('調查資料(OUT)'!X14:X17)) -> 0 | CE8: =IF($AN8="N","N",(CA8/$CQ8)*100) -> #DIV/0! | CF8: =IF($AN8="N","N",SUM(K8:K11)) -> 0 | CG8: =IF($AN8="N","N",SUM('調查資料(OUT)'!Q14:Q17)) -> 0 | CH8: =IF($AN8="N","N",SUM('調查資料(OUT)'!U14:U17)) -> 0 | CI8: =IF($AN8="N","N",SUM('調查資料(OUT)'!Y14:Y17)) -> 0 | CJ8: =IF($AN8="N","N",(CF8/CQ8)*100) -> #DIV/0! | CK8: =IF($AN8="N","N",BR8+BW8+CB8+CG8) -> 0 | CL8: =IF($AN8="N","N",(CK8/($CK8+$CM8+$CO8))*100) -> #DIV/0! | CM8: =IF($AN8="N","N",BS8+BX8+CC8+CH8) -> 0 | CN8: =IF($AN8="N","N",(CM8/($CK8+$CM8+$CO8))*100) -> #DIV/0! | CO8: =IF($AN8="N","N",BT8+BY8+CD8+CI8) -> 0 | CP8: =IF($AN8="N","N",(CO8/($CK8+$CM8+$CO8))*100) -> #DIV/0! | CQ8: =IF($AN8="N","N",BQ8+BV8+CA8+CF8) -> 0 | CR8: =IF($AN8="N","N",SUM(M8:M11)) -> 0 | CS8: =IF($AN8="N","N",SUM('調查資料(OUT)'!Z14:Z17)) -> 0 | CT8: =IF($AN8="N","N",SUM('調查資料(OUT)'!AD14:AD17)) -> 0 | CU8: =IF($AN8="N","N",SUM('調查資料(OUT)'!AH14:AH17)) -> 0 | CV8: =IF($AN8="N","N",(CR8/DR8)*100) -> #DIV/0! | CW8: =IF($AN8="N","N",SUM(N8:N11)) -> 0 | CX8: =IF($AN8="N","N",SUM('調查資料(OUT)'!AA14:AA17)) -> 0 | CY8: =IF($AN8="N","N",SUM('調查資料(OUT)'!AE14:AE17)) -> 0 | CZ8: =IF($AN8="N","N",SUM('調查資料(OUT)'!AI14:AI17)) -> 0 | DA8: =IF($AN8="N","N",(CW8/$DR8)*100) -> #DIV/0! | DB8: =IF($AN8="N","N",SUM(O8:O11)) -> 0 | DC8: =IF($AN8="N","N",SUM('調查資料(OUT)'!AB14:AB17)) -> 0 | DD8: =IF($AN8="N","N",SUM('調查資料(OUT)'!AF14:AF17)) -> 0 | DE8: =IF($AN8="N","N",SUM('調查資料(OUT)'!AJ14:AJ17)) -> 0 | DF8: =IF($AN8="N","N",(DB8/$DR8)*100) -> #DIV/0! | DG8: =IF($AN8="N","N",SUM(P8:P11)) -> 0 | DH8: =IF($AN8="N","N",SUM('調查資料(OUT)'!AC14:AC17)) -> 0 | DI8: =IF($AN8="N","N",SUM('調查資料(OUT)'!AG14:AG17)) -> 0 | DJ8: =IF($AN8="N","N",SUM('調查資料(OUT)'!AK14:AK17)) -> 0 | DK8: =IF($AN8="N","N",(DG8/DR8)*100) -> #DIV/0! | DL8: =IF($AN8="N","N",CS8+CX8+DC8+DH8) -> 0 | DM8: =IF($AN8="N","N",(DL8/($DL8+$DN8+$DP8))*100) -> #DIV/0! | DN8: =IF($AN8="N","N",CT8+CY8+DD8+DI8) -> 0 | DO8: =IF($AN8="N","N",(DN8/($DL8+$DN8+$DP8))*100) -> #DIV/0! | DP8: =IF($AN8="N","N",CU8+CZ8+DE8+DJ8) -> 0 | DQ8: =IF($AN8="N","N",(DP8/($DL8+$DN8+$DP8))*100) -> #DIV/0! | DR8: =IF($AN8="N","N",CR8+CW8+DB8+DG8) -> 0 | DS8: =IF($AN8="N","N",SUM(R8:R11)) -> 0 | DT8: =IF($AN8="N","N",SUM('調查資料(OUT)'!AL14:AL17)) -> 0 | DU8: =IF($AN8="N","N",SUM('調查資料(OUT)'!AP14:AP17)) -> 0 | DV8: =IF($AN8="N","N",SUM('調查資料(OUT)'!AT14:AT17)) -> 0 | DW8: =IF($AN8="N","N",(DS8/ES8)*100) -> #DIV/0! | DX8: =IF($AN8="N","N",SUM(S8:S11)) -> 0 | DY8: =IF($AN8="N","N",SUM('調查資料(OUT)'!AM14:AM17)) -> 0 | DZ8: =IF($AN8="N","N",SUM('調查資料(OUT)'!AQ14:AQ17)) -> 0 | EA8: =IF($AN8="N","N",SUM('調查資料(OUT)'!AU14:AU17)) -> 0 | EB8: =IF($AN8="N","N",(DX8/$ES8)*100) -> #DIV/0! | EC8: =IF($AN8="N","N",SUM(T8:T11)) -> 0 | ED8: =IF($AN8="N","N",SUM('調查資料(OUT)'!AN14:AN17)) -> 0 | EE8: =IF($AN8="N","N",SUM('調查資料(OUT)'!AR14:AR17)) -> 0 | EF8: =IF($AN8="N","N",SUM('調查資料(OUT)'!AV14:AV17)) -> 0 | EG8: =IF($AN8="N","N",(EC8/$ES8)*100) -> #DIV/0! | EH8: =IF($AN8="N","N",SUM(U8:U11)) -> 0 | EI8: =IF($AN8="N","N",SUM('調查資料(OUT)'!AO14:AO17)) -> 0 | EJ8: =IF($AN8="N","N",SUM('調查資料(OUT)'!AS14:AS17)) -> 0 | EK8: =IF($AN8="N","N",SUM('調查資料(OUT)'!AW14:AW17)) -> 0 | EL8: =IF($AN8="N","N",(EH8/ES8)*100) -> #DIV/0! | EM8: =IF($AN8="N","N",DT8+DY8+ED8+EI8) -> 0 | EN8: =IF($AN8="N","N",(EM8/($EM8+$EO8+$EQ8))*100) -> #DIV/0! | EO8: =IF($AN8="N","N",DU8+DZ8+EE8+EJ8) -> 0 | EP8: =IF($AN8="N","N",(EO8/($EM8+$EO8+$EQ8))*100) -> #DIV/0! | EQ8: =IF($AN8="N","N",DV8+EA8+EF8+EK8) -> 0 | ER8: =IF($AN8="N","N",(EQ8/($EM8+$EO8+$EQ8))*100) -> #DIV/0! | ES8: =IF($AN8="N","N",DS8+DX8+EC8+EH8) -> 0 | ET8: =IF($AN8="N","N",SUM(W8:W11)) -> 0 | EU8: =IF($AN8="N","N",SUM('調查資料(OUT)'!AX14:AX17)) -> 0 | EV8: =IF($AN8="N","N",SUM('調查資料(OUT)'!BB14:BB17)) -> 0 | EW8: =IF($AN8="N","N",SUM('調查資料(OUT)'!BF14:BF17)) -> 0 | EX8: =IF($AN8="N","N",(ET8/FT8)*100) -> #DIV/0! | EY8: =IF($AN8="N","N",SUM(X8:X11)) -> 0 | EZ8: =IF($AN8="N","N",SUM('調查資料(OUT)'!AY14:AY17)) -> 0 | FA8: =IF($AN8="N","N",SUM('調查資料(OUT)'!BC14:BC17)) -> 0 | FB8: =IF($AN8="N","N",SUM('調查資料(OUT)'!BG14:BG17)) -> 0 | FC8: =IF($AN8="N","N",(EY8/$FT8)*100) -> #DIV/0! | FD8: =IF($AN8="N","N",SUM(Y8:Y11)) -> 0 | FE8: =IF($AN8="N","N",SUM('調查資料(OUT)'!AZ14:AZ17)) -> 0 | FF8: =IF($AN8="N","N",SUM('調查資料(OUT)'!BD14:BD17)) -> 0 | FG8: =IF($AN8="N","N",SUM('調查資料(OUT)'!BH14:BH17)) -> 0 | FH8: =IF($AN8="N","N",(FD8/$FT8)*100) -> #DIV/0! | FI8: =IF($AN8="N","N",SUM(Z8:Z11)) -> 0 | FJ8: =IF($AN8="N","N",SUM('調查資料(OUT)'!BA14:BA17)) -> 0 | FK8: =IF($AN8="N","N",SUM('調查資料(OUT)'!BE14:BE17)) -> 0 | FL8: =IF($AN8="N","N",SUM('調查資料(OUT)'!BI14:BI17)) -> 0 | FM8: =IF($AN8="N","N",(FI8/FT8)*100) -> #DIV/0! | FN8: =IF($AN8="N","N",EU8+EZ8+FE8+FJ8) -> 0 | FO8: =IF($AN8="N","N",(FN8/($FN8+$FP8+$FR8))*100) -> #DIV/0! | FP8: =IF($AN8="N","N",EV8+FA8+FF8+FK8) -> 0 | FQ8: =IF($AN8="N","N",(FP8/($FN8+$FP8+$FR8))*100) -> #DIV/0! | FR8: =IF($AN8="N","N",EW8+FB8+FG8+FL8) -> 0 | FS8: =IF($AN8="N","N",(FR8/($FN8+$FP8+$FR8))*100) -> #DIV/0! | FT8: =IF($AN8="N","N",ET8+EY8+FD8+FI8) -> 0
A9: ='調查資料(OUT)'!A15 -> 100 | B9: =SUM(C9:F9) -> 0 | C9: =IFERROR('調查資料(OUT)'!$B$1*'調查資料(OUT)'!B15,0)+IFERROR('調查資料(OUT)'!$F$1*'調查資料(OUT)'!F15,0)+IFERROR('調查資料(OUT)'!$J$1*'調查資料(OUT)'!J15,0) -> 0 | D9: =IFERROR('調查資料(OUT)'!$C$1*'調查資料(OUT)'!C15,0)+IFERROR('調查資料(OUT)'!$G$1*'調查資料(OUT)'!G15,0)+IFERROR('調查資料(OUT)'!$K$1*'調查資料(OUT)'!K15,0) -> 0 | E9: =IFERROR('調查資料(OUT)'!$D$1*'調查資料(OUT)'!D15,0)+IFERROR('調查資料(OUT)'!$H$1*'調查資料(OUT)'!H15,0)+IFERROR('調查資料(OUT)'!$L$1*'調查資料(OUT)'!L15,0) -> 0 | F9: =IFERROR('調查資料(OUT)'!$E$1*'調查資料(OUT)'!E15,0)+IFERROR('調查資料(OUT)'!$I$1*'調查資料(OUT)'!I15,0)+IFERROR('調查資料(OUT)'!$M$1*'調查資料(OUT)'!M15,0) -> 0 | G9: =SUM(H9:K9) -> 0 | H9: =IFERROR('調查資料(OUT)'!$N$1*'調查資料(OUT)'!N15,0)+IFERROR('調查資料(OUT)'!$R$1*'調查資料(OUT)'!R15,0)+IFERROR('調查資料(OUT)'!$V$1*'調查資料(OUT)'!V15,0) -> 0 | I9: =IFERROR('調查資料(OUT)'!$O$1*'調查資料(OUT)'!O15,0)+IFERROR('調查資料(OUT)'!$S$1*'調查資料(OUT)'!S15,0)+IFERROR('調查資料(OUT)'!$W$1*'調查資料(OUT)'!W15,0) -> 0 | J9: =IFERROR('調查資料(OUT)'!$P$1*'調查資料(OUT)'!P15,0)+IFERROR('調查資料(OUT)'!$T$1*'調查資料(OUT)'!T15,0)+IFERROR('調查資料(OUT)'!$X$1*'調查資料(OUT)'!X15,0) -> 0 | K9: =IFERROR('調查資料(OUT)'!$Q$1*'調查資料(OUT)'!Q15,0)+IFERROR('調查資料(OUT)'!$U$1*'調查資料(OUT)'!U15,0)+IFERROR('調查資料(OUT)'!$Y$1*'調查資料(OUT)'!Y15,0) -> 0 | L9: =SUM(M9:P9) -> 0 | M9: =IFERROR('調查資料(OUT)'!$Z$1*'調查資料(OUT)'!Z15,0)+IFERROR('調查資料(OUT)'!$AD$1*'調查資料(OUT)'!AD15,0)+IFERROR('調查資料(OUT)'!$AH$1*'調查資料(OUT)'!AH15,0) -> 0 | N9: =IFERROR('調查資料(OUT)'!$AA$1*'調查資料(OUT)'!AA15,0)+IFERROR('調查資料(OUT)'!$AE$1*'調查資料(OUT)'!AE15,0)+IFERROR('調查資料(OUT)'!$AI$1*'調查資料(OUT)'!AI15,0) -> 0 | O9: =IFERROR('調查資料(OUT)'!$AB$1*'調查資料(OUT)'!AB15,0)+IFERROR('調查資料(OUT)'!$AF$1*'調查資料(OUT)'!AF15,0)+IFERROR('調查資料(OUT)'!$AJ$1*'調查資料(OUT)'!AJ15,0) -> 0 | P9: =IFERROR('調查資料(OUT)'!$AC$1*'調查資料(OUT)'!AC15,0)+IFERROR('調查資料(OUT)'!$AG$1*'調查資料(OUT)'!AG15,0)+IFERROR('調查資料(OUT)'!$AK$1*'調查資料(OUT)'!AK15,0) -> 0 | Q9: =SUM(R9:U9) -> 0 | R9: =IFERROR('調查資料(OUT)'!$AL$1*'調查資料(OUT)'!AL15,0)+IFERROR('調查資料(OUT)'!$AP$1*'調查資料(OUT)'!AP15,0)+IFERROR('調查資料(OUT)'!$AT$1*'調查資料(OUT)'!AT15,0) -> 0 | S9: =IFERROR('調查資料(OUT)'!$AM$1*'調查資料(OUT)'!AM15,0)+IFERROR('調查資料(OUT)'!$AQ$1*'調查資料(OUT)'!AQ15,0)+IFERROR('調查資料(OUT)'!$AU$1*'調查資料(OUT)'!AU15,0) -> 0 | T9: =IFERROR('調查資料(OUT)'!$AN$1*'調查資料(OUT)'!AN15,0)+IFERROR('調查資料(OUT)'!$AR$1*'調查資料(OUT)'!AR15,0)+IFERROR('調查資料(OUT)'!$AV$1*'調查資料(OUT)'!AV15,0) -> 0 | U9: =IFERROR('調查資料(OUT)'!$AO$1*'調查資料(OUT)'!AO15,0)+IFERROR('調查資料(OUT)'!$AS$1*'調查資料(OUT)'!AS15,0)+IFERROR('調查資料(OUT)'!$AW$1*'調查資料(OUT)'!AW15,0) -> 0 | V9: =SUM(W9:Z9) -> 0 | W9: =IFERROR('調查資料(OUT)'!$AX$1*'調查資料(OUT)'!AX15,0)+IFERROR('調查資料(OUT)'!$BB$1*'調查資料(OUT)'!BB15,0)+IFERROR('調查資料(OUT)'!$BF$1*'調查資料(OUT)'!BF15,0) -> 0 | X9: =IFERROR('調查資料(OUT)'!$AY$1*'調查資料(OUT)'!AY15,0)+IFERROR('調查資料(OUT)'!$BC$1*'調查資料(OUT)'!BC15,0)+IFERROR('調查資料(OUT)'!$BG$1*'調查資料(OUT)'!BG15,0) -> 0 | Y9: =IFERROR('調查資料(OUT)'!$AZ$1*'調查資料(OUT)'!AZ15,0)+IFERROR('調查資料(OUT)'!$BD$1*'調查資料(OUT)'!BD15,0)+IFERROR('調查資料(OUT)'!$BH$1*'調查資料(OUT)'!BH15,0) -> 0 | Z9: =IFERROR('調查資料(OUT)'!$BA$1*'調查資料(OUT)'!BA15,0)+IFERROR('調查資料(OUT)'!$BE$1*'調查資料(OUT)'!BE15,0)+IFERROR('調查資料(OUT)'!$BI$1*'調查資料(OUT)'!BI15,0) -> 0 | AA9: =B9+G9+L9+Q9+V9 -> 0 | AC9: ='調查資料(OUT)'!A15 -> 100 | AD9: =AC9+100 -> 200 | AE9: =SUM(AA9:AA12) -> 0 | AG9: =IF($AE9=$AF$5,MAX(AA9:AA12),0) -> 0 | AH9: =IF($AE9=AF$5,SUM(B9:B12)/(4*(MAX(B9:B12))),0) -> #DIV/0! | AI9: =IF($AE9=AF$5,SUM(G9:G12)/(4*(MAX(G9:G12))),0) -> #DIV/0! | AJ9: =IF($AE9=AF$5,SUM(L9:L12)/(4*(MAX(L9:L12))),0) -> #DIV/0! | AK9: =IF($AE9=AF$5,SUM(Q9:Q12)/(4*(MAX(Q9:Q12))),0) -> #DIV/0! | AL9: =IF($AE9=AF$5,SUM(V9:V12)/(4*(MAX(V9:V12))),0) -> #DIV/0! | AN9: =IF(AE9=AF$5,$AC9,"N") -> 100 | AO9: =IF(AE9=AF$5,$AD9,"N") -> 200 | AP9: =IF($AN9="N","N",SUM(C9:C12)) -> 0 | AQ9: =IF($AN9="N","N",SUM('調查資料(OUT)'!B15:B18)) -> 0 | AR9: =IF($AN9="N","N",SUM('調查資料(OUT)'!F15:F18)) -> 0 | AS9: =IF($AN9="N","N",SUM('調查資料(OUT)'!J15:J18)) -> 0 | AT9: =IF($AN9="N","N",(AP9/$BP9)*100) -> #DIV/0! | AU9: =IF($AN9="N","N",SUM(D9:D12)) -> 0 | AV9: =IF($AN9="N","N",SUM('調查資料(OUT)'!C15:C18)) -> 0 | AW9: =IF($AN9="N","N",SUM('調查資料(OUT)'!G15:G18)) -> 0 | AX9: =IF($AN9="N","N",SUM('調查資料(OUT)'!K15:K18)) -> 0 | AY9: =IF($AN9="N","N",(AU9/$BP9)*100) -> #DIV/0! | AZ9: =IF($AN9="N","N",SUM(E9:E12)) -> 0 | BA9: =IF($AN9="N","N",SUM('調查資料(OUT)'!D15:D18)) -> 0 | BB9: =IF($AN9="N","N",SUM('調查資料(OUT)'!H15:H18)) -> 0 | BC9: =IF($AN9="N","N",SUM('調查資料(OUT)'!L15:L18)) -> 0 | BD9: =IF($AN9="N","N",(AZ9/$BP9)*100) -> #DIV/0! | BE9: =IF($AN9="N","N",SUM(F9:F12)) -> 0 | BF9: =IF($AN9="N","N",SUM('調查資料(OUT)'!E15:E18)) -> 0 | BG9: =IF($AN9="N","N",SUM('調查資料(OUT)'!I15:I18)) -> 0 | BH9: =IF($AN9="N","N",SUM('調查資料(OUT)'!M15:M18)) -> 0 | BI9: =IF($AN9="N","N",(BE9/$BP9)*100) -> #DIV/0! | BJ9: =IF($AN9="N","N",AQ9+AV9+BA9+BF9) -> 0 | BK9: =IF($AN9="N","N",(BJ9/($BJ9+$BL9+$BN9))*100) -> #DIV/0! | BL9: =IF($AN9="N","N",AR9+AW9+BB9+BG9) -> 0 | BM9: =IF($AN9="N","N",(BL9/($BJ9+$BL9+$BN9))*100) -> #DIV/0! | BN9: =IF($AN9="N","N",AS9+AX9+BC9+BH9) -> 0 | BO9: =IF($AN9="N","N",(BN9/($BJ9+$BL9+$BN9))*100) -> #DIV/0! | BP9: =IF($AN9="N","N",AP9+AU9+AZ9+BE9) -> 0 | BQ9: =IF($AN9="N","N",SUM(H9:H12)) -> 0 | BR9: =IF($AN9="N","N",SUM('調查資料(OUT)'!N15:N18)) -> 0 | BS9: =IF($AN9="N","N",SUM('調查資料(OUT)'!R15:R18)) -> 0 | BT9: =IF($AN9="N","N",SUM('調查資料(OUT)'!V15:V18)) -> 0 | BU9: =IF($AN9="N","N",(BQ9/CQ9)*100) -> #DIV/0! | BV9: =IF($AN9="N","N",SUM(I9:I12)) -> 0 | BW9: =IF($AN9="N","N",SUM('調查資料(OUT)'!O15:O18)) -> 0 | BX9: =IF($AN9="N","N",SUM('調查資料(OUT)'!S15:S18)) -> 0 | BY9: =IF($AN9="N","N",SUM('調查資料(OUT)'!W15:W18)) -> 0 | BZ9: =IF($AN9="N","N",(BV9/$CQ9)*100) -> #DIV/0! | CA9: =IF($AN9="N","N",SUM(J9:J12)) -> 0 | CB9: =IF($AN9="N","N",SUM('調查資料(OUT)'!P15:P18)) -> 0 | CC9: =IF($AN9="N","N",SUM('調查資料(OUT)'!T15:T18)) -> 0 | CD9: =IF($AN9="N","N",SUM('調查資料(OUT)'!X15:X18)) -> 0 | CE9: =IF($AN9="N","N",(CA9/$CQ9)*100) -> #DIV/0! | CF9: =IF($AN9="N","N",SUM(K9:K12)) -> 0 | CG9: =IF($AN9="N","N",SUM('調查資料(OUT)'!Q15:Q18)) -> 0 | CH9: =IF($AN9="N","N",SUM('調查資料(OUT)'!U15:U18)) -> 0 | CI9: =IF($AN9="N","N",SUM('調查資料(OUT)'!Y15:Y18)) -> 0 | CJ9: =IF($AN9="N","N",(CF9/CQ9)*100) -> #DIV/0! | CK9: =IF($AN9="N","N",BR9+BW9+CB9+CG9) -> 0 | CL9: =IF($AN9="N","N",(CK9/($CK9+$CM9+$CO9))*100) -> #DIV/0! | CM9: =IF($AN9="N","N",BS9+BX9+CC9+CH9) -> 0 | CN9: =IF($AN9="N","N",(CM9/($CK9+$CM9+$CO9))*100) -> #DIV/0! | CO9: =IF($AN9="N","N",BT9+BY9+CD9+CI9) -> 0 | CP9: =IF($AN9="N","N",(CO9/($CK9+$CM9+$CO9))*100) -> #DIV/0! | CQ9: =IF($AN9="N","N",BQ9+BV9+CA9+CF9) -> 0 | CR9: =IF($AN9="N","N",SUM(M9:M12)) -> 0 | CS9: =IF($AN9="N","N",SUM('調查資料(OUT)'!Z15:Z18)) -> 0 | CT9: =IF($AN9="N","N",SUM('調查資料(OUT)'!AD15:AD18)) -> 0 | CU9: =IF($AN9="N","N",SUM('調查資料(OUT)'!AH15:AH18)) -> 0 | CV9: =IF($AN9="N","N",(CR9/DR9)*100) -> #DIV/0! | CW9: =IF($AN9="N","N",SUM(N9:N12)) -> 0 | CX9: =IF($AN9="N","N",SUM('調查資料(OUT)'!AA15:AA18)) -> 0 | CY9: =IF($AN9="N","N",SUM('調查資料(OUT)'!AE15:AE18)) -> 0 | CZ9: =IF($AN9="N","N",SUM('調查資料(OUT)'!AI15:AI18)) -> 0 | DA9: =IF($AN9="N","N",(CW9/$DR9)*100) -> #DIV/0! | DB9: =IF($AN9="N","N",SUM(O9:O12)) -> 0 | DC9: =IF($AN9="N","N",SUM('調查資料(OUT)'!AB15:AB18)) -> 0 | DD9: =IF($AN9="N","N",SUM('調查資料(OUT)'!AF15:AF18)) -> 0 | DE9: =IF($AN9="N","N",SUM('調查資料(OUT)'!AJ15:AJ18)) -> 0 | DF9: =IF($AN9="N","N",(DB9/$DR9)*100) -> #DIV/0! | DG9: =IF($AN9="N","N",SUM(P9:P12)) -> 0 | DH9: =IF($AN9="N","N",SUM('調查資料(OUT)'!AC15:AC18)) -> 0 | DI9: =IF($AN9="N","N",SUM('調查資料(OUT)'!AG15:AG18)) -> 0 | DJ9: =IF($AN9="N","N",SUM('調查資料(OUT)'!AK15:AK18)) -> 0 | DK9: =IF($AN9="N","N",(DG9/DR9)*100) -> #DIV/0! | DL9: =IF($AN9="N","N",CS9+CX9+DC9+DH9) -> 0 | DM9: =IF($AN9="N","N",(DL9/($DL9+$DN9+$DP9))*100) -> #DIV/0! | DN9: =IF($AN9="N","N",CT9+CY9+DD9+DI9) -> 0 | DO9: =IF($AN9="N","N",(DN9/($DL9+$DN9+$DP9))*100) -> #DIV/0! | DP9: =IF($AN9="N","N",CU9+CZ9+DE9+DJ9) -> 0 | DQ9: =IF($AN9="N","N",(DP9/($DL9+$DN9+$DP9))*100) -> #DIV/0! | DR9: =IF($AN9="N","N",CR9+CW9+DB9+DG9) -> 0 | DS9: =IF($AN9="N","N",SUM(R9:R12)) -> 0 | DT9: =IF($AN9="N","N",SUM('調查資料(OUT)'!AL15:AL18)) -> 0 | DU9: =IF($AN9="N","N",SUM('調查資料(OUT)'!AP15:AP18)) -> 0 | DV9: =IF($AN9="N","N",SUM('調查資料(OUT)'!AT15:AT18)) -> 0 | DW9: =IF($AN9="N","N",(DS9/ES9)*100) -> #DIV/0! | DX9: =IF($AN9="N","N",SUM(S9:S12)) -> 0 | DY9: =IF($AN9="N","N",SUM('調查資料(OUT)'!AM15:AM18)) -> 0 | DZ9: =IF($AN9="N","N",SUM('調查資料(OUT)'!AQ15:AQ18)) -> 0 | EA9: =IF($AN9="N","N",SUM('調查資料(OUT)'!AU15:AU18)) -> 0 | EB9: =IF($AN9="N","N",(DX9/$ES9)*100) -> #DIV/0! | EC9: =IF($AN9="N","N",SUM(T9:T12)) -> 0 | ED9: =IF($AN9="N","N",SUM('調查資料(OUT)'!AN15:AN18)) -> 0 | EE9: =IF($AN9="N","N",SUM('調查資料(OUT)'!AR15:AR18)) -> 0 | EF9: =IF($AN9="N","N",SUM('調查資料(OUT)'!AV15:AV18)) -> 0 | EG9: =IF($AN9="N","N",(EC9/$ES9)*100) -> #DIV/0! | EH9: =IF($AN9="N","N",SUM(U9:U12)) -> 0 | EI9: =IF($AN9="N","N",SUM('調查資料(OUT)'!AO15:AO18)) -> 0 | EJ9: =IF($AN9="N","N",SUM('調查資料(OUT)'!AS15:AS18)) -> 0 | EK9: =IF($AN9="N","N",SUM('調查資料(OUT)'!AW15:AW18)) -> 0 | EL9: =IF($AN9="N","N",(EH9/ES9)*100) -> #DIV/0! | EM9: =IF($AN9="N","N",DT9+DY9+ED9+EI9) -> 0 | EN9: =IF($AN9="N","N",(EM9/($EM9+$EO9+$EQ9))*100) -> #DIV/0! | EO9: =IF($AN9="N","N",DU9+DZ9+EE9+EJ9) -> 0 | EP9: =IF($AN9="N","N",(EO9/($EM9+$EO9+$EQ9))*100) -> #DIV/0! | EQ9: =IF($AN9="N","N",DV9+EA9+EF9+EK9) -> 0 | ER9: =IF($AN9="N","N",(EQ9/($EM9+$EO9+$EQ9))*100) -> #DIV/0! | ES9: =IF($AN9="N","N",DS9+DX9+EC9+EH9) -> 0 | ET9: =IF($AN9="N","N",SUM(W9:W12)) -> 0 | EU9: =IF($AN9="N","N",SUM('調查資料(OUT)'!AX15:AX18)) -> 0 | EV9: =IF($AN9="N","N",SUM('調查資料(OUT)'!BB15:BB18)) -> 0 | EW9: =IF($AN9="N","N",SUM('調查資料(OUT)'!BF15:BF18)) -> 0 | EX9: =IF($AN9="N","N",(ET9/FT9)*100) -> #DIV/0! | EY9: =IF($AN9="N","N",SUM(X9:X12)) -> 0 | EZ9: =IF($AN9="N","N",SUM('調查資料(OUT)'!AY15:AY18)) -> 0 | FA9: =IF($AN9="N","N",SUM('調查資料(OUT)'!BC15:BC18)) -> 0 | FB9: =IF($AN9="N","N",SUM('調查資料(OUT)'!BG15:BG18)) -> 0 | FC9: =IF($AN9="N","N",(EY9/$FT9)*100) -> #DIV/0! | FD9: =IF($AN9="N","N",SUM(Y9:Y12)) -> 0 | FE9: =IF($AN9="N","N",SUM('調查資料(OUT)'!AZ15:AZ18)) -> 0 | FF9: =IF($AN9="N","N",SUM('調查資料(OUT)'!BD15:BD18)) -> 0 | FG9: =IF($AN9="N","N",SUM('調查資料(OUT)'!BH15:BH18)) -> 0 | FH9: =IF($AN9="N","N",(FD9/$FT9)*100) -> #DIV/0! | FI9: =IF($AN9="N","N",SUM(Z9:Z12)) -> 0 | FJ9: =IF($AN9="N","N",SUM('調查資料(OUT)'!BA15:BA18)) -> 0 | FK9: =IF($AN9="N","N",SUM('調查資料(OUT)'!BE15:BE18)) -> 0 | FL9: =IF($AN9="N","N",SUM('調查資料(OUT)'!BI15:BI18)) -> 0 | FM9: =IF($AN9="N","N",(FI9/FT9)*100) -> #DIV/0! | FN9: =IF($AN9="N","N",EU9+EZ9+FE9+FJ9) -> 0 | FO9: =IF($AN9="N","N",(FN9/($FN9+$FP9+$FR9))*100) -> #DIV/0! | FP9: =IF($AN9="N","N",EV9+FA9+FF9+FK9) -> 0 | FQ9: =IF($AN9="N","N",(FP9/($FN9+$FP9+$FR9))*100) -> #DIV/0! | FR9: =IF($AN9="N","N",EW9+FB9+FG9+FL9) -> 0 | FS9: =IF($AN9="N","N",(FR9/($FN9+$FP9+$FR9))*100) -> #DIV/0! | FT9: =IF($AN9="N","N",ET9+EY9+FD9+FI9) -> 0
A10: ='調查資料(OUT)'!A16 -> 115 | B10: =SUM(C10:F10) -> 0 | C10: =IFERROR('調查資料(OUT)'!$B$1*'調查資料(OUT)'!B16,0)+IFERROR('調查資料(OUT)'!$F$1*'調查資料(OUT)'!F16,0)+IFERROR('調查資料(OUT)'!$J$1*'調查資料(OUT)'!J16,0) -> 0 | D10: =IFERROR('調查資料(OUT)'!$C$1*'調查資料(OUT)'!C16,0)+IFERROR('調查資料(OUT)'!$G$1*'調查資料(OUT)'!G16,0)+IFERROR('調查資料(OUT)'!$K$1*'調查資料(OUT)'!K16,0) -> 0 | E10: =IFERROR('調查資料(OUT)'!$D$1*'調查資料(OUT)'!D16,0)+IFERROR('調查資料(OUT)'!$H$1*'調查資料(OUT)'!H16,0)+IFERROR('調查資料(OUT)'!$L$1*'調查資料(OUT)'!L16,0) -> 0 | F10: =IFERROR('調查資料(OUT)'!$E$1*'調查資料(OUT)'!E16,0)+IFERROR('調查資料(OUT)'!$I$1*'調查資料(OUT)'!I16,0)+IFERROR('調查資料(OUT)'!$M$1*'調查資料(OUT)'!M16,0) -> 0 | G10: =SUM(H10:K10) -> 0 | H10: =IFERROR('調查資料(OUT)'!$N$1*'調查資料(OUT)'!N16,0)+IFERROR('調查資料(OUT)'!$R$1*'調查資料(OUT)'!R16,0)+IFERROR('調查資料(OUT)'!$V$1*'調查資料(OUT)'!V16,0) -> 0 | I10: =IFERROR('調查資料(OUT)'!$O$1*'調查資料(OUT)'!O16,0)+IFERROR('調查資料(OUT)'!$S$1*'調查資料(OUT)'!S16,0)+IFERROR('調查資料(OUT)'!$W$1*'調查資料(OUT)'!W16,0) -> 0 | J10: =IFERROR('調查資料(OUT)'!$P$1*'調查資料(OUT)'!P16,0)+IFERROR('調查資料(OUT)'!$T$1*'調查資料(OUT)'!T16,0)+IFERROR('調查資料(OUT)'!$X$1*'調查資料(OUT)'!X16,0) -> 0 | K10: =IFERROR('調查資料(OUT)'!$Q$1*'調查資料(OUT)'!Q16,0)+IFERROR('調查資料(OUT)'!$U$1*'調查資料(OUT)'!U16,0)+IFERROR('調查資料(OUT)'!$Y$1*'調查資料(OUT)'!Y16,0) -> 0 | L10: =SUM(M10:P10) -> 0 | M10: =IFERROR('調查資料(OUT)'!$Z$1*'調查資料(OUT)'!Z16,0)+IFERROR('調查資料(OUT)'!$AD$1*'調查資料(OUT)'!AD16,0)+IFERROR('調查資料(OUT)'!$AH$1*'調查資料(OUT)'!AH16,0) -> 0 | N10: =IFERROR('調查資料(OUT)'!$AA$1*'調查資料(OUT)'!AA16,0)+IFERROR('調查資料(OUT)'!$AE$1*'調查資料(OUT)'!AE16,0)+IFERROR('調查資料(OUT)'!$AI$1*'調查資料(OUT)'!AI16,0) -> 0 | O10: =IFERROR('調查資料(OUT)'!$AB$1*'調查資料(OUT)'!AB16,0)+IFERROR('調查資料(OUT)'!$AF$1*'調查資料(OUT)'!AF16,0)+IFERROR('調查資料(OUT)'!$AJ$1*'調查資料(OUT)'!AJ16,0) -> 0 | P10: =IFERROR('調查資料(OUT)'!$AC$1*'調查資料(OUT)'!AC16,0)+IFERROR('調查資料(OUT)'!$AG$1*'調查資料(OUT)'!AG16,0)+IFERROR('調查資料(OUT)'!$AK$1*'調查資料(OUT)'!AK16,0) -> 0 | Q10: =SUM(R10:U10) -> 0 | R10: =IFERROR('調查資料(OUT)'!$AL$1*'調查資料(OUT)'!AL16,0)+IFERROR('調查資料(OUT)'!$AP$1*'調查資料(OUT)'!AP16,0)+IFERROR('調查資料(OUT)'!$AT$1*'調查資料(OUT)'!AT16,0) -> 0 | S10: =IFERROR('調查資料(OUT)'!$AM$1*'調查資料(OUT)'!AM16,0)+IFERROR('調查資料(OUT)'!$AQ$1*'調查資料(OUT)'!AQ16,0)+IFERROR('調查資料(OUT)'!$AU$1*'調查資料(OUT)'!AU16,0) -> 0 | T10: =IFERROR('調查資料(OUT)'!$AN$1*'調查資料(OUT)'!AN16,0)+IFERROR('調查資料(OUT)'!$AR$1*'調查資料(OUT)'!AR16,0)+IFERROR('調查資料(OUT)'!$AV$1*'調查資料(OUT)'!AV16,0) -> 0 | U10: =IFERROR('調查資料(OUT)'!$AO$1*'調查資料(OUT)'!AO16,0)+IFERROR('調查資料(OUT)'!$AS$1*'調查資料(OUT)'!AS16,0)+IFERROR('調查資料(OUT)'!$AW$1*'調查資料(OUT)'!AW16,0) -> 0 | V10: =SUM(W10:Z10) -> 0 | W10: =IFERROR('調查資料(OUT)'!$AX$1*'調查資料(OUT)'!AX16,0)+IFERROR('調查資料(OUT)'!$BB$1*'調查資料(OUT)'!BB16,0)+IFERROR('調查資料(OUT)'!$BF$1*'調查資料(OUT)'!BF16,0) -> 0 | X10: =IFERROR('調查資料(OUT)'!$AY$1*'調查資料(OUT)'!AY16,0)+IFERROR('調查資料(OUT)'!$BC$1*'調查資料(OUT)'!BC16,0)+IFERROR('調查資料(OUT)'!$BG$1*'調查資料(OUT)'!BG16,0) -> 0 | Y10: =IFERROR('調查資料(OUT)'!$AZ$1*'調查資料(OUT)'!AZ16,0)+IFERROR('調查資料(OUT)'!$BD$1*'調查資料(OUT)'!BD16,0)+IFERROR('調查資料(OUT)'!$BH$1*'調查資料(OUT)'!BH16,0) -> 0 | Z10: =IFERROR('調查資料(OUT)'!$BA$1*'調查資料(OUT)'!BA16,0)+IFERROR('調查資料(OUT)'!$BE$1*'調查資料(OUT)'!BE16,0)+IFERROR('調查資料(OUT)'!$BI$1*'調查資料(OUT)'!BI16,0) -> 0 | AA10: =B10+G10+L10+Q10+V10 -> 0 | AC10: ='調查資料(OUT)'!A16 -> 115 | AD10: =AC10+100 -> 215 | AE10: =SUM(AA10:AA13) -> 0 | AG10: =IF($AE10=$AF$5,MAX(AA10:AA13),0) -> 0 | AH10: =IF($AE10=AF$5,SUM(B10:B13)/(4*(MAX(B10:B13))),0) -> #DIV/0! | AI10: =IF($AE10=AF$5,SUM(G10:G13)/(4*(MAX(G10:G13))),0) -> #DIV/0! | AJ10: =IF($AE10=AF$5,SUM(L10:L13)/(4*(MAX(L10:L13))),0) -> #DIV/0! | AK10: =IF($AE10=AF$5,SUM(Q10:Q13)/(4*(MAX(Q10:Q13))),0) -> #DIV/0! | AL10: =IF($AE10=AF$5,SUM(V10:V13)/(4*(MAX(V10:V13))),0) -> #DIV/0! | AN10: =IF(AE10=AF$5,$AC10,"N") -> 115 | AO10: =IF(AE10=AF$5,$AD10,"N") -> 215 | AP10: =IF($AN10="N","N",SUM(C10:C13)) -> 0 | AQ10: =IF($AN10="N","N",SUM('調查資料(OUT)'!B16:B19)) -> 0 | AR10: =IF($AN10="N","N",SUM('調查資料(OUT)'!F16:F19)) -> 0 | AS10: =IF($AN10="N","N",SUM('調查資料(OUT)'!J16:J19)) -> 0 | AT10: =IF($AN10="N","N",(AP10/$BP10)*100) -> #DIV/0! | AU10: =IF($AN10="N","N",SUM(D10:D13)) -> 0 | AV10: =IF($AN10="N","N",SUM('調查資料(OUT)'!C16:C19)) -> 0 | AW10: =IF($AN10="N","N",SUM('調查資料(OUT)'!G16:G19)) -> 0 | AX10: =IF($AN10="N","N",SUM('調查資料(OUT)'!K16:K19)) -> 0 | AY10: =IF($AN10="N","N",(AU10/$BP10)*100) -> #DIV/0! | AZ10: =IF($AN10="N","N",SUM(E10:E13)) -> 0 | BA10: =IF($AN10="N","N",SUM('調查資料(OUT)'!D16:D19)) -> 0 | BB10: =IF($AN10="N","N",SUM('調查資料(OUT)'!H16:H19)) -> 0 | BC10: =IF($AN10="N","N",SUM('調查資料(OUT)'!L16:L19)) -> 0 | BD10: =IF($AN10="N","N",(AZ10/$BP10)*100) -> #DIV/0! | BE10: =IF($AN10="N","N",SUM(F10:F13)) -> 0 | BF10: =IF($AN10="N","N",SUM('調查資料(OUT)'!E16:E19)) -> 0 | BG10: =IF($AN10="N","N",SUM('調查資料(OUT)'!I16:I19)) -> 0 | BH10: =IF($AN10="N","N",SUM('調查資料(OUT)'!M16:M19)) -> 0 | BI10: =IF($AN10="N","N",(BE10/$BP10)*100) -> #DIV/0! | BJ10: =IF($AN10="N","N",AQ10+AV10+BA10+BF10) -> 0 | BK10: =IF($AN10="N","N",(BJ10/($BJ10+$BL10+$BN10))*100) -> #DIV/0! | BL10: =IF($AN10="N","N",AR10+AW10+BB10+BG10) -> 0 | BM10: =IF($AN10="N","N",(BL10/($BJ10+$BL10+$BN10))*100) -> #DIV/0! | BN10: =IF($AN10="N","N",AS10+AX10+BC10+BH10) -> 0 | BO10: =IF($AN10="N","N",(BN10/($BJ10+$BL10+$BN10))*100) -> #DIV/0! | BP10: =IF($AN10="N","N",AP10+AU10+AZ10+BE10) -> 0 | BQ10: =IF($AN10="N","N",SUM(H10:H13)) -> 0 | BR10: =IF($AN10="N","N",SUM('調查資料(OUT)'!N16:N19)) -> 0 | BS10: =IF($AN10="N","N",SUM('調查資料(OUT)'!R16:R19)) -> 0 | BT10: =IF($AN10="N","N",SUM('調查資料(OUT)'!V16:V19)) -> 0 | BU10: =IF($AN10="N","N",(BQ10/CQ10)*100) -> #DIV/0! | BV10: =IF($AN10="N","N",SUM(I10:I13)) -> 0 | BW10: =IF($AN10="N","N",SUM('調查資料(OUT)'!O16:O19)) -> 0 | BX10: =IF($AN10="N","N",SUM('調查資料(OUT)'!S16:S19)) -> 0 | BY10: =IF($AN10="N","N",SUM('調查資料(OUT)'!W16:W19)) -> 0 | BZ10: =IF($AN10="N","N",(BV10/$CQ10)*100) -> #DIV/0! | CA10: =IF($AN10="N","N",SUM(J10:J13)) -> 0 | CB10: =IF($AN10="N","N",SUM('調查資料(OUT)'!P16:P19)) -> 0 | CC10: =IF($AN10="N","N",SUM('調查資料(OUT)'!T16:T19)) -> 0 | CD10: =IF($AN10="N","N",SUM('調查資料(OUT)'!X16:X19)) -> 0 | CE10: =IF($AN10="N","N",(CA10/$CQ10)*100) -> #DIV/0! | CF10: =IF($AN10="N","N",SUM(K10:K13)) -> 0 | CG10: =IF($AN10="N","N",SUM('調查資料(OUT)'!Q16:Q19)) -> 0 | CH10: =IF($AN10="N","N",SUM('調查資料(OUT)'!U16:U19)) -> 0 | CI10: =IF($AN10="N","N",SUM('調查資料(OUT)'!Y16:Y19)) -> 0 | CJ10: =IF($AN10="N","N",(CF10/CQ10)*100) -> #DIV/0! | CK10: =IF($AN10="N","N",BR10+BW10+CB10+CG10) -> 0 | CL10: =IF($AN10="N","N",(CK10/($CK10+$CM10+$CO10))*100) -> #DIV/0! | CM10: =IF($AN10="N","N",BS10+BX10+CC10+CH10) -> 0 | CN10: =IF($AN10="N","N",(CM10/($CK10+$CM10+$CO10))*100) -> #DIV/0! | CO10: =IF($AN10="N","N",BT10+BY10+CD10+CI10) -> 0 | CP10: =IF($AN10="N","N",(CO10/($CK10+$CM10+$CO10))*100) -> #DIV/0! | CQ10: =IF($AN10="N","N",BQ10+BV10+CA10+CF10) -> 0 | CR10: =IF($AN10="N","N",SUM(M10:M13)) -> 0 | CS10: =IF($AN10="N","N",SUM('調查資料(OUT)'!Z16:Z19)) -> 0 | CT10: =IF($AN10="N","N",SUM('調查資料(OUT)'!AD16:AD19)) -> 0 | CU10: =IF($AN10="N","N",SUM('調查資料(OUT)'!AH16:AH19)) -> 0 | CV10: =IF($AN10="N","N",(CR10/DR10)*100) -> #DIV/0! | CW10: =IF($AN10="N","N",SUM(N10:N13)) -> 0 | CX10: =IF($AN10="N","N",SUM('調查資料(OUT)'!AA16:AA19)) -> 0 | CY10: =IF($AN10="N","N",SUM('調查資料(OUT)'!AE16:AE19)) -> 0 | CZ10: =IF($AN10="N","N",SUM('調查資料(OUT)'!AI16:AI19)) -> 0 | DA10: =IF($AN10="N","N",(CW10/$DR10)*100) -> #DIV/0! | DB10: =IF($AN10="N","N",SUM(O10:O13)) -> 0 | DC10: =IF($AN10="N","N",SUM('調查資料(OUT)'!AB16:AB19)) -> 0 | DD10: =IF($AN10="N","N",SUM('調查資料(OUT)'!AF16:AF19)) -> 0 | DE10: =IF($AN10="N","N",SUM('調查資料(OUT)'!AJ16:AJ19)) -> 0 | DF10: =IF($AN10="N","N",(DB10/$DR10)*100) -> #DIV/0! | DG10: =IF($AN10="N","N",SUM(P10:P13)) -> 0 | DH10: =IF($AN10="N","N",SUM('調查資料(OUT)'!AC16:AC19)) -> 0 | DI10: =IF($AN10="N","N",SUM('調查資料(OUT)'!AG16:AG19)) -> 0 | DJ10: =IF($AN10="N","N",SUM('調查資料(OUT)'!AK16:AK19)) -> 0 | DK10: =IF($AN10="N","N",(DG10/DR10)*100) -> #DIV/0! | DL10: =IF($AN10="N","N",CS10+CX10+DC10+DH10) -> 0 | DM10: =IF($AN10="N","N",(DL10/($DL10+$DN10+$DP10))*100) -> #DIV/0! | DN10: =IF($AN10="N","N",CT10+CY10+DD10+DI10) -> 0 | DO10: =IF($AN10="N","N",(DN10/($DL10+$DN10+$DP10))*100) -> #DIV/0! | DP10: =IF($AN10="N","N",CU10+CZ10+DE10+DJ10) -> 0 | DQ10: =IF($AN10="N","N",(DP10/($DL10+$DN10+$DP10))*100) -> #DIV/0! | DR10: =IF($AN10="N","N",CR10+CW10+DB10+DG10) -> 0 | DS10: =IF($AN10="N","N",SUM(R10:R13)) -> 0 | DT10: =IF($AN10="N","N",SUM('調查資料(OUT)'!AL16:AL19)) -> 0 | DU10: =IF($AN10="N","N",SUM('調查資料(OUT)'!AP16:AP19)) -> 0 | DV10: =IF($AN10="N","N",SUM('調查資料(OUT)'!AT16:AT19)) -> 0 | DW10: =IF($AN10="N","N",(DS10/ES10)*100) -> #DIV/0! | DX10: =IF($AN10="N","N",SUM(S10:S13)) -> 0 | DY10: =IF($AN10="N","N",SUM('調查資料(OUT)'!AM16:AM19)) -> 0 | DZ10: =IF($AN10="N","N",SUM('調查資料(OUT)'!AQ16:AQ19)) -> 0 | EA10: =IF($AN10="N","N",SUM('調查資料(OUT)'!AU16:AU19)) -> 0 | EB10: =IF($AN10="N","N",(DX10/$ES10)*100) -> #DIV/0! | EC10: =IF($AN10="N","N",SUM(T10:T13)) -> 0 | ED10: =IF($AN10="N","N",SUM('調查資料(OUT)'!AN16:AN19)) -> 0 | EE10: =IF($AN10="N","N",SUM('調查資料(OUT)'!AR16:AR19)) -> 0 | EF10: =IF($AN10="N","N",SUM('調查資料(OUT)'!AV16:AV19)) -> 0 | EG10: =IF($AN10="N","N",(EC10/$ES10)*100) -> #DIV/0! | EH10: =IF($AN10="N","N",SUM(U10:U13)) -> 0 | EI10: =IF($AN10="N","N",SUM('調查資料(OUT)'!AO16:AO19)) -> 0 | EJ10: =IF($AN10="N","N",SUM('調查資料(OUT)'!AS16:AS19)) -> 0 | EK10: =IF($AN10="N","N",SUM('調查資料(OUT)'!AW16:AW19)) -> 0 | EL10: =IF($AN10="N","N",(EH10/ES10)*100) -> #DIV/0! | EM10: =IF($AN10="N","N",DT10+DY10+ED10+EI10) -> 0 | EN10: =IF($AN10="N","N",(EM10/($EM10+$EO10+$EQ10))*100) -> #DIV/0! | EO10: =IF($AN10="N","N",DU10+DZ10+EE10+EJ10) -> 0 | EP10: =IF($AN10="N","N",(EO10/($EM10+$EO10+$EQ10))*100) -> #DIV/0! | EQ10: =IF($AN10="N","N",DV10+EA10+EF10+EK10) -> 0 | ER10: =IF($AN10="N","N",(EQ10/($EM10+$EO10+$EQ10))*100) -> #DIV/0! | ES10: =IF($AN10="N","N",DS10+DX10+EC10+EH10) -> 0 | ET10: =IF($AN10="N","N",SUM(W10:W13)) -> 0 | EU10: =IF($AN10="N","N",SUM('調查資料(OUT)'!AX16:AX19)) -> 0 | EV10: =IF($AN10="N","N",SUM('調查資料(OUT)'!BB16:BB19)) -> 0 | EW10: =IF($AN10="N","N",SUM('調查資料(OUT)'!BF16:BF19)) -> 0 | EX10: =IF($AN10="N","N",(ET10/FT10)*100) -> #DIV/0! | EY10: =IF($AN10="N","N",SUM(X10:X13)) -> 0 | EZ10: =IF($AN10="N","N",SUM('調查資料(OUT)'!AY16:AY19)) -> 0 | FA10: =IF($AN10="N","N",SUM('調查資料(OUT)'!BC16:BC19)) -> 0 | FB10: =IF($AN10="N","N",SUM('調查資料(OUT)'!BG16:BG19)) -> 0 | FC10: =IF($AN10="N","N",(EY10/$FT10)*100) -> #DIV/0! | FD10: =IF($AN10="N","N",SUM(Y10:Y13)) -> 0 | FE10: =IF($AN10="N","N",SUM('調查資料(OUT)'!AZ16:AZ19)) -> 0 | FF10: =IF($AN10="N","N",SUM('調查資料(OUT)'!BD16:BD19)) -> 0 | FG10: =IF($AN10="N","N",SUM('調查資料(OUT)'!BH16:BH19)) -> 0 | FH10: =IF($AN10="N","N",(FD10/$FT10)*100) -> #DIV/0! | FI10: =IF($AN10="N","N",SUM(Z10:Z13)) -> 0 | FJ10: =IF($AN10="N","N",SUM('調查資料(OUT)'!BA16:BA19)) -> 0 | FK10: =IF($AN10="N","N",SUM('調查資料(OUT)'!BE16:BE19)) -> 0 | FL10: =IF($AN10="N","N",SUM('調查資料(OUT)'!BI16:BI19)) -> 0 | FM10: =IF($AN10="N","N",(FI10/FT10)*100) -> #DIV/0! | FN10: =IF($AN10="N","N",EU10+EZ10+FE10+FJ10) -> 0 | FO10: =IF($AN10="N","N",(FN10/($FN10+$FP10+$FR10))*100) -> #DIV/0! | FP10: =IF($AN10="N","N",EV10+FA10+FF10+FK10) -> 0 | FQ10: =IF($AN10="N","N",(FP10/($FN10+$FP10+$FR10))*100) -> #DIV/0! | FR10: =IF($AN10="N","N",EW10+FB10+FG10+FL10) -> 0 | FS10: =IF($AN10="N","N",(FR10/($FN10+$FP10+$FR10))*100) -> #DIV/0! | FT10: =IF($AN10="N","N",ET10+EY10+FD10+FI10) -> 0
A11: ='調查資料(OUT)'!A17 -> 130 | B11: =SUM(C11:F11) -> 0 | C11: =IFERROR('調查資料(OUT)'!$B$1*'調查資料(OUT)'!B17,0)+IFERROR('調查資料(OUT)'!$F$1*'調查資料(OUT)'!F17,0)+IFERROR('調查資料(OUT)'!$J$1*'調查資料(OUT)'!J17,0) -> 0 | D11: =IFERROR('調查資料(OUT)'!$C$1*'調查資料(OUT)'!C17,0)+IFERROR('調查資料(OUT)'!$G$1*'調查資料(OUT)'!G17,0)+IFERROR('調查資料(OUT)'!$K$1*'調查資料(OUT)'!K17,0) -> 0 | E11: =IFERROR('調查資料(OUT)'!$D$1*'調查資料(OUT)'!D17,0)+IFERROR('調查資料(OUT)'!$H$1*'調查資料(OUT)'!H17,0)+IFERROR('調查資料(OUT)'!$L$1*'調查資料(OUT)'!L17,0) -> 0 | F11: =IFERROR('調查資料(OUT)'!$E$1*'調查資料(OUT)'!E17,0)+IFERROR('調查資料(OUT)'!$I$1*'調查資料(OUT)'!I17,0)+IFERROR('調查資料(OUT)'!$M$1*'調查資料(OUT)'!M17,0) -> 0 | G11: =SUM(H11:K11) -> 0 | H11: =IFERROR('調查資料(OUT)'!$N$1*'調查資料(OUT)'!N17,0)+IFERROR('調查資料(OUT)'!$R$1*'調查資料(OUT)'!R17,0)+IFERROR('調查資料(OUT)'!$V$1*'調查資料(OUT)'!V17,0) -> 0 | I11: =IFERROR('調查資料(OUT)'!$O$1*'調查資料(OUT)'!O17,0)+IFERROR('調查資料(OUT)'!$S$1*'調查資料(OUT)'!S17,0)+IFERROR('調查資料(OUT)'!$W$1*'調查資料(OUT)'!W17,0) -> 0 | J11: =IFERROR('調查資料(OUT)'!$P$1*'調查資料(OUT)'!P17,0)+IFERROR('調查資料(OUT)'!$T$1*'調查資料(OUT)'!T17,0)+IFERROR('調查資料(OUT)'!$X$1*'調查資料(OUT)'!X17,0) -> 0 | K11: =IFERROR('調查資料(OUT)'!$Q$1*'調查資料(OUT)'!Q17,0)+IFERROR('調查資料(OUT)'!$U$1*'調查資料(OUT)'!U17,0)+IFERROR('調查資料(OUT)'!$Y$1*'調查資料(OUT)'!Y17,0) -> 0 | L11: =SUM(M11:P11) -> 0 | M11: =IFERROR('調查資料(OUT)'!$Z$1*'調查資料(OUT)'!Z17,0)+IFERROR('調查資料(OUT)'!$AD$1*'調查資料(OUT)'!AD17,0)+IFERROR('調查資料(OUT)'!$AH$1*'調查資料(OUT)'!AH17,0) -> 0 | N11: =IFERROR('調查資料(OUT)'!$AA$1*'調查資料(OUT)'!AA17,0)+IFERROR('調查資料(OUT)'!$AE$1*'調查資料(OUT)'!AE17,0)+IFERROR('調查資料(OUT)'!$AI$1*'調查資料(OUT)'!AI17,0) -> 0 | O11: =IFERROR('調查資料(OUT)'!$AB$1*'調查資料(OUT)'!AB17,0)+IFERROR('調查資料(OUT)'!$AF$1*'調查資料(OUT)'!AF17,0)+IFERROR('調查資料(OUT)'!$AJ$1*'調查資料(OUT)'!AJ17,0) -> 0 | P11: =IFERROR('調查資料(OUT)'!$AC$1*'調查資料(OUT)'!AC17,0)+IFERROR('調查資料(OUT)'!$AG$1*'調查資料(OUT)'!AG17,0)+IFERROR('調查資料(OUT)'!$AK$1*'調查資料(OUT)'!AK17,0) -> 0 | Q11: =SUM(R11:U11) -> 0 | R11: =IFERROR('調查資料(OUT)'!$AL$1*'調查資料(OUT)'!AL17,0)+IFERROR('調查資料(OUT)'!$AP$1*'調查資料(OUT)'!AP17,0)+IFERROR('調查資料(OUT)'!$AT$1*'調查資料(OUT)'!AT17,0) -> 0 | S11: =IFERROR('調查資料(OUT)'!$AM$1*'調查資料(OUT)'!AM17,0)+IFERROR('調查資料(OUT)'!$AQ$1*'調查資料(OUT)'!AQ17,0)+IFERROR('調查資料(OUT)'!$AU$1*'調查資料(OUT)'!AU17,0) -> 0 | T11: =IFERROR('調查資料(OUT)'!$AN$1*'調查資料(OUT)'!AN17,0)+IFERROR('調查資料(OUT)'!$AR$1*'調查資料(OUT)'!AR17,0)+IFERROR('調查資料(OUT)'!$AV$1*'調查資料(OUT)'!AV17,0) -> 0 | U11: =IFERROR('調查資料(OUT)'!$AO$1*'調查資料(OUT)'!AO17,0)+IFERROR('調查資料(OUT)'!$AS$1*'調查資料(OUT)'!AS17,0)+IFERROR('調查資料(OUT)'!$AW$1*'調查資料(OUT)'!AW17,0) -> 0 | V11: =SUM(W11:Z11) -> 0 | W11: =IFERROR('調查資料(OUT)'!$AX$1*'調查資料(OUT)'!AX17,0)+IFERROR('調查資料(OUT)'!$BB$1*'調查資料(OUT)'!BB17,0)+IFERROR('調查資料(OUT)'!$BF$1*'調查資料(OUT)'!BF17,0) -> 0 | X11: =IFERROR('調查資料(OUT)'!$AY$1*'調查資料(OUT)'!AY17,0)+IFERROR('調查資料(OUT)'!$BC$1*'調查資料(OUT)'!BC17,0)+IFERROR('調查資料(OUT)'!$BG$1*'調查資料(OUT)'!BG17,0) -> 0 | Y11: =IFERROR('調查資料(OUT)'!$AZ$1*'調查資料(OUT)'!AZ17,0)+IFERROR('調查資料(OUT)'!$BD$1*'調查資料(OUT)'!BD17,0)+IFERROR('調查資料(OUT)'!$BH$1*'調查資料(OUT)'!BH17,0) -> 0 | Z11: =IFERROR('調查資料(OUT)'!$BA$1*'調查資料(OUT)'!BA17,0)+IFERROR('調查資料(OUT)'!$BE$1*'調查資料(OUT)'!BE17,0)+IFERROR('調查資料(OUT)'!$BI$1*'調查資料(OUT)'!BI17,0) -> 0 | AA11: =B11+G11+L11+Q11+V11 -> 0 | AC11: ='調查資料(OUT)'!A17 -> 130 | AD11: =AC11+100 -> 230 | AE11: =SUM(AA11:AA14) -> 0 | AG11: =IF($AE11=$AF$5,MAX(AA11:AA14),0) -> 0 | AH11: =IF($AE11=AF$5,SUM(B11:B14)/(4*(MAX(B11:B14))),0) -> #DIV/0! | AI11: =IF($AE11=AF$5,SUM(G11:G14)/(4*(MAX(G11:G14))),0) -> #DIV/0! | AJ11: =IF($AE11=AF$5,SUM(L11:L14)/(4*(MAX(L11:L14))),0) -> #DIV/0! | AK11: =IF($AE11=AF$5,SUM(Q11:Q14)/(4*(MAX(Q11:Q14))),0) -> #DIV/0! | AL11: =IF($AE11=AF$5,SUM(V11:V14)/(4*(MAX(V11:V14))),0) -> #DIV/0! | AN11: =IF(AE11=AF$5,$AC11,"N") -> 130 | AO11: =IF(AE11=AF$5,$AD11,"N") -> 230 | AP11: =IF($AN11="N","N",SUM(C11:C14)) -> 0 | AQ11: =IF($AN11="N","N",SUM('調查資料(OUT)'!B17:B20)) -> 0 | AR11: =IF($AN11="N","N",SUM('調查資料(OUT)'!F17:F20)) -> 0 | AS11: =IF($AN11="N","N",SUM('調查資料(OUT)'!J17:J20)) -> 0 | AT11: =IF($AN11="N","N",(AP11/$BP11)*100) -> #DIV/0! | AU11: =IF($AN11="N","N",SUM(D11:D14)) -> 0 | AV11: =IF($AN11="N","N",SUM('調查資料(OUT)'!C17:C20)) -> 0 | AW11: =IF($AN11="N","N",SUM('調查資料(OUT)'!G17:G20)) -> 0 | AX11: =IF($AN11="N","N",SUM('調查資料(OUT)'!K17:K20)) -> 0 | AY11: =IF($AN11="N","N",(AU11/$BP11)*100) -> #DIV/0! | AZ11: =IF($AN11="N","N",SUM(E11:E14)) -> 0 | BA11: =IF($AN11="N","N",SUM('調查資料(OUT)'!D17:D20)) -> 0 | BB11: =IF($AN11="N","N",SUM('調查資料(OUT)'!H17:H20)) -> 0 | BC11: =IF($AN11="N","N",SUM('調查資料(OUT)'!L17:L20)) -> 0 | BD11: =IF($AN11="N","N",(AZ11/$BP11)*100) -> #DIV/0! | BE11: =IF($AN11="N","N",SUM(F11:F14)) -> 0 | BF11: =IF($AN11="N","N",SUM('調查資料(OUT)'!E17:E20)) -> 0 | BG11: =IF($AN11="N","N",SUM('調查資料(OUT)'!I17:I20)) -> 0 | BH11: =IF($AN11="N","N",SUM('調查資料(OUT)'!M17:M20)) -> 0 | BI11: =IF($AN11="N","N",(BE11/$BP11)*100) -> #DIV/0! | BJ11: =IF($AN11="N","N",AQ11+AV11+BA11+BF11) -> 0 | BK11: =IF($AN11="N","N",(BJ11/($BJ11+$BL11+$BN11))*100) -> #DIV/0! | BL11: =IF($AN11="N","N",AR11+AW11+BB11+BG11) -> 0 | BM11: =IF($AN11="N","N",(BL11/($BJ11+$BL11+$BN11))*100) -> #DIV/0! | BN11: =IF($AN11="N","N",AS11+AX11+BC11+BH11) -> 0 | BO11: =IF($AN11="N","N",(BN11/($BJ11+$BL11+$BN11))*100) -> #DIV/0! | BP11: =IF($AN11="N","N",AP11+AU11+AZ11+BE11) -> 0 | BQ11: =IF($AN11="N","N",SUM(H11:H14)) -> 0 | BR11: =IF($AN11="N","N",SUM('調查資料(OUT)'!N17:N20)) -> 0 | BS11: =IF($AN11="N","N",SUM('調查資料(OUT)'!R17:R20)) -> 0 | BT11: =IF($AN11="N","N",SUM('調查資料(OUT)'!V17:V20)) -> 0 | BU11: =IF($AN11="N","N",(BQ11/CQ11)*100) -> #DIV/0! | BV11: =IF($AN11="N","N",SUM(I11:I14)) -> 0 | BW11: =IF($AN11="N","N",SUM('調查資料(OUT)'!O17:O20)) -> 0 | BX11: =IF($AN11="N","N",SUM('調查資料(OUT)'!S17:S20)) -> 0 | BY11: =IF($AN11="N","N",SUM('調查資料(OUT)'!W17:W20)) -> 0 | BZ11: =IF($AN11="N","N",(BV11/$CQ11)*100) -> #DIV/0! | CA11: =IF($AN11="N","N",SUM(J11:J14)) -> 0 | CB11: =IF($AN11="N","N",SUM('調查資料(OUT)'!P17:P20)) -> 0 | CC11: =IF($AN11="N","N",SUM('調查資料(OUT)'!T17:T20)) -> 0 | CD11: =IF($AN11="N","N",SUM('調查資料(OUT)'!X17:X20)) -> 0 | CE11: =IF($AN11="N","N",(CA11/$CQ11)*100) -> #DIV/0! | CF11: =IF($AN11="N","N",SUM(K11:K14)) -> 0 | CG11: =IF($AN11="N","N",SUM('調查資料(OUT)'!Q17:Q20)) -> 0 | CH11: =IF($AN11="N","N",SUM('調查資料(OUT)'!U17:U20)) -> 0 | CI11: =IF($AN11="N","N",SUM('調查資料(OUT)'!Y17:Y20)) -> 0 | CJ11: =IF($AN11="N","N",(CF11/CQ11)*100) -> #DIV/0! | CK11: =IF($AN11="N","N",BR11+BW11+CB11+CG11) -> 0 | CL11: =IF($AN11="N","N",(CK11/($CK11+$CM11+$CO11))*100) -> #DIV/0! | CM11: =IF($AN11="N","N",BS11+BX11+CC11+CH11) -> 0 | CN11: =IF($AN11="N","N",(CM11/($CK11+$CM11+$CO11))*100) -> #DIV/0! | CO11: =IF($AN11="N","N",BT11+BY11+CD11+CI11) -> 0 | CP11: =IF($AN11="N","N",(CO11/($CK11+$CM11+$CO11))*100) -> #DIV/0! | CQ11: =IF($AN11="N","N",BQ11+BV11+CA11+CF11) -> 0 | CR11: =IF($AN11="N","N",SUM(M11:M14)) -> 0 | CS11: =IF($AN11="N","N",SUM('調查資料(OUT)'!Z17:Z20)) -> 0 | CT11: =IF($AN11="N","N",SUM('調查資料(OUT)'!AD17:AD20)) -> 0 | CU11: =IF($AN11="N","N",SUM('調查資料(OUT)'!AH17:AH20)) -> 0 | CV11: =IF($AN11="N","N",(CR11/DR11)*100) -> #DIV/0! | CW11: =IF($AN11="N","N",SUM(N11:N14)) -> 0 | CX11: =IF($AN11="N","N",SUM('調查資料(OUT)'!AA17:AA20)) -> 0 | CY11: =IF($AN11="N","N",SUM('調查資料(OUT)'!AE17:AE20)) -> 0 | CZ11: =IF($AN11="N","N",SUM('調查資料(OUT)'!AI17:AI20)) -> 0 | DA11: =IF($AN11="N","N",(CW11/$DR11)*100) -> #DIV/0! | DB11: =IF($AN11="N","N",SUM(O11:O14)) -> 0 | DC11: =IF($AN11="N","N",SUM('調查資料(OUT)'!AB17:AB20)) -> 0 | DD11: =IF($AN11="N","N",SUM('調查資料(OUT)'!AF17:AF20)) -> 0 | DE11: =IF($AN11="N","N",SUM('調查資料(OUT)'!AJ17:AJ20)) -> 0 | DF11: =IF($AN11="N","N",(DB11/$DR11)*100) -> #DIV/0! | DG11: =IF($AN11="N","N",SUM(P11:P14)) -> 0 | DH11: =IF($AN11="N","N",SUM('調查資料(OUT)'!AC17:AC20)) -> 0 | DI11: =IF($AN11="N","N",SUM('調查資料(OUT)'!AG17:AG20)) -> 0 | DJ11: =IF($AN11="N","N",SUM('調查資料(OUT)'!AK17:AK20)) -> 0 | DK11: =IF($AN11="N","N",(DG11/DR11)*100) -> #DIV/0! | DL11: =IF($AN11="N","N",CS11+CX11+DC11+DH11) -> 0 | DM11: =IF($AN11="N","N",(DL11/($DL11+$DN11+$DP11))*100) -> #DIV/0! | DN11: =IF($AN11="N","N",CT11+CY11+DD11+DI11) -> 0 | DO11: =IF($AN11="N","N",(DN11/($DL11+$DN11+$DP11))*100) -> #DIV/0! | DP11: =IF($AN11="N","N",CU11+CZ11+DE11+DJ11) -> 0 | DQ11: =IF($AN11="N","N",(DP11/($DL11+$DN11+$DP11))*100) -> #DIV/0! | DR11: =IF($AN11="N","N",CR11+CW11+DB11+DG11) -> 0 | DS11: =IF($AN11="N","N",SUM(R11:R14)) -> 0 | DT11: =IF($AN11="N","N",SUM('調查資料(OUT)'!AL17:AL20)) -> 0 | DU11: =IF($AN11="N","N",SUM('調查資料(OUT)'!AP17:AP20)) -> 0 | DV11: =IF($AN11="N","N",SUM('調查資料(OUT)'!AT17:AT20)) -> 0 | DW11: =IF($AN11="N","N",(DS11/ES11)*100) -> #DIV/0! | DX11: =IF($AN11="N","N",SUM(S11:S14)) -> 0 | DY11: =IF($AN11="N","N",SUM('調查資料(OUT)'!AM17:AM20)) -> 0 | DZ11: =IF($AN11="N","N",SUM('調查資料(OUT)'!AQ17:AQ20)) -> 0 | EA11: =IF($AN11="N","N",SUM('調查資料(OUT)'!AU17:AU20)) -> 0 | EB11: =IF($AN11="N","N",(DX11/$ES11)*100) -> #DIV/0! | EC11: =IF($AN11="N","N",SUM(T11:T14)) -> 0 | ED11: =IF($AN11="N","N",SUM('調查資料(OUT)'!AN17:AN20)) -> 0 | EE11: =IF($AN11="N","N",SUM('調查資料(OUT)'!AR17:AR20)) -> 0 | EF11: =IF($AN11="N","N",SUM('調查資料(OUT)'!AV17:AV20)) -> 0 | EG11: =IF($AN11="N","N",(EC11/$ES11)*100) -> #DIV/0! | EH11: =IF($AN11="N","N",SUM(U11:U14)) -> 0 | EI11: =IF($AN11="N","N",SUM('調查資料(OUT)'!AO17:AO20)) -> 0 | EJ11: =IF($AN11="N","N",SUM('調查資料(OUT)'!AS17:AS20)) -> 0 | EK11: =IF($AN11="N","N",SUM('調查資料(OUT)'!AW17:AW20)) -> 0 | EL11: =IF($AN11="N","N",(EH11/ES11)*100) -> #DIV/0! | EM11: =IF($AN11="N","N",DT11+DY11+ED11+EI11) -> 0 | EN11: =IF($AN11="N","N",(EM11/($EM11+$EO11+$EQ11))*100) -> #DIV/0! | EO11: =IF($AN11="N","N",DU11+DZ11+EE11+EJ11) -> 0 | EP11: =IF($AN11="N","N",(EO11/($EM11+$EO11+$EQ11))*100) -> #DIV/0! | EQ11: =IF($AN11="N","N",DV11+EA11+EF11+EK11) -> 0 | ER11: =IF($AN11="N","N",(EQ11/($EM11+$EO11+$EQ11))*100) -> #DIV/0! | ES11: =IF($AN11="N","N",DS11+DX11+EC11+EH11) -> 0 | ET11: =IF($AN11="N","N",SUM(W11:W14)) -> 0 | EU11: =IF($AN11="N","N",SUM('調查資料(OUT)'!AX17:AX20)) -> 0 | EV11: =IF($AN11="N","N",SUM('調查資料(OUT)'!BB17:BB20)) -> 0 | EW11: =IF($AN11="N","N",SUM('調查資料(OUT)'!BF17:BF20)) -> 0 | EX11: =IF($AN11="N","N",(ET11/FT11)*100) -> #DIV/0! | EY11: =IF($AN11="N","N",SUM(X11:X14)) -> 0 | EZ11: =IF($AN11="N","N",SUM('調查資料(OUT)'!AY17:AY20)) -> 0 | FA11: =IF($AN11="N","N",SUM('調查資料(OUT)'!BC17:BC20)) -> 0 | FB11: =IF($AN11="N","N",SUM('調查資料(OUT)'!BG17:BG20)) -> 0 | FC11: =IF($AN11="N","N",(EY11/$FT11)*100) -> #DIV/0! | FD11: =IF($AN11="N","N",SUM(Y11:Y14)) -> 0 | FE11: =IF($AN11="N","N",SUM('調查資料(OUT)'!AZ17:AZ20)) -> 0 | FF11: =IF($AN11="N","N",SUM('調查資料(OUT)'!BD17:BD20)) -> 0 | FG11: =IF($AN11="N","N",SUM('調查資料(OUT)'!BH17:BH20)) -> 0 | FH11: =IF($AN11="N","N",(FD11/$FT11)*100) -> #DIV/0! | FI11: =IF($AN11="N","N",SUM(Z11:Z14)) -> 0 | FJ11: =IF($AN11="N","N",SUM('調查資料(OUT)'!BA17:BA20)) -> 0 | FK11: =IF($AN11="N","N",SUM('調查資料(OUT)'!BE17:BE20)) -> 0 | FL11: =IF($AN11="N","N",SUM('調查資料(OUT)'!BI17:BI20)) -> 0 | FM11: =IF($AN11="N","N",(FI11/FT11)*100) -> #DIV/0! | FN11: =IF($AN11="N","N",EU11+EZ11+FE11+FJ11) -> 0 | FO11: =IF($AN11="N","N",(FN11/($FN11+$FP11+$FR11))*100) -> #DIV/0! | FP11: =IF($AN11="N","N",EV11+FA11+FF11+FK11) -> 0 | FQ11: =IF($AN11="N","N",(FP11/($FN11+$FP11+$FR11))*100) -> #DIV/0! | FR11: =IF($AN11="N","N",EW11+FB11+FG11+FL11) -> 0 | FS11: =IF($AN11="N","N",(FR11/($FN11+$FP11+$FR11))*100) -> #DIV/0! | FT11: =IF($AN11="N","N",ET11+EY11+FD11+FI11) -> 0
A12: ='調查資料(OUT)'!A18 -> 145 | B12: =SUM(C12:F12) -> 0 | C12: =IFERROR('調查資料(OUT)'!$B$1*'調查資料(OUT)'!B18,0)+IFERROR('調查資料(OUT)'!$F$1*'調查資料(OUT)'!F18,0)+IFERROR('調查資料(OUT)'!$J$1*'調查資料(OUT)'!J18,0) -> 0 | D12: =IFERROR('調查資料(OUT)'!$C$1*'調查資料(OUT)'!C18,0)+IFERROR('調查資料(OUT)'!$G$1*'調查資料(OUT)'!G18,0)+IFERROR('調查資料(OUT)'!$K$1*'調查資料(OUT)'!K18,0) -> 0 | E12: =IFERROR('調查資料(OUT)'!$D$1*'調查資料(OUT)'!D18,0)+IFERROR('調查資料(OUT)'!$H$1*'調查資料(OUT)'!H18,0)+IFERROR('調查資料(OUT)'!$L$1*'調查資料(OUT)'!L18,0) -> 0 | F12: =IFERROR('調查資料(OUT)'!$E$1*'調查資料(OUT)'!E18,0)+IFERROR('調查資料(OUT)'!$I$1*'調查資料(OUT)'!I18,0)+IFERROR('調查資料(OUT)'!$M$1*'調查資料(OUT)'!M18,0) -> 0 | G12: =SUM(H12:K12) -> 0 | H12: =IFERROR('調查資料(OUT)'!$N$1*'調查資料(OUT)'!N18,0)+IFERROR('調查資料(OUT)'!$R$1*'調查資料(OUT)'!R18,0)+IFERROR('調查資料(OUT)'!$V$1*'調查資料(OUT)'!V18,0) -> 0 | I12: =IFERROR('調查資料(OUT)'!$O$1*'調查資料(OUT)'!O18,0)+IFERROR('調查資料(OUT)'!$S$1*'調查資料(OUT)'!S18,0)+IFERROR('調查資料(OUT)'!$W$1*'調查資料(OUT)'!W18,0) -> 0 | J12: =IFERROR('調查資料(OUT)'!$P$1*'調查資料(OUT)'!P18,0)+IFERROR('調查資料(OUT)'!$T$1*'調查資料(OUT)'!T18,0)+IFERROR('調查資料(OUT)'!$X$1*'調查資料(OUT)'!X18,0) -> 0 | K12: =IFERROR('調查資料(OUT)'!$Q$1*'調查資料(OUT)'!Q18,0)+IFERROR('調查資料(OUT)'!$U$1*'調查資料(OUT)'!U18,0)+IFERROR('調查資料(OUT)'!$Y$1*'調查資料(OUT)'!Y18,0) -> 0 | L12: =SUM(M12:P12) -> 0 | M12: =IFERROR('調查資料(OUT)'!$Z$1*'調查資料(OUT)'!Z18,0)+IFERROR('調查資料(OUT)'!$AD$1*'調查資料(OUT)'!AD18,0)+IFERROR('調查資料(OUT)'!$AH$1*'調查資料(OUT)'!AH18,0) -> 0 | N12: =IFERROR('調查資料(OUT)'!$AA$1*'調查資料(OUT)'!AA18,0)+IFERROR('調查資料(OUT)'!$AE$1*'調查資料(OUT)'!AE18,0)+IFERROR('調查資料(OUT)'!$AI$1*'調查資料(OUT)'!AI18,0) -> 0 | O12: =IFERROR('調查資料(OUT)'!$AB$1*'調查資料(OUT)'!AB18,0)+IFERROR('調查資料(OUT)'!$AF$1*'調查資料(OUT)'!AF18,0)+IFERROR('調查資料(OUT)'!$AJ$1*'調查資料(OUT)'!AJ18,0) -> 0 | P12: =IFERROR('調查資料(OUT)'!$AC$1*'調查資料(OUT)'!AC18,0)+IFERROR('調查資料(OUT)'!$AG$1*'調查資料(OUT)'!AG18,0)+IFERROR('調查資料(OUT)'!$AK$1*'調查資料(OUT)'!AK18,0) -> 0 | Q12: =SUM(R12:U12) -> 0 | R12: =IFERROR('調查資料(OUT)'!$AL$1*'調查資料(OUT)'!AL18,0)+IFERROR('調查資料(OUT)'!$AP$1*'調查資料(OUT)'!AP18,0)+IFERROR('調查資料(OUT)'!$AT$1*'調查資料(OUT)'!AT18,0) -> 0 | S12: =IFERROR('調查資料(OUT)'!$AM$1*'調查資料(OUT)'!AM18,0)+IFERROR('調查資料(OUT)'!$AQ$1*'調查資料(OUT)'!AQ18,0)+IFERROR('調查資料(OUT)'!$AU$1*'調查資料(OUT)'!AU18,0) -> 0 | T12: =IFERROR('調查資料(OUT)'!$AN$1*'調查資料(OUT)'!AN18,0)+IFERROR('調查資料(OUT)'!$AR$1*'調查資料(OUT)'!AR18,0)+IFERROR('調查資料(OUT)'!$AV$1*'調查資料(OUT)'!AV18,0) -> 0 | U12: =IFERROR('調查資料(OUT)'!$AO$1*'調查資料(OUT)'!AO18,0)+IFERROR('調查資料(OUT)'!$AS$1*'調查資料(OUT)'!AS18,0)+IFERROR('調查資料(OUT)'!$AW$1*'調查資料(OUT)'!AW18,0) -> 0 | V12: =SUM(W12:Z12) -> 0 | W12: =IFERROR('調查資料(OUT)'!$AX$1*'調查資料(OUT)'!AX18,0)+IFERROR('調查資料(OUT)'!$BB$1*'調查資料(OUT)'!BB18,0)+IFERROR('調查資料(OUT)'!$BF$1*'調查資料(OUT)'!BF18,0) -> 0 | X12: =IFERROR('調查資料(OUT)'!$AY$1*'調查資料(OUT)'!AY18,0)+IFERROR('調查資料(OUT)'!$BC$1*'調查資料(OUT)'!BC18,0)+IFERROR('調查資料(OUT)'!$BG$1*'調查資料(OUT)'!BG18,0) -> 0 | Y12: =IFERROR('調查資料(OUT)'!$AZ$1*'調查資料(OUT)'!AZ18,0)+IFERROR('調查資料(OUT)'!$BD$1*'調查資料(OUT)'!BD18,0)+IFERROR('調查資料(OUT)'!$BH$1*'調查資料(OUT)'!BH18,0) -> 0 | Z12: =IFERROR('調查資料(OUT)'!$BA$1*'調查資料(OUT)'!BA18,0)+IFERROR('調查資料(OUT)'!$BE$1*'調查資料(OUT)'!BE18,0)+IFERROR('調查資料(OUT)'!$BI$1*'調查資料(OUT)'!BI18,0) -> 0 | AA12: =B12+G12+L12+Q12+V12 -> 0 | AC12: ='調查資料(OUT)'!A18 -> 145 | AD12: =AC12+100 -> 245 | AE12: =SUM(AA12:AA15) -> 0 | AG12: =IF($AE12=$AF$5,MAX(AA12:AA15),0) -> 0 | AH12: =IF($AE12=AF$5,SUM(B12:B15)/(4*(MAX(B12:B15))),0) -> #DIV/0! | AI12: =IF($AE12=AF$5,SUM(G12:G15)/(4*(MAX(G12:G15))),0) -> #DIV/0! | AJ12: =IF($AE12=AF$5,SUM(L12:L15)/(4*(MAX(L12:L15))),0) -> #DIV/0! | AK12: =IF($AE12=AF$5,SUM(Q12:Q15)/(4*(MAX(Q12:Q15))),0) -> #DIV/0! | AL12: =IF($AE12=AF$5,SUM(V12:V15)/(4*(MAX(V12:V15))),0) -> #DIV/0! | AN12: =IF(AE12=AF$5,$AC12,"N") -> 145 | AO12: =IF(AE12=AF$5,$AD12,"N") -> 245 | AP12: =IF($AN12="N","N",SUM(C12:C15)) -> 0 | AQ12: =IF($AN12="N","N",SUM('調查資料(OUT)'!B18:B21)) -> 0 | AR12: =IF($AN12="N","N",SUM('調查資料(OUT)'!F18:F21)) -> 0 | AS12: =IF($AN12="N","N",SUM('調查資料(OUT)'!J18:J21)) -> 0 | AT12: =IF($AN12="N","N",(AP12/$BP12)*100) -> #DIV/0! | AU12: =IF($AN12="N","N",SUM(D12:D15)) -> 0 | AV12: =IF($AN12="N","N",SUM('調查資料(OUT)'!C18:C21)) -> 0 | AW12: =IF($AN12="N","N",SUM('調查資料(OUT)'!G18:G21)) -> 0 | AX12: =IF($AN12="N","N",SUM('調查資料(OUT)'!K18:K21)) -> 0 | AY12: =IF($AN12="N","N",(AU12/$BP12)*100) -> #DIV/0! | AZ12: =IF($AN12="N","N",SUM(E12:E15)) -> 0 | BA12: =IF($AN12="N","N",SUM('調查資料(OUT)'!D18:D21)) -> 0 | BB12: =IF($AN12="N","N",SUM('調查資料(OUT)'!H18:H21)) -> 0 | BC12: =IF($AN12="N","N",SUM('調查資料(OUT)'!L18:L21)) -> 0 | BD12: =IF($AN12="N","N",(AZ12/$BP12)*100) -> #DIV/0! | BE12: =IF($AN12="N","N",SUM(F12:F15)) -> 0 | BF12: =IF($AN12="N","N",SUM('調查資料(OUT)'!E18:E21)) -> 0 | BG12: =IF($AN12="N","N",SUM('調查資料(OUT)'!I18:I21)) -> 0 | BH12: =IF($AN12="N","N",SUM('調查資料(OUT)'!M18:M21)) -> 0 | BI12: =IF($AN12="N","N",(BE12/$BP12)*100) -> #DIV/0! | BJ12: =IF($AN12="N","N",AQ12+AV12+BA12+BF12) -> 0 | BK12: =IF($AN12="N","N",(BJ12/($BJ12+$BL12+$BN12))*100) -> #DIV/0! | BL12: =IF($AN12="N","N",AR12+AW12+BB12+BG12) -> 0 | BM12: =IF($AN12="N","N",(BL12/($BJ12+$BL12+$BN12))*100) -> #DIV/0! | BN12: =IF($AN12="N","N",AS12+AX12+BC12+BH12) -> 0 | BO12: =IF($AN12="N","N",(BN12/($BJ12+$BL12+$BN12))*100) -> #DIV/0! | BP12: =IF($AN12="N","N",AP12+AU12+AZ12+BE12) -> 0 | BQ12: =IF($AN12="N","N",SUM(H12:H15)) -> 0 | BR12: =IF($AN12="N","N",SUM('調查資料(OUT)'!N18:N21)) -> 0 | BS12: =IF($AN12="N","N",SUM('調查資料(OUT)'!R18:R21)) -> 0 | BT12: =IF($AN12="N","N",SUM('調查資料(OUT)'!V18:V21)) -> 0 | BU12: =IF($AN12="N","N",(BQ12/CQ12)*100) -> #DIV/0! | BV12: =IF($AN12="N","N",SUM(I12:I15)) -> 0 | BW12: =IF($AN12="N","N",SUM('調查資料(OUT)'!O18:O21)) -> 0 | BX12: =IF($AN12="N","N",SUM('調查資料(OUT)'!S18:S21)) -> 0 | BY12: =IF($AN12="N","N",SUM('調查資料(OUT)'!W18:W21)) -> 0 | BZ12: =IF($AN12="N","N",(BV12/$CQ12)*100) -> #DIV/0! | CA12: =IF($AN12="N","N",SUM(J12:J15)) -> 0 | CB12: =IF($AN12="N","N",SUM('調查資料(OUT)'!P18:P21)) -> 0 | CC12: =IF($AN12="N","N",SUM('調查資料(OUT)'!T18:T21)) -> 0 | CD12: =IF($AN12="N","N",SUM('調查資料(OUT)'!X18:X21)) -> 0 | CE12: =IF($AN12="N","N",(CA12/$CQ12)*100) -> #DIV/0! | CF12: =IF($AN12="N","N",SUM(K12:K15)) -> 0 | CG12: =IF($AN12="N","N",SUM('調查資料(OUT)'!Q18:Q21)) -> 0 | CH12: =IF($AN12="N","N",SUM('調查資料(OUT)'!U18:U21)) -> 0 | CI12: =IF($AN12="N","N",SUM('調查資料(OUT)'!Y18:Y21)) -> 0 | CJ12: =IF($AN12="N","N",(CF12/CQ12)*100) -> #DIV/0! | CK12: =IF($AN12="N","N",BR12+BW12+CB12+CG12) -> 0 | CL12: =IF($AN12="N","N",(CK12/($CK12+$CM12+$CO12))*100) -> #DIV/0! | CM12: =IF($AN12="N","N",BS12+BX12+CC12+CH12) -> 0 | CN12: =IF($AN12="N","N",(CM12/($CK12+$CM12+$CO12))*100) -> #DIV/0! | CO12: =IF($AN12="N","N",BT12+BY12+CD12+CI12) -> 0 | CP12: =IF($AN12="N","N",(CO12/($CK12+$CM12+$CO12))*100) -> #DIV/0! | CQ12: =IF($AN12="N","N",BQ12+BV12+CA12+CF12) -> 0 | CR12: =IF($AN12="N","N",SUM(M12:M15)) -> 0 | CS12: =IF($AN12="N","N",SUM('調查資料(OUT)'!Z18:Z21)) -> 0 | CT12: =IF($AN12="N","N",SUM('調查資料(OUT)'!AD18:AD21)) -> 0 | CU12: =IF($AN12="N","N",SUM('調查資料(OUT)'!AH18:AH21)) -> 0 | CV12: =IF($AN12="N","N",(CR12/DR12)*100) -> #DIV/0! | CW12: =IF($AN12="N","N",SUM(N12:N15)) -> 0 | CX12: =IF($AN12="N","N",SUM('調查資料(OUT)'!AA18:AA21)) -> 0 | CY12: =IF($AN12="N","N",SUM('調查資料(OUT)'!AE18:AE21)) -> 0 | CZ12: =IF($AN12="N","N",SUM('調查資料(OUT)'!AI18:AI21)) -> 0 | DA12: =IF($AN12="N","N",(CW12/$DR12)*100) -> #DIV/0! | DB12: =IF($AN12="N","N",SUM(O12:O15)) -> 0 | DC12: =IF($AN12="N","N",SUM('調查資料(OUT)'!AB18:AB21)) -> 0 | DD12: =IF($AN12="N","N",SUM('調查資料(OUT)'!AF18:AF21)) -> 0 | DE12: =IF($AN12="N","N",SUM('調查資料(OUT)'!AJ18:AJ21)) -> 0 | DF12: =IF($AN12="N","N",(DB12/$DR12)*100) -> #DIV/0! | DG12: =IF($AN12="N","N",SUM(P12:P15)) -> 0 | DH12: =IF($AN12="N","N",SUM('調查資料(OUT)'!AC18:AC21)) -> 0 | DI12: =IF($AN12="N","N",SUM('調查資料(OUT)'!AG18:AG21)) -> 0 | DJ12: =IF($AN12="N","N",SUM('調查資料(OUT)'!AK18:AK21)) -> 0 | DK12: =IF($AN12="N","N",(DG12/DR12)*100) -> #DIV/0! | DL12: =IF($AN12="N","N",CS12+CX12+DC12+DH12) -> 0 | DM12: =IF($AN12="N","N",(DL12/($DL12+$DN12+$DP12))*100) -> #DIV/0! | DN12: =IF($AN12="N","N",CT12+CY12+DD12+DI12) -> 0 | DO12: =IF($AN12="N","N",(DN12/($DL12+$DN12+$DP12))*100) -> #DIV/0! | DP12: =IF($AN12="N","N",CU12+CZ12+DE12+DJ12) -> 0 | DQ12: =IF($AN12="N","N",(DP12/($DL12+$DN12+$DP12))*100) -> #DIV/0! | DR12: =IF($AN12="N","N",CR12+CW12+DB12+DG12) -> 0 | DS12: =IF($AN12="N","N",SUM(R12:R15)) -> 0 | DT12: =IF($AN12="N","N",SUM('調查資料(OUT)'!AL18:AL21)) -> 0 | DU12: =IF($AN12="N","N",SUM('調查資料(OUT)'!AP18:AP21)) -> 0 | DV12: =IF($AN12="N","N",SUM('調查資料(OUT)'!AT18:AT21)) -> 0 | DW12: =IF($AN12="N","N",(DS12/ES12)*100) -> #DIV/0! | DX12: =IF($AN12="N","N",SUM(S12:S15)) -> 0 | DY12: =IF($AN12="N","N",SUM('調查資料(OUT)'!AM18:AM21)) -> 0 | DZ12: =IF($AN12="N","N",SUM('調查資料(OUT)'!AQ18:AQ21)) -> 0 | EA12: =IF($AN12="N","N",SUM('調查資料(OUT)'!AU18:AU21)) -> 0 | EB12: =IF($AN12="N","N",(DX12/$ES12)*100) -> #DIV/0! | EC12: =IF($AN12="N","N",SUM(T12:T15)) -> 0 | ED12: =IF($AN12="N","N",SUM('調查資料(OUT)'!AN18:AN21)) -> 0 | EE12: =IF($AN12="N","N",SUM('調查資料(OUT)'!AR18:AR21)) -> 0 | EF12: =IF($AN12="N","N",SUM('調查資料(OUT)'!AV18:AV21)) -> 0 | EG12: =IF($AN12="N","N",(EC12/$ES12)*100) -> #DIV/0! | EH12: =IF($AN12="N","N",SUM(U12:U15)) -> 0 | EI12: =IF($AN12="N","N",SUM('調查資料(OUT)'!AO18:AO21)) -> 0 | EJ12: =IF($AN12="N","N",SUM('調查資料(OUT)'!AS18:AS21)) -> 0 | EK12: =IF($AN12="N","N",SUM('調查資料(OUT)'!AW18:AW21)) -> 0 | EL12: =IF($AN12="N","N",(EH12/ES12)*100) -> #DIV/0! | EM12: =IF($AN12="N","N",DT12+DY12+ED12+EI12) -> 0 | EN12: =IF($AN12="N","N",(EM12/($EM12+$EO12+$EQ12))*100) -> #DIV/0! | EO12: =IF($AN12="N","N",DU12+DZ12+EE12+EJ12) -> 0 | EP12: =IF($AN12="N","N",(EO12/($EM12+$EO12+$EQ12))*100) -> #DIV/0! | EQ12: =IF($AN12="N","N",DV12+EA12+EF12+EK12) -> 0 | ER12: =IF($AN12="N","N",(EQ12/($EM12+$EO12+$EQ12))*100) -> #DIV/0! | ES12: =IF($AN12="N","N",DS12+DX12+EC12+EH12) -> 0 | ET12: =IF($AN12="N","N",SUM(W12:W15)) -> 0 | EU12: =IF($AN12="N","N",SUM('調查資料(OUT)'!AX18:AX21)) -> 0 | EV12: =IF($AN12="N","N",SUM('調查資料(OUT)'!BB18:BB21)) -> 0 | EW12: =IF($AN12="N","N",SUM('調查資料(OUT)'!BF18:BF21)) -> 0 | EX12: =IF($AN12="N","N",(ET12/FT12)*100) -> #DIV/0! | EY12: =IF($AN12="N","N",SUM(X12:X15)) -> 0 | EZ12: =IF($AN12="N","N",SUM('調查資料(OUT)'!AY18:AY21)) -> 0 | FA12: =IF($AN12="N","N",SUM('調查資料(OUT)'!BC18:BC21)) -> 0 | FB12: =IF($AN12="N","N",SUM('調查資料(OUT)'!BG18:BG21)) -> 0 | FC12: =IF($AN12="N","N",(EY12/$FT12)*100) -> #DIV/0! | FD12: =IF($AN12="N","N",SUM(Y12:Y15)) -> 0 | FE12: =IF($AN12="N","N",SUM('調查資料(OUT)'!AZ18:AZ21)) -> 0 | FF12: =IF($AN12="N","N",SUM('調查資料(OUT)'!BD18:BD21)) -> 0 | FG12: =IF($AN12="N","N",SUM('調查資料(OUT)'!BH18:BH21)) -> 0 | FH12: =IF($AN12="N","N",(FD12/$FT12)*100) -> #DIV/0! | FI12: =IF($AN12="N","N",SUM(Z12:Z15)) -> 0 | FJ12: =IF($AN12="N","N",SUM('調查資料(OUT)'!BA18:BA21)) -> 0 | FK12: =IF($AN12="N","N",SUM('調查資料(OUT)'!BE18:BE21)) -> 0 | FL12: =IF($AN12="N","N",SUM('調查資料(OUT)'!BI18:BI21)) -> 0 | FM12: =IF($AN12="N","N",(FI12/FT12)*100) -> #DIV/0! | FN12: =IF($AN12="N","N",EU12+EZ12+FE12+FJ12) -> 0 | FO12: =IF($AN12="N","N",(FN12/($FN12+$FP12+$FR12))*100) -> #DIV/0! | FP12: =IF($AN12="N","N",EV12+FA12+FF12+FK12) -> 0 | FQ12: =IF($AN12="N","N",(FP12/($FN12+$FP12+$FR12))*100) -> #DIV/0! | FR12: =IF($AN12="N","N",EW12+FB12+FG12+FL12) -> 0 | FS12: =IF($AN12="N","N",(FR12/($FN12+$FP12+$FR12))*100) -> #DIV/0! | FT12: =IF($AN12="N","N",ET12+EY12+FD12+FI12) -> 0
A13: ='調查資料(OUT)'!A19 -> 200 | B13: =SUM(C13:F13) -> 0 | C13: =IFERROR('調查資料(OUT)'!$B$1*'調查資料(OUT)'!B19,0)+IFERROR('調查資料(OUT)'!$F$1*'調查資料(OUT)'!F19,0)+IFERROR('調查資料(OUT)'!$J$1*'調查資料(OUT)'!J19,0) -> 0 | D13: =IFERROR('調查資料(OUT)'!$C$1*'調查資料(OUT)'!C19,0)+IFERROR('調查資料(OUT)'!$G$1*'調查資料(OUT)'!G19,0)+IFERROR('調查資料(OUT)'!$K$1*'調查資料(OUT)'!K19,0) -> 0 | E13: =IFERROR('調查資料(OUT)'!$D$1*'調查資料(OUT)'!D19,0)+IFERROR('調查資料(OUT)'!$H$1*'調查資料(OUT)'!H19,0)+IFERROR('調查資料(OUT)'!$L$1*'調查資料(OUT)'!L19,0) -> 0 | F13: =IFERROR('調查資料(OUT)'!$E$1*'調查資料(OUT)'!E19,0)+IFERROR('調查資料(OUT)'!$I$1*'調查資料(OUT)'!I19,0)+IFERROR('調查資料(OUT)'!$M$1*'調查資料(OUT)'!M19,0) -> 0 | G13: =SUM(H13:K13) -> 0 | H13: =IFERROR('調查資料(OUT)'!$N$1*'調查資料(OUT)'!N19,0)+IFERROR('調查資料(OUT)'!$R$1*'調查資料(OUT)'!R19,0)+IFERROR('調查資料(OUT)'!$V$1*'調查資料(OUT)'!V19,0) -> 0 | I13: =IFERROR('調查資料(OUT)'!$O$1*'調查資料(OUT)'!O19,0)+IFERROR('調查資料(OUT)'!$S$1*'調查資料(OUT)'!S19,0)+IFERROR('調查資料(OUT)'!$W$1*'調查資料(OUT)'!W19,0) -> 0 | J13: =IFERROR('調查資料(OUT)'!$P$1*'調查資料(OUT)'!P19,0)+IFERROR('調查資料(OUT)'!$T$1*'調查資料(OUT)'!T19,0)+IFERROR('調查資料(OUT)'!$X$1*'調查資料(OUT)'!X19,0) -> 0 | K13: =IFERROR('調查資料(OUT)'!$Q$1*'調查資料(OUT)'!Q19,0)+IFERROR('調查資料(OUT)'!$U$1*'調查資料(OUT)'!U19,0)+IFERROR('調查資料(OUT)'!$Y$1*'調查資料(OUT)'!Y19,0) -> 0 | L13: =SUM(M13:P13) -> 0 | M13: =IFERROR('調查資料(OUT)'!$Z$1*'調查資料(OUT)'!Z19,0)+IFERROR('調查資料(OUT)'!$AD$1*'調查資料(OUT)'!AD19,0)+IFERROR('調查資料(OUT)'!$AH$1*'調查資料(OUT)'!AH19,0) -> 0 | N13: =IFERROR('調查資料(OUT)'!$AA$1*'調查資料(OUT)'!AA19,0)+IFERROR('調查資料(OUT)'!$AE$1*'調查資料(OUT)'!AE19,0)+IFERROR('調查資料(OUT)'!$AI$1*'調查資料(OUT)'!AI19,0) -> 0 | O13: =IFERROR('調查資料(OUT)'!$AB$1*'調查資料(OUT)'!AB19,0)+IFERROR('調查資料(OUT)'!$AF$1*'調查資料(OUT)'!AF19,0)+IFERROR('調查資料(OUT)'!$AJ$1*'調查資料(OUT)'!AJ19,0) -> 0 | P13: =IFERROR('調查資料(OUT)'!$AC$1*'調查資料(OUT)'!AC19,0)+IFERROR('調查資料(OUT)'!$AG$1*'調查資料(OUT)'!AG19,0)+IFERROR('調查資料(OUT)'!$AK$1*'調查資料(OUT)'!AK19,0) -> 0 | Q13: =SUM(R13:U13) -> 0 | R13: =IFERROR('調查資料(OUT)'!$AL$1*'調查資料(OUT)'!AL19,0)+IFERROR('調查資料(OUT)'!$AP$1*'調查資料(OUT)'!AP19,0)+IFERROR('調查資料(OUT)'!$AT$1*'調查資料(OUT)'!AT19,0) -> 0 | S13: =IFERROR('調查資料(OUT)'!$AM$1*'調查資料(OUT)'!AM19,0)+IFERROR('調查資料(OUT)'!$AQ$1*'調查資料(OUT)'!AQ19,0)+IFERROR('調查資料(OUT)'!$AU$1*'調查資料(OUT)'!AU19,0) -> 0 | T13: =IFERROR('調查資料(OUT)'!$AN$1*'調查資料(OUT)'!AN19,0)+IFERROR('調查資料(OUT)'!$AR$1*'調查資料(OUT)'!AR19,0)+IFERROR('調查資料(OUT)'!$AV$1*'調查資料(OUT)'!AV19,0) -> 0 | U13: =IFERROR('調查資料(OUT)'!$AO$1*'調查資料(OUT)'!AO19,0)+IFERROR('調查資料(OUT)'!$AS$1*'調查資料(OUT)'!AS19,0)+IFERROR('調查資料(OUT)'!$AW$1*'調查資料(OUT)'!AW19,0) -> 0 | V13: =SUM(W13:Z13) -> 0 | W13: =IFERROR('調查資料(OUT)'!$AX$1*'調查資料(OUT)'!AX19,0)+IFERROR('調查資料(OUT)'!$BB$1*'調查資料(OUT)'!BB19,0)+IFERROR('調查資料(OUT)'!$BF$1*'調查資料(OUT)'!BF19,0) -> 0 | X13: =IFERROR('調查資料(OUT)'!$AY$1*'調查資料(OUT)'!AY19,0)+IFERROR('調查資料(OUT)'!$BC$1*'調查資料(OUT)'!BC19,0)+IFERROR('調查資料(OUT)'!$BG$1*'調查資料(OUT)'!BG19,0) -> 0 | Y13: =IFERROR('調查資料(OUT)'!$AZ$1*'調查資料(OUT)'!AZ19,0)+IFERROR('調查資料(OUT)'!$BD$1*'調查資料(OUT)'!BD19,0)+IFERROR('調查資料(OUT)'!$BH$1*'調查資料(OUT)'!BH19,0) -> 0 | Z13: =IFERROR('調查資料(OUT)'!$BA$1*'調查資料(OUT)'!BA19,0)+IFERROR('調查資料(OUT)'!$BE$1*'調查資料(OUT)'!BE19,0)+IFERROR('調查資料(OUT)'!$BI$1*'調查資料(OUT)'!BI19,0) -> 0 | AA13: =B13+G13+L13+Q13+V13 -> 0 | AC13: ='調查資料(OUT)'!A19 -> 200 | AD13: =AC13+100 -> 300 | AE13: =SUM(AA13:AA16) -> 0 | AG13: =IF($AE13=$AF$5,MAX(AA13:AA16),0) -> 0 | AH13: =IF($AE13=AF$5,SUM(B13:B16)/(4*(MAX(B13:B16))),0) -> #DIV/0! | AI13: =IF($AE13=AF$5,SUM(G13:G16)/(4*(MAX(G13:G16))),0) -> #DIV/0! | AJ13: =IF($AE13=AF$5,SUM(L13:L16)/(4*(MAX(L13:L16))),0) -> #DIV/0! | AK13: =IF($AE13=AF$5,SUM(Q13:Q16)/(4*(MAX(Q13:Q16))),0) -> #DIV/0! | AL13: =IF($AE13=AF$5,SUM(V13:V16)/(4*(MAX(V13:V16))),0) -> #DIV/0! | AN13: =IF(AE13=AF$5,$AC13,"N") -> 200 | AO13: =IF(AE13=AF$5,$AD13,"N") -> 300 | AP13: =IF($AN13="N","N",SUM(C13:C16)) -> 0 | AQ13: =IF($AN13="N","N",SUM('調查資料(OUT)'!B19:B22)) -> 0 | AR13: =IF($AN13="N","N",SUM('調查資料(OUT)'!F19:F22)) -> 0 | AS13: =IF($AN13="N","N",SUM('調查資料(OUT)'!J19:J22)) -> 0 | AT13: =IF($AN13="N","N",(AP13/$BP13)*100) -> #DIV/0! | AU13: =IF($AN13="N","N",SUM(D13:D16)) -> 0 | AV13: =IF($AN13="N","N",SUM('調查資料(OUT)'!C19:C22)) -> 0 | AW13: =IF($AN13="N","N",SUM('調查資料(OUT)'!G19:G22)) -> 0 | AX13: =IF($AN13="N","N",SUM('調查資料(OUT)'!K19:K22)) -> 0 | AY13: =IF($AN13="N","N",(AU13/$BP13)*100) -> #DIV/0! | AZ13: =IF($AN13="N","N",SUM(E13:E16)) -> 0 | BA13: =IF($AN13="N","N",SUM('調查資料(OUT)'!D19:D22)) -> 0 | BB13: =IF($AN13="N","N",SUM('調查資料(OUT)'!H19:H22)) -> 0 | BC13: =IF($AN13="N","N",SUM('調查資料(OUT)'!L19:L22)) -> 0 | BD13: =IF($AN13="N","N",(AZ13/$BP13)*100) -> #DIV/0! | BE13: =IF($AN13="N","N",SUM(F13:F16)) -> 0 | BF13: =IF($AN13="N","N",SUM('調查資料(OUT)'!E19:E22)) -> 0 | BG13: =IF($AN13="N","N",SUM('調查資料(OUT)'!I19:I22)) -> 0 | BH13: =IF($AN13="N","N",SUM('調查資料(OUT)'!M19:M22)) -> 0 | BI13: =IF($AN13="N","N",(BE13/$BP13)*100) -> #DIV/0! | BJ13: =IF($AN13="N","N",AQ13+AV13+BA13+BF13) -> 0 | BK13: =IF($AN13="N","N",(BJ13/($BJ13+$BL13+$BN13))*100) -> #DIV/0! | BL13: =IF($AN13="N","N",AR13+AW13+BB13+BG13) -> 0 | BM13: =IF($AN13="N","N",(BL13/($BJ13+$BL13+$BN13))*100) -> #DIV/0! | BN13: =IF($AN13="N","N",AS13+AX13+BC13+BH13) -> 0 | BO13: =IF($AN13="N","N",(BN13/($BJ13+$BL13+$BN13))*100) -> #DIV/0! | BP13: =IF($AN13="N","N",AP13+AU13+AZ13+BE13) -> 0 | BQ13: =IF($AN13="N","N",SUM(H13:H16)) -> 0 | BR13: =IF($AN13="N","N",SUM('調查資料(OUT)'!N19:N22)) -> 0 | BS13: =IF($AN13="N","N",SUM('調查資料(OUT)'!R19:R22)) -> 0 | BT13: =IF($AN13="N","N",SUM('調查資料(OUT)'!V19:V22)) -> 0 | BU13: =IF($AN13="N","N",(BQ13/CQ13)*100) -> #DIV/0! | BV13: =IF($AN13="N","N",SUM(I13:I16)) -> 0 | BW13: =IF($AN13="N","N",SUM('調查資料(OUT)'!O19:O22)) -> 0 | BX13: =IF($AN13="N","N",SUM('調查資料(OUT)'!S19:S22)) -> 0 | BY13: =IF($AN13="N","N",SUM('調查資料(OUT)'!W19:W22)) -> 0 | BZ13: =IF($AN13="N","N",(BV13/$CQ13)*100) -> #DIV/0! | CA13: =IF($AN13="N","N",SUM(J13:J16)) -> 0 | CB13: =IF($AN13="N","N",SUM('調查資料(OUT)'!P19:P22)) -> 0 | CC13: =IF($AN13="N","N",SUM('調查資料(OUT)'!T19:T22)) -> 0 | CD13: =IF($AN13="N","N",SUM('調查資料(OUT)'!X19:X22)) -> 0 | CE13: =IF($AN13="N","N",(CA13/$CQ13)*100) -> #DIV/0! | CF13: =IF($AN13="N","N",SUM(K13:K16)) -> 0 | CG13: =IF($AN13="N","N",SUM('調查資料(OUT)'!Q19:Q22)) -> 0 | CH13: =IF($AN13="N","N",SUM('調查資料(OUT)'!U19:U22)) -> 0 | CI13: =IF($AN13="N","N",SUM('調查資料(OUT)'!Y19:Y22)) -> 0 | CJ13: =IF($AN13="N","N",(CF13/CQ13)*100) -> #DIV/0! | CK13: =IF($AN13="N","N",BR13+BW13+CB13+CG13) -> 0 | CL13: =IF($AN13="N","N",(CK13/($CK13+$CM13+$CO13))*100) -> #DIV/0! | CM13: =IF($AN13="N","N",BS13+BX13+CC13+CH13) -> 0 | CN13: =IF($AN13="N","N",(CM13/($CK13+$CM13+$CO13))*100) -> #DIV/0! | CO13: =IF($AN13="N","N",BT13+BY13+CD13+CI13) -> 0 | CP13: =IF($AN13="N","N",(CO13/($CK13+$CM13+$CO13))*100) -> #DIV/0! | CQ13: =IF($AN13="N","N",BQ13+BV13+CA13+CF13) -> 0 | CR13: =IF($AN13="N","N",SUM(M13:M16)) -> 0 | CS13: =IF($AN13="N","N",SUM('調查資料(OUT)'!Z19:Z22)) -> 0 | CT13: =IF($AN13="N","N",SUM('調查資料(OUT)'!AD19:AD22)) -> 0 | CU13: =IF($AN13="N","N",SUM('調查資料(OUT)'!AH19:AH22)) -> 0 | CV13: =IF($AN13="N","N",(CR13/DR13)*100) -> #DIV/0! | CW13: =IF($AN13="N","N",SUM(N13:N16)) -> 0 | CX13: =IF($AN13="N","N",SUM('調查資料(OUT)'!AA19:AA22)) -> 0 | CY13: =IF($AN13="N","N",SUM('調查資料(OUT)'!AE19:AE22)) -> 0 | CZ13: =IF($AN13="N","N",SUM('調查資料(OUT)'!AI19:AI22)) -> 0 | DA13: =IF($AN13="N","N",(CW13/$DR13)*100) -> #DIV/0! | DB13: =IF($AN13="N","N",SUM(O13:O16)) -> 0 | DC13: =IF($AN13="N","N",SUM('調查資料(OUT)'!AB19:AB22)) -> 0 | DD13: =IF($AN13="N","N",SUM('調查資料(OUT)'!AF19:AF22)) -> 0 | DE13: =IF($AN13="N","N",SUM('調查資料(OUT)'!AJ19:AJ22)) -> 0 | DF13: =IF($AN13="N","N",(DB13/$DR13)*100) -> #DIV/0! | DG13: =IF($AN13="N","N",SUM(P13:P16)) -> 0 | DH13: =IF($AN13="N","N",SUM('調查資料(OUT)'!AC19:AC22)) -> 0 | DI13: =IF($AN13="N","N",SUM('調查資料(OUT)'!AG19:AG22)) -> 0 | DJ13: =IF($AN13="N","N",SUM('調查資料(OUT)'!AK19:AK22)) -> 0 | DK13: =IF($AN13="N","N",(DG13/DR13)*100) -> #DIV/0! | DL13: =IF($AN13="N","N",CS13+CX13+DC13+DH13) -> 0 | DM13: =IF($AN13="N","N",(DL13/($DL13+$DN13+$DP13))*100) -> #DIV/0! | DN13: =IF($AN13="N","N",CT13+CY13+DD13+DI13) -> 0 | DO13: =IF($AN13="N","N",(DN13/($DL13+$DN13+$DP13))*100) -> #DIV/0! | DP13: =IF($AN13="N","N",CU13+CZ13+DE13+DJ13) -> 0 | DQ13: =IF($AN13="N","N",(DP13/($DL13+$DN13+$DP13))*100) -> #DIV/0! | DR13: =IF($AN13="N","N",CR13+CW13+DB13+DG13) -> 0 | DS13: =IF($AN13="N","N",SUM(R13:R16)) -> 0 | DT13: =IF($AN13="N","N",SUM('調查資料(OUT)'!AL19:AL22)) -> 0 | DU13: =IF($AN13="N","N",SUM('調查資料(OUT)'!AP19:AP22)) -> 0 | DV13: =IF($AN13="N","N",SUM('調查資料(OUT)'!AT19:AT22)) -> 0 | DW13: =IF($AN13="N","N",(DS13/ES13)*100) -> #DIV/0! | DX13: =IF($AN13="N","N",SUM(S13:S16)) -> 0 | DY13: =IF($AN13="N","N",SUM('調查資料(OUT)'!AM19:AM22)) -> 0 | DZ13: =IF($AN13="N","N",SUM('調查資料(OUT)'!AQ19:AQ22)) -> 0 | EA13: =IF($AN13="N","N",SUM('調查資料(OUT)'!AU19:AU22)) -> 0 | EB13: =IF($AN13="N","N",(DX13/$ES13)*100) -> #DIV/0! | EC13: =IF($AN13="N","N",SUM(T13:T16)) -> 0 | ED13: =IF($AN13="N","N",SUM('調查資料(OUT)'!AN19:AN22)) -> 0 | EE13: =IF($AN13="N","N",SUM('調查資料(OUT)'!AR19:AR22)) -> 0 | EF13: =IF($AN13="N","N",SUM('調查資料(OUT)'!AV19:AV22)) -> 0 | EG13: =IF($AN13="N","N",(EC13/$ES13)*100) -> #DIV/0! | EH13: =IF($AN13="N","N",SUM(U13:U16)) -> 0 | EI13: =IF($AN13="N","N",SUM('調查資料(OUT)'!AO19:AO22)) -> 0 | EJ13: =IF($AN13="N","N",SUM('調查資料(OUT)'!AS19:AS22)) -> 0 | EK13: =IF($AN13="N","N",SUM('調查資料(OUT)'!AW19:AW22)) -> 0 | EL13: =IF($AN13="N","N",(EH13/ES13)*100) -> #DIV/0! | EM13: =IF($AN13="N","N",DT13+DY13+ED13+EI13) -> 0 | EN13: =IF($AN13="N","N",(EM13/($EM13+$EO13+$EQ13))*100) -> #DIV/0! | EO13: =IF($AN13="N","N",DU13+DZ13+EE13+EJ13) -> 0 | EP13: =IF($AN13="N","N",(EO13/($EM13+$EO13+$EQ13))*100) -> #DIV/0! | EQ13: =IF($AN13="N","N",DV13+EA13+EF13+EK13) -> 0 | ER13: =IF($AN13="N","N",(EQ13/($EM13+$EO13+$EQ13))*100) -> #DIV/0! | ES13: =IF($AN13="N","N",DS13+DX13+EC13+EH13) -> 0 | ET13: =IF($AN13="N","N",SUM(W13:W16)) -> 0 | EU13: =IF($AN13="N","N",SUM('調查資料(OUT)'!AX19:AX22)) -> 0 | EV13: =IF($AN13="N","N",SUM('調查資料(OUT)'!BB19:BB22)) -> 0 | EW13: =IF($AN13="N","N",SUM('調查資料(OUT)'!BF19:BF22)) -> 0 | EX13: =IF($AN13="N","N",(ET13/FT13)*100) -> #DIV/0! | EY13: =IF($AN13="N","N",SUM(X13:X16)) -> 0 | EZ13: =IF($AN13="N","N",SUM('調查資料(OUT)'!AY19:AY22)) -> 0 | FA13: =IF($AN13="N","N",SUM('調查資料(OUT)'!BC19:BC22)) -> 0 | FB13: =IF($AN13="N","N",SUM('調查資料(OUT)'!BG19:BG22)) -> 0 | FC13: =IF($AN13="N","N",(EY13/$FT13)*100) -> #DIV/0! | FD13: =IF($AN13="N","N",SUM(Y13:Y16)) -> 0 | FE13: =IF($AN13="N","N",SUM('調查資料(OUT)'!AZ19:AZ22)) -> 0 | FF13: =IF($AN13="N","N",SUM('調查資料(OUT)'!BD19:BD22)) -> 0 | FG13: =IF($AN13="N","N",SUM('調查資料(OUT)'!BH19:BH22)) -> 0 | FH13: =IF($AN13="N","N",(FD13/$FT13)*100) -> #DIV/0! | FI13: =IF($AN13="N","N",SUM(Z13:Z16)) -> 0 | FJ13: =IF($AN13="N","N",SUM('調查資料(OUT)'!BA19:BA22)) -> 0 | FK13: =IF($AN13="N","N",SUM('調查資料(OUT)'!BE19:BE22)) -> 0 | FL13: =IF($AN13="N","N",SUM('調查資料(OUT)'!BI19:BI22)) -> 0 | FM13: =IF($AN13="N","N",(FI13/FT13)*100) -> #DIV/0! | FN13: =IF($AN13="N","N",EU13+EZ13+FE13+FJ13) -> 0 | FO13: =IF($AN13="N","N",(FN13/($FN13+$FP13+$FR13))*100) -> #DIV/0! | FP13: =IF($AN13="N","N",EV13+FA13+FF13+FK13) -> 0 | FQ13: =IF($AN13="N","N",(FP13/($FN13+$FP13+$FR13))*100) -> #DIV/0! | FR13: =IF($AN13="N","N",EW13+FB13+FG13+FL13) -> 0 | FS13: =IF($AN13="N","N",(FR13/($FN13+$FP13+$FR13))*100) -> #DIV/0! | FT13: =IF($AN13="N","N",ET13+EY13+FD13+FI13) -> 0
A14: ='調查資料(OUT)'!A20 -> 215 | B14: =SUM(C14:F14) -> 0 | C14: =IFERROR('調查資料(OUT)'!$B$1*'調查資料(OUT)'!B20,0)+IFERROR('調查資料(OUT)'!$F$1*'調查資料(OUT)'!F20,0)+IFERROR('調查資料(OUT)'!$J$1*'調查資料(OUT)'!J20,0) -> 0 | D14: =IFERROR('調查資料(OUT)'!$C$1*'調查資料(OUT)'!C20,0)+IFERROR('調查資料(OUT)'!$G$1*'調查資料(OUT)'!G20,0)+IFERROR('調查資料(OUT)'!$K$1*'調查資料(OUT)'!K20,0) -> 0 | E14: =IFERROR('調查資料(OUT)'!$D$1*'調查資料(OUT)'!D20,0)+IFERROR('調查資料(OUT)'!$H$1*'調查資料(OUT)'!H20,0)+IFERROR('調查資料(OUT)'!$L$1*'調查資料(OUT)'!L20,0) -> 0 | F14: =IFERROR('調查資料(OUT)'!$E$1*'調查資料(OUT)'!E20,0)+IFERROR('調查資料(OUT)'!$I$1*'調查資料(OUT)'!I20,0)+IFERROR('調查資料(OUT)'!$M$1*'調查資料(OUT)'!M20,0) -> 0 | G14: =SUM(H14:K14) -> 0 | H14: =IFERROR('調查資料(OUT)'!$N$1*'調查資料(OUT)'!N20,0)+IFERROR('調查資料(OUT)'!$R$1*'調查資料(OUT)'!R20,0)+IFERROR('調查資料(OUT)'!$V$1*'調查資料(OUT)'!V20,0) -> 0 | I14: =IFERROR('調查資料(OUT)'!$O$1*'調查資料(OUT)'!O20,0)+IFERROR('調查資料(OUT)'!$S$1*'調查資料(OUT)'!S20,0)+IFERROR('調查資料(OUT)'!$W$1*'調查資料(OUT)'!W20,0) -> 0 | J14: =IFERROR('調查資料(OUT)'!$P$1*'調查資料(OUT)'!P20,0)+IFERROR('調查資料(OUT)'!$T$1*'調查資料(OUT)'!T20,0)+IFERROR('調查資料(OUT)'!$X$1*'調查資料(OUT)'!X20,0) -> 0 | K14: =IFERROR('調查資料(OUT)'!$Q$1*'調查資料(OUT)'!Q20,0)+IFERROR('調查資料(OUT)'!$U$1*'調查資料(OUT)'!U20,0)+IFERROR('調查資料(OUT)'!$Y$1*'調查資料(OUT)'!Y20,0) -> 0 | L14: =SUM(M14:P14) -> 0 | M14: =IFERROR('調查資料(OUT)'!$Z$1*'調查資料(OUT)'!Z20,0)+IFERROR('調查資料(OUT)'!$AD$1*'調查資料(OUT)'!AD20,0)+IFERROR('調查資料(OUT)'!$AH$1*'調查資料(OUT)'!AH20,0) -> 0 | N14: =IFERROR('調查資料(OUT)'!$AA$1*'調查資料(OUT)'!AA20,0)+IFERROR('調查資料(OUT)'!$AE$1*'調查資料(OUT)'!AE20,0)+IFERROR('調查資料(OUT)'!$AI$1*'調查資料(OUT)'!AI20,0) -> 0 | O14: =IFERROR('調查資料(OUT)'!$AB$1*'調查資料(OUT)'!AB20,0)+IFERROR('調查資料(OUT)'!$AF$1*'調查資料(OUT)'!AF20,0)+IFERROR('調查資料(OUT)'!$AJ$1*'調查資料(OUT)'!AJ20,0) -> 0 | P14: =IFERROR('調查資料(OUT)'!$AC$1*'調查資料(OUT)'!AC20,0)+IFERROR('調查資料(OUT)'!$AG$1*'調查資料(OUT)'!AG20,0)+IFERROR('調查資料(OUT)'!$AK$1*'調查資料(OUT)'!AK20,0) -> 0 | Q14: =SUM(R14:U14) -> 0 | R14: =IFERROR('調查資料(OUT)'!$AL$1*'調查資料(OUT)'!AL20,0)+IFERROR('調查資料(OUT)'!$AP$1*'調查資料(OUT)'!AP20,0)+IFERROR('調查資料(OUT)'!$AT$1*'調查資料(OUT)'!AT20,0) -> 0 | S14: =IFERROR('調查資料(OUT)'!$AM$1*'調查資料(OUT)'!AM20,0)+IFERROR('調查資料(OUT)'!$AQ$1*'調查資料(OUT)'!AQ20,0)+IFERROR('調查資料(OUT)'!$AU$1*'調查資料(OUT)'!AU20,0) -> 0 | T14: =IFERROR('調查資料(OUT)'!$AN$1*'調查資料(OUT)'!AN20,0)+IFERROR('調查資料(OUT)'!$AR$1*'調查資料(OUT)'!AR20,0)+IFERROR('調查資料(OUT)'!$AV$1*'調查資料(OUT)'!AV20,0) -> 0 | U14: =IFERROR('調查資料(OUT)'!$AO$1*'調查資料(OUT)'!AO20,0)+IFERROR('調查資料(OUT)'!$AS$1*'調查資料(OUT)'!AS20,0)+IFERROR('調查資料(OUT)'!$AW$1*'調查資料(OUT)'!AW20,0) -> 0 | V14: =SUM(W14:Z14) -> 0 | W14: =IFERROR('調查資料(OUT)'!$AX$1*'調查資料(OUT)'!AX20,0)+IFERROR('調查資料(OUT)'!$BB$1*'調查資料(OUT)'!BB20,0)+IFERROR('調查資料(OUT)'!$BF$1*'調查資料(OUT)'!BF20,0) -> 0 | X14: =IFERROR('調查資料(OUT)'!$AY$1*'調查資料(OUT)'!AY20,0)+IFERROR('調查資料(OUT)'!$BC$1*'調查資料(OUT)'!BC20,0)+IFERROR('調查資料(OUT)'!$BG$1*'調查資料(OUT)'!BG20,0) -> 0 | Y14: =IFERROR('調查資料(OUT)'!$AZ$1*'調查資料(OUT)'!AZ20,0)+IFERROR('調查資料(OUT)'!$BD$1*'調查資料(OUT)'!BD20,0)+IFERROR('調查資料(OUT)'!$BH$1*'調查資料(OUT)'!BH20,0) -> 0 | Z14: =IFERROR('調查資料(OUT)'!$BA$1*'調查資料(OUT)'!BA20,0)+IFERROR('調查資料(OUT)'!$BE$1*'調查資料(OUT)'!BE20,0)+IFERROR('調查資料(OUT)'!$BI$1*'調查資料(OUT)'!BI20,0) -> 0 | AA14: =B14+G14+L14+Q14+V14 -> 0 | AC14: ='調查資料(OUT)'!A20 -> 215 | AD14: =AC14+100 -> 315 | AE14: =SUM(AA14:AA17) -> 0 | AG14: =IF($AE14=$AF$5,MAX(AA14:AA17),0) -> 0 | AH14: =IF($AE14=AF$5,SUM(B14:B17)/(4*(MAX(B14:B17))),0) -> #DIV/0! | AI14: =IF($AE14=AF$5,SUM(G14:G17)/(4*(MAX(G14:G17))),0) -> #DIV/0! | AJ14: =IF($AE14=AF$5,SUM(L14:L17)/(4*(MAX(L14:L17))),0) -> #DIV/0! | AK14: =IF($AE14=AF$5,SUM(Q14:Q17)/(4*(MAX(Q14:Q17))),0) -> #DIV/0! | AL14: =IF($AE14=AF$5,SUM(V14:V17)/(4*(MAX(V14:V17))),0) -> #DIV/0! | AN14: =IF(AE14=AF$5,$AC14,"N") -> 215 | AO14: =IF(AE14=AF$5,$AD14,"N") -> 315 | AP14: =IF($AN14="N","N",SUM(C14:C17)) -> 0 | AQ14: =IF($AN14="N","N",SUM('調查資料(OUT)'!B20:B23)) -> 0 | AR14: =IF($AN14="N","N",SUM('調查資料(OUT)'!F20:F23)) -> 0 | AS14: =IF($AN14="N","N",SUM('調查資料(OUT)'!J20:J23)) -> 0 | AT14: =IF($AN14="N","N",(AP14/$BP14)*100) -> #DIV/0! | AU14: =IF($AN14="N","N",SUM(D14:D17)) -> 0 | AV14: =IF($AN14="N","N",SUM('調查資料(OUT)'!C20:C23)) -> 0 | AW14: =IF($AN14="N","N",SUM('調查資料(OUT)'!G20:G23)) -> 0 | AX14: =IF($AN14="N","N",SUM('調查資料(OUT)'!K20:K23)) -> 0 | AY14: =IF($AN14="N","N",(AU14/$BP14)*100) -> #DIV/0! | AZ14: =IF($AN14="N","N",SUM(E14:E17)) -> 0 | BA14: =IF($AN14="N","N",SUM('調查資料(OUT)'!D20:D23)) -> 0 | BB14: =IF($AN14="N","N",SUM('調查資料(OUT)'!H20:H23)) -> 0 | BC14: =IF($AN14="N","N",SUM('調查資料(OUT)'!L20:L23)) -> 0 | BD14: =IF($AN14="N","N",(AZ14/$BP14)*100) -> #DIV/0! | BE14: =IF($AN14="N","N",SUM(F14:F17)) -> 0 | BF14: =IF($AN14="N","N",SUM('調查資料(OUT)'!E20:E23)) -> 0 | BG14: =IF($AN14="N","N",SUM('調查資料(OUT)'!I20:I23)) -> 0 | BH14: =IF($AN14="N","N",SUM('調查資料(OUT)'!M20:M23)) -> 0 | BI14: =IF($AN14="N","N",(BE14/$BP14)*100) -> #DIV/0! | BJ14: =IF($AN14="N","N",AQ14+AV14+BA14+BF14) -> 0 | BK14: =IF($AN14="N","N",(BJ14/($BJ14+$BL14+$BN14))*100) -> #DIV/0! | BL14: =IF($AN14="N","N",AR14+AW14+BB14+BG14) -> 0 | BM14: =IF($AN14="N","N",(BL14/($BJ14+$BL14+$BN14))*100) -> #DIV/0! | BN14: =IF($AN14="N","N",AS14+AX14+BC14+BH14) -> 0 | BO14: =IF($AN14="N","N",(BN14/($BJ14+$BL14+$BN14))*100) -> #DIV/0! | BP14: =IF($AN14="N","N",AP14+AU14+AZ14+BE14) -> 0 | BQ14: =IF($AN14="N","N",SUM(H14:H17)) -> 0 | BR14: =IF($AN14="N","N",SUM('調查資料(OUT)'!N20:N23)) -> 0 | BS14: =IF($AN14="N","N",SUM('調查資料(OUT)'!R20:R23)) -> 0 | BT14: =IF($AN14="N","N",SUM('調查資料(OUT)'!V20:V23)) -> 0 | BU14: =IF($AN14="N","N",(BQ14/CQ14)*100) -> #DIV/0! | BV14: =IF($AN14="N","N",SUM(I14:I17)) -> 0 | BW14: =IF($AN14="N","N",SUM('調查資料(OUT)'!O20:O23)) -> 0 | BX14: =IF($AN14="N","N",SUM('調查資料(OUT)'!S20:S23)) -> 0 | BY14: =IF($AN14="N","N",SUM('調查資料(OUT)'!W20:W23)) -> 0 | BZ14: =IF($AN14="N","N",(BV14/$CQ14)*100) -> #DIV/0! | CA14: =IF($AN14="N","N",SUM(J14:J17)) -> 0 | CB14: =IF($AN14="N","N",SUM('調查資料(OUT)'!P20:P23)) -> 0 | CC14: =IF($AN14="N","N",SUM('調查資料(OUT)'!T20:T23)) -> 0 | CD14: =IF($AN14="N","N",SUM('調查資料(OUT)'!X20:X23)) -> 0 | CE14: =IF($AN14="N","N",(CA14/$CQ14)*100) -> #DIV/0! | CF14: =IF($AN14="N","N",SUM(K14:K17)) -> 0 | CG14: =IF($AN14="N","N",SUM('調查資料(OUT)'!Q20:Q23)) -> 0 | CH14: =IF($AN14="N","N",SUM('調查資料(OUT)'!U20:U23)) -> 0 | CI14: =IF($AN14="N","N",SUM('調查資料(OUT)'!Y20:Y23)) -> 0 | CJ14: =IF($AN14="N","N",(CF14/CQ14)*100) -> #DIV/0! | CK14: =IF($AN14="N","N",BR14+BW14+CB14+CG14) -> 0 | CL14: =IF($AN14="N","N",(CK14/($CK14+$CM14+$CO14))*100) -> #DIV/0! | CM14: =IF($AN14="N","N",BS14+BX14+CC14+CH14) -> 0 | CN14: =IF($AN14="N","N",(CM14/($CK14+$CM14+$CO14))*100) -> #DIV/0! | CO14: =IF($AN14="N","N",BT14+BY14+CD14+CI14) -> 0 | CP14: =IF($AN14="N","N",(CO14/($CK14+$CM14+$CO14))*100) -> #DIV/0! | CQ14: =IF($AN14="N","N",BQ14+BV14+CA14+CF14) -> 0 | CR14: =IF($AN14="N","N",SUM(M14:M17)) -> 0 | CS14: =IF($AN14="N","N",SUM('調查資料(OUT)'!Z20:Z23)) -> 0 | CT14: =IF($AN14="N","N",SUM('調查資料(OUT)'!AD20:AD23)) -> 0 | CU14: =IF($AN14="N","N",SUM('調查資料(OUT)'!AH20:AH23)) -> 0 | CV14: =IF($AN14="N","N",(CR14/DR14)*100) -> #DIV/0! | CW14: =IF($AN14="N","N",SUM(N14:N17)) -> 0 | CX14: =IF($AN14="N","N",SUM('調查資料(OUT)'!AA20:AA23)) -> 0 | CY14: =IF($AN14="N","N",SUM('調查資料(OUT)'!AE20:AE23)) -> 0 | CZ14: =IF($AN14="N","N",SUM('調查資料(OUT)'!AI20:AI23)) -> 0 | DA14: =IF($AN14="N","N",(CW14/$DR14)*100) -> #DIV/0! | DB14: =IF($AN14="N","N",SUM(O14:O17)) -> 0 | DC14: =IF($AN14="N","N",SUM('調查資料(OUT)'!AB20:AB23)) -> 0 | DD14: =IF($AN14="N","N",SUM('調查資料(OUT)'!AF20:AF23)) -> 0 | DE14: =IF($AN14="N","N",SUM('調查資料(OUT)'!AJ20:AJ23)) -> 0 | DF14: =IF($AN14="N","N",(DB14/$DR14)*100) -> #DIV/0! | DG14: =IF($AN14="N","N",SUM(P14:P17)) -> 0 | DH14: =IF($AN14="N","N",SUM('調查資料(OUT)'!AC20:AC23)) -> 0 | DI14: =IF($AN14="N","N",SUM('調查資料(OUT)'!AG20:AG23)) -> 0 | DJ14: =IF($AN14="N","N",SUM('調查資料(OUT)'!AK20:AK23)) -> 0 | DK14: =IF($AN14="N","N",(DG14/DR14)*100) -> #DIV/0! | DL14: =IF($AN14="N","N",CS14+CX14+DC14+DH14) -> 0 | DM14: =IF($AN14="N","N",(DL14/($DL14+$DN14+$DP14))*100) -> #DIV/0! | DN14: =IF($AN14="N","N",CT14+CY14+DD14+DI14) -> 0 | DO14: =IF($AN14="N","N",(DN14/($DL14+$DN14+$DP14))*100) -> #DIV/0! | DP14: =IF($AN14="N","N",CU14+CZ14+DE14+DJ14) -> 0 | DQ14: =IF($AN14="N","N",(DP14/($DL14+$DN14+$DP14))*100) -> #DIV/0! | DR14: =IF($AN14="N","N",CR14+CW14+DB14+DG14) -> 0 | DS14: =IF($AN14="N","N",SUM(R14:R17)) -> 0 | DT14: =IF($AN14="N","N",SUM('調查資料(OUT)'!AL20:AL23)) -> 0 | DU14: =IF($AN14="N","N",SUM('調查資料(OUT)'!AP20:AP23)) -> 0 | DV14: =IF($AN14="N","N",SUM('調查資料(OUT)'!AT20:AT23)) -> 0 | DW14: =IF($AN14="N","N",(DS14/ES14)*100) -> #DIV/0! | DX14: =IF($AN14="N","N",SUM(S14:S17)) -> 0 | DY14: =IF($AN14="N","N",SUM('調查資料(OUT)'!AM20:AM23)) -> 0 | DZ14: =IF($AN14="N","N",SUM('調查資料(OUT)'!AQ20:AQ23)) -> 0 | EA14: =IF($AN14="N","N",SUM('調查資料(OUT)'!AU20:AU23)) -> 0 | EB14: =IF($AN14="N","N",(DX14/$ES14)*100) -> #DIV/0! | EC14: =IF($AN14="N","N",SUM(T14:T17)) -> 0 | ED14: =IF($AN14="N","N",SUM('調查資料(OUT)'!AN20:AN23)) -> 0 | EE14: =IF($AN14="N","N",SUM('調查資料(OUT)'!AR20:AR23)) -> 0 | EF14: =IF($AN14="N","N",SUM('調查資料(OUT)'!AV20:AV23)) -> 0 | EG14: =IF($AN14="N","N",(EC14/$ES14)*100) -> #DIV/0! | EH14: =IF($AN14="N","N",SUM(U14:U17)) -> 0 | EI14: =IF($AN14="N","N",SUM('調查資料(OUT)'!AO20:AO23)) -> 0 | EJ14: =IF($AN14="N","N",SUM('調查資料(OUT)'!AS20:AS23)) -> 0 | EK14: =IF($AN14="N","N",SUM('調查資料(OUT)'!AW20:AW23)) -> 0 | EL14: =IF($AN14="N","N",(EH14/ES14)*100) -> #DIV/0! | EM14: =IF($AN14="N","N",DT14+DY14+ED14+EI14) -> 0 | EN14: =IF($AN14="N","N",(EM14/($EM14+$EO14+$EQ14))*100) -> #DIV/0! | EO14: =IF($AN14="N","N",DU14+DZ14+EE14+EJ14) -> 0 | EP14: =IF($AN14="N","N",(EO14/($EM14+$EO14+$EQ14))*100) -> #DIV/0! | EQ14: =IF($AN14="N","N",DV14+EA14+EF14+EK14) -> 0 | ER14: =IF($AN14="N","N",(EQ14/($EM14+$EO14+$EQ14))*100) -> #DIV/0! | ES14: =IF($AN14="N","N",DS14+DX14+EC14+EH14) -> 0 | ET14: =IF($AN14="N","N",SUM(W14:W17)) -> 0 | EU14: =IF($AN14="N","N",SUM('調查資料(OUT)'!AX20:AX23)) -> 0 | EV14: =IF($AN14="N","N",SUM('調查資料(OUT)'!BB20:BB23)) -> 0 | EW14: =IF($AN14="N","N",SUM('調查資料(OUT)'!BF20:BF23)) -> 0 | EX14: =IF($AN14="N","N",(ET14/FT14)*100) -> #DIV/0! | EY14: =IF($AN14="N","N",SUM(X14:X17)) -> 0 | EZ14: =IF($AN14="N","N",SUM('調查資料(OUT)'!AY20:AY23)) -> 0 | FA14: =IF($AN14="N","N",SUM('調查資料(OUT)'!BC20:BC23)) -> 0 | FB14: =IF($AN14="N","N",SUM('調查資料(OUT)'!BG20:BG23)) -> 0 | FC14: =IF($AN14="N","N",(EY14/$FT14)*100) -> #DIV/0! | FD14: =IF($AN14="N","N",SUM(Y14:Y17)) -> 0 | FE14: =IF($AN14="N","N",SUM('調查資料(OUT)'!AZ20:AZ23)) -> 0 | FF14: =IF($AN14="N","N",SUM('調查資料(OUT)'!BD20:BD23)) -> 0 | FG14: =IF($AN14="N","N",SUM('調查資料(OUT)'!BH20:BH23)) -> 0 | FH14: =IF($AN14="N","N",(FD14/$FT14)*100) -> #DIV/0! | FI14: =IF($AN14="N","N",SUM(Z14:Z17)) -> 0 | FJ14: =IF($AN14="N","N",SUM('調查資料(OUT)'!BA20:BA23)) -> 0 | FK14: =IF($AN14="N","N",SUM('調查資料(OUT)'!BE20:BE23)) -> 0 | FL14: =IF($AN14="N","N",SUM('調查資料(OUT)'!BI20:BI23)) -> 0 | FM14: =IF($AN14="N","N",(FI14/FT14)*100) -> #DIV/0! | FN14: =IF($AN14="N","N",EU14+EZ14+FE14+FJ14) -> 0 | FO14: =IF($AN14="N","N",(FN14/($FN14+$FP14+$FR14))*100) -> #DIV/0! | FP14: =IF($AN14="N","N",EV14+FA14+FF14+FK14) -> 0 | FQ14: =IF($AN14="N","N",(FP14/($FN14+$FP14+$FR14))*100) -> #DIV/0! | FR14: =IF($AN14="N","N",EW14+FB14+FG14+FL14) -> 0 | FS14: =IF($AN14="N","N",(FR14/($FN14+$FP14+$FR14))*100) -> #DIV/0! | FT14: =IF($AN14="N","N",ET14+EY14+FD14+FI14) -> 0
A15: ='調查資料(OUT)'!A21 -> 230 | B15: =SUM(C15:F15) -> 0 | C15: =IFERROR('調查資料(OUT)'!$B$1*'調查資料(OUT)'!B21,0)+IFERROR('調查資料(OUT)'!$F$1*'調查資料(OUT)'!F21,0)+IFERROR('調查資料(OUT)'!$J$1*'調查資料(OUT)'!J21,0) -> 0 | D15: =IFERROR('調查資料(OUT)'!$C$1*'調查資料(OUT)'!C21,0)+IFERROR('調查資料(OUT)'!$G$1*'調查資料(OUT)'!G21,0)+IFERROR('調查資料(OUT)'!$K$1*'調查資料(OUT)'!K21,0) -> 0 | E15: =IFERROR('調查資料(OUT)'!$D$1*'調查資料(OUT)'!D21,0)+IFERROR('調查資料(OUT)'!$H$1*'調查資料(OUT)'!H21,0)+IFERROR('調查資料(OUT)'!$L$1*'調查資料(OUT)'!L21,0) -> 0 | F15: =IFERROR('調查資料(OUT)'!$E$1*'調查資料(OUT)'!E21,0)+IFERROR('調查資料(OUT)'!$I$1*'調查資料(OUT)'!I21,0)+IFERROR('調查資料(OUT)'!$M$1*'調查資料(OUT)'!M21,0) -> 0 | G15: =SUM(H15:K15) -> 0 | H15: =IFERROR('調查資料(OUT)'!$N$1*'調查資料(OUT)'!N21,0)+IFERROR('調查資料(OUT)'!$R$1*'調查資料(OUT)'!R21,0)+IFERROR('調查資料(OUT)'!$V$1*'調查資料(OUT)'!V21,0) -> 0 | I15: =IFERROR('調查資料(OUT)'!$O$1*'調查資料(OUT)'!O21,0)+IFERROR('調查資料(OUT)'!$S$1*'調查資料(OUT)'!S21,0)+IFERROR('調查資料(OUT)'!$W$1*'調查資料(OUT)'!W21,0) -> 0 | J15: =IFERROR('調查資料(OUT)'!$P$1*'調查資料(OUT)'!P21,0)+IFERROR('調查資料(OUT)'!$T$1*'調查資料(OUT)'!T21,0)+IFERROR('調查資料(OUT)'!$X$1*'調查資料(OUT)'!X21,0) -> 0 | K15: =IFERROR('調查資料(OUT)'!$Q$1*'調查資料(OUT)'!Q21,0)+IFERROR('調查資料(OUT)'!$U$1*'調查資料(OUT)'!U21,0)+IFERROR('調查資料(OUT)'!$Y$1*'調查資料(OUT)'!Y21,0) -> 0 | L15: =SUM(M15:P15) -> 0 | M15: =IFERROR('調查資料(OUT)'!$Z$1*'調查資料(OUT)'!Z21,0)+IFERROR('調查資料(OUT)'!$AD$1*'調查資料(OUT)'!AD21,0)+IFERROR('調查資料(OUT)'!$AH$1*'調查資料(OUT)'!AH21,0) -> 0 | N15: =IFERROR('調查資料(OUT)'!$AA$1*'調查資料(OUT)'!AA21,0)+IFERROR('調查資料(OUT)'!$AE$1*'調查資料(OUT)'!AE21,0)+IFERROR('調查資料(OUT)'!$AI$1*'調查資料(OUT)'!AI21,0) -> 0 | O15: =IFERROR('調查資料(OUT)'!$AB$1*'調查資料(OUT)'!AB21,0)+IFERROR('調查資料(OUT)'!$AF$1*'調查資料(OUT)'!AF21,0)+IFERROR('調查資料(OUT)'!$AJ$1*'調查資料(OUT)'!AJ21,0) -> 0 | P15: =IFERROR('調查資料(OUT)'!$AC$1*'調查資料(OUT)'!AC21,0)+IFERROR('調查資料(OUT)'!$AG$1*'調查資料(OUT)'!AG21,0)+IFERROR('調查資料(OUT)'!$AK$1*'調查資料(OUT)'!AK21,0) -> 0 | Q15: =SUM(R15:U15) -> 0 | R15: =IFERROR('調查資料(OUT)'!$AL$1*'調查資料(OUT)'!AL21,0)+IFERROR('調查資料(OUT)'!$AP$1*'調查資料(OUT)'!AP21,0)+IFERROR('調查資料(OUT)'!$AT$1*'調查資料(OUT)'!AT21,0) -> 0 | S15: =IFERROR('調查資料(OUT)'!$AM$1*'調查資料(OUT)'!AM21,0)+IFERROR('調查資料(OUT)'!$AQ$1*'調查資料(OUT)'!AQ21,0)+IFERROR('調查資料(OUT)'!$AU$1*'調查資料(OUT)'!AU21,0) -> 0 | T15: =IFERROR('調查資料(OUT)'!$AN$1*'調查資料(OUT)'!AN21,0)+IFERROR('調查資料(OUT)'!$AR$1*'調查資料(OUT)'!AR21,0)+IFERROR('調查資料(OUT)'!$AV$1*'調查資料(OUT)'!AV21,0) -> 0 | U15: =IFERROR('調查資料(OUT)'!$AO$1*'調查資料(OUT)'!AO21,0)+IFERROR('調查資料(OUT)'!$AS$1*'調查資料(OUT)'!AS21,0)+IFERROR('調查資料(OUT)'!$AW$1*'調查資料(OUT)'!AW21,0) -> 0 | V15: =SUM(W15:Z15) -> 0 | W15: =IFERROR('調查資料(OUT)'!$AX$1*'調查資料(OUT)'!AX21,0)+IFERROR('調查資料(OUT)'!$BB$1*'調查資料(OUT)'!BB21,0)+IFERROR('調查資料(OUT)'!$BF$1*'調查資料(OUT)'!BF21,0) -> 0 | X15: =IFERROR('調查資料(OUT)'!$AY$1*'調查資料(OUT)'!AY21,0)+IFERROR('調查資料(OUT)'!$BC$1*'調查資料(OUT)'!BC21,0)+IFERROR('調查資料(OUT)'!$BG$1*'調查資料(OUT)'!BG21,0) -> 0 | Y15: =IFERROR('調查資料(OUT)'!$AZ$1*'調查資料(OUT)'!AZ21,0)+IFERROR('調查資料(OUT)'!$BD$1*'調查資料(OUT)'!BD21,0)+IFERROR('調查資料(OUT)'!$BH$1*'調查資料(OUT)'!BH21,0) -> 0 | Z15: =IFERROR('調查資料(OUT)'!$BA$1*'調查資料(OUT)'!BA21,0)+IFERROR('調查資料(OUT)'!$BE$1*'調查資料(OUT)'!BE21,0)+IFERROR('調查資料(OUT)'!$BI$1*'調查資料(OUT)'!BI21,0) -> 0 | AA15: =B15+G15+L15+Q15+V15 -> 0 | AC15: ='調查資料(OUT)'!A21 -> 230 | AD15: =AC15+100 -> 330 | AE15: =SUM(AA15:AA18) -> 0 | AG15: =IF($AE15=$AF$5,MAX(AA15:AA18),0) -> 0 | AH15: =IF($AE15=AF$5,SUM(B15:B18)/(4*(MAX(B15:B18))),0) -> #DIV/0! | AI15: =IF($AE15=AF$5,SUM(G15:G18)/(4*(MAX(G15:G18))),0) -> #DIV/0! | AJ15: =IF($AE15=AF$5,SUM(L15:L18)/(4*(MAX(L15:L18))),0) -> #DIV/0! | AK15: =IF($AE15=AF$5,SUM(Q15:Q18)/(4*(MAX(Q15:Q18))),0) -> #DIV/0! | AL15: =IF($AE15=AF$5,SUM(V15:V18)/(4*(MAX(V15:V18))),0) -> #DIV/0! | AN15: =IF(AE15=AF$5,$AC15,"N") -> 230 | AO15: =IF(AE15=AF$5,$AD15,"N") -> 330 | AP15: =IF($AN15="N","N",SUM(C15:C18)) -> 0 | AQ15: =IF($AN15="N","N",SUM('調查資料(OUT)'!B21:B24)) -> 0 | AR15: =IF($AN15="N","N",SUM('調查資料(OUT)'!F21:F24)) -> 0 | AS15: =IF($AN15="N","N",SUM('調查資料(OUT)'!J21:J24)) -> 0 | AT15: =IF($AN15="N","N",(AP15/$BP15)*100) -> #DIV/0! | AU15: =IF($AN15="N","N",SUM(D15:D18)) -> 0 | AV15: =IF($AN15="N","N",SUM('調查資料(OUT)'!C21:C24)) -> 0 | AW15: =IF($AN15="N","N",SUM('調查資料(OUT)'!G21:G24)) -> 0 | AX15: =IF($AN15="N","N",SUM('調查資料(OUT)'!K21:K24)) -> 0 | AY15: =IF($AN15="N","N",(AU15/$BP15)*100) -> #DIV/0! | AZ15: =IF($AN15="N","N",SUM(E15:E18)) -> 0 | BA15: =IF($AN15="N","N",SUM('調查資料(OUT)'!D21:D24)) -> 0 | BB15: =IF($AN15="N","N",SUM('調查資料(OUT)'!H21:H24)) -> 0 | BC15: =IF($AN15="N","N",SUM('調查資料(OUT)'!L21:L24)) -> 0 | BD15: =IF($AN15="N","N",(AZ15/$BP15)*100) -> #DIV/0! | BE15: =IF($AN15="N","N",SUM(F15:F18)) -> 0 | BF15: =IF($AN15="N","N",SUM('調查資料(OUT)'!E21:E24)) -> 0 | BG15: =IF($AN15="N","N",SUM('調查資料(OUT)'!I21:I24)) -> 0 | BH15: =IF($AN15="N","N",SUM('調查資料(OUT)'!M21:M24)) -> 0 | BI15: =IF($AN15="N","N",(BE15/$BP15)*100) -> #DIV/0! | BJ15: =IF($AN15="N","N",AQ15+AV15+BA15+BF15) -> 0 | BK15: =IF($AN15="N","N",(BJ15/($BJ15+$BL15+$BN15))*100) -> #DIV/0! | BL15: =IF($AN15="N","N",AR15+AW15+BB15+BG15) -> 0 | BM15: =IF($AN15="N","N",(BL15/($BJ15+$BL15+$BN15))*100) -> #DIV/0! | BN15: =IF($AN15="N","N",AS15+AX15+BC15+BH15) -> 0 | BO15: =IF($AN15="N","N",(BN15/($BJ15+$BL15+$BN15))*100) -> #DIV/0! | BP15: =IF($AN15="N","N",AP15+AU15+AZ15+BE15) -> 0 | BQ15: =IF($AN15="N","N",SUM(H15:H18)) -> 0 | BR15: =IF($AN15="N","N",SUM('調查資料(OUT)'!N21:N24)) -> 0 | BS15: =IF($AN15="N","N",SUM('調查資料(OUT)'!R21:R24)) -> 0 | BT15: =IF($AN15="N","N",SUM('調查資料(OUT)'!V21:V24)) -> 0 | BU15: =IF($AN15="N","N",(BQ15/CQ15)*100) -> #DIV/0! | BV15: =IF($AN15="N","N",SUM(I15:I18)) -> 0 | BW15: =IF($AN15="N","N",SUM('調查資料(OUT)'!O21:O24)) -> 0 | BX15: =IF($AN15="N","N",SUM('調查資料(OUT)'!S21:S24)) -> 0 | BY15: =IF($AN15="N","N",SUM('調查資料(OUT)'!W21:W24)) -> 0 | BZ15: =IF($AN15="N","N",(BV15/$CQ15)*100) -> #DIV/0! | CA15: =IF($AN15="N","N",SUM(J15:J18)) -> 0 | CB15: =IF($AN15="N","N",SUM('調查資料(OUT)'!P21:P24)) -> 0 | CC15: =IF($AN15="N","N",SUM('調查資料(OUT)'!T21:T24)) -> 0 | CD15: =IF($AN15="N","N",SUM('調查資料(OUT)'!X21:X24)) -> 0 | CE15: =IF($AN15="N","N",(CA15/$CQ15)*100) -> #DIV/0! | CF15: =IF($AN15="N","N",SUM(K15:K18)) -> 0 | CG15: =IF($AN15="N","N",SUM('調查資料(OUT)'!Q21:Q24)) -> 0 | CH15: =IF($AN15="N","N",SUM('調查資料(OUT)'!U21:U24)) -> 0 | CI15: =IF($AN15="N","N",SUM('調查資料(OUT)'!Y21:Y24)) -> 0 | CJ15: =IF($AN15="N","N",(CF15/CQ15)*100) -> #DIV/0! | CK15: =IF($AN15="N","N",BR15+BW15+CB15+CG15) -> 0 | CL15: =IF($AN15="N","N",(CK15/($CK15+$CM15+$CO15))*100) -> #DIV/0! | CM15: =IF($AN15="N","N",BS15+BX15+CC15+CH15) -> 0 | CN15: =IF($AN15="N","N",(CM15/($CK15+$CM15+$CO15))*100) -> #DIV/0! | CO15: =IF($AN15="N","N",BT15+BY15+CD15+CI15) -> 0 | CP15: =IF($AN15="N","N",(CO15/($CK15+$CM15+$CO15))*100) -> #DIV/0! | CQ15: =IF($AN15="N","N",BQ15+BV15+CA15+CF15) -> 0 | CR15: =IF($AN15="N","N",SUM(M15:M18)) -> 0 | CS15: =IF($AN15="N","N",SUM('調查資料(OUT)'!Z21:Z24)) -> 0 | CT15: =IF($AN15="N","N",SUM('調查資料(OUT)'!AD21:AD24)) -> 0 | CU15: =IF($AN15="N","N",SUM('調查資料(OUT)'!AH21:AH24)) -> 0 | CV15: =IF($AN15="N","N",(CR15/DR15)*100) -> #DIV/0! | CW15: =IF($AN15="N","N",SUM(N15:N18)) -> 0 | CX15: =IF($AN15="N","N",SUM('調查資料(OUT)'!AA21:AA24)) -> 0 | CY15: =IF($AN15="N","N",SUM('調查資料(OUT)'!AE21:AE24)) -> 0 | CZ15: =IF($AN15="N","N",SUM('調查資料(OUT)'!AI21:AI24)) -> 0 | DA15: =IF($AN15="N","N",(CW15/$DR15)*100) -> #DIV/0! | DB15: =IF($AN15="N","N",SUM(O15:O18)) -> 0 | DC15: =IF($AN15="N","N",SUM('調查資料(OUT)'!AB21:AB24)) -> 0 | DD15: =IF($AN15="N","N",SUM('調查資料(OUT)'!AF21:AF24)) -> 0 | DE15: =IF($AN15="N","N",SUM('調查資料(OUT)'!AJ21:AJ24)) -> 0 | DF15: =IF($AN15="N","N",(DB15/$DR15)*100) -> #DIV/0! | DG15: =IF($AN15="N","N",SUM(P15:P18)) -> 0 | DH15: =IF($AN15="N","N",SUM('調查資料(OUT)'!AC21:AC24)) -> 0 | DI15: =IF($AN15="N","N",SUM('調查資料(OUT)'!AG21:AG24)) -> 0 | DJ15: =IF($AN15="N","N",SUM('調查資料(OUT)'!AK21:AK24)) -> 0 | DK15: =IF($AN15="N","N",(DG15/DR15)*100) -> #DIV/0! | DL15: =IF($AN15="N","N",CS15+CX15+DC15+DH15) -> 0 | DM15: =IF($AN15="N","N",(DL15/($DL15+$DN15+$DP15))*100) -> #DIV/0! | DN15: =IF($AN15="N","N",CT15+CY15+DD15+DI15) -> 0 | DO15: =IF($AN15="N","N",(DN15/($DL15+$DN15+$DP15))*100) -> #DIV/0! | DP15: =IF($AN15="N","N",CU15+CZ15+DE15+DJ15) -> 0 | DQ15: =IF($AN15="N","N",(DP15/($DL15+$DN15+$DP15))*100) -> #DIV/0! | DR15: =IF($AN15="N","N",CR15+CW15+DB15+DG15) -> 0 | DS15: =IF($AN15="N","N",SUM(R15:R18)) -> 0 | DT15: =IF($AN15="N","N",SUM('調查資料(OUT)'!AL21:AL24)) -> 0 | DU15: =IF($AN15="N","N",SUM('調查資料(OUT)'!AP21:AP24)) -> 0 | DV15: =IF($AN15="N","N",SUM('調查資料(OUT)'!AT21:AT24)) -> 0 | DW15: =IF($AN15="N","N",(DS15/ES15)*100) -> #DIV/0! | DX15: =IF($AN15="N","N",SUM(S15:S18)) -> 0 | DY15: =IF($AN15="N","N",SUM('調查資料(OUT)'!AM21:AM24)) -> 0 | DZ15: =IF($AN15="N","N",SUM('調查資料(OUT)'!AQ21:AQ24)) -> 0 | EA15: =IF($AN15="N","N",SUM('調查資料(OUT)'!AU21:AU24)) -> 0 | EB15: =IF($AN15="N","N",(DX15/$ES15)*100) -> #DIV/0! | EC15: =IF($AN15="N","N",SUM(T15:T18)) -> 0 | ED15: =IF($AN15="N","N",SUM('調查資料(OUT)'!AN21:AN24)) -> 0 | EE15: =IF($AN15="N","N",SUM('調查資料(OUT)'!AR21:AR24)) -> 0 | EF15: =IF($AN15="N","N",SUM('調查資料(OUT)'!AV21:AV24)) -> 0 | EG15: =IF($AN15="N","N",(EC15/$ES15)*100) -> #DIV/0! | EH15: =IF($AN15="N","N",SUM(U15:U18)) -> 0 | EI15: =IF($AN15="N","N",SUM('調查資料(OUT)'!AO21:AO24)) -> 0 | EJ15: =IF($AN15="N","N",SUM('調查資料(OUT)'!AS21:AS24)) -> 0 | EK15: =IF($AN15="N","N",SUM('調查資料(OUT)'!AW21:AW24)) -> 0 | EL15: =IF($AN15="N","N",(EH15/ES15)*100) -> #DIV/0! | EM15: =IF($AN15="N","N",DT15+DY15+ED15+EI15) -> 0 | EN15: =IF($AN15="N","N",(EM15/($EM15+$EO15+$EQ15))*100) -> #DIV/0! | EO15: =IF($AN15="N","N",DU15+DZ15+EE15+EJ15) -> 0 | EP15: =IF($AN15="N","N",(EO15/($EM15+$EO15+$EQ15))*100) -> #DIV/0! | EQ15: =IF($AN15="N","N",DV15+EA15+EF15+EK15) -> 0 | ER15: =IF($AN15="N","N",(EQ15/($EM15+$EO15+$EQ15))*100) -> #DIV/0! | ES15: =IF($AN15="N","N",DS15+DX15+EC15+EH15) -> 0 | ET15: =IF($AN15="N","N",SUM(W15:W18)) -> 0 | EU15: =IF($AN15="N","N",SUM('調查資料(OUT)'!AX21:AX24)) -> 0 | EV15: =IF($AN15="N","N",SUM('調查資料(OUT)'!BB21:BB24)) -> 0 | EW15: =IF($AN15="N","N",SUM('調查資料(OUT)'!BF21:BF24)) -> 0 | EX15: =IF($AN15="N","N",(ET15/FT15)*100) -> #DIV/0! | EY15: =IF($AN15="N","N",SUM(X15:X18)) -> 0 | EZ15: =IF($AN15="N","N",SUM('調查資料(OUT)'!AY21:AY24)) -> 0 | FA15: =IF($AN15="N","N",SUM('調查資料(OUT)'!BC21:BC24)) -> 0 | FB15: =IF($AN15="N","N",SUM('調查資料(OUT)'!BG21:BG24)) -> 0 | FC15: =IF($AN15="N","N",(EY15/$FT15)*100) -> #DIV/0! | FD15: =IF($AN15="N","N",SUM(Y15:Y18)) -> 0 | FE15: =IF($AN15="N","N",SUM('調查資料(OUT)'!AZ21:AZ24)) -> 0 | FF15: =IF($AN15="N","N",SUM('調查資料(OUT)'!BD21:BD24)) -> 0 | FG15: =IF($AN15="N","N",SUM('調查資料(OUT)'!BH21:BH24)) -> 0 | FH15: =IF($AN15="N","N",(FD15/$FT15)*100) -> #DIV/0! | FI15: =IF($AN15="N","N",SUM(Z15:Z18)) -> 0 | FJ15: =IF($AN15="N","N",SUM('調查資料(OUT)'!BA21:BA24)) -> 0 | FK15: =IF($AN15="N","N",SUM('調查資料(OUT)'!BE21:BE24)) -> 0 | FL15: =IF($AN15="N","N",SUM('調查資料(OUT)'!BI21:BI24)) -> 0 | FM15: =IF($AN15="N","N",(FI15/FT15)*100) -> #DIV/0! | FN15: =IF($AN15="N","N",EU15+EZ15+FE15+FJ15) -> 0 | FO15: =IF($AN15="N","N",(FN15/($FN15+$FP15+$FR15))*100) -> #DIV/0! | FP15: =IF($AN15="N","N",EV15+FA15+FF15+FK15) -> 0 | FQ15: =IF($AN15="N","N",(FP15/($FN15+$FP15+$FR15))*100) -> #DIV/0! | FR15: =IF($AN15="N","N",EW15+FB15+FG15+FL15) -> 0 | FS15: =IF($AN15="N","N",(FR15/($FN15+$FP15+$FR15))*100) -> #DIV/0! | FT15: =IF($AN15="N","N",ET15+EY15+FD15+FI15) -> 0
A16: ='調查資料(OUT)'!A22 -> 245 | B16: =SUM(C16:F16) -> 0 | C16: =IFERROR('調查資料(OUT)'!$B$1*'調查資料(OUT)'!B22,0)+IFERROR('調查資料(OUT)'!$F$1*'調查資料(OUT)'!F22,0)+IFERROR('調查資料(OUT)'!$J$1*'調查資料(OUT)'!J22,0) -> 0 | D16: =IFERROR('調查資料(OUT)'!$C$1*'調查資料(OUT)'!C22,0)+IFERROR('調查資料(OUT)'!$G$1*'調查資料(OUT)'!G22,0)+IFERROR('調查資料(OUT)'!$K$1*'調查資料(OUT)'!K22,0) -> 0 | E16: =IFERROR('調查資料(OUT)'!$D$1*'調查資料(OUT)'!D22,0)+IFERROR('調查資料(OUT)'!$H$1*'調查資料(OUT)'!H22,0)+IFERROR('調查資料(OUT)'!$L$1*'調查資料(OUT)'!L22,0) -> 0 | F16: =IFERROR('調查資料(OUT)'!$E$1*'調查資料(OUT)'!E22,0)+IFERROR('調查資料(OUT)'!$I$1*'調查資料(OUT)'!I22,0)+IFERROR('調查資料(OUT)'!$M$1*'調查資料(OUT)'!M22,0) -> 0 | G16: =SUM(H16:K16) -> 0 | H16: =IFERROR('調查資料(OUT)'!$N$1*'調查資料(OUT)'!N22,0)+IFERROR('調查資料(OUT)'!$R$1*'調查資料(OUT)'!R22,0)+IFERROR('調查資料(OUT)'!$V$1*'調查資料(OUT)'!V22,0) -> 0 | I16: =IFERROR('調查資料(OUT)'!$O$1*'調查資料(OUT)'!O22,0)+IFERROR('調查資料(OUT)'!$S$1*'調查資料(OUT)'!S22,0)+IFERROR('調查資料(OUT)'!$W$1*'調查資料(OUT)'!W22,0) -> 0 | J16: =IFERROR('調查資料(OUT)'!$P$1*'調查資料(OUT)'!P22,0)+IFERROR('調查資料(OUT)'!$T$1*'調查資料(OUT)'!T22,0)+IFERROR('調查資料(OUT)'!$X$1*'調查資料(OUT)'!X22,0) -> 0 | K16: =IFERROR('調查資料(OUT)'!$Q$1*'調查資料(OUT)'!Q22,0)+IFERROR('調查資料(OUT)'!$U$1*'調查資料(OUT)'!U22,0)+IFERROR('調查資料(OUT)'!$Y$1*'調查資料(OUT)'!Y22,0) -> 0 | L16: =SUM(M16:P16) -> 0 | M16: =IFERROR('調查資料(OUT)'!$Z$1*'調查資料(OUT)'!Z22,0)+IFERROR('調查資料(OUT)'!$AD$1*'調查資料(OUT)'!AD22,0)+IFERROR('調查資料(OUT)'!$AH$1*'調查資料(OUT)'!AH22,0) -> 0 | N16: =IFERROR('調查資料(OUT)'!$AA$1*'調查資料(OUT)'!AA22,0)+IFERROR('調查資料(OUT)'!$AE$1*'調查資料(OUT)'!AE22,0)+IFERROR('調查資料(OUT)'!$AI$1*'調查資料(OUT)'!AI22,0) -> 0 | O16: =IFERROR('調查資料(OUT)'!$AB$1*'調查資料(OUT)'!AB22,0)+IFERROR('調查資料(OUT)'!$AF$1*'調查資料(OUT)'!AF22,0)+IFERROR('調查資料(OUT)'!$AJ$1*'調查資料(OUT)'!AJ22,0) -> 0 | P16: =IFERROR('調查資料(OUT)'!$AC$1*'調查資料(OUT)'!AC22,0)+IFERROR('調查資料(OUT)'!$AG$1*'調查資料(OUT)'!AG22,0)+IFERROR('調查資料(OUT)'!$AK$1*'調查資料(OUT)'!AK22,0) -> 0 | Q16: =SUM(R16:U16) -> 0 | R16: =IFERROR('調查資料(OUT)'!$AL$1*'調查資料(OUT)'!AL22,0)+IFERROR('調查資料(OUT)'!$AP$1*'調查資料(OUT)'!AP22,0)+IFERROR('調查資料(OUT)'!$AT$1*'調查資料(OUT)'!AT22,0) -> 0 | S16: =IFERROR('調查資料(OUT)'!$AM$1*'調查資料(OUT)'!AM22,0)+IFERROR('調查資料(OUT)'!$AQ$1*'調查資料(OUT)'!AQ22,0)+IFERROR('調查資料(OUT)'!$AU$1*'調查資料(OUT)'!AU22,0) -> 0 | T16: =IFERROR('調查資料(OUT)'!$AN$1*'調查資料(OUT)'!AN22,0)+IFERROR('調查資料(OUT)'!$AR$1*'調查資料(OUT)'!AR22,0)+IFERROR('調查資料(OUT)'!$AV$1*'調查資料(OUT)'!AV22,0) -> 0 | U16: =IFERROR('調查資料(OUT)'!$AO$1*'調查資料(OUT)'!AO22,0)+IFERROR('調查資料(OUT)'!$AS$1*'調查資料(OUT)'!AS22,0)+IFERROR('調查資料(OUT)'!$AW$1*'調查資料(OUT)'!AW22,0) -> 0 | V16: =SUM(W16:Z16) -> 0 | W16: =IFERROR('調查資料(OUT)'!$AX$1*'調查資料(OUT)'!AX22,0)+IFERROR('調查資料(OUT)'!$BB$1*'調查資料(OUT)'!BB22,0)+IFERROR('調查資料(OUT)'!$BF$1*'調查資料(OUT)'!BF22,0) -> 0 | X16: =IFERROR('調查資料(OUT)'!$AY$1*'調查資料(OUT)'!AY22,0)+IFERROR('調查資料(OUT)'!$BC$1*'調查資料(OUT)'!BC22,0)+IFERROR('調查資料(OUT)'!$BG$1*'調查資料(OUT)'!BG22,0) -> 0 | Y16: =IFERROR('調查資料(OUT)'!$AZ$1*'調查資料(OUT)'!AZ22,0)+IFERROR('調查資料(OUT)'!$BD$1*'調查資料(OUT)'!BD22,0)+IFERROR('調查資料(OUT)'!$BH$1*'調查資料(OUT)'!BH22,0) -> 0 | Z16: =IFERROR('調查資料(OUT)'!$BA$1*'調查資料(OUT)'!BA22,0)+IFERROR('調查資料(OUT)'!$BE$1*'調查資料(OUT)'!BE22,0)+IFERROR('調查資料(OUT)'!$BI$1*'調查資料(OUT)'!BI22,0) -> 0 | AA16: =B16+G16+L16+Q16+V16 -> 0 | AC16: ='調查資料(OUT)'!A22 -> 245 | AD16: =AC16+100 -> 345 | AE16: =SUM(AA16:AA19) -> 0 | AG16: =IF($AE16=$AF$5,MAX(AA16:AA19),0) -> 0 | AH16: =IF($AE16=AF$5,SUM(B16:B19)/(4*(MAX(B16:B19))),0) -> #DIV/0! | AI16: =IF($AE16=AF$5,SUM(G16:G19)/(4*(MAX(G16:G19))),0) -> #DIV/0! | AJ16: =IF($AE16=AF$5,SUM(L16:L19)/(4*(MAX(L16:L19))),0) -> #DIV/0! | AK16: =IF($AE16=AF$5,SUM(Q16:Q19)/(4*(MAX(Q16:Q19))),0) -> #DIV/0! | AL16: =IF($AE16=AF$5,SUM(V16:V19)/(4*(MAX(V16:V19))),0) -> #DIV/0! | AN16: =IF(AE16=AF$5,$AC16,"N") -> 245 | AO16: =IF(AE16=AF$5,$AD16,"N") -> 345 | AP16: =IF($AN16="N","N",SUM(C16:C19)) -> 0 | AQ16: =IF($AN16="N","N",SUM('調查資料(OUT)'!B22:B25)) -> 0 | AR16: =IF($AN16="N","N",SUM('調查資料(OUT)'!F22:F25)) -> 0 | AS16: =IF($AN16="N","N",SUM('調查資料(OUT)'!J22:J25)) -> 0 | AT16: =IF($AN16="N","N",(AP16/$BP16)*100) -> #DIV/0! | AU16: =IF($AN16="N","N",SUM(D16:D19)) -> 0 | AV16: =IF($AN16="N","N",SUM('調查資料(OUT)'!C22:C25)) -> 0 | AW16: =IF($AN16="N","N",SUM('調查資料(OUT)'!G22:G25)) -> 0 | AX16: =IF($AN16="N","N",SUM('調查資料(OUT)'!K22:K25)) -> 0 | AY16: =IF($AN16="N","N",(AU16/$BP16)*100) -> #DIV/0! | AZ16: =IF($AN16="N","N",SUM(E16:E19)) -> 0 | BA16: =IF($AN16="N","N",SUM('調查資料(OUT)'!D22:D25)) -> 0 | BB16: =IF($AN16="N","N",SUM('調查資料(OUT)'!H22:H25)) -> 0 | BC16: =IF($AN16="N","N",SUM('調查資料(OUT)'!L22:L25)) -> 0 | BD16: =IF($AN16="N","N",(AZ16/$BP16)*100) -> #DIV/0! | BE16: =IF($AN16="N","N",SUM(F16:F19)) -> 0 | BF16: =IF($AN16="N","N",SUM('調查資料(OUT)'!E22:E25)) -> 0 | BG16: =IF($AN16="N","N",SUM('調查資料(OUT)'!I22:I25)) -> 0 | BH16: =IF($AN16="N","N",SUM('調查資料(OUT)'!M22:M25)) -> 0 | BI16: =IF($AN16="N","N",(BE16/$BP16)*100) -> #DIV/0! | BJ16: =IF($AN16="N","N",AQ16+AV16+BA16+BF16) -> 0 | BK16: =IF($AN16="N","N",(BJ16/($BJ16+$BL16+$BN16))*100) -> #DIV/0! | BL16: =IF($AN16="N","N",AR16+AW16+BB16+BG16) -> 0 | BM16: =IF($AN16="N","N",(BL16/($BJ16+$BL16+$BN16))*100) -> #DIV/0! | BN16: =IF($AN16="N","N",AS16+AX16+BC16+BH16) -> 0 | BO16: =IF($AN16="N","N",(BN16/($BJ16+$BL16+$BN16))*100) -> #DIV/0! | BP16: =IF($AN16="N","N",AP16+AU16+AZ16+BE16) -> 0 | BQ16: =IF($AN16="N","N",SUM(H16:H19)) -> 0 | BR16: =IF($AN16="N","N",SUM('調查資料(OUT)'!N22:N25)) -> 0 | BS16: =IF($AN16="N","N",SUM('調查資料(OUT)'!R22:R25)) -> 0 | BT16: =IF($AN16="N","N",SUM('調查資料(OUT)'!V22:V25)) -> 0 | BU16: =IF($AN16="N","N",(BQ16/CQ16)*100) -> #DIV/0! | BV16: =IF($AN16="N","N",SUM(I16:I19)) -> 0 | BW16: =IF($AN16="N","N",SUM('調查資料(OUT)'!O22:O25)) -> 0 | BX16: =IF($AN16="N","N",SUM('調查資料(OUT)'!S22:S25)) -> 0 | BY16: =IF($AN16="N","N",SUM('調查資料(OUT)'!W22:W25)) -> 0 | BZ16: =IF($AN16="N","N",(BV16/$CQ16)*100) -> #DIV/0! | CA16: =IF($AN16="N","N",SUM(J16:J19)) -> 0 | CB16: =IF($AN16="N","N",SUM('調查資料(OUT)'!P22:P25)) -> 0 | CC16: =IF($AN16="N","N",SUM('調查資料(OUT)'!T22:T25)) -> 0 | CD16: =IF($AN16="N","N",SUM('調查資料(OUT)'!X22:X25)) -> 0 | CE16: =IF($AN16="N","N",(CA16/$CQ16)*100) -> #DIV/0! | CF16: =IF($AN16="N","N",SUM(K16:K19)) -> 0 | CG16: =IF($AN16="N","N",SUM('調查資料(OUT)'!Q22:Q25)) -> 0 | CH16: =IF($AN16="N","N",SUM('調查資料(OUT)'!U22:U25)) -> 0 | CI16: =IF($AN16="N","N",SUM('調查資料(OUT)'!Y22:Y25)) -> 0 | CJ16: =IF($AN16="N","N",(CF16/CQ16)*100) -> #DIV/0! | CK16: =IF($AN16="N","N",BR16+BW16+CB16+CG16) -> 0 | CL16: =IF($AN16="N","N",(CK16/($CK16+$CM16+$CO16))*100) -> #DIV/0! | CM16: =IF($AN16="N","N",BS16+BX16+CC16+CH16) -> 0 | CN16: =IF($AN16="N","N",(CM16/($CK16+$CM16+$CO16))*100) -> #DIV/0! | CO16: =IF($AN16="N","N",BT16+BY16+CD16+CI16) -> 0 | CP16: =IF($AN16="N","N",(CO16/($CK16+$CM16+$CO16))*100) -> #DIV/0! | CQ16: =IF($AN16="N","N",BQ16+BV16+CA16+CF16) -> 0 | CR16: =IF($AN16="N","N",SUM(M16:M19)) -> 0 | CS16: =IF($AN16="N","N",SUM('調查資料(OUT)'!Z22:Z25)) -> 0 | CT16: =IF($AN16="N","N",SUM('調查資料(OUT)'!AD22:AD25)) -> 0 | CU16: =IF($AN16="N","N",SUM('調查資料(OUT)'!AH22:AH25)) -> 0 | CV16: =IF($AN16="N","N",(CR16/DR16)*100) -> #DIV/0! | CW16: =IF($AN16="N","N",SUM(N16:N19)) -> 0 | CX16: =IF($AN16="N","N",SUM('調查資料(OUT)'!AA22:AA25)) -> 0 | CY16: =IF($AN16="N","N",SUM('調查資料(OUT)'!AE22:AE25)) -> 0 | CZ16: =IF($AN16="N","N",SUM('調查資料(OUT)'!AI22:AI25)) -> 0 | DA16: =IF($AN16="N","N",(CW16/$DR16)*100) -> #DIV/0! | DB16: =IF($AN16="N","N",SUM(O16:O19)) -> 0 | DC16: =IF($AN16="N","N",SUM('調查資料(OUT)'!AB22:AB25)) -> 0 | DD16: =IF($AN16="N","N",SUM('調查資料(OUT)'!AF22:AF25)) -> 0 | DE16: =IF($AN16="N","N",SUM('調查資料(OUT)'!AJ22:AJ25)) -> 0 | DF16: =IF($AN16="N","N",(DB16/$DR16)*100) -> #DIV/0! | DG16: =IF($AN16="N","N",SUM(P16:P19)) -> 0 | DH16: =IF($AN16="N","N",SUM('調查資料(OUT)'!AC22:AC25)) -> 0 | DI16: =IF($AN16="N","N",SUM('調查資料(OUT)'!AG22:AG25)) -> 0 | DJ16: =IF($AN16="N","N",SUM('調查資料(OUT)'!AK22:AK25)) -> 0 | DK16: =IF($AN16="N","N",(DG16/DR16)*100) -> #DIV/0! | DL16: =IF($AN16="N","N",CS16+CX16+DC16+DH16) -> 0 | DM16: =IF($AN16="N","N",(DL16/($DL16+$DN16+$DP16))*100) -> #DIV/0! | DN16: =IF($AN16="N","N",CT16+CY16+DD16+DI16) -> 0 | DO16: =IF($AN16="N","N",(DN16/($DL16+$DN16+$DP16))*100) -> #DIV/0! | DP16: =IF($AN16="N","N",CU16+CZ16+DE16+DJ16) -> 0 | DQ16: =IF($AN16="N","N",(DP16/($DL16+$DN16+$DP16))*100) -> #DIV/0! | DR16: =IF($AN16="N","N",CR16+CW16+DB16+DG16) -> 0 | DS16: =IF($AN16="N","N",SUM(R16:R19)) -> 0 | DT16: =IF($AN16="N","N",SUM('調查資料(OUT)'!AL22:AL25)) -> 0 | DU16: =IF($AN16="N","N",SUM('調查資料(OUT)'!AP22:AP25)) -> 0 | DV16: =IF($AN16="N","N",SUM('調查資料(OUT)'!AT22:AT25)) -> 0 | DW16: =IF($AN16="N","N",(DS16/ES16)*100) -> #DIV/0! | DX16: =IF($AN16="N","N",SUM(S16:S19)) -> 0 | DY16: =IF($AN16="N","N",SUM('調查資料(OUT)'!AM22:AM25)) -> 0 | DZ16: =IF($AN16="N","N",SUM('調查資料(OUT)'!AQ22:AQ25)) -> 0 | EA16: =IF($AN16="N","N",SUM('調查資料(OUT)'!AU22:AU25)) -> 0 | EB16: =IF($AN16="N","N",(DX16/$ES16)*100) -> #DIV/0! | EC16: =IF($AN16="N","N",SUM(T16:T19)) -> 0 | ED16: =IF($AN16="N","N",SUM('調查資料(OUT)'!AN22:AN25)) -> 0 | EE16: =IF($AN16="N","N",SUM('調查資料(OUT)'!AR22:AR25)) -> 0 | EF16: =IF($AN16="N","N",SUM('調查資料(OUT)'!AV22:AV25)) -> 0 | EG16: =IF($AN16="N","N",(EC16/$ES16)*100) -> #DIV/0! | EH16: =IF($AN16="N","N",SUM(U16:U19)) -> 0 | EI16: =IF($AN16="N","N",SUM('調查資料(OUT)'!AO22:AO25)) -> 0 | EJ16: =IF($AN16="N","N",SUM('調查資料(OUT)'!AS22:AS25)) -> 0 | EK16: =IF($AN16="N","N",SUM('調查資料(OUT)'!AW22:AW25)) -> 0 | EL16: =IF($AN16="N","N",(EH16/ES16)*100) -> #DIV/0! | EM16: =IF($AN16="N","N",DT16+DY16+ED16+EI16) -> 0 | EN16: =IF($AN16="N","N",(EM16/($EM16+$EO16+$EQ16))*100) -> #DIV/0! | EO16: =IF($AN16="N","N",DU16+DZ16+EE16+EJ16) -> 0 | EP16: =IF($AN16="N","N",(EO16/($EM16+$EO16+$EQ16))*100) -> #DIV/0! | EQ16: =IF($AN16="N","N",DV16+EA16+EF16+EK16) -> 0 | ER16: =IF($AN16="N","N",(EQ16/($EM16+$EO16+$EQ16))*100) -> #DIV/0! | ES16: =IF($AN16="N","N",DS16+DX16+EC16+EH16) -> 0 | ET16: =IF($AN16="N","N",SUM(W16:W19)) -> 0 | EU16: =IF($AN16="N","N",SUM('調查資料(OUT)'!AX22:AX25)) -> 0 | EV16: =IF($AN16="N","N",SUM('調查資料(OUT)'!BB22:BB25)) -> 0 | EW16: =IF($AN16="N","N",SUM('調查資料(OUT)'!BF22:BF25)) -> 0 | EX16: =IF($AN16="N","N",(ET16/FT16)*100) -> #DIV/0! | EY16: =IF($AN16="N","N",SUM(X16:X19)) -> 0 | EZ16: =IF($AN16="N","N",SUM('調查資料(OUT)'!AY22:AY25)) -> 0 | FA16: =IF($AN16="N","N",SUM('調查資料(OUT)'!BC22:BC25)) -> 0 | FB16: =IF($AN16="N","N",SUM('調查資料(OUT)'!BG22:BG25)) -> 0 | FC16: =IF($AN16="N","N",(EY16/$FT16)*100) -> #DIV/0! | FD16: =IF($AN16="N","N",SUM(Y16:Y19)) -> 0 | FE16: =IF($AN16="N","N",SUM('調查資料(OUT)'!AZ22:AZ25)) -> 0 | FF16: =IF($AN16="N","N",SUM('調查資料(OUT)'!BD22:BD25)) -> 0 | FG16: =IF($AN16="N","N",SUM('調查資料(OUT)'!BH22:BH25)) -> 0 | FH16: =IF($AN16="N","N",(FD16/$FT16)*100) -> #DIV/0! | FI16: =IF($AN16="N","N",SUM(Z16:Z19)) -> 0 | FJ16: =IF($AN16="N","N",SUM('調查資料(OUT)'!BA22:BA25)) -> 0 | FK16: =IF($AN16="N","N",SUM('調查資料(OUT)'!BE22:BE25)) -> 0 | FL16: =IF($AN16="N","N",SUM('調查資料(OUT)'!BI22:BI25)) -> 0 | FM16: =IF($AN16="N","N",(FI16/FT16)*100) -> #DIV/0! | FN16: =IF($AN16="N","N",EU16+EZ16+FE16+FJ16) -> 0 | FO16: =IF($AN16="N","N",(FN16/($FN16+$FP16+$FR16))*100) -> #DIV/0! | FP16: =IF($AN16="N","N",EV16+FA16+FF16+FK16) -> 0 | FQ16: =IF($AN16="N","N",(FP16/($FN16+$FP16+$FR16))*100) -> #DIV/0! | FR16: =IF($AN16="N","N",EW16+FB16+FG16+FL16) -> 0 | FS16: =IF($AN16="N","N",(FR16/($FN16+$FP16+$FR16))*100) -> #DIV/0! | FT16: =IF($AN16="N","N",ET16+EY16+FD16+FI16) -> 0
A17: ='調查資料(OUT)'!A23 -> 300 | B17: =SUM(C17:F17) -> 0 | C17: =IFERROR('調查資料(OUT)'!$B$1*'調查資料(OUT)'!B23,0)+IFERROR('調查資料(OUT)'!$F$1*'調查資料(OUT)'!F23,0)+IFERROR('調查資料(OUT)'!$J$1*'調查資料(OUT)'!J23,0) -> 0 | D17: =IFERROR('調查資料(OUT)'!$C$1*'調查資料(OUT)'!C23,0)+IFERROR('調查資料(OUT)'!$G$1*'調查資料(OUT)'!G23,0)+IFERROR('調查資料(OUT)'!$K$1*'調查資料(OUT)'!K23,0) -> 0 | E17: =IFERROR('調查資料(OUT)'!$D$1*'調查資料(OUT)'!D23,0)+IFERROR('調查資料(OUT)'!$H$1*'調查資料(OUT)'!H23,0)+IFERROR('調查資料(OUT)'!$L$1*'調查資料(OUT)'!L23,0) -> 0 | F17: =IFERROR('調查資料(OUT)'!$E$1*'調查資料(OUT)'!E23,0)+IFERROR('調查資料(OUT)'!$I$1*'調查資料(OUT)'!I23,0)+IFERROR('調查資料(OUT)'!$M$1*'調查資料(OUT)'!M23,0) -> 0 | G17: =SUM(H17:K17) -> 0 | H17: =IFERROR('調查資料(OUT)'!$N$1*'調查資料(OUT)'!N23,0)+IFERROR('調查資料(OUT)'!$R$1*'調查資料(OUT)'!R23,0)+IFERROR('調查資料(OUT)'!$V$1*'調查資料(OUT)'!V23,0) -> 0 | I17: =IFERROR('調查資料(OUT)'!$O$1*'調查資料(OUT)'!O23,0)+IFERROR('調查資料(OUT)'!$S$1*'調查資料(OUT)'!S23,0)+IFERROR('調查資料(OUT)'!$W$1*'調查資料(OUT)'!W23,0) -> 0 | J17: =IFERROR('調查資料(OUT)'!$P$1*'調查資料(OUT)'!P23,0)+IFERROR('調查資料(OUT)'!$T$1*'調查資料(OUT)'!T23,0)+IFERROR('調查資料(OUT)'!$X$1*'調查資料(OUT)'!X23,0) -> 0 | K17: =IFERROR('調查資料(OUT)'!$Q$1*'調查資料(OUT)'!Q23,0)+IFERROR('調查資料(OUT)'!$U$1*'調查資料(OUT)'!U23,0)+IFERROR('調查資料(OUT)'!$Y$1*'調查資料(OUT)'!Y23,0) -> 0 | L17: =SUM(M17:P17) -> 0 | M17: =IFERROR('調查資料(OUT)'!$Z$1*'調查資料(OUT)'!Z23,0)+IFERROR('調查資料(OUT)'!$AD$1*'調查資料(OUT)'!AD23,0)+IFERROR('調查資料(OUT)'!$AH$1*'調查資料(OUT)'!AH23,0) -> 0 | N17: =IFERROR('調查資料(OUT)'!$AA$1*'調查資料(OUT)'!AA23,0)+IFERROR('調查資料(OUT)'!$AE$1*'調查資料(OUT)'!AE23,0)+IFERROR('調查資料(OUT)'!$AI$1*'調查資料(OUT)'!AI23,0) -> 0 | O17: =IFERROR('調查資料(OUT)'!$AB$1*'調查資料(OUT)'!AB23,0)+IFERROR('調查資料(OUT)'!$AF$1*'調查資料(OUT)'!AF23,0)+IFERROR('調查資料(OUT)'!$AJ$1*'調查資料(OUT)'!AJ23,0) -> 0 | P17: =IFERROR('調查資料(OUT)'!$AC$1*'調查資料(OUT)'!AC23,0)+IFERROR('調查資料(OUT)'!$AG$1*'調查資料(OUT)'!AG23,0)+IFERROR('調查資料(OUT)'!$AK$1*'調查資料(OUT)'!AK23,0) -> 0 | Q17: =SUM(R17:U17) -> 0 | R17: =IFERROR('調查資料(OUT)'!$AL$1*'調查資料(OUT)'!AL23,0)+IFERROR('調查資料(OUT)'!$AP$1*'調查資料(OUT)'!AP23,0)+IFERROR('調查資料(OUT)'!$AT$1*'調查資料(OUT)'!AT23,0) -> 0 | S17: =IFERROR('調查資料(OUT)'!$AM$1*'調查資料(OUT)'!AM23,0)+IFERROR('調查資料(OUT)'!$AQ$1*'調查資料(OUT)'!AQ23,0)+IFERROR('調查資料(OUT)'!$AU$1*'調查資料(OUT)'!AU23,0) -> 0 | T17: =IFERROR('調查資料(OUT)'!$AN$1*'調查資料(OUT)'!AN23,0)+IFERROR('調查資料(OUT)'!$AR$1*'調查資料(OUT)'!AR23,0)+IFERROR('調查資料(OUT)'!$AV$1*'調查資料(OUT)'!AV23,0) -> 0 | U17: =IFERROR('調查資料(OUT)'!$AO$1*'調查資料(OUT)'!AO23,0)+IFERROR('調查資料(OUT)'!$AS$1*'調查資料(OUT)'!AS23,0)+IFERROR('調查資料(OUT)'!$AW$1*'調查資料(OUT)'!AW23,0) -> 0 | V17: =SUM(W17:Z17) -> 0 | W17: =IFERROR('調查資料(OUT)'!$AX$1*'調查資料(OUT)'!AX23,0)+IFERROR('調查資料(OUT)'!$BB$1*'調查資料(OUT)'!BB23,0)+IFERROR('調查資料(OUT)'!$BF$1*'調查資料(OUT)'!BF23,0) -> 0 | X17: =IFERROR('調查資料(OUT)'!$AY$1*'調查資料(OUT)'!AY23,0)+IFERROR('調查資料(OUT)'!$BC$1*'調查資料(OUT)'!BC23,0)+IFERROR('調查資料(OUT)'!$BG$1*'調查資料(OUT)'!BG23,0) -> 0 | Y17: =IFERROR('調查資料(OUT)'!$AZ$1*'調查資料(OUT)'!AZ23,0)+IFERROR('調查資料(OUT)'!$BD$1*'調查資料(OUT)'!BD23,0)+IFERROR('調查資料(OUT)'!$BH$1*'調查資料(OUT)'!BH23,0) -> 0 | Z17: =IFERROR('調查資料(OUT)'!$BA$1*'調查資料(OUT)'!BA23,0)+IFERROR('調查資料(OUT)'!$BE$1*'調查資料(OUT)'!BE23,0)+IFERROR('調查資料(OUT)'!$BI$1*'調查資料(OUT)'!BI23,0) -> 0 | AA17: =B17+G17+L17+Q17+V17 -> 0 | AC17: ='調查資料(OUT)'!A23 -> 300 | AD17: =AC17+100 -> 400 | AE17: =SUM(AA17:AA20) -> 0 | AG17: =IF($AE17=$AF$5,MAX(AA17:AA20),0) -> 0 | AH17: =IF($AE17=AF$5,SUM(B17:B20)/(4*(MAX(B17:B20))),0) -> #DIV/0! | AI17: =IF($AE17=AF$5,SUM(G17:G20)/(4*(MAX(G17:G20))),0) -> #DIV/0! | AJ17: =IF($AE17=AF$5,SUM(L17:L20)/(4*(MAX(L17:L20))),0) -> #DIV/0! | AK17: =IF($AE17=AF$5,SUM(Q17:Q20)/(4*(MAX(Q17:Q20))),0) -> #DIV/0! | AL17: =IF($AE17=AF$5,SUM(V17:V20)/(4*(MAX(V17:V20))),0) -> #DIV/0! | AN17: =IF(AE17=AF$5,$AC17,"N") -> 300 | AO17: =IF(AE17=AF$5,$AD17,"N") -> 400 | AP17: =IF($AN17="N","N",SUM(C17:C20)) -> 0 | AQ17: =IF($AN17="N","N",SUM('調查資料(OUT)'!B23:B26)) -> 0 | AR17: =IF($AN17="N","N",SUM('調查資料(OUT)'!F23:F26)) -> 0 | AS17: =IF($AN17="N","N",SUM('調查資料(OUT)'!J23:J26)) -> 0 | AT17: =IF($AN17="N","N",(AP17/$BP17)*100) -> #DIV/0! | AU17: =IF($AN17="N","N",SUM(D17:D20)) -> 0 | AV17: =IF($AN17="N","N",SUM('調查資料(OUT)'!C23:C26)) -> 0 | AW17: =IF($AN17="N","N",SUM('調查資料(OUT)'!G23:G26)) -> 0 | AX17: =IF($AN17="N","N",SUM('調查資料(OUT)'!K23:K26)) -> 0 | AY17: =IF($AN17="N","N",(AU17/$BP17)*100) -> #DIV/0! | AZ17: =IF($AN17="N","N",SUM(E17:E20)) -> 0 | BA17: =IF($AN17="N","N",SUM('調查資料(OUT)'!D23:D26)) -> 0 | BB17: =IF($AN17="N","N",SUM('調查資料(OUT)'!H23:H26)) -> 0 | BC17: =IF($AN17="N","N",SUM('調查資料(OUT)'!L23:L26)) -> 0 | BD17: =IF($AN17="N","N",(AZ17/$BP17)*100) -> #DIV/0! | BE17: =IF($AN17="N","N",SUM(F17:F20)) -> 0 | BF17: =IF($AN17="N","N",SUM('調查資料(OUT)'!E23:E26)) -> 0 | BG17: =IF($AN17="N","N",SUM('調查資料(OUT)'!I23:I26)) -> 0 | BH17: =IF($AN17="N","N",SUM('調查資料(OUT)'!M23:M26)) -> 0 | BI17: =IF($AN17="N","N",(BE17/$BP17)*100) -> #DIV/0! | BJ17: =IF($AN17="N","N",AQ17+AV17+BA17+BF17) -> 0 | BK17: =IF($AN17="N","N",(BJ17/($BJ17+$BL17+$BN17))*100) -> #DIV/0! | BL17: =IF($AN17="N","N",AR17+AW17+BB17+BG17) -> 0 | BM17: =IF($AN17="N","N",(BL17/($BJ17+$BL17+$BN17))*100) -> #DIV/0! | BN17: =IF($AN17="N","N",AS17+AX17+BC17+BH17) -> 0 | BO17: =IF($AN17="N","N",(BN17/($BJ17+$BL17+$BN17))*100) -> #DIV/0! | BP17: =IF($AN17="N","N",AP17+AU17+AZ17+BE17) -> 0 | BQ17: =IF($AN17="N","N",SUM(H17:H20)) -> 0 | BR17: =IF($AN17="N","N",SUM('調查資料(OUT)'!N23:N26)) -> 0 | BS17: =IF($AN17="N","N",SUM('調查資料(OUT)'!R23:R26)) -> 0 | BT17: =IF($AN17="N","N",SUM('調查資料(OUT)'!V23:V26)) -> 0 | BU17: =IF($AN17="N","N",(BQ17/CQ17)*100) -> #DIV/0! | BV17: =IF($AN17="N","N",SUM(I17:I20)) -> 0 | BW17: =IF($AN17="N","N",SUM('調查資料(OUT)'!O23:O26)) -> 0 | BX17: =IF($AN17="N","N",SUM('調查資料(OUT)'!S23:S26)) -> 0 | BY17: =IF($AN17="N","N",SUM('調查資料(OUT)'!W23:W26)) -> 0 | BZ17: =IF($AN17="N","N",(BV17/$CQ17)*100) -> #DIV/0! | CA17: =IF($AN17="N","N",SUM(J17:J20)) -> 0 | CB17: =IF($AN17="N","N",SUM('調查資料(OUT)'!P23:P26)) -> 0 | CC17: =IF($AN17="N","N",SUM('調查資料(OUT)'!T23:T26)) -> 0 | CD17: =IF($AN17="N","N",SUM('調查資料(OUT)'!X23:X26)) -> 0 | CE17: =IF($AN17="N","N",(CA17/$CQ17)*100) -> #DIV/0! | CF17: =IF($AN17="N","N",SUM(K17:K20)) -> 0 | CG17: =IF($AN17="N","N",SUM('調查資料(OUT)'!Q23:Q26)) -> 0 | CH17: =IF($AN17="N","N",SUM('調查資料(OUT)'!U23:U26)) -> 0 | CI17: =IF($AN17="N","N",SUM('調查資料(OUT)'!Y23:Y26)) -> 0 | CJ17: =IF($AN17="N","N",(CF17/CQ17)*100) -> #DIV/0! | CK17: =IF($AN17="N","N",BR17+BW17+CB17+CG17) -> 0 | CL17: =IF($AN17="N","N",(CK17/($CK17+$CM17+$CO17))*100) -> #DIV/0! | CM17: =IF($AN17="N","N",BS17+BX17+CC17+CH17) -> 0 | CN17: =IF($AN17="N","N",(CM17/($CK17+$CM17+$CO17))*100) -> #DIV/0! | CO17: =IF($AN17="N","N",BT17+BY17+CD17+CI17) -> 0 | CP17: =IF($AN17="N","N",(CO17/($CK17+$CM17+$CO17))*100) -> #DIV/0! | CQ17: =IF($AN17="N","N",BQ17+BV17+CA17+CF17) -> 0 | CR17: =IF($AN17="N","N",SUM(M17:M20)) -> 0 | CS17: =IF($AN17="N","N",SUM('調查資料(OUT)'!Z23:Z26)) -> 0 | CT17: =IF($AN17="N","N",SUM('調查資料(OUT)'!AD23:AD26)) -> 0 | CU17: =IF($AN17="N","N",SUM('調查資料(OUT)'!AH23:AH26)) -> 0 | CV17: =IF($AN17="N","N",(CR17/DR17)*100) -> #DIV/0! | CW17: =IF($AN17="N","N",SUM(N17:N20)) -> 0 | CX17: =IF($AN17="N","N",SUM('調查資料(OUT)'!AA23:AA26)) -> 0 | CY17: =IF($AN17="N","N",SUM('調查資料(OUT)'!AE23:AE26)) -> 0 | CZ17: =IF($AN17="N","N",SUM('調查資料(OUT)'!AI23:AI26)) -> 0 | DA17: =IF($AN17="N","N",(CW17/$DR17)*100) -> #DIV/0! | DB17: =IF($AN17="N","N",SUM(O17:O20)) -> 0 | DC17: =IF($AN17="N","N",SUM('調查資料(OUT)'!AB23:AB26)) -> 0 | DD17: =IF($AN17="N","N",SUM('調查資料(OUT)'!AF23:AF26)) -> 0 | DE17: =IF($AN17="N","N",SUM('調查資料(OUT)'!AJ23:AJ26)) -> 0 | DF17: =IF($AN17="N","N",(DB17/$DR17)*100) -> #DIV/0! | DG17: =IF($AN17="N","N",SUM(P17:P20)) -> 0 | DH17: =IF($AN17="N","N",SUM('調查資料(OUT)'!AC23:AC26)) -> 0 | DI17: =IF($AN17="N","N",SUM('調查資料(OUT)'!AG23:AG26)) -> 0 | DJ17: =IF($AN17="N","N",SUM('調查資料(OUT)'!AK23:AK26)) -> 0 | DK17: =IF($AN17="N","N",(DG17/DR17)*100) -> #DIV/0! | DL17: =IF($AN17="N","N",CS17+CX17+DC17+DH17) -> 0 | DM17: =IF($AN17="N","N",(DL17/($DL17+$DN17+$DP17))*100) -> #DIV/0! | DN17: =IF($AN17="N","N",CT17+CY17+DD17+DI17) -> 0 | DO17: =IF($AN17="N","N",(DN17/($DL17+$DN17+$DP17))*100) -> #DIV/0! | DP17: =IF($AN17="N","N",CU17+CZ17+DE17+DJ17) -> 0 | DQ17: =IF($AN17="N","N",(DP17/($DL17+$DN17+$DP17))*100) -> #DIV/0! | DR17: =IF($AN17="N","N",CR17+CW17+DB17+DG17) -> 0 | DS17: =IF($AN17="N","N",SUM(R17:R20)) -> 0 | DT17: =IF($AN17="N","N",SUM('調查資料(OUT)'!AL23:AL26)) -> 0 | DU17: =IF($AN17="N","N",SUM('調查資料(OUT)'!AP23:AP26)) -> 0 | DV17: =IF($AN17="N","N",SUM('調查資料(OUT)'!AT23:AT26)) -> 0 | DW17: =IF($AN17="N","N",(DS17/ES17)*100) -> #DIV/0! | DX17: =IF($AN17="N","N",SUM(S17:S20)) -> 0 | DY17: =IF($AN17="N","N",SUM('調查資料(OUT)'!AM23:AM26)) -> 0 | DZ17: =IF($AN17="N","N",SUM('調查資料(OUT)'!AQ23:AQ26)) -> 0 | EA17: =IF($AN17="N","N",SUM('調查資料(OUT)'!AU23:AU26)) -> 0 | EB17: =IF($AN17="N","N",(DX17/$ES17)*100) -> #DIV/0! | EC17: =IF($AN17="N","N",SUM(T17:T20)) -> 0 | ED17: =IF($AN17="N","N",SUM('調查資料(OUT)'!AN23:AN26)) -> 0 | EE17: =IF($AN17="N","N",SUM('調查資料(OUT)'!AR23:AR26)) -> 0 | EF17: =IF($AN17="N","N",SUM('調查資料(OUT)'!AV23:AV26)) -> 0 | EG17: =IF($AN17="N","N",(EC17/$ES17)*100) -> #DIV/0! | EH17: =IF($AN17="N","N",SUM(U17:U20)) -> 0 | EI17: =IF($AN17="N","N",SUM('調查資料(OUT)'!AO23:AO26)) -> 0 | EJ17: =IF($AN17="N","N",SUM('調查資料(OUT)'!AS23:AS26)) -> 0 | EK17: =IF($AN17="N","N",SUM('調查資料(OUT)'!AW23:AW26)) -> 0 | EL17: =IF($AN17="N","N",(EH17/ES17)*100) -> #DIV/0! | EM17: =IF($AN17="N","N",DT17+DY17+ED17+EI17) -> 0 | EN17: =IF($AN17="N","N",(EM17/($EM17+$EO17+$EQ17))*100) -> #DIV/0! | EO17: =IF($AN17="N","N",DU17+DZ17+EE17+EJ17) -> 0 | EP17: =IF($AN17="N","N",(EO17/($EM17+$EO17+$EQ17))*100) -> #DIV/0! | EQ17: =IF($AN17="N","N",DV17+EA17+EF17+EK17) -> 0 | ER17: =IF($AN17="N","N",(EQ17/($EM17+$EO17+$EQ17))*100) -> #DIV/0! | ES17: =IF($AN17="N","N",DS17+DX17+EC17+EH17) -> 0 | ET17: =IF($AN17="N","N",SUM(W17:W20)) -> 0 | EU17: =IF($AN17="N","N",SUM('調查資料(OUT)'!AX23:AX26)) -> 0 | EV17: =IF($AN17="N","N",SUM('調查資料(OUT)'!BB23:BB26)) -> 0 | EW17: =IF($AN17="N","N",SUM('調查資料(OUT)'!BF23:BF26)) -> 0 | EX17: =IF($AN17="N","N",(ET17/FT17)*100) -> #DIV/0! | EY17: =IF($AN17="N","N",SUM(X17:X20)) -> 0 | EZ17: =IF($AN17="N","N",SUM('調查資料(OUT)'!AY23:AY26)) -> 0 | FA17: =IF($AN17="N","N",SUM('調查資料(OUT)'!BC23:BC26)) -> 0 | FB17: =IF($AN17="N","N",SUM('調查資料(OUT)'!BG23:BG26)) -> 0 | FC17: =IF($AN17="N","N",(EY17/$FT17)*100) -> #DIV/0! | FD17: =IF($AN17="N","N",SUM(Y17:Y20)) -> 0 | FE17: =IF($AN17="N","N",SUM('調查資料(OUT)'!AZ23:AZ26)) -> 0 | FF17: =IF($AN17="N","N",SUM('調查資料(OUT)'!BD23:BD26)) -> 0 | FG17: =IF($AN17="N","N",SUM('調查資料(OUT)'!BH23:BH26)) -> 0 | FH17: =IF($AN17="N","N",(FD17/$FT17)*100) -> #DIV/0! | FI17: =IF($AN17="N","N",SUM(Z17:Z20)) -> 0 | FJ17: =IF($AN17="N","N",SUM('調查資料(OUT)'!BA23:BA26)) -> 0 | FK17: =IF($AN17="N","N",SUM('調查資料(OUT)'!BE23:BE26)) -> 0 | FL17: =IF($AN17="N","N",SUM('調查資料(OUT)'!BI23:BI26)) -> 0 | FM17: =IF($AN17="N","N",(FI17/FT17)*100) -> #DIV/0! | FN17: =IF($AN17="N","N",EU17+EZ17+FE17+FJ17) -> 0 | FO17: =IF($AN17="N","N",(FN17/($FN17+$FP17+$FR17))*100) -> #DIV/0! | FP17: =IF($AN17="N","N",EV17+FA17+FF17+FK17) -> 0 | FQ17: =IF($AN17="N","N",(FP17/($FN17+$FP17+$FR17))*100) -> #DIV/0! | FR17: =IF($AN17="N","N",EW17+FB17+FG17+FL17) -> 0 | FS17: =IF($AN17="N","N",(FR17/($FN17+$FP17+$FR17))*100) -> #DIV/0! | FT17: =IF($AN17="N","N",ET17+EY17+FD17+FI17) -> 0
... A40: ='調查資料(OUT)'!A46 -> 845 | B40: =SUM(C40:F40) -> 0 | C40: =IFERROR('調查資料(OUT)'!$B$1*'調查資料(OUT)'!B46,0)+IFERROR('調查資料(OUT)'!$F$1*'調查資料(OUT)'!F46,0)+IFERROR('調查資料(OUT)'!$J$1*'調查資料(OUT)'!J46,0) -> 0 | D40: =IFERROR('調查資料(OUT)'!$C$1*'調查資料(OUT)'!C46,0)+IFERROR('調查資料(OUT)'!$G$1*'調查資料(OUT)'!G46,0)+IFERROR('調查資料(OUT)'!$K$1*'調查資料(OUT)'!K46,0) -> 0 | E40: =IFERROR('調查資料(OUT)'!$D$1*'調查資料(OUT)'!D46,0)+IFERROR('調查資料(OUT)'!$H$1*'調查資料(OUT)'!H46,0)+IFERROR('調查資料(OUT)'!$L$1*'調查資料(OUT)'!L46,0) -> 0 | F40: =IFERROR('調查資料(OUT)'!$E$1*'調查資料(OUT)'!E46,0)+IFERROR('調查資料(OUT)'!$I$1*'調查資料(OUT)'!I46,0)+IFERROR('調查資料(OUT)'!$M$1*'調查資料(OUT)'!M46,0) -> 0 | G40: =SUM(H40:K40) -> 0 | H40: =IFERROR('調查資料(OUT)'!$N$1*'調查資料(OUT)'!N46,0)+IFERROR('調查資料(OUT)'!$R$1*'調查資料(OUT)'!R46,0)+IFERROR('調查資料(OUT)'!$V$1*'調查資料(OUT)'!V46,0) -> 0 | I40: =IFERROR('調查資料(OUT)'!$O$1*'調查資料(OUT)'!O46,0)+IFERROR('調查資料(OUT)'!$S$1*'調查資料(OUT)'!S46,0)+IFERROR('調查資料(OUT)'!$W$1*'調查資料(OUT)'!W46,0) -> 0 | J40: =IFERROR('調查資料(OUT)'!$P$1*'調查資料(OUT)'!P46,0)+IFERROR('調查資料(OUT)'!$T$1*'調查資料(OUT)'!T46,0)+IFERROR('調查資料(OUT)'!$X$1*'調查資料(OUT)'!X46,0) -> 0 | K40: =IFERROR('調查資料(OUT)'!$Q$1*'調查資料(OUT)'!Q46,0)+IFERROR('調查資料(OUT)'!$U$1*'調查資料(OUT)'!U46,0)+IFERROR('調查資料(OUT)'!$Y$1*'調查資料(OUT)'!Y46,0) -> 0 | L40: =SUM(M40:P40) -> 0 | M40: =IFERROR('調查資料(OUT)'!$Z$1*'調查資料(OUT)'!Z46,0)+IFERROR('調查資料(OUT)'!$AD$1*'調查資料(OUT)'!AD46,0)+IFERROR('調查資料(OUT)'!$AH$1*'調查資料(OUT)'!AH46,0) -> 0 | N40: =IFERROR('調查資料(OUT)'!$AA$1*'調查資料(OUT)'!AA46,0)+IFERROR('調查資料(OUT)'!$AE$1*'調查資料(OUT)'!AE46,0)+IFERROR('調查資料(OUT)'!$AI$1*'調查資料(OUT)'!AI46,0) -> 0 | O40: =IFERROR('調查資料(OUT)'!$AB$1*'調查資料(OUT)'!AB46,0)+IFERROR('調查資料(OUT)'!$AF$1*'調查資料(OUT)'!AF46,0)+IFERROR('調查資料(OUT)'!$AJ$1*'調查資料(OUT)'!AJ46,0) -> 0 | P40: =IFERROR('調查資料(OUT)'!$AC$1*'調查資料(OUT)'!AC46,0)+IFERROR('調查資料(OUT)'!$AG$1*'調查資料(OUT)'!AG46,0)+IFERROR('調查資料(OUT)'!$AK$1*'調查資料(OUT)'!AK46,0) -> 0 | Q40: =SUM(R40:U40) -> 0 | R40: =IFERROR('調查資料(OUT)'!$AL$1*'調查資料(OUT)'!AL46,0)+IFERROR('調查資料(OUT)'!$AP$1*'調查資料(OUT)'!AP46,0)+IFERROR('調查資料(OUT)'!$AT$1*'調查資料(OUT)'!AT46,0) -> 0 | S40: =IFERROR('調查資料(OUT)'!$AM$1*'調查資料(OUT)'!AM46,0)+IFERROR('調查資料(OUT)'!$AQ$1*'調查資料(OUT)'!AQ46,0)+IFERROR('調查資料(OUT)'!$AU$1*'調查資料(OUT)'!AU46,0) -> 0 | T40: =IFERROR('調查資料(OUT)'!$AN$1*'調查資料(OUT)'!AN46,0)+IFERROR('調查資料(OUT)'!$AR$1*'調查資料(OUT)'!AR46,0)+IFERROR('調查資料(OUT)'!$AV$1*'調查資料(OUT)'!AV46,0) -> 0 | U40: =IFERROR('調查資料(OUT)'!$AO$1*'調查資料(OUT)'!AO46,0)+IFERROR('調查資料(OUT)'!$AS$1*'調查資料(OUT)'!AS46,0)+IFERROR('調查資料(OUT)'!$AW$1*'調查資料(OUT)'!AW46,0) -> 0 | V40: =SUM(W40:Z40) -> 0 | W40: =IFERROR('調查資料(OUT)'!$AX$1*'調查資料(OUT)'!AX46,0)+IFERROR('調查資料(OUT)'!$BB$1*'調查資料(OUT)'!BB46,0)+IFERROR('調查資料(OUT)'!$BF$1*'調查資料(OUT)'!BF46,0) -> 0 | X40: =IFERROR('調查資料(OUT)'!$AY$1*'調查資料(OUT)'!AY46,0)+IFERROR('調查資料(OUT)'!$BC$1*'調查資料(OUT)'!BC46,0)+IFERROR('調查資料(OUT)'!$BG$1*'調查資料(OUT)'!BG46,0) -> 0 | Y40: =IFERROR('調查資料(OUT)'!$AZ$1*'調查資料(OUT)'!AZ46,0)+IFERROR('調查資料(OUT)'!$BD$1*'調查資料(OUT)'!BD46,0)+IFERROR('調查資料(OUT)'!$BH$1*'調查資料(OUT)'!BH46,0) -> 0 | Z40: =IFERROR('調查資料(OUT)'!$BA$1*'調查資料(OUT)'!BA46,0)+IFERROR('調查資料(OUT)'!$BE$1*'調查資料(OUT)'!BE46,0)+IFERROR('調查資料(OUT)'!$BI$1*'調查資料(OUT)'!BI46,0) -> 0 | AA40: =B40+G40+L40+Q40+V40 -> 0 | AC40: ='調查資料(OUT)'!A46 -> 845 | AD40: =AC40+100 -> 945 | AE40: =SUM(AA40:AA43) -> 0 | AG40: =IF($AE40=$AF$5,MAX(AA40:AA43),0) -> 0 | AH40: =IF($AE40=AF$5,SUM(B40:B43)/(4*(MAX(B40:B43))),0) -> #DIV/0! | AI40: =IF($AE40=AF$5,SUM(G40:G43)/(4*(MAX(G40:G43))),0) -> #DIV/0! | AJ40: =IF($AE40=AF$5,SUM(L40:L43)/(4*(MAX(L40:L43))),0) -> #DIV/0! | AK40: =IF($AE40=AF$5,SUM(Q40:Q43)/(4*(MAX(Q40:Q43))),0) -> #DIV/0! | AL40: =IF($AE40=AF$5,SUM(V40:V43)/(4*(MAX(V40:V43))),0) -> #DIV/0! | AN40: =IF(AE40=AF$5,$AC40,"N") -> 845 | AO40: =IF(AE40=AF$5,$AD40,"N") -> 945 | AP40: =IF($AN40="N","N",SUM(C40:C43)) -> 0 | AQ40: =IF($AN40="N","N",SUM('調查資料(OUT)'!B46:B49)) -> 0 | AR40: =IF($AN40="N","N",SUM('調查資料(OUT)'!F46:F49)) -> 0 | AS40: =IF($AN40="N","N",SUM('調查資料(OUT)'!J46:J49)) -> 0 | AT40: =IF($AN40="N","N",(AP40/$BP40)*100) -> #DIV/0! | AU40: =IF($AN40="N","N",SUM(D40:D43)) -> 0 | AV40: =IF($AN40="N","N",SUM('調查資料(OUT)'!C46:C49)) -> 0 | AW40: =IF($AN40="N","N",SUM('調查資料(OUT)'!G46:G49)) -> 0 | AX40: =IF($AN40="N","N",SUM('調查資料(OUT)'!K46:K49)) -> 0 | AY40: =IF($AN40="N","N",(AU40/$BP40)*100) -> #DIV/0! | AZ40: =IF($AN40="N","N",SUM(E40:E43)) -> 0 | BA40: =IF($AN40="N","N",SUM('調查資料(OUT)'!D46:D49)) -> 0 | BB40: =IF($AN40="N","N",SUM('調查資料(OUT)'!H46:H49)) -> 0 | BC40: =IF($AN40="N","N",SUM('調查資料(OUT)'!L46:L49)) -> 0 | BD40: =IF($AN40="N","N",(AZ40/$BP40)*100) -> #DIV/0! | BE40: =IF($AN40="N","N",SUM(F40:F43)) -> 0 | BF40: =IF($AN40="N","N",SUM('調查資料(OUT)'!E46:E49)) -> 0 | BG40: =IF($AN40="N","N",SUM('調查資料(OUT)'!I46:I49)) -> 0 | BH40: =IF($AN40="N","N",SUM('調查資料(OUT)'!M46:M49)) -> 0 | BI40: =IF($AN40="N","N",(BE40/$BP40)*100) -> #DIV/0! | BJ40: =IF($AN40="N","N",AQ40+AV40+BA40+BF40) -> 0 | BK40: =IF($AN40="N","N",(BJ40/($BJ40+$BL40+$BN40))*100) -> #DIV/0! | BL40: =IF($AN40="N","N",AR40+AW40+BB40+BG40) -> 0 | BM40: =IF($AN40="N","N",(BL40/($BJ40+$BL40+$BN40))*100) -> #DIV/0! | BN40: =IF($AN40="N","N",AS40+AX40+BC40+BH40) -> 0 | BO40: =IF($AN40="N","N",(BN40/($BJ40+$BL40+$BN40))*100) -> #DIV/0! | BP40: =IF($AN40="N","N",AP40+AU40+AZ40+BE40) -> 0 | BQ40: =IF($AN40="N","N",SUM(H40:H43)) -> 0 | BR40: =IF($AN40="N","N",SUM('調查資料(OUT)'!N46:N49)) -> 0 | BS40: =IF($AN40="N","N",SUM('調查資料(OUT)'!R46:R49)) -> 0 | BT40: =IF($AN40="N","N",SUM('調查資料(OUT)'!V46:V49)) -> 0 | BU40: =IF($AN40="N","N",(BQ40/CQ40)*100) -> #DIV/0! | BV40: =IF($AN40="N","N",SUM(I40:I43)) -> 0 | BW40: =IF($AN40="N","N",SUM('調查資料(OUT)'!O46:O49)) -> 0 | BX40: =IF($AN40="N","N",SUM('調查資料(OUT)'!S46:S49)) -> 0 | BY40: =IF($AN40="N","N",SUM('調查資料(OUT)'!W46:W49)) -> 0 | BZ40: =IF($AN40="N","N",(BV40/$CQ40)*100) -> #DIV/0! | CA40: =IF($AN40="N","N",SUM(J40:J43)) -> 0 | CB40: =IF($AN40="N","N",SUM('調查資料(OUT)'!P46:P49)) -> 0 | CC40: =IF($AN40="N","N",SUM('調查資料(OUT)'!T46:T49)) -> 0 | CD40: =IF($AN40="N","N",SUM('調查資料(OUT)'!X46:X49)) -> 0 | CE40: =IF($AN40="N","N",(CA40/$CQ40)*100) -> #DIV/0! | CF40: =IF($AN40="N","N",SUM(K40:K43)) -> 0 | CG40: =IF($AN40="N","N",SUM('調查資料(OUT)'!Q46:Q49)) -> 0 | CH40: =IF($AN40="N","N",SUM('調查資料(OUT)'!U46:U49)) -> 0 | CI40: =IF($AN40="N","N",SUM('調查資料(OUT)'!Y46:Y49)) -> 0 | CJ40: =IF($AN40="N","N",(CF40/CQ40)*100) -> #DIV/0! | CK40: =IF($AN40="N","N",BR40+BW40+CB40+CG40) -> 0 | CL40: =IF($AN40="N","N",(CK40/($CK40+$CM40+$CO40))*100) -> #DIV/0! | CM40: =IF($AN40="N","N",BS40+BX40+CC40+CH40) -> 0 | CN40: =IF($AN40="N","N",(CM40/($CK40+$CM40+$CO40))*100) -> #DIV/0! | CO40: =IF($AN40="N","N",BT40+BY40+CD40+CI40) -> 0 | CP40: =IF($AN40="N","N",(CO40/($CK40+$CM40+$CO40))*100) -> #DIV/0! | CQ40: =IF($AN40="N","N",BQ40+BV40+CA40+CF40) -> 0 | CR40: =IF($AN40="N","N",SUM(M40:M43)) -> 0 | CS40: =IF($AN40="N","N",SUM('調查資料(OUT)'!Z46:Z49)) -> 0 | CT40: =IF($AN40="N","N",SUM('調查資料(OUT)'!AD46:AD49)) -> 0 | CU40: =IF($AN40="N","N",SUM('調查資料(OUT)'!AH46:AH49)) -> 0 | CV40: =IF($AN40="N","N",(CR40/DR40)*100) -> #DIV/0! | CW40: =IF($AN40="N","N",SUM(N40:N43)) -> 0 | CX40: =IF($AN40="N","N",SUM('調查資料(OUT)'!AA46:AA49)) -> 0 | CY40: =IF($AN40="N","N",SUM('調查資料(OUT)'!AE46:AE49)) -> 0 | CZ40: =IF($AN40="N","N",SUM('調查資料(OUT)'!AI46:AI49)) -> 0 | DA40: =IF($AN40="N","N",(CW40/$DR40)*100) -> #DIV/0! | DB40: =IF($AN40="N","N",SUM(O40:O43)) -> 0 | DC40: =IF($AN40="N","N",SUM('調查資料(OUT)'!AB46:AB49)) -> 0 | DD40: =IF($AN40="N","N",SUM('調查資料(OUT)'!AF46:AF49)) -> 0 | DE40: =IF($AN40="N","N",SUM('調查資料(OUT)'!AJ46:AJ49)) -> 0 | DF40: =IF($AN40="N","N",(DB40/$DR40)*100) -> #DIV/0! | DG40: =IF($AN40="N","N",SUM(P40:P43)) -> 0 | DH40: =IF($AN40="N","N",SUM('調查資料(OUT)'!AC46:AC49)) -> 0 | DI40: =IF($AN40="N","N",SUM('調查資料(OUT)'!AG46:AG49)) -> 0 | DJ40: =IF($AN40="N","N",SUM('調查資料(OUT)'!AK46:AK49)) -> 0 | DK40: =IF($AN40="N","N",(DG40/DR40)*100) -> #DIV/0! | DL40: =IF($AN40="N","N",CS40+CX40+DC40+DH40) -> 0 | DM40: =IF($AN40="N","N",(DL40/($DL40+$DN40+$DP40))*100) -> #DIV/0! | DN40: =IF($AN40="N","N",CT40+CY40+DD40+DI40) -> 0 | DO40: =IF($AN40="N","N",(DN40/($DL40+$DN40+$DP40))*100) -> #DIV/0! | DP40: =IF($AN40="N","N",CU40+CZ40+DE40+DJ40) -> 0 | DQ40: =IF($AN40="N","N",(DP40/($DL40+$DN40+$DP40))*100) -> #DIV/0! | DR40: =IF($AN40="N","N",CR40+CW40+DB40+DG40) -> 0 | DS40: =IF($AN40="N","N",SUM(R40:R43)) -> 0 | DT40: =IF($AN40="N","N",SUM('調查資料(OUT)'!AL46:AL49)) -> 0 | DU40: =IF($AN40="N","N",SUM('調查資料(OUT)'!AP46:AP49)) -> 0 | DV40: =IF($AN40="N","N",SUM('調查資料(OUT)'!AT46:AT49)) -> 0 | DW40: =IF($AN40="N","N",(DS40/ES40)*100) -> #DIV/0! | DX40: =IF($AN40="N","N",SUM(S40:S43)) -> 0 | DY40: =IF($AN40="N","N",SUM('調查資料(OUT)'!AM46:AM49)) -> 0 | DZ40: =IF($AN40="N","N",SUM('調查資料(OUT)'!AQ46:AQ49)) -> 0 | EA40: =IF($AN40="N","N",SUM('調查資料(OUT)'!AU46:AU49)) -> 0 | EB40: =IF($AN40="N","N",(DX40/$ES40)*100) -> #DIV/0! | EC40: =IF($AN40="N","N",SUM(T40:T43)) -> 0 | ED40: =IF($AN40="N","N",SUM('調查資料(OUT)'!AN46:AN49)) -> 0 | EE40: =IF($AN40="N","N",SUM('調查資料(OUT)'!AR46:AR49)) -> 0 | EF40: =IF($AN40="N","N",SUM('調查資料(OUT)'!AV46:AV49)) -> 0 | EG40: =IF($AN40="N","N",(EC40/$ES40)*100) -> #DIV/0! | EH40: =IF($AN40="N","N",SUM(U40:U43)) -> 0 | EI40: =IF($AN40="N","N",SUM('調查資料(OUT)'!AO46:AO49)) -> 0 | EJ40: =IF($AN40="N","N",SUM('調查資料(OUT)'!AS46:AS49)) -> 0 | EK40: =IF($AN40="N","N",SUM('調查資料(OUT)'!AW46:AW49)) -> 0 | EL40: =IF($AN40="N","N",(EH40/ES40)*100) -> #DIV/0! | EM40: =IF($AN40="N","N",DT40+DY40+ED40+EI40) -> 0 | EN40: =IF($AN40="N","N",(EM40/($EM40+$EO40+$EQ40))*100) -> #DIV/0! | EO40: =IF($AN40="N","N",DU40+DZ40+EE40+EJ40) -> 0 | EP40: =IF($AN40="N","N",(EO40/($EM40+$EO40+$EQ40))*100) -> #DIV/0! | EQ40: =IF($AN40="N","N",DV40+EA40+EF40+EK40) -> 0 | ER40: =IF($AN40="N","N",(EQ40/($EM40+$EO40+$EQ40))*100) -> #DIV/0! | ES40: =IF($AN40="N","N",DS40+DX40+EC40+EH40) -> 0 | ET40: =IF($AN40="N","N",SUM(W40:W43)) -> 0 | EU40: =IF($AN40="N","N",SUM('調查資料(OUT)'!AX46:AX49)) -> 0 | EV40: =IF($AN40="N","N",SUM('調查資料(OUT)'!BB46:BB49)) -> 0 | EW40: =IF($AN40="N","N",SUM('調查資料(OUT)'!BF46:BF49)) -> 0 | EX40: =IF($AN40="N","N",(ET40/FT40)*100) -> #DIV/0! | EY40: =IF($AN40="N","N",SUM(X40:X43)) -> 0 | EZ40: =IF($AN40="N","N",SUM('調查資料(OUT)'!AY46:AY49)) -> 0 | FA40: =IF($AN40="N","N",SUM('調查資料(OUT)'!BC46:BC49)) -> 0 | FB40: =IF($AN40="N","N",SUM('調查資料(OUT)'!BG46:BG49)) -> 0 | FC40: =IF($AN40="N","N",(EY40/$FT40)*100) -> #DIV/0! | FD40: =IF($AN40="N","N",SUM(Y40:Y43)) -> 0 | FE40: =IF($AN40="N","N",SUM('調查資料(OUT)'!AZ46:AZ49)) -> 0 | FF40: =IF($AN40="N","N",SUM('調查資料(OUT)'!BD46:BD49)) -> 0 | FG40: =IF($AN40="N","N",SUM('調查資料(OUT)'!BH46:BH49)) -> 0 | FH40: =IF($AN40="N","N",(FD40/$FT40)*100) -> #DIV/0! | FI40: =IF($AN40="N","N",SUM(Z40:Z43)) -> 0 | FJ40: =IF($AN40="N","N",SUM('調查資料(OUT)'!BA46:BA49)) -> 0 | FK40: =IF($AN40="N","N",SUM('調查資料(OUT)'!BE46:BE49)) -> 0 | FL40: =IF($AN40="N","N",SUM('調查資料(OUT)'!BI46:BI49)) -> 0 | FM40: =IF($AN40="N","N",(FI40/FT40)*100) -> #DIV/0! | FN40: =IF($AN40="N","N",EU40+EZ40+FE40+FJ40) -> 0 | FO40: =IF($AN40="N","N",(FN40/($FN40+$FP40+$FR40))*100) -> #DIV/0! | FP40: =IF($AN40="N","N",EV40+FA40+FF40+FK40) -> 0 | FQ40: =IF($AN40="N","N",(FP40/($FN40+$FP40+$FR40))*100) -> #DIV/0! | FR40: =IF($AN40="N","N",EW40+FB40+FG40+FL40) -> 0 | FS40: =IF($AN40="N","N",(FR40/($FN40+$FP40+$FR40))*100) -> #DIV/0! | FT40: =IF($AN40="N","N",ET40+EY40+FD40+FI40) -> 0
A41: ='調查資料(OUT)'!A47 -> 900 | B41: =SUM(C41:F41) -> 0 | C41: =IFERROR('調查資料(OUT)'!$B$1*'調查資料(OUT)'!B47,0)+IFERROR('調查資料(OUT)'!$F$1*'調查資料(OUT)'!F47,0)+IFERROR('調查資料(OUT)'!$J$1*'調查資料(OUT)'!J47,0) -> 0 | D41: =IFERROR('調查資料(OUT)'!$C$1*'調查資料(OUT)'!C47,0)+IFERROR('調查資料(OUT)'!$G$1*'調查資料(OUT)'!G47,0)+IFERROR('調查資料(OUT)'!$K$1*'調查資料(OUT)'!K47,0) -> 0 | E41: =IFERROR('調查資料(OUT)'!$D$1*'調查資料(OUT)'!D47,0)+IFERROR('調查資料(OUT)'!$H$1*'調查資料(OUT)'!H47,0)+IFERROR('調查資料(OUT)'!$L$1*'調查資料(OUT)'!L47,0) -> 0 | F41: =IFERROR('調查資料(OUT)'!$E$1*'調查資料(OUT)'!E47,0)+IFERROR('調查資料(OUT)'!$I$1*'調查資料(OUT)'!I47,0)+IFERROR('調查資料(OUT)'!$M$1*'調查資料(OUT)'!M47,0) -> 0 | G41: =SUM(H41:K41) -> 0 | H41: =IFERROR('調查資料(OUT)'!$N$1*'調查資料(OUT)'!N47,0)+IFERROR('調查資料(OUT)'!$R$1*'調查資料(OUT)'!R47,0)+IFERROR('調查資料(OUT)'!$V$1*'調查資料(OUT)'!V47,0) -> 0 | I41: =IFERROR('調查資料(OUT)'!$O$1*'調查資料(OUT)'!O47,0)+IFERROR('調查資料(OUT)'!$S$1*'調查資料(OUT)'!S47,0)+IFERROR('調查資料(OUT)'!$W$1*'調查資料(OUT)'!W47,0) -> 0 | J41: =IFERROR('調查資料(OUT)'!$P$1*'調查資料(OUT)'!P47,0)+IFERROR('調查資料(OUT)'!$T$1*'調查資料(OUT)'!T47,0)+IFERROR('調查資料(OUT)'!$X$1*'調查資料(OUT)'!X47,0) -> 0 | K41: =IFERROR('調查資料(OUT)'!$Q$1*'調查資料(OUT)'!Q47,0)+IFERROR('調查資料(OUT)'!$U$1*'調查資料(OUT)'!U47,0)+IFERROR('調查資料(OUT)'!$Y$1*'調查資料(OUT)'!Y47,0) -> 0 | L41: =SUM(M41:P41) -> 0 | M41: =IFERROR('調查資料(OUT)'!$Z$1*'調查資料(OUT)'!Z47,0)+IFERROR('調查資料(OUT)'!$AD$1*'調查資料(OUT)'!AD47,0)+IFERROR('調查資料(OUT)'!$AH$1*'調查資料(OUT)'!AH47,0) -> 0 | N41: =IFERROR('調查資料(OUT)'!$AA$1*'調查資料(OUT)'!AA47,0)+IFERROR('調查資料(OUT)'!$AE$1*'調查資料(OUT)'!AE47,0)+IFERROR('調查資料(OUT)'!$AI$1*'調查資料(OUT)'!AI47,0) -> 0 | O41: =IFERROR('調查資料(OUT)'!$AB$1*'調查資料(OUT)'!AB47,0)+IFERROR('調查資料(OUT)'!$AF$1*'調查資料(OUT)'!AF47,0)+IFERROR('調查資料(OUT)'!$AJ$1*'調查資料(OUT)'!AJ47,0) -> 0 | P41: =IFERROR('調查資料(OUT)'!$AC$1*'調查資料(OUT)'!AC47,0)+IFERROR('調查資料(OUT)'!$AG$1*'調查資料(OUT)'!AG47,0)+IFERROR('調查資料(OUT)'!$AK$1*'調查資料(OUT)'!AK47,0) -> 0 | Q41: =SUM(R41:U41) -> 0 | R41: =IFERROR('調查資料(OUT)'!$AL$1*'調查資料(OUT)'!AL47,0)+IFERROR('調查資料(OUT)'!$AP$1*'調查資料(OUT)'!AP47,0)+IFERROR('調查資料(OUT)'!$AT$1*'調查資料(OUT)'!AT47,0) -> 0 | S41: =IFERROR('調查資料(OUT)'!$AM$1*'調查資料(OUT)'!AM47,0)+IFERROR('調查資料(OUT)'!$AQ$1*'調查資料(OUT)'!AQ47,0)+IFERROR('調查資料(OUT)'!$AU$1*'調查資料(OUT)'!AU47,0) -> 0 | T41: =IFERROR('調查資料(OUT)'!$AN$1*'調查資料(OUT)'!AN47,0)+IFERROR('調查資料(OUT)'!$AR$1*'調查資料(OUT)'!AR47,0)+IFERROR('調查資料(OUT)'!$AV$1*'調查資料(OUT)'!AV47,0) -> 0 | U41: =IFERROR('調查資料(OUT)'!$AO$1*'調查資料(OUT)'!AO47,0)+IFERROR('調查資料(OUT)'!$AS$1*'調查資料(OUT)'!AS47,0)+IFERROR('調查資料(OUT)'!$AW$1*'調查資料(OUT)'!AW47,0) -> 0 | V41: =SUM(W41:Z41) -> 0 | W41: =IFERROR('調查資料(OUT)'!$AX$1*'調查資料(OUT)'!AX47,0)+IFERROR('調查資料(OUT)'!$BB$1*'調查資料(OUT)'!BB47,0)+IFERROR('調查資料(OUT)'!$BF$1*'調查資料(OUT)'!BF47,0) -> 0 | X41: =IFERROR('調查資料(OUT)'!$AY$1*'調查資料(OUT)'!AY47,0)+IFERROR('調查資料(OUT)'!$BC$1*'調查資料(OUT)'!BC47,0)+IFERROR('調查資料(OUT)'!$BG$1*'調查資料(OUT)'!BG47,0) -> 0 | Y41: =IFERROR('調查資料(OUT)'!$AZ$1*'調查資料(OUT)'!AZ47,0)+IFERROR('調查資料(OUT)'!$BD$1*'調查資料(OUT)'!BD47,0)+IFERROR('調查資料(OUT)'!$BH$1*'調查資料(OUT)'!BH47,0) -> 0 | Z41: =IFERROR('調查資料(OUT)'!$BA$1*'調查資料(OUT)'!BA47,0)+IFERROR('調查資料(OUT)'!$BE$1*'調查資料(OUT)'!BE47,0)+IFERROR('調查資料(OUT)'!$BI$1*'調查資料(OUT)'!BI47,0) -> 0 | AA41: =B41+G41+L41+Q41+V41 -> 0 | AC41: ='調查資料(OUT)'!A47 -> 900 | AD41: =AC41+100 -> 1000 | AE41: =SUM(AA41:AA44) -> 0 | AF41: =MAX(AE41:AE53) -> 0 | AG41: =IF($AE41=$AF$41,MAX(AA41:AA44),0) -> 0 | AH41: =IF($AE41=AF$41,SUM(B41:B44)/(4*(MAX(B41:B44))),0) -> #DIV/0! | AI41: =IF($AE41=AF$41,SUM(G41:G44)/(4*(MAX(G41:G44))),0) -> #DIV/0! | AJ41: =IF($AE41=AF$41,SUM(L41:L44)/(4*(MAX(L41:L44))),0) -> #DIV/0! | AK41: =IF($AE41=AF$41,SUM(Q41:Q44)/(4*(MAX(Q41:Q44))),0) -> #DIV/0! | AL41: =IF($AE41=AF$41,SUM(V41:V44)/(4*(MAX(V41:V44))),0) -> #DIV/0! | AM41: =$AF$41/(4*MAX(AG41:AG53)) -> #DIV/0! | AN41: =IF(AE41=AF$41,$AC41,"N") -> 900 | AO41: =IF(AE41=AF$41,$AD41,"N") -> 1000 | AP41: =IF($AN41="N","N",SUM(C41:C44)) -> 0 | AQ41: =IF($AN41="N","N",SUM('調查資料(OUT)'!B47:B50)) -> 0 | AR41: =IF($AN41="N","N",SUM('調查資料(OUT)'!F47:F50)) -> 0 | AS41: =IF($AN41="N","N",SUM('調查資料(OUT)'!J47:J50)) -> 0 | AT41: =IF($AN41="N","N",(AP41/$BP41)*100) -> #DIV/0! | AU41: =IF($AN41="N","N",SUM(D41:D44)) -> 0 | AV41: =IF($AN41="N","N",SUM('調查資料(OUT)'!C47:C50)) -> 0 | AW41: =IF($AN41="N","N",SUM('調查資料(OUT)'!G47:G50)) -> 0 | AX41: =IF($AN41="N","N",SUM('調查資料(OUT)'!K47:K50)) -> 0 | AY41: =IF($AN41="N","N",(AU41/$BP41)*100) -> #DIV/0! | AZ41: =IF($AN41="N","N",SUM(E41:E44)) -> 0 | BA41: =IF($AN41="N","N",SUM('調查資料(OUT)'!D47:D50)) -> 0 | BB41: =IF($AN41="N","N",SUM('調查資料(OUT)'!H47:H50)) -> 0 | BC41: =IF($AN41="N","N",SUM('調查資料(OUT)'!L47:L50)) -> 0 | BD41: =IF($AN41="N","N",(AZ41/$BP41)*100) -> #DIV/0! | BE41: =IF($AN41="N","N",SUM(F41:F44)) -> 0 | BF41: =IF($AN41="N","N",SUM('調查資料(OUT)'!E47:E50)) -> 0 | BG41: =IF($AN41="N","N",SUM('調查資料(OUT)'!I47:I50)) -> 0 | BH41: =IF($AN41="N","N",SUM('調查資料(OUT)'!M47:M50)) -> 0 | BI41: =IF($AN41="N","N",(BE41/$BP41)*100) -> #DIV/0! | BJ41: =IF($AN41="N","N",AQ41+AV41+BA41+BF41) -> 0 | BK41: =IF($AN41="N","N",(BJ41/($BJ41+$BL41+$BN41))*100) -> #DIV/0! | BL41: =IF($AN41="N","N",AR41+AW41+BB41+BG41) -> 0 | BM41: =IF($AN41="N","N",(BL41/($BJ41+$BL41+$BN41))*100) -> #DIV/0! | BN41: =IF($AN41="N","N",AS41+AX41+BC41+BH41) -> 0 | BO41: =IF($AN41="N","N",(BN41/($BJ41+$BL41+$BN41))*100) -> #DIV/0! | BP41: =IF($AN41="N","N",AP41+AU41+AZ41+BE41) -> 0 | BQ41: =IF($AN41="N","N",SUM(H41:H44)) -> 0 | BR41: =IF($AN41="N","N",SUM('調查資料(OUT)'!N47:N50)) -> 0 | BS41: =IF($AN41="N","N",SUM('調查資料(OUT)'!R47:R50)) -> 0 | BT41: =IF($AN41="N","N",SUM('調查資料(OUT)'!V47:V50)) -> 0 | BU41: =IF($AN41="N","N",(BQ41/CQ41)*100) -> #DIV/0! | BV41: =IF($AN41="N","N",SUM(I41:I44)) -> 0 | BW41: =IF($AN41="N","N",SUM('調查資料(OUT)'!O47:O50)) -> 0 | BX41: =IF($AN41="N","N",SUM('調查資料(OUT)'!S47:S50)) -> 0 | BY41: =IF($AN41="N","N",SUM('調查資料(OUT)'!W47:W50)) -> 0 | BZ41: =IF($AN41="N","N",(BV41/$CQ41)*100) -> #DIV/0! | CA41: =IF($AN41="N","N",SUM(J41:J44)) -> 0 | CB41: =IF($AN41="N","N",SUM('調查資料(OUT)'!P47:P50)) -> 0 | CC41: =IF($AN41="N","N",SUM('調查資料(OUT)'!T47:T50)) -> 0 | CD41: =IF($AN41="N","N",SUM('調查資料(OUT)'!X47:X50)) -> 0 | CE41: =IF($AN41="N","N",(CA41/$CQ41)*100) -> #DIV/0! | CF41: =IF($AN41="N","N",SUM(K41:K44)) -> 0 | CG41: =IF($AN41="N","N",SUM('調查資料(OUT)'!Q47:Q50)) -> 0 | CH41: =IF($AN41="N","N",SUM('調查資料(OUT)'!U47:U50)) -> 0 | CI41: =IF($AN41="N","N",SUM('調查資料(OUT)'!Y47:Y50)) -> 0 | CJ41: =IF($AN41="N","N",(CF41/CQ41)*100) -> #DIV/0! | CK41: =IF($AN41="N","N",BR41+BW41+CB41+CG41) -> 0 | CL41: =IF($AN41="N","N",(CK41/($CK41+$CM41+$CO41))*100) -> #DIV/0! | CM41: =IF($AN41="N","N",BS41+BX41+CC41+CH41) -> 0 | CN41: =IF($AN41="N","N",(CM41/($CK41+$CM41+$CO41))*100) -> #DIV/0! | CO41: =IF($AN41="N","N",BT41+BY41+CD41+CI41) -> 0 | CP41: =IF($AN41="N","N",(CO41/($CK41+$CM41+$CO41))*100) -> #DIV/0! | CQ41: =IF($AN41="N","N",BQ41+BV41+CA41+CF41) -> 0 | CR41: =IF($AN41="N","N",SUM(M41:M44)) -> 0 | CS41: =IF($AN41="N","N",SUM('調查資料(OUT)'!Z47:Z50)) -> 0 | CT41: =IF($AN41="N","N",SUM('調查資料(OUT)'!AD47:AD50)) -> 0 | CU41: =IF($AN41="N","N",SUM('調查資料(OUT)'!AH47:AH50)) -> 0 | CV41: =IF($AN41="N","N",(CR41/DR41)*100) -> #DIV/0! | CW41: =IF($AN41="N","N",SUM(N41:N44)) -> 0 | CX41: =IF($AN41="N","N",SUM('調查資料(OUT)'!AA47:AA50)) -> 0 | CY41: =IF($AN41="N","N",SUM('調查資料(OUT)'!AE47:AE50)) -> 0 | CZ41: =IF($AN41="N","N",SUM('調查資料(OUT)'!AI47:AI50)) -> 0 | DA41: =IF($AN41="N","N",(CW41/$DR41)*100) -> #DIV/0! | DB41: =IF($AN41="N","N",SUM(O41:O44)) -> 0 | DC41: =IF($AN41="N","N",SUM('調查資料(OUT)'!AB47:AB50)) -> 0 | DD41: =IF($AN41="N","N",SUM('調查資料(OUT)'!AF47:AF50)) -> 0 | DE41: =IF($AN41="N","N",SUM('調查資料(OUT)'!AJ47:AJ50)) -> 0 | DF41: =IF($AN41="N","N",(DB41/$DR41)*100) -> #DIV/0! | DG41: =IF($AN41="N","N",SUM(P41:P44)) -> 0 | DH41: =IF($AN41="N","N",SUM('調查資料(OUT)'!AC47:AC50)) -> 0 | DI41: =IF($AN41="N","N",SUM('調查資料(OUT)'!AG47:AG50)) -> 0 | DJ41: =IF($AN41="N","N",SUM('調查資料(OUT)'!AK47:AK50)) -> 0 | DK41: =IF($AN41="N","N",(DG41/DR41)*100) -> #DIV/0! | DL41: =IF($AN41="N","N",CS41+CX41+DC41+DH41) -> 0 | DM41: =IF($AN41="N","N",(DL41/($DL41+$DN41+$DP41))*100) -> #DIV/0! | DN41: =IF($AN41="N","N",CT41+CY41+DD41+DI41) -> 0 | DO41: =IF($AN41="N","N",(DN41/($DL41+$DN41+$DP41))*100) -> #DIV/0! | DP41: =IF($AN41="N","N",CU41+CZ41+DE41+DJ41) -> 0 | DQ41: =IF($AN41="N","N",(DP41/($DL41+$DN41+$DP41))*100) -> #DIV/0! | DR41: =IF($AN41="N","N",CR41+CW41+DB41+DG41) -> 0 | DS41: =IF($AN41="N","N",SUM(R41:R44)) -> 0 | DT41: =IF($AN41="N","N",SUM('調查資料(OUT)'!AL47:AL50)) -> 0 | DU41: =IF($AN41="N","N",SUM('調查資料(OUT)'!AP47:AP50)) -> 0 | DV41: =IF($AN41="N","N",SUM('調查資料(OUT)'!AT47:AT50)) -> 0 | DW41: =IF($AN41="N","N",(DS41/ES41)*100) -> #DIV/0! | DX41: =IF($AN41="N","N",SUM(S41:S44)) -> 0 | DY41: =IF($AN41="N","N",SUM('調查資料(OUT)'!AM47:AM50)) -> 0 | DZ41: =IF($AN41="N","N",SUM('調查資料(OUT)'!AQ47:AQ50)) -> 0 | EA41: =IF($AN41="N","N",SUM('調查資料(OUT)'!AU47:AU50)) -> 0 | EB41: =IF($AN41="N","N",(DX41/$ES41)*100) -> #DIV/0! | EC41: =IF($AN41="N","N",SUM(T41:T44)) -> 0 | ED41: =IF($AN41="N","N",SUM('調查資料(OUT)'!AN47:AN50)) -> 0 | EE41: =IF($AN41="N","N",SUM('調查資料(OUT)'!AR47:AR50)) -> 0 | EF41: =IF($AN41="N","N",SUM('調查資料(OUT)'!AV47:AV50)) -> 0 | EG41: =IF($AN41="N","N",(EC41/$ES41)*100) -> #DIV/0! | EH41: =IF($AN41="N","N",SUM(U41:U44)) -> 0 | EI41: =IF($AN41="N","N",SUM('調查資料(OUT)'!AO47:AO50)) -> 0 | EJ41: =IF($AN41="N","N",SUM('調查資料(OUT)'!AS47:AS50)) -> 0 | EK41: =IF($AN41="N","N",SUM('調查資料(OUT)'!AW47:AW50)) -> 0 | EL41: =IF($AN41="N","N",(EH41/ES41)*100) -> #DIV/0! | EM41: =IF($AN41="N","N",DT41+DY41+ED41+EI41) -> 0 | EN41: =IF($AN41="N","N",(EM41/($EM41+$EO41+$EQ41))*100) -> #DIV/0! | EO41: =IF($AN41="N","N",DU41+DZ41+EE41+EJ41) -> 0 | EP41: =IF($AN41="N","N",(EO41/($EM41+$EO41+$EQ41))*100) -> #DIV/0! | EQ41: =IF($AN41="N","N",DV41+EA41+EF41+EK41) -> 0 | ER41: =IF($AN41="N","N",(EQ41/($EM41+$EO41+$EQ41))*100) -> #DIV/0! | ES41: =IF($AN41="N","N",DS41+DX41+EC41+EH41) -> 0 | ET41: =IF($AN41="N","N",SUM(W41:W44)) -> 0 | EU41: =IF($AN41="N","N",SUM('調查資料(OUT)'!AX47:AX50)) -> 0 | EV41: =IF($AN41="N","N",SUM('調查資料(OUT)'!BB47:BB50)) -> 0 | EW41: =IF($AN41="N","N",SUM('調查資料(OUT)'!BF47:BF50)) -> 0 | EX41: =IF($AN41="N","N",(ET41/FT41)*100) -> #DIV/0! | EY41: =IF($AN41="N","N",SUM(X41:X44)) -> 0 | EZ41: =IF($AN41="N","N",SUM('調查資料(OUT)'!AY47:AY50)) -> 0 | FA41: =IF($AN41="N","N",SUM('調查資料(OUT)'!BC47:BC50)) -> 0 | FB41: =IF($AN41="N","N",SUM('調查資料(OUT)'!BG47:BG50)) -> 0 | FC41: =IF($AN41="N","N",(EY41/$FT41)*100) -> #DIV/0! | FD41: =IF($AN41="N","N",SUM(Y41:Y44)) -> 0 | FE41: =IF($AN41="N","N",SUM('調查資料(OUT)'!AZ47:AZ50)) -> 0 | FF41: =IF($AN41="N","N",SUM('調查資料(OUT)'!BD47:BD50)) -> 0 | FG41: =IF($AN41="N","N",SUM('調查資料(OUT)'!BH47:BH50)) -> 0 | FH41: =IF($AN41="N","N",(FD41/$FT41)*100) -> #DIV/0! | FI41: =IF($AN41="N","N",SUM(Z41:Z44)) -> 0 | FJ41: =IF($AN41="N","N",SUM('調查資料(OUT)'!BA47:BA50)) -> 0 | FK41: =IF($AN41="N","N",SUM('調查資料(OUT)'!BE47:BE50)) -> 0 | FL41: =IF($AN41="N","N",SUM('調查資料(OUT)'!BI47:BI50)) -> 0 | FM41: =IF($AN41="N","N",(FI41/FT41)*100) -> #DIV/0! | FN41: =IF($AN41="N","N",EU41+EZ41+FE41+FJ41) -> 0 | FO41: =IF($AN41="N","N",(FN41/($FN41+$FP41+$FR41))*100) -> #DIV/0! | FP41: =IF($AN41="N","N",EV41+FA41+FF41+FK41) -> 0 | FQ41: =IF($AN41="N","N",(FP41/($FN41+$FP41+$FR41))*100) -> #DIV/0! | FR41: =IF($AN41="N","N",EW41+FB41+FG41+FL41) -> 0 | FS41: =IF($AN41="N","N",(FR41/($FN41+$FP41+$FR41))*100) -> #DIV/0! | FT41: =IF($AN41="N","N",ET41+EY41+FD41+FI41) -> 0
