Workbook
Name _PCU11: [1]基本!$B$35
Name _PCU12: [1]基本!$C$35
Name _PCU13: [1]基本!$D$35
Name _PCU14: [1]基本!$E$35
Name _PCU21: [1]基本!$F$35
Name _PCU22: [1]基本!$G$35
Name _PCU23: [1]基本!$H$35
Name _PCU31: [1]基本!$I$35
Name _PCU32: [1]基本!$J$35
Name _PCU33: [1]基本!$K$35
Name GAM: #REF!
Name GINFO: #REF!
Name GPM: #REF!
Name GRAPH: #REF!
Name HN: [1]集賢!$M$1
Name ROADNAME: [2]基本!$I$5,[2]基本!$G$9,[2]基本!$E$5,[2]基本!$G$1
Name TABLE: #REF!
Name 尖峰: #REF!
Name 夜間: #REF!
Name 時制A: #REF!,#REF!,#REF!,#REF!,#REF!
Name 時制B: #REF!,#REF!,#REF!,#REF!,#REF!
Name 假日: #REF!
Name 週五夜: #REF!
Name 離峰: #REF!

Sheet 轉向量
A1: 臨近路段 | B1: 起始時間 | C1: 結束時間 | D1: 大車A | E1: 大車B | F1: 大車C | G1: 大車D | H1: 大車E | I1: 大車F | J1: 小車A | K1: 小車B | L1: 小車C | M1: 小車D | N1: 小車E | O1: 小車F | P1: 機車A | Q1: 機車B | R1: 機車C | S1: 機車D | T1: 機車E | U1: 機車F
A2: A | B2: 0 | C2: 0.010416667 | D2: - | J2: - | P2: -
A3: A | B3: 0.010416667 | C3: 0.020833333 | D3: - | J3: - | P3: -
A4: A | B4: 0.020833333 | C4: 0.03125 | D4: - | J4: - | P4: -
A5: A | B5: 0.03125 | C5: 0.041666667 | D5: - | J5: - | P5: -
A6: A | B6: 0.041666667 | C6: 0.052083333 | D6: - | J6: - | P6: -
A7: A | B7: 0.052083333 | C7: 0.0625 | D7: - | J7: - | P7: -
A8: A | B8: 0.0625 | C8: 0.072916667 | D8: - | J8: - | P8: -
A9: A | B9: 0.072916667 | C9: 0.083333333 | D9: - | J9: - | P9: -
A10: A | B10: 0.083333333 | C10: 0.09375 | D10: - | J10: - | P10: -
A11: A | B11: 0.09375 | C11: 0.10416667 | D11: - | J11: - | P11: -
A12: A | B12: 0.10416667 | C12: 0.11458333 | D12: - | J12: - | P12: -
A13: A | B13: 0.11458333 | C13: 0.125 | D13: - | J13: - | P13: -
... A96: A | B96: 0.97916667 | C96: 0.98958333 | D96: - | J96: - | P96: -
A97: A | B97: 0.98958333 | C97: 24:00 | D97: - | J97: - | P97: -
A98: B | B98: 0 | C98: 0.010416667 | E98: - | K98: - | Q98: -
A99: B | B99: 0.010416667 | C99: 0.020833333 | E99: - | K99: - | Q99: -
A100: B | B100: 0.020833333 | C100: 0.03125 | E100: - | K100: - | Q100: -
A101: B | B101: 0.03125 | C101: 0.041666667 | E101: - | K101: - | Q101: -
A102: B | B102: 0.041666667 | C102: 0.052083333 | E102: - | K102: - | Q102: -
A103: B | B103: 0.052083333 | C103: 0.0625 | E103: - | K103: - | Q103: -
A104: B | B104: 0.0625 | C104: 0.072916667 | E104: - | K104: - | Q104: -
A105: B | B105: 0.072916667 | C105: 0.083333333 | E105: - | K105: - | Q105: -
A106: B | B106: 0.083333333 | C106: 0.09375 | E106: - | K106: - | Q106: -
A107: B | B107: 0.09375 | C107: 0.10416667 | E107: - | K107: - | Q107: -
A108: B | B108: 0.10416667 | C108: 0.11458333 | E108: - | K108: - | Q108: -
A109: B | B109: 0.11458333 | C109: 0.125 | E109: - | K109: - | Q109: -
... A192: B | B192: 0.97916667 | C192: 0.98958333 | E192: - | K192: - | Q192: -
A193: B | B193: 0.98958333 | C193: 24:00 | E193: - | K193: - | Q193: -
A194: C | B194: 0 | C194: 0.010416667 | F194: - | L194: - | R194: -
A195: C | B195: 0.010416667 | C195: 0.020833333 | F195: - | L195: - | R195: -
A196: C | B196: 0.020833333 | C196: 0.03125 | F196: - | L196: - | R196: -
A197: C | B197: 0.03125 | C197: 0.041666667 | F197: - | L197: - | R197: -
A198: C | B198: 0.041666667 | C198: 0.052083333 | F198: - | L198: - | R198: -
A199: C | B199: 0.052083333 | C199: 0.0625 | F199: - | L199: - | R199: -
A200: C | B200: 0.0625 | C200: 0.072916667 | F200: - | L200: - | R200: -
A201: C | B201: 0.072916667 | C201: 0.083333333 | F201: - | L201: - | R201: -
A202: C | B202: 0.083333333 | C202: 0.09375 | F202: - | L202: - | R202: -
A203: C | B203: 0.09375 | C203: 0.10416667 | F203: - | L203: - | R203: -
A204: C | B204: 0.10416667 | C204: 0.11458333 | F204: - | L204: - | R204: -
A205: C | B205: 0.11458333 | C205: 0.125 | F205: - | L205: - | R205: -
... A288: C | B288: 0.97916667 | C288: 0.98958333 | F288: - | L288: - | R288: -
A289: C | B289: 0.98958333 | C289: 24:00 | F289: - | L289: - | R289: -
A290: D | B290: 0 | C290: 0.010416667 | G290: - | M290: - | S290: -
A291: D | B291: 0.010416667 | C291: 0.020833333 | G291: - | M291: - | S291: -
A292: D | B292: 0.020833333 | C292: 0.03125 | G292: - | M292: - | S292: -
A293: D | B293: 0.03125 | C293: 0.041666667 | G293: - | M293: - | S293: -
A294: D | B294: 0.041666667 | C294: 0.052083333 | G294: - | M294: - | S294: -
A295: D | B295: 0.052083333 | C295: 0.0625 | G295: - | M295: - | S295: -
A296: D | B296: 0.0625 | C296: 0.072916667 | G296: - | M296: - | S296: -
A297: D | B297: 0.072916667 | C297: 0.083333333 | G297: - | M297: - | S297: -
A298: D | B298: 0.083333333 | C298: 0.09375 | G298: - | M298: - | S298: -
A299: D | B299: 0.09375 | C299: 0.10416667 | G299: - | M299: - | S299: -
A300: D | B300: 0.10416667 | C300: 0.11458333 | G300: - | M300: - | S300: -
A301: D | B301: 0.11458333 | C301: 0.125 | G301: - | M301: - | S301: -
... A384: D | B384: 0.97916667 | C384: 0.98958333 | G384: - | M384: - | S384: -
A385: D | B385: 0.98958333 | C385: 24:00 | G385: - | M385: - | S385: -
A386: E | B386: 0 | C386: 0.010416667 | H386: - | N386: - | T386: -
A387: E | B387: 0.010416667 | C387: 0.020833333 | H387: - | N387: - | T387: -
A388: E | B388: 0.020833333 | C388: 0.03125 | H388: - | N388: - | T388: -
A389: E | B389: 0.03125 | C389: 0.041666667 | H389: - | N389: - | T389: -
A390: E | B390: 0.041666667 | C390: 0.052083333 | H390: - | N390: - | T390: -
A391: E | B391: 0.052083333 | C391: 0.0625 | H391: - | N391: - | T391: -
A392: E | B392: 0.0625 | C392: 0.072916667 | H392: - | N392: - | T392: -
A393: E | B393: 0.072916667 | C393: 0.083333333 | H393: - | N393: - | T393: -
A394: E | B394: 0.083333333 | C394: 0.09375 | H394: - | N394: - | T394: -
A395: E | B395: 0.09375 | C395: 0.10416667 | H395: - | N395: - | T395: -
A396: E | B396: 0.10416667 | C396: 0.11458333 | H396: - | N396: - | T396: -
A397: E | B397: 0.11458333 | C397: 0.125 | H397: - | N397: - | T397: -
... A480: E | B480: 0.97916667 | C480: 0.98958333 | H480: - | N480: - | T480: -
A481: E | B481: 0.98958333 | C481: 24:00 | H481: - | N481: - | T481: -
A482: F | B482: 0 | C482: 0.010416667 | I482: - | O482: - | U482: -
A483: F | B483: 0.010416667 | C483: 0.020833333 | I483: - | O483: - | U483: -
A484: F | B484: 0.020833333 | C484: 0.03125 | I484: - | O484: - | U484: -
A485: F | B485: 0.03125 | C485: 0.041666667 | I485: - | O485: - | U485: -
A486: F | B486: 0.041666667 | C486: 0.052083333 | I486: - | O486: - | U486: -
A487: F | B487: 0.052083333 | C487: 0.0625 | I487: - | O487: - | U487: -
A488: F | B488: 0.0625 | C488: 0.072916667 | I488: - | O488: - | U488: -
A489: F | B489: 0.072916667 | C489: 0.083333333 | I489: - | O489: - | U489: -
A490: F | B490: 0.083333333 | C490: 0.09375 | I490: - | O490: - | U490: -
A491: F | B491: 0.09375 | C491: 0.10416667 | I491: - | O491: - | U491: -
A492: F | B492: 0.10416667 | C492: 0.11458333 | I492: - | O492: - | U492: -
A493: F | B493: 0.11458333 | C493: 0.125 | I493: - | O493: - | U493: -
... A576: F | B576: 0.97916667 | C576: 0.98958333 | I576: - | O576: - | U576: -
A577: F | B577: 0.98958333 | C577: 24:00 | I577: - | O577: - | U577: -

Sheet 路口基本資料
A1: 業主名稱： | G1: 簡圖： | I1: =F15 -> 0 | J1: =G15 -> 0 | L1: N
A2: 專案編號： | I2: E | J2: F | L2: ↑
A4: TC編號：
A5: 路口名稱： | G5: =E15 -> 0 | H5: D | K5: A | L5: =B15 -> 0
A6: 行政區域：
A8: 日期： | B8: YYYY/MM/DD | I8: C | J8: B
A9: 平假日： | I9: =D15 -> 0 | J9: =C15 -> 0
A10: 調查時段：
A11: 天候：
A13: 路口類型： | B13: 六叉路口
A14: 方向： | B14: A | C14: B | D14: C | E14: D | F14: E | G14: F
A15: 路段名：
A16: 車道數：
A17: 行車方向： | B17: 往西 | C17: 往西北 | D17: 往東北 | E17: 往東 | F17: 往東南 | G17: 往西南
A18: 往A方向： | B18: - | C18: 請選擇 | D18: 請選擇 | E18: 請選擇 | F18: 請選擇 | G18: 請選擇
A19: 往B方向： | B19: 請選擇 | C19: - | D19: 請選擇 | E19: 請選擇 | F19: 請選擇 | G19: 請選擇
A20: 往C方向： | B20: 請選擇 | C20: 請選擇 | D20: - | E20: 請選擇 | F20: 請選擇 | G20: 請選擇
A21: 往D方向： | B21: 請選擇 | C21: 請選擇 | D21: 請選擇 | E21: - | F21: 請選擇 | G21: 請選擇
A22: 往E方向： | B22: 請選擇 | C22: 請選擇 | D22: 請選擇 | E22: 請選擇 | F22: - | G22: 請選擇
A23: 往F方向： | B23: 請選擇 | C23: 請選擇 | D23: 請選擇 | E23: 請選擇 | F23: 請選擇 | G23: -
A24: 車種設定
A25: 大型車1 | C25: 小型車1 | E25: 機車1 | G25: 特殊1
A26: 大型車2 | C26: 小型車2 | E26: 機車2 | G26: 特殊2
A27: 大型車3 | C27: 小型車3 | E27: 機車3
A28: 大型車4 | C28: 小型車4
A29: 大型車5
A30: 大型車6

Sheet 調查資料(OUT)
A1: 套用PCE | B1: =IF(路口基本資料!$B$16="左轉",1.9, IF(路口基本資料!$B$16="右轉",2.5,1.8)) -> 1.8 | C1: =IF(路口基本資料!$B$17="左轉",1.9, IF(路口基本資料!$B$17="右轉",2.5,1.8)) -> 1.8 | D1: =IF(路口基本資料!$B$18="左轉",1.9, IF(路口基本資料!$B$18="右轉",2.5,1.8)) -> 1.8 | E1: =IF(路口基本資料!$B$19="左轉",1.9, IF(路口基本資料!$B$19="右轉",2.5,1.8)) -> 1.8 | F1: =IF(路口基本資料!$B$20="左轉",1.9, IF(路口基本資料!$B$20="右轉",2.5,1.8)) -> 1.8 | G1: 1 | H1: 1 | I1: 1 | J1: 1 | K1: 1 | L1: =IF(路口基本資料!$B$16="左轉",0.41,0.42) -> 0.42 | M1: =IF(路口基本資料!$B$17="左轉",0.41,0.42) -> 0.42 | N1: =IF(路口基本資料!$B$18="左轉",0.41,0.42) -> 0.42 | O1: =IF(路口基本資料!$B$19="左轉",0.41,0.42) -> 0.42 | P1: =IF(路口基本資料!$B$20="左轉",0.41,0.42) -> 0.42 | Q1: =IF(路口基本資料!$C$15="左轉",1.9, IF(路口基本資料!$C$15="右轉",2.5,1.8)) -> 1.8 | R1: =IF(路口基本資料!$C$17="左轉",1.9, IF(路口基本資料!$C$17="右轉",2.5,1.8)) -> 1.8 | S1: =IF(路口基本資料!$C$18="左轉",1.9, IF(路口基本資料!$C$18="右轉",2.5,1.8)) -> 1.8 | T1: =IF(路口基本資料!$C$19="左轉",1.9, IF(路口基本資料!$C$19="右轉",2.5,1.8)) -> 1.8 | U1: =IF(路口基本資料!$C$20="左轉",1.9, IF(路口基本資料!$C$20="右轉",2.5,1.8)) -> 1.8 | V1: 1 | W1: 1 | X1: 1 | Y1: 1 | Z1: 1 | AA1: =IF(路口基本資料!$C$15="左轉",0.41,0.42) -> 0.42 | AB1: =IF(路口基本資料!$C$17="左轉",0.41,0.42) -> 0.42 | AC1: =IF(路口基本資料!$C$18="左轉",0.41,0.42) -> 0.42 | AD1: =IF(路口基本資料!$C$19="左轉",0.41,0.42) -> 0.42 | AE1: =IF(路口基本資料!$C$20="左轉",0.41,0.42) -> 0.42 | AF1: =IF(路口基本資料!$D$15="左轉",1.9, IF(路口基本資料!$D$15="右轉",2.5,1.8)) -> 1.8 | AG1: =IF(路口基本資料!$D$16="左轉",1.9, IF(路口基本資料!$D$16="右轉",2.5,1.8)) -> 1.8 | AH1: =IF(路口基本資料!$D$18="左轉",1.9, IF(路口基本資料!$D$18="右轉",2.5,1.8)) -> 1.8 | AI1: =IF(路口基本資料!$D$19="左轉",1.9, IF(路口基本資料!$D$19="右轉",2.5,1.8)) -> 1.8 | AJ1: =IF(路口基本資料!$D$20="左轉",1.9, IF(路口基本資料!$D$20="右轉",2.5,1.8)) -> 1.8 | AK1: 1 | AL1: 1 | AM1: 1 | AN1: 1 | AO1: 1 | AP1: =IF(路口基本資料!$D$15="左轉",0.41,0.42) -> 0.42 | AQ1: =IF(路口基本資料!$D$16="左轉",0.41,0.42) -> 0.42 | AR1: =IF(路口基本資料!$D$18="左轉",0.41,0.42) -> 0.42 | AS1: =IF(路口基本資料!$D$19="左轉",0.41,0.42) -> 0.42 | AT1: =IF(路口基本資料!$D$20="左轉",0.41,0.42) -> 0.42 | AU1: =IF(路口基本資料!$E$15="左轉",1.9, IF(路口基本資料!$E$15="右轉",2.5,1.8)) -> 1.8 | AV1: =IF(路口基本資料!$E$16="左轉",1.9, IF(路口基本資料!$E$16="右轉",2.5,1.8)) -> 1.8 | AW1: =IF(路口基本資料!$E$17="左轉",1.9, IF(路口基本資料!$E$17="右轉",2.5,1.8)) -> 1.8 | AX1: =IF(路口基本資料!$E$19="左轉",1.9, IF(路口基本資料!$E$19="右轉",2.5,1.8)) -> 1.8 | AY1: =IF(路口基本資料!$E$20="左轉",1.9, IF(路口基本資料!$E$20="右轉",2.5,1.8)) -> 1.8 | AZ1: 1 | BA1: 1 | BB1: 1 | BC1: 1 | BD1: 1 | BE1: =IF(路口基本資料!$E$15="左轉",0.41,0.42) -> 0.42 | BF1: =IF(路口基本資料!$E$16="左轉",0.41,0.42) -> 0.42 | BG1: =IF(路口基本資料!$E$17="左轉",0.41,0.42) -> 0.42 | BH1: =IF(路口基本資料!$E$19="左轉",0.41,0.42) -> 0.42 | BI1: =IF(路口基本資料!$E$20="左轉",0.41,0.42) -> 0.42 | BJ1: =IF(路口基本資料!$F$15="左轉",1.9, IF(路口基本資料!$F$15="右轉",2.5,1.8)) -> 1.8 | BK1: =IF(路口基本資料!$F$16="左轉",1.9, IF(路口基本資料!$F$16="右轉",2.5,1.8)) -> 1.8 | BL1: =IF(路口基本資料!$F$17="左轉",1.9, IF(路口基本資料!$F$17="右轉",2.5,1.8)) -> 1.8 | BM1: =IF(路口基本資料!$F$18="左轉",1.9, IF(路口基本資料!$F$18="右轉",2.5,1.8)) -> 1.8 | BN1: =IF(路口基本資料!$F$20="左轉",1.9, IF(路口基本資料!$F$20="右轉",2.5,1.8)) -> 1.8 | BO1: 1 | BP1: 1 | BQ1: 1 | BR1: 1 | BS1: 1 | BT1: =IF(路口基本資料!$F$15="左轉",0.41,0.42) -> 0.42 | BU1: =IF(路口基本資料!$F$16="左轉",0.41,0.42) -> 0.42 | BV1: =IF(路口基本資料!$F$17="左轉",0.41,0.42) -> 0.42 | BW1: =IF(路口基本資料!$F$18="左轉",0.41,0.42) -> 0.42 | BX1: =IF(路口基本資料!$F$20="左轉",0.41,0.42) -> 0.42 | BY1: =IF(路口基本資料!$G$15="左轉",1.9, IF(路口基本資料!$G$15="右轉",2.5,1.8)) -> 1.8 | BZ1: =IF(路口基本資料!$G$16="左轉",1.9, IF(路口基本資料!$G$16="右轉",2.5,1.8)) -> 1.8 | CA1: =IF(路口基本資料!$G$17="左轉",1.9, IF(路口基本資料!$G$17="右轉",2.5,1.8)) -> 1.8 | CB1: =IF(路口基本資料!$G$18="左轉",1.9, IF(路口基本資料!$G$18="右轉",2.5,1.8)) -> 1.8 | CC1: =IF(路口基本資料!$G$19="左轉",1.9, IF(路口基本資料!$G$19="右轉",2.5,1.8)) -> 1.8 | CD1: 1 | CE1: 1 | CF1: 1 | CG1: 1 | CH1: 1 | CI1: =IF(路口基本資料!$G$15="左轉",0.41,0.42) -> 0.42 | CJ1: =IF(路口基本資料!$G$16="左轉",0.41,0.42) -> 0.42 | CK1: =IF(路口基本資料!$G$17="左轉",0.41,0.42) -> 0.42 | CL1: =IF(路口基本資料!$G$18="左轉",0.41,0.42) -> 0.42 | CM1: =IF(路口基本資料!$G$19="左轉",0.41,0.42) -> 0.42
B3: ※註： 1. 行車方向若無車輛通過，表示為"0" 2. 若該行車方向為禁行方向，或為非調查時段，表示為"-"
EZ5: =IF($AB5="N","N",SUM('調查資料(OUT)'!#REF!)) -> #REF!
B8: ←A | C8: =路口基本資料!$B$12 -> 0 | G8: 車道數 | H8: =路口基本資料!$B$13 -> 六叉路口 | Q8: ↑B | R8: =路口基本資料!$C$12 -> 0 | V8: 車道數 | W8: =路口基本資料!$C$13 -> 0 | AF8: ↑C | AG8: =路口基本資料!$D$12 -> 0 | AK8: 車道數 | AL8: =路口基本資料!$D$13 -> 0 | AU8: →D | AV8: =路口基本資料!$E$12 -> 0 | AZ8: 車道數 | BA8: =路口基本資料!$E$13 -> 0 | BJ8: ↓E | BK8: =路口基本資料!$F$12 -> 0 | BO8: 車道數 | BP8: =路口基本資料!$F$13 -> 0 | BY8: ↓F | BZ8: =路口基本資料!$G$12 -> 0 | CD8: 車道數 | CE8: =路口基本資料!$G$13 -> 0
A9: 調查 開始時間 | B9: 大型車 | G9: 小型車 | L9: 機車 | Q9: 大型車 | V9: 小型車 | AA9: 機車 | AF9: 大型車 | AK9: 小型車 | AP9: 機車 | AU9: 大型車 | AZ9: 小型車 | BE9: 機車 | BJ9: 大型車 | BO9: 小型車 | BT9: 機車 | BY9: 大型車 | CD9: 小型車 | CI9: 機車
B10: B | C10: C | D10: D | E10: E | F10: F | G10: B | H10: C | I10: D | J10: E | K10: F | L10: B | M10: C | N10: D | O10: E | P10: F | Q10: A | R10: C | S10: D | T10: E | U10: F | V10: A | W10: C | X10: D | Y10: E | Z10: F | AA10: A | AB10: C | AC10: D | AD10: E | AE10: F | AF10: A | AG10: B | AH10: D | AI10: E | AJ10: F | AK10: A | AL10: B | AM10: D | AN10: E | AO10: F | AP10: A | AQ10: B | AR10: D | AS10: E | AT10: F | AU10: A | AV10: B | AW10: C | AX10: E | AY10: F | AZ10: A | BA10: B | BB10: C | BC10: E | BD10: F | BE10: A | BF10: B | BG10: C | BH10: E | BI10: F | BJ10: A | BK10: B | BL10: C | BM10: D | BN10: F | BO10: A | BP10: B | BQ10: C | BR10: D | BS10: F | BT10: A | BU10: B | BV10: C | BW10: D | BX10: F | BY10: A | BZ10: B | CA10: C | CB10: D | CC10: F | CD10: A | CE10: B | CF10: C | CG10: D | CH10: F | CI10: A | CJ10: B | CK10: C | CL10: D | CM10: F
A11: 0 | B11: =轉向量!E2 -> 0 | C11: =轉向量!F2 -> 0 | D11: =轉向量!G2 -> 0 | E11: =轉向量!H2 -> 0 | F11: =轉向量!I2 -> 0 | G11: =轉向量!K2 -> 0 | H11: =轉向量!L2 -> 0 | I11: =轉向量!M2 -> 0 | J11: =轉向量!N2 -> 0 | K11: =轉向量!O2 -> 0 | L11: =轉向量!Q2 -> 0 | M11: =轉向量!R2 -> 0 | N11: =轉向量!S2 -> 0 | O11: =轉向量!T2 -> 0 | P11: =轉向量!U2 -> 0 | Q11: =轉向量!D98 -> 0 | R11: =轉向量!F98 -> 0 | S11: =轉向量!G98 -> 0 | T11: =轉向量!H98 -> 0 | U11: =轉向量!I98 -> 0 | V11: =轉向量!J98 -> 0 | W11: =轉向量!L98 -> 0 | X11: =轉向量!M98 -> 0 | Y11: =轉向量!N98 -> 0 | Z11: =轉向量!O98 -> 0 | AA11: =轉向量!P98 -> 0 | AB11: =轉向量!R98 -> 0 | AC11: =轉向量!S98 -> 0 | AD11: =轉向量!T98 -> 0 | AE11: =轉向量!U98 -> 0 | AF11: =轉向量!D194 -> 0 | AG11: =轉向量!E194 -> 0 | AH11: =轉向量!G194 -> 0 | AI11: =轉向量!H194 -> 0 | AJ11: =轉向量!I194 -> 0 | AK11: =轉向量!J194 -> 0 | AL11: =轉向量!K194 -> 0 | AM11: =轉向量!M194 -> 0 | AN11: =轉向量!N194 -> 0 | AO11: =轉向量!O194 -> 0 | AP11: =轉向量!P194 -> 0 | AQ11: =轉向量!Q194 -> 0 | AR11: =轉向量!S194 -> 0 | AS11: =轉向量!T194 -> 0 | AT11: =轉向量!U194 -> 0 | AU11: =轉向量!D290 -> 0 | AV11: =轉向量!E290 -> 0 | AW11: =轉向量!F290 -> 0 | AX11: =轉向量!H290 -> 0 | AY11: =轉向量!I290 -> 0 | AZ11: =轉向量!J290 -> 0 | BA11: =轉向量!K290 -> 0 | BB11: =轉向量!L290 -> 0 | BC11: =轉向量!N290 -> 0 | BD11: =轉向量!O290 -> 0 | BE11: =轉向量!P290 -> 0 | BF11: =轉向量!Q290 -> 0 | BG11: =轉向量!R290 -> 0 | BH11: =轉向量!T290 -> 0 | BI11: =轉向量!U290 -> 0 | BJ11: =轉向量!D386 -> 0 | BK11: =轉向量!E386 -> 0 | BL11: =轉向量!F386 -> 0 | BM11: =轉向量!G386 -> 0 | BN11: =轉向量!I386 -> 0 | BO11: =轉向量!J386 -> 0 | BP11: =轉向量!K386 -> 0 | BQ11: =轉向量!L386 -> 0 | BR11: =轉向量!M386 -> 0 | BS11: =轉向量!O386 -> 0 | BT11: =轉向量!P386 -> 0 | BU11: =轉向量!Q386 -> 0 | BV11: =轉向量!R386 -> 0 | BW11: =轉向量!S386 -> 0 | BX11: =轉向量!U386 -> 0 | BY11: =轉向量!D482 -> 0 | BZ11: =轉向量!E482 -> 0 | CA11: =轉向量!F482 -> 0 | CB11: =轉向量!G482 -> 0 | CC11: =轉向量!H482 -> 0 | CD11: =轉向量!J482 -> 0 | CE11: =轉向量!K482 -> 0 | CF11: =轉向量!L482 -> 0 | CG11: =轉向量!M482 -> 0 | CH11: =轉向量!N482 -> 0 | CI11: =轉向量!P482 -> 0 | CJ11: =轉向量!Q482 -> 0 | CK11: =轉向量!R482 -> 0 | CL11: =轉向量!S482 -> 0 | CM11: =轉向量!T482 -> 0
A12: 15 | B12: =轉向量!E3 -> 0 | C12: =轉向量!F3 -> 0 | D12: =轉向量!G3 -> 0 | E12: =轉向量!H3 -> 0 | F12: =轉向量!I3 -> 0 | G12: =轉向量!K3 -> 0 | H12: =轉向量!L3 -> 0 | I12: =轉向量!M3 -> 0 | J12: =轉向量!N3 -> 0 | K12: =轉向量!O3 -> 0 | L12: =轉向量!Q3 -> 0 | M12: =轉向量!R3 -> 0 | N12: =轉向量!S3 -> 0 | O12: =轉向量!T3 -> 0 | P12: =轉向量!U3 -> 0 | Q12: =轉向量!D99 -> 0 | R12: =轉向量!F99 -> 0 | S12: =轉向量!G99 -> 0 | T12: =轉向量!H99 -> 0 | U12: =轉向量!I99 -> 0 | V12: =轉向量!J99 -> 0 | W12: =轉向量!L99 -> 0 | X12: =轉向量!M99 -> 0 | Y12: =轉向量!N99 -> 0 | Z12: =轉向量!O99 -> 0 | AA12: =轉向量!P99 -> 0 | AB12: =轉向量!R99 -> 0 | AC12: =轉向量!S99 -> 0 | AD12: =轉向量!T99 -> 0 | AE12: =轉向量!U99 -> 0 | AF12: =轉向量!D195 -> 0 | AG12: =轉向量!E195 -> 0 | AH12: =轉向量!G195 -> 0 | AI12: =轉向量!H195 -> 0 | AJ12: =轉向量!I195 -> 0 | AK12: =轉向量!J195 -> 0 | AL12: =轉向量!K195 -> 0 | AM12: =轉向量!M195 -> 0 | AN12: =轉向量!N195 -> 0 | AO12: =轉向量!O195 -> 0 | AP12: =轉向量!P195 -> 0 | AQ12: =轉向量!Q195 -> 0 | AR12: =轉向量!S195 -> 0 | AS12: =轉向量!T195 -> 0 | AT12: =轉向量!U195 -> 0 | AU12: =轉向量!D291 -> 0 | AV12: =轉向量!E291 -> 0 | AW12: =轉向量!F291 -> 0 | AX12: =轉向量!H291 -> 0 | AY12: =轉向量!I291 -> 0 | AZ12: =轉向量!J291 -> 0 | BA12: =轉向量!K291 -> 0 | BB12: =轉向量!L291 -> 0 | BC12: =轉向量!N291 -> 0 | BD12: =轉向量!O291 -> 0 | BE12: =轉向量!P291 -> 0 | BF12: =轉向量!Q291 -> 0 | BG12: =轉向量!R291 -> 0 | BH12: =轉向量!T291 -> 0 | BI12: =轉向量!U291 -> 0 | BJ12: =轉向量!D387 -> 0 | BK12: =轉向量!E387 -> 0 | BL12: =轉向量!F387 -> 0 | BM12: =轉向量!G387 -> 0 | BN12: =轉向量!I387 -> 0 | BO12: =轉向量!J387 -> 0 | BP12: =轉向量!K387 -> 0 | BQ12: =轉向量!L387 -> 0 | BR12: =轉向量!M387 -> 0 | BS12: =轉向量!O387 -> 0 | BT12: =轉向量!P387 -> 0 | BU12: =轉向量!Q387 -> 0 | BV12: =轉向量!R387 -> 0 | BW12: =轉向量!S387 -> 0 | BX12: =轉向量!U387 -> 0 | BY12: =轉向量!D483 -> 0 | BZ12: =轉向量!E483 -> 0 | CA12: =轉向量!F483 -> 0 | CB12: =轉向量!G483 -> 0 | CC12: =轉向量!H483 -> 0 | CD12: =轉向量!J483 -> 0 | CE12: =轉向量!K483 -> 0 | CF12: =轉向量!L483 -> 0 | CG12: =轉向量!M483 -> 0 | CH12: =轉向量!N483 -> 0 | CI12: =轉向量!P483 -> 0 | CJ12: =轉向量!Q483 -> 0 | CK12: =轉向量!R483 -> 0 | CL12: =轉向量!S483 -> 0 | CM12: =轉向量!T483 -> 0
A13: 30 | B13: =轉向量!E4 -> 0 | C13: =轉向量!F4 -> 0 | D13: =轉向量!G4 -> 0 | E13: =轉向量!H4 -> 0 | F13: =轉向量!I4 -> 0 | G13: =轉向量!K4 -> 0 | H13: =轉向量!L4 -> 0 | I13: =轉向量!M4 -> 0 | J13: =轉向量!N4 -> 0 | K13: =轉向量!O4 -> 0 | L13: =轉向量!Q4 -> 0 | M13: =轉向量!R4 -> 0 | N13: =轉向量!S4 -> 0 | O13: =轉向量!T4 -> 0 | P13: =轉向量!U4 -> 0 | Q13: =轉向量!D100 -> 0 | R13: =轉向量!F100 -> 0 | S13: =轉向量!G100 -> 0 | T13: =轉向量!H100 -> 0 | U13: =轉向量!I100 -> 0 | V13: =轉向量!J100 -> 0 | W13: =轉向量!L100 -> 0 | X13: =轉向量!M100 -> 0 | Y13: =轉向量!N100 -> 0 | Z13: =轉向量!O100 -> 0 | AA13: =轉向量!P100 -> 0 | AB13: =轉向量!R100 -> 0 | AC13: =轉向量!S100 -> 0 | AD13: =轉向量!T100 -> 0 | AE13: =轉向量!U100 -> 0 | AF13: =轉向量!D196 -> 0 | AG13: =轉向量!E196 -> 0 | AH13: =轉向量!G196 -> 0 | AI13: =轉向量!H196 -> 0 | AJ13: =轉向量!I196 -> 0 | AK13: =轉向量!J196 -> 0 | AL13: =轉向量!K196 -> 0 | AM13: =轉向量!M196 -> 0 | AN13: =轉向量!N196 -> 0 | AO13: =轉向量!O196 -> 0 | AP13: =轉向量!P196 -> 0 | AQ13: =轉向量!Q196 -> 0 | AR13: =轉向量!S196 -> 0 | AS13: =轉向量!T196 -> 0 | AT13: =轉向量!U196 -> 0 | AU13: =轉向量!D292 -> 0 | AV13: =轉向量!E292 -> 0 | AW13: =轉向量!F292 -> 0 | AX13: =轉向量!H292 -> 0 | AY13: =轉向量!I292 -> 0 | AZ13: =轉向量!J292 -> 0 | BA13: =轉向量!K292 -> 0 | BB13: =轉向量!L292 -> 0 | BC13: =轉向量!N292 -> 0 | BD13: =轉向量!O292 -> 0 | BE13: =轉向量!P292 -> 0 | BF13: =轉向量!Q292 -> 0 | BG13: =轉向量!R292 -> 0 | BH13: =轉向量!T292 -> 0 | BI13: =轉向量!U292 -> 0 | BJ13: =轉向量!D388 -> 0 | BK13: =轉向量!E388 -> 0 | BL13: =轉向量!F388 -> 0 | BM13: =轉向量!G388 -> 0 | BN13: =轉向量!I388 -> 0 | BO13: =轉向量!J388 -> 0 | BP13: =轉向量!K388 -> 0 | BQ13: =轉向量!L388 -> 0 | BR13: =轉向量!M388 -> 0 | BS13: =轉向量!O388 -> 0 | BT13: =轉向量!P388 -> 0 | BU13: =轉向量!Q388 -> 0 | BV13: =轉向量!R388 -> 0 | BW13: =轉向量!S388 -> 0 | BX13: =轉向量!U388 -> 0 | BY13: =轉向量!D484 -> 0 | BZ13: =轉向量!E484 -> 0 | CA13: =轉向量!F484 -> 0 | CB13: =轉向量!G484 -> 0 | CC13: =轉向量!H484 -> 0 | CD13: =轉向量!J484 -> 0 | CE13: =轉向量!K484 -> 0 | CF13: =轉向量!L484 -> 0 | CG13: =轉向量!M484 -> 0 | CH13: =轉向量!N484 -> 0 | CI13: =轉向量!P484 -> 0 | CJ13: =轉向量!Q484 -> 0 | CK13: =轉向量!R484 -> 0 | CL13: =轉向量!S484 -> 0 | CM13: =轉向量!T484 -> 0
A14: 45 | B14: =轉向量!E5 -> 0 | C14: =轉向量!F5 -> 0 | D14: =轉向量!G5 -> 0 | E14: =轉向量!H5 -> 0 | F14: =轉向量!I5 -> 0 | G14: =轉向量!K5 -> 0 | H14: =轉向量!L5 -> 0 | I14: =轉向量!M5 -> 0 | J14: =轉向量!N5 -> 0 | K14: =轉向量!O5 -> 0 | L14: =轉向量!Q5 -> 0 | M14: =轉向量!R5 -> 0 | N14: =轉向量!S5 -> 0 | O14: =轉向量!T5 -> 0 | P14: =轉向量!U5 -> 0 | Q14: =轉向量!D101 -> 0 | R14: =轉向量!F101 -> 0 | S14: =轉向量!G101 -> 0 | T14: =轉向量!H101 -> 0 | U14: =轉向量!I101 -> 0 | V14: =轉向量!J101 -> 0 | W14: =轉向量!L101 -> 0 | X14: =轉向量!M101 -> 0 | Y14: =轉向量!N101 -> 0 | Z14: =轉向量!O101 -> 0 | AA14: =轉向量!P101 -> 0 | AB14: =轉向量!R101 -> 0 | AC14: =轉向量!S101 -> 0 | AD14: =轉向量!T101 -> 0 | AE14: =轉向量!U101 -> 0 | AF14: =轉向量!D197 -> 0 | AG14: =轉向量!E197 -> 0 | AH14: =轉向量!G197 -> 0 | AI14: =轉向量!H197 -> 0 | AJ14: =轉向量!I197 -> 0 | AK14: =轉向量!J197 -> 0 | AL14: =轉向量!K197 -> 0 | AM14: =轉向量!M197 -> 0 | AN14: =轉向量!N197 -> 0 | AO14: =轉向量!O197 -> 0 | AP14: =轉向量!P197 -> 0 | AQ14: =轉向量!Q197 -> 0 | AR14: =轉向量!S197 -> 0 | AS14: =轉向量!T197 -> 0 | AT14: =轉向量!U197 -> 0 | AU14: =轉向量!D293 -> 0 | AV14: =轉向量!E293 -> 0 | AW14: =轉向量!F293 -> 0 | AX14: =轉向量!H293 -> 0 | AY14: =轉向量!I293 -> 0 | AZ14: =轉向量!J293 -> 0 | BA14: =轉向量!K293 -> 0 | BB14: =轉向量!L293 -> 0 | BC14: =轉向量!N293 -> 0 | BD14: =轉向量!O293 -> 0 | BE14: =轉向量!P293 -> 0 | BF14: =轉向量!Q293 -> 0 | BG14: =轉向量!R293 -> 0 | BH14: =轉向量!T293 -> 0 | BI14: =轉向量!U293 -> 0 | BJ14: =轉向量!D389 -> 0 | BK14: =轉向量!E389 -> 0 | BL14: =轉向量!F389 -> 0 | BM14: =轉向量!G389 -> 0 | BN14: =轉向量!I389 -> 0 | BO14: =轉向量!J389 -> 0 | BP14: =轉向量!K389 -> 0 | BQ14: =轉向量!L389 -> 0 | BR14: =轉向量!M389 -> 0 | BS14: =轉向量!O389 -> 0 | BT14: =轉向量!P389 -> 0 | BU14: =轉向量!Q389 -> 0 | BV14: =轉向量!R389 -> 0 | BW14: =轉向量!S389 -> 0 | BX14: =轉向量!U389 -> 0 | BY14: =轉向量!D485 -> 0 | BZ14: =轉向量!E485 -> 0 | CA14: =轉向量!F485 -> 0 | CB14: =轉向量!G485 -> 0 | CC14: =轉向量!H485 -> 0 | CD14: =轉向量!J485 -> 0 | CE14: =轉向量!K485 -> 0 | CF14: =轉向量!L485 -> 0 | CG14: =轉向量!M485 -> 0 | CH14: =轉向量!N485 -> 0 | CI14: =轉向量!P485 -> 0 | CJ14: =轉向量!Q485 -> 0 | CK14: =轉向量!R485 -> 0 | CL14: =轉向量!S485 -> 0 | CM14: =轉向量!T485 -> 0
A15: 100 | B15: =轉向量!E6 -> 0 | C15: =轉向量!F6 -> 0 | D15: =轉向量!G6 -> 0 | E15: =轉向量!H6 -> 0 | F15: =轉向量!I6 -> 0 | G15: =轉向量!K6 -> 0 | H15: =轉向量!L6 -> 0 | I15: =轉向量!M6 -> 0 | J15: =轉向量!N6 -> 0 | K15: =轉向量!O6 -> 0 | L15: =轉向量!Q6 -> 0 | M15: =轉向量!R6 -> 0 | N15: =轉向量!S6 -> 0 | O15: =轉向量!T6 -> 0 | P15: =轉向量!U6 -> 0 | Q15: =轉向量!D102 -> 0 | R15: =轉向量!F102 -> 0 | S15: =轉向量!G102 -> 0 | T15: =轉向量!H102 -> 0 | U15: =轉向量!I102 -> 0 | V15: =轉向量!J102 -> 0 | W15: =轉向量!L102 -> 0 | X15: =轉向量!M102 -> 0 | Y15: =轉向量!N102 -> 0 | Z15: =轉向量!O102 -> 0 | AA15: =轉向量!P102 -> 0 | AB15: =轉向量!R102 -> 0 | AC15: =轉向量!S102 -> 0 | AD15: =轉向量!T102 -> 0 | AE15: =轉向量!U102 -> 0 | AF15: =轉向量!D198 -> 0 | AG15: =轉向量!E198 -> 0 | AH15: =轉向量!G198 -> 0 | AI15: =轉向量!H198 -> 0 | AJ15: =轉向量!I198 -> 0 | AK15: =轉向量!J198 -> 0 | AL15: =轉向量!K198 -> 0 | AM15: =轉向量!M198 -> 0 | AN15: =轉向量!N198 -> 0 | AO15: =轉向量!O198 -> 0 | AP15: =轉向量!P198 -> 0 | AQ15: =轉向量!Q198 -> 0 | AR15: =轉向量!S198 -> 0 | AS15: =轉向量!T198 -> 0 | AT15: =轉向量!U198 -> 0 | AU15: =轉向量!D294 -> 0 | AV15: =轉向量!E294 -> 0 | AW15: =轉向量!F294 -> 0 | AX15: =轉向量!H294 -> 0 | AY15: =轉向量!I294 -> 0 | AZ15: =轉向量!J294 -> 0 | BA15: =轉向量!K294 -> 0 | BB15: =轉向量!L294 -> 0 | BC15: =轉向量!N294 -> 0 | BD15: =轉向量!O294 -> 0 | BE15: =轉向量!P294 -> 0 | BF15: =轉向量!Q294 -> 0 | BG15: =轉向量!R294 -> 0 | BH15: =轉向量!T294 -> 0 | BI15: =轉向量!U294 -> 0 | BJ15: =轉向量!D390 -> 0 | BK15: =轉向量!E390 -> 0 | BL15: =轉向量!F390 -> 0 | BM15: =轉向量!G390 -> 0 | BN15: =轉向量!I390 -> 0 | BO15: =轉向量!J390 -> 0 | BP15: =轉向量!K390 -> 0 | BQ15: =轉向量!L390 -> 0 | BR15: =轉向量!M390 -> 0 | BS15: =轉向量!O390 -> 0 | BT15: =轉向量!P390 -> 0 | BU15: =轉向量!Q390 -> 0 | BV15: =轉向量!R390 -> 0 | BW15: =轉向量!S390 -> 0 | BX15: =轉向量!U390 -> 0 | BY15: =轉向量!D486 -> 0 | BZ15: =轉向量!E486 -> 0 | CA15: =轉向量!F486 -> 0 | CB15: =轉向量!G486 -> 0 | CC15: =轉向量!H486 -> 0 | CD15: =轉向量!J486 -> 0 | CE15: =轉向量!K486 -> 0 | CF15: =轉向量!L486 -> 0 | CG15: =轉向量!M486 -> 0 | CH15: =轉向量!N486 -> 0 | CI15: =轉向量!P486 -> 0 | CJ15: =轉向量!Q486 -> 0 | CK15: =轉向量!R486 -> 0 | CL15: =轉向量!S486 -> 0 | CM15: =轉向量!T486 -> 0
A16: 115 | B16: =轉向量!E7 -> 0 | C16: =轉向量!F7 -> 0 | D16: =轉向量!G7 -> 0 | E16: =轉向量!H7 -> 0 | F16: =轉向量!I7 -> 0 | G16: =轉向量!K7 -> 0 | H16: =轉向量!L7 -> 0 | I16: =轉向量!M7 -> 0 | J16: =轉向量!N7 -> 0 | K16: =轉向量!O7 -> 0 | L16: =轉向量!Q7 -> 0 | M16: =轉向量!R7 -> 0 | N16: =轉向量!S7 -> 0 | O16: =轉向量!T7 -> 0 | P16: =轉向量!U7 -> 0 | Q16: =轉向量!D103 -> 0 | R16: =轉向量!F103 -> 0 | S16: =轉向量!G103 -> 0 | T16: =轉向量!H103 -> 0 | U16: =轉向量!I103 -> 0 | V16: =轉向量!J103 -> 0 | W16: =轉向量!L103 -> 0 | X16: =轉向量!M103 -> 0 | Y16: =轉向量!N103 -> 0 | Z16: =轉向量!O103 -> 0 | AA16: =轉向量!P103 -> 0 | AB16: =轉向量!R103 -> 0 | AC16: =轉向量!S103 -> 0 | AD16: =轉向量!T103 -> 0 | AE16: =轉向量!U103 -> 0 | AF16: =轉向量!D199 -> 0 | AG16: =轉向量!E199 -> 0 | AH16: =轉向量!G199 -> 0 | AI16: =轉向量!H199 -> 0 | AJ16: =轉向量!I199 -> 0 | AK16: =轉向量!J199 -> 0 | AL16: =轉向量!K199 -> 0 | AM16: =轉向量!M199 -> 0 | AN16: =轉向量!N199 -> 0 | AO16: =轉向量!O199 -> 0 | AP16: =轉向量!P199 -> 0 | AQ16: =轉向量!Q199 -> 0 | AR16: =轉向量!S199 -> 0 | AS16: =轉向量!T199 -> 0 | AT16: =轉向量!U199 -> 0 | AU16: =轉向量!D295 -> 0 | AV16: =轉向量!E295 -> 0 | AW16: =轉向量!F295 -> 0 | AX16: =轉向量!H295 -> 0 | AY16: =轉向量!I295 -> 0 | AZ16: =轉向量!J295 -> 0 | BA16: =轉向量!K295 -> 0 | BB16: =轉向量!L295 -> 0 | BC16: =轉向量!N295 -> 0 | BD16: =轉向量!O295 -> 0 | BE16: =轉向量!P295 -> 0 | BF16: =轉向量!Q295 -> 0 | BG16: =轉向量!R295 -> 0 | BH16: =轉向量!T295 -> 0 | BI16: =轉向量!U295 -> 0 | BJ16: =轉向量!D391 -> 0 | BK16: =轉向量!E391 -> 0 | BL16: =轉向量!F391 -> 0 | BM16: =轉向量!G391 -> 0 | BN16: =轉向量!I391 -> 0 | BO16: =轉向量!J391 -> 0 | BP16: =轉向量!K391 -> 0 | BQ16: =轉向量!L391 -> 0 | BR16: =轉向量!M391 -> 0 | BS16: =轉向量!O391 -> 0 | BT16: =轉向量!P391 -> 0 | BU16: =轉向量!Q391 -> 0 | BV16: =轉向量!R391 -> 0 | BW16: =轉向量!S391 -> 0 | BX16: =轉向量!U391 -> 0 | BY16: =轉向量!D487 -> 0 | BZ16: =轉向量!E487 -> 0 | CA16: =轉向量!F487 -> 0 | CB16: =轉向量!G487 -> 0 | CC16: =轉向量!H487 -> 0 | CD16: =轉向量!J487 -> 0 | CE16: =轉向量!K487 -> 0 | CF16: =轉向量!L487 -> 0 | CG16: =轉向量!M487 -> 0 | CH16: =轉向量!N487 -> 0 | CI16: =轉向量!P487 -> 0 | CJ16: =轉向量!Q487 -> 0 | CK16: =轉向量!R487 -> 0 | CL16: =轉向量!S487 -> 0 | CM16: =轉向量!T487 -> 0
A17: 130 | B17: =轉向量!E8 -> 0 | C17: =轉向量!F8 -> 0 | D17: =轉向量!G8 -> 0 | E17: =轉向量!H8 -> 0 | F17: =轉向量!I8 -> 0 | G17: =轉向量!K8 -> 0 | H17: =轉向量!L8 -> 0 | I17: =轉向量!M8 -> 0 | J17: =轉向量!N8 -> 0 | K17: =轉向量!O8 -> 0 | L17: =轉向量!Q8 -> 0 | M17: =轉向量!R8 -> 0 | N17: =轉向量!S8 -> 0 | O17: =轉向量!T8 -> 0 | P17: =轉向量!U8 -> 0 | Q17: =轉向量!D104 -> 0 | R17: =轉向量!F104 -> 0 | S17: =轉向量!G104 -> 0 | T17: =轉向量!H104 -> 0 | U17: =轉向量!I104 -> 0 | V17: =轉向量!J104 -> 0 | W17: =轉向量!L104 -> 0 | X17: =轉向量!M104 -> 0 | Y17: =轉向量!N104 -> 0 | Z17: =轉向量!O104 -> 0 | AA17: =轉向量!P104 -> 0 | AB17: =轉向量!R104 -> 0 | AC17: =轉向量!S104 -> 0 | AD17: =轉向量!T104 -> 0 | AE17: =轉向量!U104 -> 0 | AF17: =轉向量!D200 -> 0 | AG17: =轉向量!E200 -> 0 | AH17: =轉向量!G200 -> 0 | AI17: =轉向量!H200 -> 0 | AJ17: =轉向量!I200 -> 0 | AK17: =轉向量!J200 -> 0 | AL17: =轉向量!K200 -> 0 | AM17: =轉向量!M200 -> 0 | AN17: =轉向量!N200 -> 0 | AO17: =轉向量!O200 -> 0 | AP17: =轉向量!P200 -> 0 | AQ17: =轉向量!Q200 -> 0 | AR17: =轉向量!S200 -> 0 | AS17: =轉向量!T200 -> 0 | AT17: =轉向量!U200 -> 0 | AU17: =轉向量!D296 -> 0 | AV17: =轉向量!E296 -> 0 | AW17: =轉向量!F296 -> 0 | AX17: =轉向量!H296 -> 0 | AY17: =轉向量!I296 -> 0 | AZ17: =轉向量!J296 -> 0 | BA17: =轉向量!K296 -> 0 | BB17: =轉向量!L296 -> 0 | BC17: =轉向量!N296 -> 0 | BD17: =轉向量!O296 -> 0 | BE17: =轉向量!P296 -> 0 | BF17: =轉向量!Q296 -> 0 | BG17: =轉向量!R296 -> 0 | BH17: =轉向量!T296 -> 0 | BI17: =轉向量!U296 -> 0 | BJ17: =轉向量!D392 -> 0 | BK17: =轉向量!E392 -> 0 | BL17: =轉向量!F392 -> 0 | BM17: =轉向量!G392 -> 0 | BN17: =轉向量!I392 -> 0 | BO17: =轉向量!J392 -> 0 | BP17: =轉向量!K392 -> 0 | BQ17: =轉向量!L392 -> 0 | BR17: =轉向量!M392 -> 0 | BS17: =轉向量!O392 -> 0 | BT17: =轉向量!P392 -> 0 | BU17: =轉向量!Q392 -> 0 | BV17: =轉向量!R392 -> 0 | BW17: =轉向量!S392 -> 0 | BX17: =轉向量!U392 -> 0 | BY17: =轉向量!D488 -> 0 | BZ17: =轉向量!E488 -> 0 | CA17: =轉向量!F488 -> 0 | CB17: =轉向量!G488 -> 0 | CC17: =轉向量!H488 -> 0 | CD17: =轉向量!J488 -> 0 | CE17: =轉向量!K488 -> 0 | CF17: =轉向量!L488 -> 0 | CG17: =轉向量!M488 -> 0 | CH17: =轉向量!N488 -> 0 | CI17: =轉向量!P488 -> 0 | CJ17: =轉向量!Q488 -> 0 | CK17: =轉向量!R488 -> 0 | CL17: =轉向量!S488 -> 0 | CM17: =轉向量!T488 -> 0
A18: 145 | B18: =轉向量!E9 -> 0 | C18: =轉向量!F9 -> 0 | D18: =轉向量!G9 -> 0 | E18: =轉向量!H9 -> 0 | F18: =轉向量!I9 -> 0 | G18: =轉向量!K9 -> 0 | H18: =轉向量!L9 -> 0 | I18: =轉向量!M9 -> 0 | J18: =轉向量!N9 -> 0 | K18: =轉向量!O9 -> 0 | L18: =轉向量!Q9 -> 0 | M18: =轉向量!R9 -> 0 | N18: =轉向量!S9 -> 0 | O18: =轉向量!T9 -> 0 | P18: =轉向量!U9 -> 0 | Q18: =轉向量!D105 -> 0 | R18: =轉向量!F105 -> 0 | S18: =轉向量!G105 -> 0 | T18: =轉向量!H105 -> 0 | U18: =轉向量!I105 -> 0 | V18: =轉向量!J105 -> 0 | W18: =轉向量!L105 -> 0 | X18: =轉向量!M105 -> 0 | Y18: =轉向量!N105 -> 0 | Z18: =轉向量!O105 -> 0 | AA18: =轉向量!P105 -> 0 | AB18: =轉向量!R105 -> 0 | AC18: =轉向量!S105 -> 0 | AD18: =轉向量!T105 -> 0 | AE18: =轉向量!U105 -> 0 | AF18: =轉向量!D201 -> 0 | AG18: =轉向量!E201 -> 0 | AH18: =轉向量!G201 -> 0 | AI18: =轉向量!H201 -> 0 | AJ18: =轉向量!I201 -> 0 | AK18: =轉向量!J201 -> 0 | AL18: =轉向量!K201 -> 0 | AM18: =轉向量!M201 -> 0 | AN18: =轉向量!N201 -> 0 | AO18: =轉向量!O201 -> 0 | AP18: =轉向量!P201 -> 0 | AQ18: =轉向量!Q201 -> 0 | AR18: =轉向量!S201 -> 0 | AS18: =轉向量!T201 -> 0 | AT18: =轉向量!U201 -> 0 | AU18: =轉向量!D297 -> 0 | AV18: =轉向量!E297 -> 0 | AW18: =轉向量!F297 -> 0 | AX18: =轉向量!H297 -> 0 | AY18: =轉向量!I297 -> 0 | AZ18: =轉向量!J297 -> 0 | BA18: =轉向量!K297 -> 0 | BB18: =轉向量!L297 -> 0 | BC18: =轉向量!N297 -> 0 | BD18: =轉向量!O297 -> 0 | BE18: =轉向量!P297 -> 0 | BF18: =轉向量!Q297 -> 0 | BG18: =轉向量!R297 -> 0 | BH18: =轉向量!T297 -> 0 | BI18: =轉向量!U297 -> 0 | BJ18: =轉向量!D393 -> 0 | BK18: =轉向量!E393 -> 0 | BL18: =轉向量!F393 -> 0 | BM18: =轉向量!G393 -> 0 | BN18: =轉向量!I393 -> 0 | BO18: =轉向量!J393 -> 0 | BP18: =轉向量!K393 -> 0 | BQ18: =轉向量!L393 -> 0 | BR18: =轉向量!M393 -> 0 | BS18: =轉向量!O393 -> 0 | BT18: =轉向量!P393 -> 0 | BU18: =轉向量!Q393 -> 0 | BV18: =轉向量!R393 -> 0 | BW18: =轉向量!S393 -> 0 | BX18: =轉向量!U393 -> 0 | BY18: =轉向量!D489 -> 0 | BZ18: =轉向量!E489 -> 0 | CA18: =轉向量!F489 -> 0 | CB18: =轉向量!G489 -> 0 | CC18: =轉向量!H489 -> 0 | CD18: =轉向量!J489 -> 0 | CE18: =轉向量!K489 -> 0 | CF18: =轉向量!L489 -> 0 | CG18: =轉向量!M489 -> 0 | CH18: =轉向量!N489 -> 0 | CI18: =轉向量!P489 -> 0 | CJ18: =轉向量!Q489 -> 0 | CK18: =轉向量!R489 -> 0 | CL18: =轉向量!S489 -> 0 | CM18: =轉向量!T489 -> 0
A19: 200 | B19: =轉向量!E10 -> 0 | C19: =轉向量!F10 -> 0 | D19: =轉向量!G10 -> 0 | E19: =轉向量!H10 -> 0 | F19: =轉向量!I10 -> 0 | G19: =轉向量!K10 -> 0 | H19: =轉向量!L10 -> 0 | I19: =轉向量!M10 -> 0 | J19: =轉向量!N10 -> 0 | K19: =轉向量!O10 -> 0 | L19: =轉向量!Q10 -> 0 | M19: =轉向量!R10 -> 0 | N19: =轉向量!S10 -> 0 | O19: =轉向量!T10 -> 0 | P19: =轉向量!U10 -> 0 | Q19: =轉向量!D106 -> 0 | R19: =轉向量!F106 -> 0 | S19: =轉向量!G106 -> 0 | T19: =轉向量!H106 -> 0 | U19: =轉向量!I106 -> 0 | V19: =轉向量!J106 -> 0 | W19: =轉向量!L106 -> 0 | X19: =轉向量!M106 -> 0 | Y19: =轉向量!N106 -> 0 | Z19: =轉向量!O106 -> 0 | AA19: =轉向量!P106 -> 0 | AB19: =轉向量!R106 -> 0 | AC19: =轉向量!S106 -> 0 | AD19: =轉向量!T106 -> 0 | AE19: =轉向量!U106 -> 0 | AF19: =轉向量!D202 -> 0 | AG19: =轉向量!E202 -> 0 | AH19: =轉向量!G202 -> 0 | AI19: =轉向量!H202 -> 0 | AJ19: =轉向量!I202 -> 0 | AK19: =轉向量!J202 -> 0 | AL19: =轉向量!K202 -> 0 | AM19: =轉向量!M202 -> 0 | AN19: =轉向量!N202 -> 0 | AO19: =轉向量!O202 -> 0 | AP19: =轉向量!P202 -> 0 | AQ19: =轉向量!Q202 -> 0 | AR19: =轉向量!S202 -> 0 | AS19: =轉向量!T202 -> 0 | AT19: =轉向量!U202 -> 0 | AU19: =轉向量!D298 -> 0 | AV19: =轉向量!E298 -> 0 | AW19: =轉向量!F298 -> 0 | AX19: =轉向量!H298 -> 0 | AY19: =轉向量!I298 -> 0 | AZ19: =轉向量!J298 -> 0 | BA19: =轉向量!K298 -> 0 | BB19: =轉向量!L298 -> 0 | BC19: =轉向量!N298 -> 0 | BD19: =轉向量!O298 -> 0 | BE19: =轉向量!P298 -> 0 | BF19: =轉向量!Q298 -> 0 | BG19: =轉向量!R298 -> 0 | BH19: =轉向量!T298 -> 0 | BI19: =轉向量!U298 -> 0 | BJ19: =轉向量!D394 -> 0 | BK19: =轉向量!E394 -> 0 | BL19: =轉向量!F394 -> 0 | BM19: =轉向量!G394 -> 0 | BN19: =轉向量!I394 -> 0 | BO19: =轉向量!J394 -> 0 | BP19: =轉向量!K394 -> 0 | BQ19: =轉向量!L394 -> 0 | BR19: =轉向量!M394 -> 0 | BS19: =轉向量!O394 -> 0 | BT19: =轉向量!P394 -> 0 | BU19: =轉向量!Q394 -> 0 | BV19: =轉向量!R394 -> 0 | BW19: =轉向量!S394 -> 0 | BX19: =轉向量!U394 -> 0 | BY19: =轉向量!D490 -> 0 | BZ19: =轉向量!E490 -> 0 | CA19: =轉向量!F490 -> 0 | CB19: =轉向量!G490 -> 0 | CC19: =轉向量!H490 -> 0 | CD19: =轉向量!J490 -> 0 | CE19: =轉向量!K490 -> 0 | CF19: =轉向量!L490 -> 0 | CG19: =轉向量!M490 -> 0 | CH19: =轉向量!N490 -> 0 | CI19: =轉向量!P490 -> 0 | CJ19: =轉向量!Q490 -> 0 | CK19: =轉向量!R490 -> 0 | CL19: =轉向量!S490 -> 0 | CM19: =轉向量!T490 -> 0
A20: 215 | B20: =轉向量!E11 -> 0 | C20: =轉向量!F11 -> 0 | D20: =轉向量!G11 -> 0 | E20: =轉向量!H11 -> 0 | F20: =轉向量!I11 -> 0 | G20: =轉向量!K11 -> 0 | H20: =轉向量!L11 -> 0 | I20: =轉向量!M11 -> 0 | J20: =轉向量!N11 -> 0 | K20: =轉向量!O11 -> 0 | L20: =轉向量!Q11 -> 0 | M20: =轉向量!R11 -> 0 | N20: =轉向量!S11 -> 0 | O20: =轉向量!T11 -> 0 | P20: =轉向量!U11 -> 0 | Q20: =轉向量!D107 -> 0 | R20: =轉向量!F107 -> 0 | S20: =轉向量!G107 -> 0 | T20: =轉向量!H107 -> 0 | U20: =轉向量!I107 -> 0 | V20: =轉向量!J107 -> 0 | W20: =轉向量!L107 -> 0 | X20: =轉向量!M107 -> 0 | Y20: =轉向量!N107 -> 0 | Z20: =轉向量!O107 -> 0 | AA20: =轉向量!P107 -> 0 | AB20: =轉向量!R107 -> 0 | AC20: =轉向量!S107 -> 0 | AD20: =轉向量!T107 -> 0 | AE20: =轉向量!U107 -> 0 | AF20: =轉向量!D203 -> 0 | AG20: =轉向量!E203 -> 0 | AH20: =轉向量!G203 -> 0 | AI20: =轉向量!H203 -> 0 | AJ20: =轉向量!I203 -> 0 | AK20: =轉向量!J203 -> 0 | AL20: =轉向量!K203 -> 0 | AM20: =轉向量!M203 -> 0 | AN20: =轉向量!N203 -> 0 | AO20: =轉向量!O203 -> 0 | AP20: =轉向量!P203 -> 0 | AQ20: =轉向量!Q203 -> 0 | AR20: =轉向量!S203 -> 0 | AS20: =轉向量!T203 -> 0 | AT20: =轉向量!U203 -> 0 | AU20: =轉向量!D299 -> 0 | AV20: =轉向量!E299 -> 0 | AW20: =轉向量!F299 -> 0 | AX20: =轉向量!H299 -> 0 | AY20: =轉向量!I299 -> 0 | AZ20: =轉向量!J299 -> 0 | BA20: =轉向量!K299 -> 0 | BB20: =轉向量!L299 -> 0 | BC20: =轉向量!N299 -> 0 | BD20: =轉向量!O299 -> 0 | BE20: =轉向量!P299 -> 0 | BF20: =轉向量!Q299 -> 0 | BG20: =轉向量!R299 -> 0 | BH20: =轉向量!T299 -> 0 | BI20: =轉向量!U299 -> 0 | BJ20: =轉向量!D395 -> 0 | BK20: =轉向量!E395 -> 0 | BL20: =轉向量!F395 -> 0 | BM20: =轉向量!G395 -> 0 | BN20: =轉向量!I395 -> 0 | BO20: =轉向量!J395 -> 0 | BP20: =轉向量!K395 -> 0 | BQ20: =轉向量!L395 -> 0 | BR20: =轉向量!M395 -> 0 | BS20: =轉向量!O395 -> 0 | BT20: =轉向量!P395 -> 0 | BU20: =轉向量!Q395 -> 0 | BV20: =轉向量!R395 -> 0 | BW20: =轉向量!S395 -> 0 | BX20: =轉向量!U395 -> 0 | BY20: =轉向量!D491 -> 0 | BZ20: =轉向量!E491 -> 0 | CA20: =轉向量!F491 -> 0 | CB20: =轉向量!G491 -> 0 | CC20: =轉向量!H491 -> 0 | CD20: =轉向量!J491 -> 0 | CE20: =轉向量!K491 -> 0 | CF20: =轉向量!L491 -> 0 | CG20: =轉向量!M491 -> 0 | CH20: =轉向量!N491 -> 0 | CI20: =轉向量!P491 -> 0 | CJ20: =轉向量!Q491 -> 0 | CK20: =轉向量!R491 -> 0 | CL20: =轉向量!S491 -> 0 | CM20: =轉向量!T491 -> 0
A21: 230 | B21: =轉向量!E12 -> 0 | C21: =轉向量!F12 -> 0 | D21: =轉向量!G12 -> 0 | E21: =轉向量!H12 -> 0 | F21: =轉向量!I12 -> 0 | G21: =轉向量!K12 -> 0 | H21: =轉向量!L12 -> 0 | I21: =轉向量!M12 -> 0 | J21: =轉向量!N12 -> 0 | K21: =轉向量!O12 -> 0 | L21: =轉向量!Q12 -> 0 | M21: =轉向量!R12 -> 0 | N21: =轉向量!S12 -> 0 | O21: =轉向量!T12 -> 0 | P21: =轉向量!U12 -> 0 | Q21: =轉向量!D108 -> 0 | R21: =轉向量!F108 -> 0 | S21: =轉向量!G108 -> 0 | T21: =轉向量!H108 -> 0 | U21: =轉向量!I108 -> 0 | V21: =轉向量!J108 -> 0 | W21: =轉向量!L108 -> 0 | X21: =轉向量!M108 -> 0 | Y21: =轉向量!N108 -> 0 | Z21: =轉向量!O108 -> 0 | AA21: =轉向量!P108 -> 0 | AB21: =轉向量!R108 -> 0 | AC21: =轉向量!S108 -> 0 | AD21: =轉向量!T108 -> 0 | AE21: =轉向量!U108 -> 0 | AF21: =轉向量!D204 -> 0 | AG21: =轉向量!E204 -> 0 | AH21: =轉向量!G204 -> 0 | AI21: =轉向量!H204 -> 0 | AJ21: =轉向量!I204 -> 0 | AK21: =轉向量!J204 -> 0 | AL21: =轉向量!K204 -> 0 | AM21: =轉向量!M204 -> 0 | AN21: =轉向量!N204 -> 0 | AO21: =轉向量!O204 -> 0 | AP21: =轉向量!P204 -> 0 | AQ21: =轉向量!Q204 -> 0 | AR21: =轉向量!S204 -> 0 | AS21: =轉向量!T204 -> 0 | AT21: =轉向量!U204 -> 0 | AU21: =轉向量!D300 -> 0 | AV21: =轉向量!E300 -> 0 | AW21: =轉向量!F300 -> 0 | AX21: =轉向量!H300 -> 0 | AY21: =轉向量!I300 -> 0 | AZ21: =轉向量!J300 -> 0 | BA21: =轉向量!K300 -> 0 | BB21: =轉向量!L300 -> 0 | BC21: =轉向量!N300 -> 0 | BD21: =轉向量!O300 -> 0 | BE21: =轉向量!P300 -> 0 | BF21: =轉向量!Q300 -> 0 | BG21: =轉向量!R300 -> 0 | BH21: =轉向量!T300 -> 0 | BI21: =轉向量!U300 -> 0 | BJ21: =轉向量!D396 -> 0 | BK21: =轉向量!E396 -> 0 | BL21: =轉向量!F396 -> 0 | BM21: =轉向量!G396 -> 0 | BN21: =轉向量!I396 -> 0 | BO21: =轉向量!J396 -> 0 | BP21: =轉向量!K396 -> 0 | BQ21: =轉向量!L396 -> 0 | BR21: =轉向量!M396 -> 0 | BS21: =轉向量!O396 -> 0 | BT21: =轉向量!P396 -> 0 | BU21: =轉向量!Q396 -> 0 | BV21: =轉向量!R396 -> 0 | BW21: =轉向量!S396 -> 0 | BX21: =轉向量!U396 -> 0 | BY21: =轉向量!D492 -> 0 | BZ21: =轉向量!E492 -> 0 | CA21: =轉向量!F492 -> 0 | CB21: =轉向量!G492 -> 0 | CC21: =轉向量!H492 -> 0 | CD21: =轉向量!J492 -> 0 | CE21: =轉向量!K492 -> 0 | CF21: =轉向量!L492 -> 0 | CG21: =轉向量!M492 -> 0 | CH21: =轉向量!N492 -> 0 | CI21: =轉向量!P492 -> 0 | CJ21: =轉向量!Q492 -> 0 | CK21: =轉向量!R492 -> 0 | CL21: =轉向量!S492 -> 0 | CM21: =轉向量!T492 -> 0
A22: 245 | B22: =轉向量!E13 -> 0 | C22: =轉向量!F13 -> 0 | D22: =轉向量!G13 -> 0 | E22: =轉向量!H13 -> 0 | F22: =轉向量!I13 -> 0 | G22: =轉向量!K13 -> 0 | H22: =轉向量!L13 -> 0 | I22: =轉向量!M13 -> 0 | J22: =轉向量!N13 -> 0 | K22: =轉向量!O13 -> 0 | L22: =轉向量!Q13 -> 0 | M22: =轉向量!R13 -> 0 | N22: =轉向量!S13 -> 0 | O22: =轉向量!T13 -> 0 | P22: =轉向量!U13 -> 0 | Q22: =轉向量!D109 -> 0 | R22: =轉向量!F109 -> 0 | S22: =轉向量!G109 -> 0 | T22: =轉向量!H109 -> 0 | U22: =轉向量!I109 -> 0 | V22: =轉向量!J109 -> 0 | W22: =轉向量!L109 -> 0 | X22: =轉向量!M109 -> 0 | Y22: =轉向量!N109 -> 0 | Z22: =轉向量!O109 -> 0 | AA22: =轉向量!P109 -> 0 | AB22: =轉向量!R109 -> 0 | AC22: =轉向量!S109 -> 0 | AD22: =轉向量!T109 -> 0 | AE22: =轉向量!U109 -> 0 | AF22: =轉向量!D205 -> 0 | AG22: =轉向量!E205 -> 0 | AH22: =轉向量!G205 -> 0 | AI22: =轉向量!H205 -> 0 | AJ22: =轉向量!I205 -> 0 | AK22: =轉向量!J205 -> 0 | AL22: =轉向量!K205 -> 0 | AM22: =轉向量!M205 -> 0 | AN22: =轉向量!N205 -> 0 | AO22: =轉向量!O205 -> 0 | AP22: =轉向量!P205 -> 0 | AQ22: =轉向量!Q205 -> 0 | AR22: =轉向量!S205 -> 0 | AS22: =轉向量!T205 -> 0 | AT22: =轉向量!U205 -> 0 | AU22: =轉向量!D301 -> 0 | AV22: =轉向量!E301 -> 0 | AW22: =轉向量!F301 -> 0 | AX22: =轉向量!H301 -> 0 | AY22: =轉向量!I301 -> 0 | AZ22: =轉向量!J301 -> 0 | BA22: =轉向量!K301 -> 0 | BB22: =轉向量!L301 -> 0 | BC22: =轉向量!N301 -> 0 | BD22: =轉向量!O301 -> 0 | BE22: =轉向量!P301 -> 0 | BF22: =轉向量!Q301 -> 0 | BG22: =轉向量!R301 -> 0 | BH22: =轉向量!T301 -> 0 | BI22: =轉向量!U301 -> 0 | BJ22: =轉向量!D397 -> 0 | BK22: =轉向量!E397 -> 0 | BL22: =轉向量!F397 -> 0 | BM22: =轉向量!G397 -> 0 | BN22: =轉向量!I397 -> 0 | BO22: =轉向量!J397 -> 0 | BP22: =轉向量!K397 -> 0 | BQ22: =轉向量!L397 -> 0 | BR22: =轉向量!M397 -> 0 | BS22: =轉向量!O397 -> 0 | BT22: =轉向量!P397 -> 0 | BU22: =轉向量!Q397 -> 0 | BV22: =轉向量!R397 -> 0 | BW22: =轉向量!S397 -> 0 | BX22: =轉向量!U397 -> 0 | BY22: =轉向量!D493 -> 0 | BZ22: =轉向量!E493 -> 0 | CA22: =轉向量!F493 -> 0 | CB22: =轉向量!G493 -> 0 | CC22: =轉向量!H493 -> 0 | CD22: =轉向量!J493 -> 0 | CE22: =轉向量!K493 -> 0 | CF22: =轉向量!L493 -> 0 | CG22: =轉向量!M493 -> 0 | CH22: =轉向量!N493 -> 0 | CI22: =轉向量!P493 -> 0 | CJ22: =轉向量!Q493 -> 0 | CK22: =轉向量!R493 -> 0 | CL22: =轉向量!S493 -> 0 | CM22: =轉向量!T493 -> 0
... A106: 2345 | B106: =轉向量!E97 -> 0 | C106: =轉向量!F97 -> 0 | D106: =轉向量!G97 -> 0 | E106: =轉向量!H97 -> 0 | F106: =轉向量!I97 -> 0 | G106: =轉向量!K97 -> 0 | H106: =轉向量!L97 -> 0 | I106: =轉向量!M97 -> 0 | J106: =轉向量!N97 -> 0 | K106: =轉向量!O97 -> 0 | L106: =轉向量!Q97 -> 0 | M106: =轉向量!R97 -> 0 | N106: =轉向量!S97 -> 0 | O106: =轉向量!T97 -> 0 | P106: =轉向量!U97 -> 0 | Q106: =轉向量!D193 -> 0 | R106: =轉向量!F193 -> 0 | S106: =轉向量!G193 -> 0 | T106: =轉向量!H193 -> 0 | U106: =轉向量!I193 -> 0 | V106: =轉向量!J193 -> 0 | W106: =轉向量!L193 -> 0 | X106: =轉向量!M193 -> 0 | Y106: =轉向量!N193 -> 0 | Z106: =轉向量!O193 -> 0 | AA106: =轉向量!P193 -> 0 | AB106: =轉向量!R193 -> 0 | AC106: =轉向量!S193 -> 0 | AD106: =轉向量!T193 -> 0 | AE106: =轉向量!U193 -> 0 | AF106: =轉向量!D289 -> 0 | AG106: =轉向量!E289 -> 0 | AH106: =轉向量!G289 -> 0 | AI106: =轉向量!H289 -> 0 | AJ106: =轉向量!I289 -> 0 | AK106: =轉向量!J289 -> 0 | AL106: =轉向量!K289 -> 0 | AM106: =轉向量!M289 -> 0 | AN106: =轉向量!N289 -> 0 | AO106: =轉向量!O289 -> 0 | AP106: =轉向量!P289 -> 0 | AQ106: =轉向量!Q289 -> 0 | AR106: =轉向量!S289 -> 0 | AS106: =轉向量!T289 -> 0 | AT106: =轉向量!U289 -> 0 | AU106: =轉向量!D385 -> 0 | AV106: =轉向量!E385 -> 0 | AW106: =轉向量!F385 -> 0 | AX106: =轉向量!H385 -> 0 | AY106: =轉向量!I385 -> 0 | AZ106: =轉向量!J385 -> 0 | BA106: =轉向量!K385 -> 0 | BB106: =轉向量!L385 -> 0 | BC106: =轉向量!N385 -> 0 | BD106: =轉向量!O385 -> 0 | BE106: =轉向量!P385 -> 0 | BF106: =轉向量!Q385 -> 0 | BG106: =轉向量!R385 -> 0 | BH106: =轉向量!T385 -> 0 | BI106: =轉向量!U385 -> 0 | BJ106: =轉向量!D481 -> 0 | BK106: =轉向量!E481 -> 0 | BL106: =轉向量!F481 -> 0 | BM106: =轉向量!G481 -> 0 | BN106: =轉向量!I481 -> 0 | BO106: =轉向量!J481 -> 0 | BP106: =轉向量!K481 -> 0 | BQ106: =轉向量!L481 -> 0 | BR106: =轉向量!M481 -> 0 | BS106: =轉向量!O481 -> 0 | BT106: =轉向量!P481 -> 0 | BU106: =轉向量!Q481 -> 0 | BV106: =轉向量!R481 -> 0 | BW106: =轉向量!S481 -> 0 | BX106: =轉向量!U481 -> 0 | BY106: =轉向量!D577 -> 0 | BZ106: =轉向量!E577 -> 0 | CA106: =轉向量!F577 -> 0 | CB106: =轉向量!G577 -> 0 | CC106: =轉向量!H577 -> 0 | CD106: =轉向量!J577 -> 0 | CE106: =轉向量!K577 -> 0 | CF106: =轉向量!L577 -> 0 | CG106: =轉向量!M577 -> 0 | CH106: =轉向量!N577 -> 0 | CI106: =轉向量!P577 -> 0 | CJ106: =轉向量!Q577 -> 0 | CK106: =轉向量!R577 -> 0 | CL106: =轉向量!S577 -> 0 | CM106: =轉向量!T577 -> 0

Sheet PHF及轉向比
BB1: ←A | CA1: 合計 | CH1: ↑B | DG1: 合計 | DN1: ↑C | EM1: 合計 | ET1: →D | FS1: 合計 | FZ1: ↓E | GY1: 合計 | HF1: ↓F | IE1: 合計
B2: ←A | H2: ↑B | N2: ↑C | T2: →D | Z2: ↓E | AF2: ↓F | AL2: 路口 | AP2: 每小時 | AQ2: 尖峰小時 | AR2: 最大15分鐘 | AS2: A尖峰小時 | AT2: B尖峰小時 | AU2: C尖峰小時 | AV2: D尖峰小時 | AW2: E尖峰小時 | AX2: F尖峰小時 | AY2: 尖峰小時 | AZ2: 尖峰 | BA2: 小時 | BB2: B | BF2: 轉向 | BG2: C | BK2: 轉向 | BL2: D | BP2: 轉向 | BQ2: E | BU2: 轉向 | BV2: F | BZ2: 轉向 | CB2: 車種 | CD2: 車種 | CF2: 車種 | CH2: A | CL2: 轉向 | CM2: C | CQ2: 轉向 | CR2: D | CV2: 轉向 | CW2: E | DA2: 轉向 | DB2: F | DF2: 轉向 | DH2: 車種 | DJ2: 車種 | DL2: 車種 | DN2: A | DR2: 轉向 | DS2: B | DW2: 轉向 | DX2: D | EB2: 轉向 | EC2: E | EG2: 轉向 | EH2: F | EL2: 轉向 | EN2: 車種 | EP2: 車種 | ER2: 車種 | ET2: A | EX2: 轉向 | EY2: B | FC2: 轉向 | FD2: C | FH2: 轉向 | FI2: E | FM2: 轉向 | FN2: F | FR2: 轉向 | FT2: 車種 | FV2: 車種 | FX2: 車種 | FZ2: A | GD2: 轉向 | GE2: B | GI2: 轉向 | GJ2: C | GN2: 轉向 | GO2: D | GS2: 轉向 | GT2: F | GX2: 轉向 | GZ2: 車種 | HB2: 車種 | HD2: 車種 | HF2: A | HJ2: 轉向 | HK2: B | HO2: 轉向 | HP2: C | HT2: 轉向 | HU2: D | HY2: 轉向 | HZ2: E | ID2: 轉向 | IF2: 車種 | IH2: 車種 | IJ2: 車種
B3: 小計 | C3: B | D3: C | E3: D | F3: E | G3: F | H3: 小計 | I3: A | J3: C | K3: D | L3: E | M3: F | N3: 小計 | O3: A | P3: B | Q3: D | R3: E | S3: F | T3: 小計 | U3: A | V3: B | W3: C | X3: E | Y3: F | Z3: 小計 | AA3: A | AB3: B | AC3: C | AD3: D | AE3: F | AF3: 小計 | AG3: A | AH3: B | AI3: C | AJ3: D | AK3: E | AL3: 總計 | AP3: 交通量 | AQ3: 交通量 | AR3: 交通量 | AS3: 係數 | AT3: 係數 | AU3: 係數 | AV3: 係數 | AW3: 係數 | AX3: 係數 | AY3: 係數 | AZ3: 起 | BA3: 迄 | BB3: 小計 | BC3: 大型車 | BD3: 小型車 | BE3: 機車 | BF3: 百分比 | BG3: 小計 | BH3: 大型車 | BI3: 小型車 | BJ3: 機車 | BK3: 百分比 | BL3: 小計 | BM3: 大型車 | BN3: 小型車 | BO3: 機車 | BP3: 百分比 | BQ3: 小計 | BR3: 大型車 | BS3: 小型車 | BT3: 機車 | BU3: 百分比 | BV3: 小計 | BW3: 大型車 | BX3: 小型車 | BY3: 機車 | BZ3: 百分比 | CA3: 大型車 | CB3: 百分比 | CC3: 小型車 | CD3: 百分比 | CE3: 機車 | CF3: 百分比 | CG3: 合計 | CH3: 小計 | CI3: 大型車 | CJ3: 小型車 | CK3: 機車 | CL3: 百分比 | CM3: 小計 | CN3: 大型車 | CO3: 小型車 | CP3: 機車 | CQ3: 百分比 | CR3: 小計 | CS3: 大型車 | CT3: 小型車 | CU3: 機車 | CV3: 百分比 | CW3: 小計 | CX3: 大型車 | CY3: 小型車 | CZ3: 機車 | DA3: 百分比 | DB3: 小計 | DC3: 大型車 | DD3: 小型車 | DE3: 機車 | DF3: 百分比 | DG3: 大型車 | DH3: 百分比 | DI3: 小型車 | DJ3: 百分比 | DK3: 機車 | DL3: 百分比 | DM3: 合計 | DN3: 小計 | DO3: 大型車 | DP3: 小型車 | DQ3: 機車 | DR3: 百分比 | DS3: 小計 | DT3: 大型車 | DU3: 小型車 | DV3: 機車 | DW3: 百分比 | DX3: 小計 | DY3: 大型車 | DZ3: 小型車 | EA3: 機車 | EB3: 百分比 | EC3: 小計 | ED3: 大型車 | EE3: 小型車 | EF3: 機車 | EG3: 百分比 | EH3: 小計 | EI3: 大型車 | EJ3: 小型車 | EK3: 機車 | EL3: 百分比 | EM3: 大型車 | EN3: 百分比 | EO3: 小型車 | EP3: 百分比 | EQ3: 機車 | ER3: 百分比 | ES3: 合計 | ET3: 小計 | EU3: 大型車 | EV3: 小型車 | EW3: 機車 | EX3: 百分比 | EY3: 小計 | EZ3: 大型車 | FA3: 小型車 | FB3: 機車 | FC3: 百分比 | FD3: 小計 | FE3: 大型車 | FF3: 小型車 | FG3: 機車 | FH3: 百分比 | FI3: 小計 | FJ3: 大型車 | FK3: 小型車 | FL3: 機車 | FM3: 百分比 | FN3: 小計 | FO3: 大型車 | FP3: 小型車 | FQ3: 機車 | FR3: 百分比 | FS3: 大型車 | FT3: 百分比 | FU3: 小型車 | FV3: 百分比 | FW3: 機車 | FX3: 百分比 | FY3: 合計 | FZ3: 小計 | GA3: 大型車 | GB3: 小型車 | GC3: 機車 | GD3: 百分比 | GE3: 小計 | GF3: 大型車 | GG3: 小型車 | GH3: 機車 | GI3: 百分比 | GJ3: 小計 | GK3: 大型車 | GL3: 小型車 | GM3: 機車 | GN3: 百分比 | GO3: 小計 | GP3: 大型車 | GQ3: 小型車 | GR3: 機車 | GS3: 百分比 | GT3: 小計 | GU3: 大型車 | GV3: 小型車 | GW3: 機車 | GX3: 百分比 | GY3: 大型車 | GZ3: 百分比 | HA3: 小型車 | HB3: 百分比 | HC3: 機車 | HD3: 百分比 | HE3: 合計 | HF3: 小計 | HG3: 大型車 | HH3: 小型車 | HI3: 機車 | HJ3: 百分比 | HK3: 小計 | HL3: 大型車 | HM3: 小型車 | HN3: 機車 | HO3: 百分比 | HP3: 小計 | HQ3: 大型車 | HR3: 小型車 | HS3: 機車 | HT3: 百分比 | HU3: 小計 | HV3: 大型車 | HW3: 小型車 | HX3: 機車 | HY3: 百分比 | HZ3: 小計 | IA3: 大型車 | IB3: 小型車 | IC3: 機車 | ID3: 百分比 | IE3: 大型車 | IF3: 百分比 | IG3: 小型車 | IH3: 百分比 | II3: 機車 | IJ3: 百分比 | IK3: 合計
B4: (PCU) | C4: (PCU) | D4: (PCU) | E4: (PCU) | F4: (PCU) | G4: (PCU) | H4: (PCU) | I4: (PCU) | J4: (PCU) | K4: (PCU) | L4: (PCU) | M4: (PCU) | N4: (PCU) | O4: (PCU) | P4: (PCU) | Q4: (PCU) | R4: (PCU) | S4: (PCU) | T4: (PCU) | U4: (PCU) | V4: (PCU) | W4: (PCU) | X4: (PCU) | Y4: (PCU) | Z4: (PCU) | AA4: (PCU) | AB4: (PCU) | AC4: (PCU) | AD4: (PCU) | AE4: (PCU) | AF4: (PCU) | AG4: (PCU) | AH4: (PCU) | AI4: (PCU) | AJ4: (PCU) | AK4: (PCU) | AL4: (PCU) | AP4: （PCU） | AQ4: （PCU） | AR4: （PCU） | AS4: （PHF） | AT4: （PHF） | AU4: （PHF） | AV4: （PHF） | AW4: （PHF） | AX4: （PHF） | AY4: （PHF） | BB4: （PCU） | BC4: （輛） | BD4: （輛） | BE4: （輛） | BF4: （％） | BG4: （PCU） | BH4: （輛） | BI4: （輛） | BJ4: （輛） | BK4: （％） | BL4: （PCU） | BM4: （輛） | BN4: （輛） | BO4: （輛） | BP4: （％） | BQ4: （PCU） | BR4: （輛） | BS4: （輛） | BT4: （輛） | BU4: （％） | BV4: （PCU） | BW4: （輛） | BX4: （輛） | BY4: （輛） | BZ4: （％） | CA4: （輛） | CB4: （％） | CC4: （輛） | CD4: （％） | CE4: （輛） | CF4: （％） | CG4: （PCU） | CH4: （PCU） | CI4: （輛） | CJ4: （輛） | CK4: （輛） | CL4: （％） | CM4: （PCU） | CN4: （輛） | CO4: （輛） | CP4: （輛） | CQ4: （％） | CR4: （PCU） | CS4: （輛） | CT4: （輛） | CU4: （輛） | CV4: （％） | CW4: （PCU） | CX4: （輛） | CY4: （輛） | CZ4: （輛） | DA4: （％） | DB4: （PCU） | DC4: （輛） | DD4: （輛） | DE4: （輛） | DF4: （％） | DG4: （輛） | DH4: （％） | DI4: （輛） | DJ4: （％） | DK4: （輛） | DL4: （％） | DM4: （PCU） | DN4: （PCU） | DO4: （輛） | DP4: （輛） | DQ4: （輛） | DR4: （％） | DS4: （PCU） | DT4: （輛） | DU4: （輛） | DV4: （輛） | DW4: （％） | DX4: （PCU） | DY4: （輛） | DZ4: （輛） | EA4: （輛） | EB4: （％） | EC4: （PCU） | ED4: （輛） | EE4: （輛） | EF4: （輛） | EG4: （％） | EH4: （PCU） | EI4: （輛） | EJ4: （輛） | EK4: （輛） | EL4: （％） | EM4: （輛） | EN4: （％） | EO4: （輛） | EP4: （％） | EQ4: （輛） | ER4: （％） | ES4: （PCU） | ET4: （PCU） | EU4: （輛） | EV4: （輛） | EW4: （輛） | EX4: （％） | EY4: （PCU） | EZ4: （輛） | FA4: （輛） | FB4: （輛） | FC4: （％） | FD4: （PCU） | FE4: （輛） | FF4: （輛） | FG4: （輛） | FH4: （％） | FI4: （PCU） | FJ4: （輛） | FK4: （輛） | FL4: （輛） | FM4: （％） | FN4: （PCU） | FO4: （輛） | FP4: （輛） | FQ4: （輛） | FR4: （％） | FS4: （輛） | FT4: （％） | FU4: （輛） | FV4: （％） | FW4: （輛） | FX4: （％） | FY4: （PCU） | FZ4: （PCU） | GA4: （輛） | GB4: （輛） | GC4: （輛） | GD4: （％） | GE4: （PCU） | GF4: （輛） | GG4: （輛） | GH4: （輛） | GI4: （％） | GJ4: （PCU） | GK4: （輛） | GL4: （輛） | GM4: （輛） | GN4: （％） | GO4: （PCU） | GP4: （輛） | GQ4: （輛） | GR4: （輛） | GS4: （％） | GT4: （PCU） | GU4: （輛） | GV4: （輛） | GW4: （輛） | GX4: （％） | GY4: （輛） | GZ4: （％） | HA4: （輛） | HB4: （％） | HC4: （輛） | HD4: （％） | HE4: （PCU） | HF4: （PCU） | HG4: （輛） | HH4: （輛） | HI4: （輛） | HJ4: （％） | HK4: （PCU） | HL4: （輛） | HM4: （輛） | HN4: （輛） | HO4: （％） | HP4: （PCU） | HQ4: （輛） | HR4: （輛） | HS4: （輛） | HT4: （％） | HU4: （PCU） | HV4: （輛） | HW4: （輛） | HX4: （輛） | HY4: （％） | HZ4: （PCU） | IA4: （輛） | IB4: （輛） | IC4: （輛） | ID4: （％） | IE4: （輛） | IF4: （％） | IG4: （輛） | IH4: （％） | II4: （輛） | IJ4: （％） | IK4: （PCU）
A5: ='[4]調查資料(OUT)'!A11 -> 0 | B5: =SUM(C5:G5) -> 0 | C5: =IFERROR('調查資料(OUT)'!$B$1*'調查資料(OUT)'!B11,0)+IFERROR('調查資料(OUT)'!$G$1*'調查資料(OUT)'!G11,0)+IFERROR('調查資料(OUT)'!$L$1*'調查資料(OUT)'!L11,0) -> 0 | D5: =IFERROR('調查資料(OUT)'!$C$1*'調查資料(OUT)'!C11,0)+IFERROR('調查資料(OUT)'!$H$1*'調查資料(OUT)'!H11,0)+IFERROR('調查資料(OUT)'!$M$1*'調查資料(OUT)'!M11,0) -> 0 | E5: =IFERROR('調查資料(OUT)'!$D$1*'調查資料(OUT)'!D11,0)+IFERROR('調查資料(OUT)'!$I$1*'調查資料(OUT)'!I11,0)+IFERROR('調查資料(OUT)'!$N$1*'調查資料(OUT)'!N11,0) -> 0 | F5: =IFERROR('調查資料(OUT)'!$E$1*'調查資料(OUT)'!E11,0)+IFERROR('調查資料(OUT)'!$J$1*'調查資料(OUT)'!J11,0)+IFERROR('調查資料(OUT)'!$O$1*'調查資料(OUT)'!O11,0) -> 0 | G5: =IFERROR('調查資料(OUT)'!$F$1*'調查資料(OUT)'!F11,0)+IFERROR('調查資料(OUT)'!$K$1*'調查資料(OUT)'!K11,0)+IFERROR('調查資料(OUT)'!$P$1*'調查資料(OUT)'!P11,0) -> 0 | H5: =SUM(I5:M5) -> 0 | I5: =IFERROR('調查資料(OUT)'!$Q$1*'調查資料(OUT)'!Q11,0)+IFERROR('調查資料(OUT)'!$V$1*'調查資料(OUT)'!V11,0)+IFERROR('調查資料(OUT)'!$AA$1*'調查資料(OUT)'!AA11,0) -> 0 | J5: =IFERROR('調查資料(OUT)'!$R$1*'調查資料(OUT)'!R11,0)+IFERROR('調查資料(OUT)'!$W$1*'調查資料(OUT)'!W11,0)+IFERROR('調查資料(OUT)'!$AB$1*'調查資料(OUT)'!AB11,0) -> 0 | K5: =IFERROR('調查資料(OUT)'!$S$1*'調查資料(OUT)'!S11,0)+IFERROR('調查資料(OUT)'!$X$1*'調查資料(OUT)'!X11,0)+IFERROR('調查資料(OUT)'!$AC$1*'調查資料(OUT)'!AC11,0) -> 0 | L5: =IFERROR('調查資料(OUT)'!$T$1*'調查資料(OUT)'!T11,0)+IFERROR('調查資料(OUT)'!$Y$1*'調查資料(OUT)'!Y11,0)+IFERROR('調查資料(OUT)'!$AD$1*'調查資料(OUT)'!AD11,0) -> 0 | M5: =IFERROR('調查資料(OUT)'!$U$1*'調查資料(OUT)'!U11,0)+IFERROR('調查資料(OUT)'!$Z$1*'調查資料(OUT)'!Z11,0)+IFERROR('調查資料(OUT)'!$AE$1*'調查資料(OUT)'!AE11,0) -> 0 | N5: =SUM(O5:S5) -> 0 | O5: =IFERROR('調查資料(OUT)'!$AF$1*'調查資料(OUT)'!AF11,0)+IFERROR('調查資料(OUT)'!$AK$1*'調查資料(OUT)'!AK11,0)+IFERROR('調查資料(OUT)'!$AP$1*'調查資料(OUT)'!AP11,0) -> 0 | P5: =IFERROR('調查資料(OUT)'!$AG$1*'調查資料(OUT)'!AG11,0)+IFERROR('調查資料(OUT)'!$AL$1*'調查資料(OUT)'!AL11,0)+IFERROR('調查資料(OUT)'!$AQ$1*'調查資料(OUT)'!AQ11,0) -> 0 | Q5: =IFERROR('調查資料(OUT)'!$AH$1*'調查資料(OUT)'!AH11,0)+IFERROR('調查資料(OUT)'!$AM$1*'調查資料(OUT)'!AM11,0)+IFERROR('調查資料(OUT)'!$AR$1*'調查資料(OUT)'!AR11,0) -> 0 | R5: =IFERROR('調查資料(OUT)'!$AI$1*'調查資料(OUT)'!AI11,0)+IFERROR('調查資料(OUT)'!$AN$1*'調查資料(OUT)'!AN11,0)+IFERROR('調查資料(OUT)'!$AS$1*'調查資料(OUT)'!AS11,0) -> 0 | S5: =IFERROR('調查資料(OUT)'!$AJ$1*'調查資料(OUT)'!AJ11,0)+IFERROR('調查資料(OUT)'!$AO$1*'調查資料(OUT)'!AO11,0)+IFERROR('調查資料(OUT)'!$AT$1*'調查資料(OUT)'!AT11,0) -> 0 | T5: =SUM(U5:Y5) -> 0 | U5: =IFERROR('調查資料(OUT)'!$AU$1*'調查資料(OUT)'!AU11,0)+IFERROR('調查資料(OUT)'!$AZ$1*'調查資料(OUT)'!AZ11,0)+IFERROR('調查資料(OUT)'!$BE$1*'調查資料(OUT)'!BE11,0) -> 0 | V5: =IFERROR('調查資料(OUT)'!$AV$1*'調查資料(OUT)'!AV11,0)+IFERROR('調查資料(OUT)'!$BA$1*'調查資料(OUT)'!BA11,0)+IFERROR('調查資料(OUT)'!$BF$1*'調查資料(OUT)'!BF11,0) -> 0 | W5: =IFERROR('調查資料(OUT)'!$AW$1*'調查資料(OUT)'!AW11,0)+IFERROR('調查資料(OUT)'!$BB$1*'調查資料(OUT)'!BB11,0)+IFERROR('調查資料(OUT)'!$BG$1*'調查資料(OUT)'!BG11,0) -> 0 | X5: =IFERROR('調查資料(OUT)'!$AX$1*'調查資料(OUT)'!AX11,0)+IFERROR('調查資料(OUT)'!$BC$1*'調查資料(OUT)'!BC11,0)+IFERROR('調查資料(OUT)'!$BH$1*'調查資料(OUT)'!BH11,0) -> 0 | Y5: =IFERROR('調查資料(OUT)'!$AY$1*'調查資料(OUT)'!AY11,0)+IFERROR('調查資料(OUT)'!$BD$1*'調查資料(OUT)'!BD11,0)+IFERROR('調查資料(OUT)'!$BI$1*'調查資料(OUT)'!BI11,0) -> 0 | Z5: =SUM(AA5:AE5) -> 0 | AA5: =IFERROR('調查資料(OUT)'!$BJ$1*'調查資料(OUT)'!BJ11,0)+IFERROR('調查資料(OUT)'!$BO$1*'調查資料(OUT)'!BO11,0)+IFERROR('調查資料(OUT)'!$BT$1*'調查資料(OUT)'!BT11,0) -> 0 | AB5: =IFERROR('調查資料(OUT)'!$BK$1*'調查資料(OUT)'!BK11,0)+IFERROR('調查資料(OUT)'!$BP$1*'調查資料(OUT)'!BP11,0)+IFERROR('調查資料(OUT)'!$BU$1*'調查資料(OUT)'!BU11,0) -> 0 | AC5: =IFERROR('調查資料(OUT)'!$BL$1*'調查資料(OUT)'!BL11,0)+IFERROR('調查資料(OUT)'!$BQ$1*'調查資料(OUT)'!BQ11,0)+IFERROR('調查資料(OUT)'!$BV$1*'調查資料(OUT)'!BV11,0) -> 0 | AD5: =IFERROR('調查資料(OUT)'!$BM$1*'調查資料(OUT)'!BM11,0)+IFERROR('調查資料(OUT)'!$BR$1*'調查資料(OUT)'!BR11,0)+IFERROR('調查資料(OUT)'!$BW$1*'調查資料(OUT)'!BW11,0) -> 0 | AE5: =IFERROR('調查資料(OUT)'!$BN$1*'調查資料(OUT)'!BN11,0)+IFERROR('調查資料(OUT)'!$BS$1*'調查資料(OUT)'!BS11,0)+IFERROR('調查資料(OUT)'!$BX$1*'調查資料(OUT)'!BX11,0) -> 0 | AF5: =SUM(AG5:AK5) -> 0 | AG5: =IFERROR('調查資料(OUT)'!$BY$1*'調查資料(OUT)'!BY11,0)+IFERROR('調查資料(OUT)'!$CD$1*'調查資料(OUT)'!CD11,0)+IFERROR('調查資料(OUT)'!$CI$1*'調查資料(OUT)'!CI11,0) -> 0 | AH5: =IFERROR('調查資料(OUT)'!$BZ$1*'調查資料(OUT)'!BZ11,0)+IFERROR('調查資料(OUT)'!$CE$1*'調查資料(OUT)'!CE11,0)+IFERROR('調查資料(OUT)'!$CJ$1*'調查資料(OUT)'!CJ11,0) -> 0 | AI5: =IFERROR('調查資料(OUT)'!$CA$1*'調查資料(OUT)'!CA11,0)+IFERROR('調查資料(OUT)'!$CF$1*'調查資料(OUT)'!CF11,0)+IFERROR('調查資料(OUT)'!$CK$1*'調查資料(OUT)'!CK11,0) -> 0 | AJ5: =IFERROR('調查資料(OUT)'!$CB$1*'調查資料(OUT)'!CB11,0)+IFERROR('調查資料(OUT)'!$CG$1*'調查資料(OUT)'!CG11,0)+IFERROR('調查資料(OUT)'!$CL$1*'調查資料(OUT)'!CL11,0) -> 0 | AK5: =IFERROR('調查資料(OUT)'!$CC$1*'調查資料(OUT)'!CC11,0)+IFERROR('調查資料(OUT)'!$CH$1*'調查資料(OUT)'!CH11,0)+IFERROR('調查資料(OUT)'!$CM$1*'調查資料(OUT)'!CM11,0) -> 0 | AL5: =B5+H5+N5+T5+Z5+AF5 -> 0 | AN5: ='調查資料(OUT)'!A11 -> 0 | AO5: =AN5+100 -> 100 | AP5: =SUM(AL5:AL8) -> 0 | AQ5: =MAX(AP5:AP17) -> 0 | AR5: =IF($AP5=$AQ$5,MAX(AL5:AL8),0) -> 0 | AS5: =IF($AP5=AQ$5,SUM(B5:B8)/(4*(MAX(B5:B8))),0) -> #DIV/0! | AT5: =IF($AP5=AQ$5,SUM(H5:H8)/(4*(MAX(H5:H8))),0) -> #DIV/0! | AU5: =IF($AP5=AQ$5,SUM(N5:N8)/(4*(MAX(N5:N8))),0) -> #DIV/0! | AV5: =IF($AP5=AQ$5,SUM(T5:T8)/(4*(MAX(T5:T8))),0) -> #DIV/0! | AW5: =IF($AP5=AQ$5,SUM(Z5:Z8)/(4*(MAX(Z5:Z8))),0) -> #DIV/0! | AX5: =IF($AP5=AQ$5,SUM(AF5:AF8)/(4*(MAX(AF5:AF8))),0) -> #DIV/0! | AY5: =$AQ$5/(4*MAX(AR5:AR17)) -> #DIV/0! | AZ5: =IF(AP5=AQ$5,$AN5,"N") -> 0 | BA5: =IF(AP5=AQ$5,$AO5,"N") -> 100 | BB5: =IF($AZ5="N","N",SUM(C5:C8)) -> 0 | BC5: =IF($AZ5="N","N",SUM('調查資料(OUT)'!B11:B14)) -> 0 | BD5: =IF($AZ5="N","N",SUM('調查資料(OUT)'!G11:G14)) -> 0 | BE5: =IF($AZ5="N","N",SUM('調查資料(OUT)'!L11:L14)) -> 0 | BF5: =IF($AZ5="N","N",(BB5/$CG5)*100) -> #DIV/0! | BG5: =IF($AZ5="N","N",SUM(D5:D8)) -> 0 | BH5: =IF($AZ5="N","N",SUM('調查資料(OUT)'!C11:C14)) -> 0 | BI5: =IF($AZ5="N","N",SUM('調查資料(OUT)'!H11:H14)) -> 0 | BJ5: =IF($AZ5="N","N",SUM('調查資料(OUT)'!M11:M14)) -> 0 | BK5: =IF($AZ5="N","N",(BG5/$CG5)*100) -> #DIV/0! | BL5: =IF($AZ5="N","N",SUM(E5:E8)) -> 0 | BM5: =IF($AZ5="N","N",SUM('調查資料(OUT)'!D11:D14)) -> 0 | BN5: =IF($AZ5="N","N",SUM('調查資料(OUT)'!I11:I14)) -> 0 | BO5: =IF($AZ5="N","N",SUM('調查資料(OUT)'!N11:N14)) -> 0 | BP5: =IF($AZ5="N","N",(BL5/$CG5)*100) -> #DIV/0! | BQ5: =IF($AZ5="N","N",SUM(F5:F8)) -> 0 | BR5: =IF($AZ5="N","N",SUM('調查資料(OUT)'!E11:E14)) -> 0 | BS5: =IF($AZ5="N","N",SUM('調查資料(OUT)'!J11:J14)) -> 0 | BT5: =IF($AZ5="N","N",SUM('調查資料(OUT)'!O11:O14)) -> 0 | BU5: =IF($AZ5="N","N",(BQ5/$CG5)*100) -> #DIV/0! | BV5: =IF($AZ5="N","N",SUM(G5:G8)) -> 0 | BW5: =IF($AZ5="N","N",SUM('調查資料(OUT)'!F11:F14)) -> 0 | BX5: =IF($AZ5="N","N",SUM('調查資料(OUT)'!K11:K14)) -> 0 | BY5: =IF($AZ5="N","N",SUM('調查資料(OUT)'!P11:P14)) -> 0 | BZ5: =IF($AZ5="N","N",(BV5/$CG5)*100) -> #DIV/0! | CA5: =IF($AZ5="N","N",BC5+BH5+BM5+BR5+BW5) -> 0 | CB5: =IF($AZ5="N","N",(CA5/($CA5+$CC5+$CE5))*100) -> #DIV/0! | CC5: =IF($AZ5="N","N",BD5+BI5+BN5+BS5+BX5) -> 0 | CD5: =IF($AZ5="N","N",(CC5/($CA5+$CC5+$CE5))*100) -> #DIV/0! | CE5: =IF($AZ5="N","N",BE5+BJ5+BO5+BT5+BY5) -> 0 | CF5: =IF($AZ5="N","N",(CE5/($CA5+$CC5+$CE5))*100) -> #DIV/0! | CG5: =IF($AZ5="N","N",BB5+BG5+BL5+BQ5+BV5) -> 0 | CH5: =IF($AZ5="N","N",SUM(I5:I8)) -> 0 | CI5: =IF($AZ5="N","N",SUM('調查資料(OUT)'!Q11:Q14)) -> 0 | CJ5: =IF($AZ5="N","N",SUM('調查資料(OUT)'!V11:V14)) -> 0 | CK5: =IF($AZ5="N","N",SUM('調查資料(OUT)'!AA11:AA14)) -> 0 | CL5: =IF($AZ5="N","N",(CH5/DM5)*100) -> #DIV/0! | CM5: =IF($AZ5="N","N",SUM(J5:J8)) -> 0 | CN5: =IF($AZ5="N","N",SUM('調查資料(OUT)'!R11:R14)) -> 0 | CO5: =IF($AZ5="N","N",SUM('調查資料(OUT)'!W11:W14)) -> 0 | CP5: =IF($AZ5="N","N",SUM('調查資料(OUT)'!AB11:AB14)) -> 0 | CQ5: =IF($AZ5="N","N",(CM5/$DM5)*100) -> #DIV/0! | CR5: =IF($AZ5="N","N",SUM(K5:K8)) -> 0 | CS5: =IF($AZ5="N","N",SUM('調查資料(OUT)'!S11:S14)) -> 0 | CT5: =IF($AZ5="N","N",SUM('調查資料(OUT)'!X11:X14)) -> 0 | CU5: =IF($AZ5="N","N",SUM('調查資料(OUT)'!AC11:AC14)) -> 0 | CV5: =IF($AZ5="N","N",(CR5/$DM5)*100) -> #DIV/0! | CW5: =IF($AZ5="N","N",SUM(L5:L8)) -> 0 | CX5: =IF($AZ5="N","N",SUM('調查資料(OUT)'!T11:T14)) -> 0 | CY5: =IF($AZ5="N","N",SUM('調查資料(OUT)'!Y11:Y14)) -> 0 | CZ5: =IF($AZ5="N","N",SUM('調查資料(OUT)'!AD11:AD14)) -> 0 | DA5: =IF($AZ5="N","N",(CW5/$DM5)*100) -> #DIV/0! | DB5: =IF($AZ5="N","N",SUM(M5:M8)) -> 0 | DC5: =IF($AZ5="N","N",SUM('調查資料(OUT)'!U11:U14)) -> 0 | DD5: =IF($AZ5="N","N",SUM('調查資料(OUT)'!Z11:Z14)) -> 0 | DE5: =IF($AZ5="N","N",SUM('調查資料(OUT)'!AE11:AE14)) -> 0 | DF5: =IF($AZ5="N","N",(DB5/$DM5)*100) -> #DIV/0! | DG5: =IF($AZ5="N","N",CI5+CN5+CS5+CX5+DC5) -> 0 | DH5: =IF($AZ5="N","N",(DG5/($DG5+$DI5+$DK5))*100) -> #DIV/0! | DI5: =IF($AZ5="N","N",CJ5+CO5+CT5+CY5+DD5) -> 0 | DJ5: =IF($AZ5="N","N",(DI5/($DG5+$DI5+$DK5))*100) -> #DIV/0! | DK5: =IF($AZ5="N","N",CK5+CP5+CU5+CZ5+DE5) -> 0 | DL5: =IF($AZ5="N","N",(DK5/($DG5+$DI5+$DK5))*100) -> #DIV/0! | DM5: =IF($AZ5="N","N",CH5+CM5+CR5+CW5+DB5) -> 0 | DN5: =IF($AZ5="N","N",SUM(O5:O8)) -> 0 | DO5: =IF($AZ5="N","N",SUM('調查資料(OUT)'!AF11:AF14)) -> 0 | DP5: =IF($AZ5="N","N",SUM('調查資料(OUT)'!AK11:AK14)) -> 0 | DQ5: =IF($AZ5="N","N",SUM('調查資料(OUT)'!AP11:AP14)) -> 0 | DR5: =IF($AZ5="N","N",(DN5/ES5)*100) -> #DIV/0! | DS5: =IF($AZ5="N","N",SUM(P5:P8)) -> 0 | DT5: =IF($AZ5="N","N",SUM('調查資料(OUT)'!AG11:AG14)) -> 0 | DU5: =IF($AZ5="N","N",SUM('調查資料(OUT)'!AL11:AL14)) -> 0 | DV5: =IF($AZ5="N","N",SUM('調查資料(OUT)'!AQ11:AQ14)) -> 0 | DW5: =IF($AZ5="N","N",(DS5/$ES5)*100) -> #DIV/0! | DX5: =IF($AZ5="N","N",SUM(Q5:Q8)) -> 0 | DY5: =IF($AZ5="N","N",SUM('調查資料(OUT)'!AH11:AH14)) -> 0 | DZ5: =IF($AZ5="N","N",SUM('調查資料(OUT)'!AM11:AM14)) -> 0 | EA5: =IF($AZ5="N","N",SUM('調查資料(OUT)'!AR11:AR14)) -> 0 | EB5: =IF($AZ5="N","N",(DX5/$ES5)*100) -> #DIV/0! | EC5: =IF($AZ5="N","N",SUM(R5:R8)) -> 0 | ED5: =IF($AZ5="N","N",SUM('調查資料(OUT)'!AI11:AI14)) -> 0 | EE5: =IF($AZ5="N","N",SUM('調查資料(OUT)'!AN11:AN14)) -> 0 | EF5: =IF($AZ5="N","N",SUM('調查資料(OUT)'!AS11:AS14)) -> 0 | EG5: =IF($AZ5="N","N",(EC5/$ES5)*100) -> #DIV/0! | EH5: =IF($AZ5="N","N",SUM(S5:S8)) -> 0 | EI5: =IF($AZ5="N","N",SUM('調查資料(OUT)'!AJ11:AJ14)) -> 0 | EJ5: =IF($AZ5="N","N",SUM('調查資料(OUT)'!AO11:AO14)) -> 0 | EK5: =IF($AZ5="N","N",SUM('調查資料(OUT)'!AT11:AT14)) -> 0 | EL5: =IF($AZ5="N","N",(EH5/$ES5)*100) -> #DIV/0! | EM5: =IF($AZ5="N","N",DO5+DT5+DY5+ED5+EI5) -> 0 | EN5: =IF($AZ5="N","N",(EM5/($EM5+$EO5+$EQ5))*100) -> #DIV/0! | EO5: =IF($AZ5="N","N",DP5+DU5+DZ5+EE5+EJ5) -> 0 | EP5: =IF($AZ5="N","N",(EO5/($EM5+$EO5+$EQ5))*100) -> #DIV/0! | EQ5: =IF($AZ5="N","N",DQ5+DV5+EA5+EF5+EK5) -> 0 | ER5: =IF($AZ5="N","N",(EQ5/($EM5+$EO5+$EQ5))*100) -> #DIV/0! | ES5: =IF($AZ5="N","N",DN5+DS5+DX5+EC5+EH5) -> 0 | ET5: =IF($AZ5="N","N",SUM(U5:U8)) -> 0 | EU5: =IF($AZ5="N","N",SUM('調查資料(OUT)'!AU11:AU14)) -> 0 | EV5: =IF($AZ5="N","N",SUM('調查資料(OUT)'!AZ11:AZ14)) -> 0 | EW5: =IF($AZ5="N","N",SUM('調查資料(OUT)'!BE11:BE14)) -> 0 | EX5: =IF($AZ5="N","N",(ET5/FY5)*100) -> #DIV/0! | EY5: =IF($AZ5="N","N",SUM(V5:V8)) -> 0 | EZ5: =IF($AZ5="N","N",SUM('調查資料(OUT)'!AV11:AV14)) -> 0 | FA5: =IF($AZ5="N","N",SUM('調查資料(OUT)'!BA11:BA14)) -> 0 | FB5: =IF($AZ5="N","N",SUM('調查資料(OUT)'!BF11:BF14)) -> 0 | FC5: =IF($AZ5="N","N",(EY5/$FY5)*100) -> #DIV/0! | FD5: =IF($AZ5="N","N",SUM(W5:W8)) -> 0 | FE5: =IF($AZ5="N","N",SUM('調查資料(OUT)'!AW11:AW14)) -> 0 | FF5: =IF($AZ5="N","N",SUM('調查資料(OUT)'!BB11:BB14)) -> 0 | FG5: =IF($AZ5="N","N",SUM('調查資料(OUT)'!BG11:BG14)) -> 0 | FH5: =IF($AZ5="N","N",(FD5/$FY5)*100) -> #DIV/0! | FI5: =IF($AZ5="N","N",SUM(X5:X8)) -> 0 | FJ5: =IF($AZ5="N","N",SUM('調查資料(OUT)'!AX11:AX14)) -> 0 | FK5: =IF($AZ5="N","N",SUM('調查資料(OUT)'!BC11:BC14)) -> 0 | FL5: =IF($AZ5="N","N",SUM('調查資料(OUT)'!BH11:BH14)) -> 0 | FM5: =IF($AZ5="N","N",(FI5/$FY5)*100) -> #DIV/0! | FN5: =IF($AZ5="N","N",SUM(Y5:Y8)) -> 0 | FO5: =IF($AZ5="N","N",SUM('調查資料(OUT)'!AY11:AY14)) -> 0 | FP5: =IF($AZ5="N","N",SUM('調查資料(OUT)'!BD11:BD14)) -> 0 | FQ5: =IF($AZ5="N","N",SUM('調查資料(OUT)'!BI11:BI14)) -> 0 | FR5: =IF($AZ5="N","N",(FN5/$FY5)*100) -> #DIV/0! | FS5: =IF($AZ5="N","N",EU5+EZ5+FE5+FJ5+FO5) -> 0 | FT5: =IF($AZ5="N","N",(FS5/($FS5+$FU5+$FW5))*100) -> #DIV/0! | FU5: =IF($AZ5="N","N",EV5+FA5+FF5+FK5+FP5) -> 0 | FV5: =IF($AZ5="N","N",(FU5/($FS5+$FU5+$FW5))*100) -> #DIV/0! | FW5: =IF($AZ5="N","N",EW5+FB5+FG5+FL5+FQ5) -> 0 | FX5: =IF($AZ5="N","N",(FW5/($FS5+$FU5+$FW5))*100) -> #DIV/0! | FY5: =IF($AZ5="N","N",ET5+EY5+FD5+FI5+FN5) -> 0 | FZ5: =IF($AZ5="N","N",SUM(AA5:AA8)) -> 0 | GA5: =IF($AZ5="N","N",SUM('調查資料(OUT)'!BJ11:BJ14)) -> 0 | GB5: =IF($AZ5="N","N",SUM('調查資料(OUT)'!BO11:BO14)) -> 0 | GC5: =IF($AZ5="N","N",SUM('調查資料(OUT)'!BT11:BT14)) -> 0 | GD5: =IF($AZ5="N","N",(FZ5/HE5)*100) -> #DIV/0! | GE5: =IF($AZ5="N","N",SUM(AB5:AB8)) -> 0 | GF5: =IF($AZ5="N","N",SUM('調查資料(OUT)'!BK11:BK14)) -> 0 | GG5: =IF($AZ5="N","N",SUM('調查資料(OUT)'!BP11:BP14)) -> 0 | GH5: =IF($AZ5="N","N",SUM('調查資料(OUT)'!BU11:BU14)) -> 0 | GI5: =IF($AZ5="N","N",(GE5/$HE5)*100) -> #DIV/0! | GJ5: =IF($AZ5="N","N",SUM(AC5:AC8)) -> 0 | GK5: =IF($AZ5="N","N",SUM('調查資料(OUT)'!BL11:BL14)) -> 0 | GL5: =IF($AZ5="N","N",SUM('調查資料(OUT)'!BQ11:BQ14)) -> 0 | GM5: =IF($AZ5="N","N",SUM('調查資料(OUT)'!BV11:BV14)) -> 0 | GN5: =IF($AZ5="N","N",(GJ5/$HE5)*100) -> #DIV/0! | GO5: =IF($AZ5="N","N",SUM(AD5:AD8)) -> 0 | GP5: =IF($AZ5="N","N",SUM('調查資料(OUT)'!BM11:BM14)) -> 0 | GQ5: =IF($AZ5="N","N",SUM('調查資料(OUT)'!BR11:BR14)) -> 0 | GR5: =IF($AZ5="N","N",SUM('調查資料(OUT)'!BW11:BW14)) -> 0 | GS5: =IF($AZ5="N","N",(GO5/$HE5)*100) -> #DIV/0! | GT5: =IF($AZ5="N","N",SUM(AE5:AE8)) -> 0 | GU5: =IF($AZ5="N","N",SUM('調查資料(OUT)'!BN11:BN14)) -> 0 | GV5: =IF($AZ5="N","N",SUM('調查資料(OUT)'!BS11:BS14)) -> 0 | GW5: =IF($AZ5="N","N",SUM('調查資料(OUT)'!BX11:BX14)) -> 0 | GX5: =IF($AZ5="N","N",(GT5/$HE5)*100) -> #DIV/0! | GY5: =IF($AZ5="N","N",GA5+GF5+GK5+GP5+GU5) -> 0 | GZ5: =IF($AZ5="N","N",(GY5/($GY5+$HA5+$HC5))*100) -> #DIV/0! | HA5: =IF($AZ5="N","N",GB5+GG5+GL5+GQ5+GV5) -> 0 | HB5: =IF($AZ5="N","N",(HA5/($GY5+$HA5+$HC5))*100) -> #DIV/0! | HC5: =IF($AZ5="N","N",GC5+GH5+GM5+GR5+GW5) -> 0 | HD5: =IF($AZ5="N","N",(HC5/($GY5+$HA5+$HC5))*100) -> #DIV/0! | HE5: =IF($AZ5="N","N",FZ5+GE5+GJ5+GO5+GT5) -> 0 | HF5: =IF($AZ5="N","N",SUM(AG5:AG8)) -> 0 | HG5: =IF($AZ5="N","N",SUM('調查資料(OUT)'!BY11:BY14)) -> 0 | HH5: =IF($AZ5="N","N",SUM('調查資料(OUT)'!CD11:CD14)) -> 0 | HI5: =IF($AZ5="N","N",SUM('調查資料(OUT)'!CI11:CI14)) -> 0 | HJ5: =IF($AZ5="N","N",(HF5/$IK5)*100) -> #DIV/0! | HK5: =IF($AZ5="N","N",SUM(AH5:AH8)) -> 0 | HL5: =IF($AZ5="N","N",SUM('調查資料(OUT)'!BZ11:BZ14)) -> 0 | HM5: =IF($AZ5="N","N",SUM('調查資料(OUT)'!CE11:CE14)) -> 0 | HN5: =IF($AZ5="N","N",SUM('調查資料(OUT)'!CJ11:CJ14)) -> 0 | HO5: =IF($AZ5="N","N",(HK5/$IK5)*100) -> #DIV/0! | HP5: =IF($AZ5="N","N",SUM(AI5:AI8)) -> 0 | HQ5: =IF($AZ5="N","N",SUM('調查資料(OUT)'!CA11:CA14)) -> 0 | HR5: =IF($AZ5="N","N",SUM('調查資料(OUT)'!CF11:CF14)) -> 0 | HS5: =IF($AZ5="N","N",SUM('調查資料(OUT)'!CK11:CK14)) -> 0 | HT5: =IF($AZ5="N","N",(HP5/$IK5)*100) -> #DIV/0! | HU5: =IF($AZ5="N","N",SUM(AJ5:AJ8)) -> 0 | HV5: =IF($AZ5="N","N",SUM('調查資料(OUT)'!CB11:CB14)) -> 0 | HW5: =IF($AZ5="N","N",SUM('調查資料(OUT)'!CG11:CG14)) -> 0 | HX5: =IF($AZ5="N","N",SUM('調查資料(OUT)'!CL11:CL14)) -> 0 | HY5: =IF($AZ5="N","N",(HU5/$IK5)*100) -> #DIV/0! | HZ5: =IF($AZ5="N","N",SUM(AK5:AK8)) -> 0 | IA5: =IF($AZ5="N","N",SUM('調查資料(OUT)'!CC11:CC14)) -> 0 | IB5: =IF($AZ5="N","N",SUM('調查資料(OUT)'!CH11:CH14)) -> 0 | IC5: =IF($AZ5="N","N",SUM('調查資料(OUT)'!CM11:CM14)) -> 0 | ID5: =IF($AZ5="N","N",(HZ5/$IK5)*100) -> #DIV/0! | IE5: =IF($AZ5="N","N",HG5+HL5+HQ5+HV5+IA5) -> 0 | IF5: =IF($AZ5="N","N",(IE5/($IE5+$IG5+$II5))*100) -> #DIV/0! | IG5: =IF($AZ5="N","N",HH5+HM5+HR5+HW5+IB5) -> 0 | IH5: =IF($AZ5="N","N",(IG5/($IE5+$IG5+$II5))*100) -> #DIV/0! | II5: =IF($AZ5="N","N",HI5+HN5+HS5+HX5+IC5) -> 0 | IJ5: =IF($AZ5="N","N",(II5/($IE5+$IG5+$II5))*100) -> #DIV/0! | IK5: =IF($AZ5="N","N",HF5+HK5+HP5+HU5+HZ5) -> 0
A6: ='[4]調查資料(OUT)'!A12 -> 15 | B6: =SUM(C6:G6) -> 0 | C6: =IFERROR('調查資料(OUT)'!$B$1*'調查資料(OUT)'!B12,0)+IFERROR('調查資料(OUT)'!$G$1*'調查資料(OUT)'!G12,0)+IFERROR('調查資料(OUT)'!$L$1*'調查資料(OUT)'!L12,0) -> 0 | D6: =IFERROR('調查資料(OUT)'!$C$1*'調查資料(OUT)'!C12,0)+IFERROR('調查資料(OUT)'!$H$1*'調查資料(OUT)'!H12,0)+IFERROR('調查資料(OUT)'!$M$1*'調查資料(OUT)'!M12,0) -> 0 | E6: =IFERROR('調查資料(OUT)'!$D$1*'調查資料(OUT)'!D12,0)+IFERROR('調查資料(OUT)'!$I$1*'調查資料(OUT)'!I12,0)+IFERROR('調查資料(OUT)'!$N$1*'調查資料(OUT)'!N12,0) -> 0 | F6: =IFERROR('調查資料(OUT)'!$E$1*'調查資料(OUT)'!E12,0)+IFERROR('調查資料(OUT)'!$J$1*'調查資料(OUT)'!J12,0)+IFERROR('調查資料(OUT)'!$O$1*'調查資料(OUT)'!O12,0) -> 0 | G6: =IFERROR('調查資料(OUT)'!$F$1*'調查資料(OUT)'!F12,0)+IFERROR('調查資料(OUT)'!$K$1*'調查資料(OUT)'!K12,0)+IFERROR('調查資料(OUT)'!$P$1*'調查資料(OUT)'!P12,0) -> 0 | H6: =SUM(I6:M6) -> 0 | I6: =IFERROR('調查資料(OUT)'!$Q$1*'調查資料(OUT)'!Q12,0)+IFERROR('調查資料(OUT)'!$V$1*'調查資料(OUT)'!V12,0)+IFERROR('調查資料(OUT)'!$AA$1*'調查資料(OUT)'!AA12,0) -> 0 | J6: =IFERROR('調查資料(OUT)'!$R$1*'調查資料(OUT)'!R12,0)+IFERROR('調查資料(OUT)'!$W$1*'調查資料(OUT)'!W12,0)+IFERROR('調查資料(OUT)'!$AB$1*'調查資料(OUT)'!AB12,0) -> 0 | K6: =IFERROR('調查資料(OUT)'!$S$1*'調查資料(OUT)'!S12,0)+IFERROR('調查資料(OUT)'!$X$1*'調查資料(OUT)'!X12,0)+IFERROR('調查資料(OUT)'!$AC$1*'調查資料(OUT)'!AC12,0) -> 0 | L6: =IFERROR('調查資料(OUT)'!$T$1*'調查資料(OUT)'!T12,0)+IFERROR('調查資料(OUT)'!$Y$1*'調查資料(OUT)'!Y12,0)+IFERROR('調查資料(OUT)'!$AD$1*'調查資料(OUT)'!AD12,0) -> 0 | M6: =IFERROR('調查資料(OUT)'!$U$1*'調查資料(OUT)'!U12,0)+IFERROR('調查資料(OUT)'!$Z$1*'調查資料(OUT)'!Z12,0)+IFERROR('調查資料(OUT)'!$AE$1*'調查資料(OUT)'!AE12,0) -> 0 | N6: =SUM(O6:S6) -> 0 | O6: =IFERROR('調查資料(OUT)'!$AF$1*'調查資料(OUT)'!AF12,0)+IFERROR('調查資料(OUT)'!$AK$1*'調查資料(OUT)'!AK12,0)+IFERROR('調查資料(OUT)'!$AP$1*'調查資料(OUT)'!AP12,0) -> 0 | P6: =IFERROR('調查資料(OUT)'!$AG$1*'調查資料(OUT)'!AG12,0)+IFERROR('調查資料(OUT)'!$AL$1*'調查資料(OUT)'!AL12,0)+IFERROR('調查資料(OUT)'!$AQ$1*'調查資料(OUT)'!AQ12,0) -> 0 | Q6: =IFERROR('調查資料(OUT)'!$AH$1*'調查資料(OUT)'!AH12,0)+IFERROR('調查資料(OUT)'!$AM$1*'調查資料(OUT)'!AM12,0)+IFERROR('調查資料(OUT)'!$AR$1*'調查資料(OUT)'!AR12,0) -> 0 | R6: =IFERROR('調查資料(OUT)'!$AI$1*'調查資料(OUT)'!AI12,0)+IFERROR('調查資料(OUT)'!$AN$1*'調查資料(OUT)'!AN12,0)+IFERROR('調查資料(OUT)'!$AS$1*'調查資料(OUT)'!AS12,0) -> 0 | S6: =IFERROR('調查資料(OUT)'!$AJ$1*'調查資料(OUT)'!AJ12,0)+IFERROR('調查資料(OUT)'!$AO$1*'調查資料(OUT)'!AO12,0)+IFERROR('調查資料(OUT)'!$AT$1*'調查資料(OUT)'!AT12,0) -> 0 | T6: =SUM(U6:Y6) -> 0 | U6: =IFERROR('調查資料(OUT)'!$AU$1*'調查資料(OUT)'!AU12,0)+IFERROR('調查資料(OUT)'!$AZ$1*'調查資料(OUT)'!AZ12,0)+IFERROR('調查資料(OUT)'!$BE$1*'調查資料(OUT)'!BE12,0) -> 0 | V6: =IFERROR('調查資料(OUT)'!$AV$1*'調查資料(OUT)'!AV12,0)+IFERROR('調查資料(OUT)'!$BA$1*'調查資料(OUT)'!BA12,0)+IFERROR('調查資料(OUT)'!$BF$1*'調查資料(OUT)'!BF12,0) -> 0 | W6: =IFERROR('調查資料(OUT)'!$AW$1*'調查資料(OUT)'!AW12,0)+IFERROR('調查資料(OUT)'!$BB$1*'調查資料(OUT)'!BB12,0)+IFERROR('調查資料(OUT)'!$BG$1*'調查資料(OUT)'!BG12,0) -> 0 | X6: =IFERROR('調查資料(OUT)'!$AX$1*'調查資料(OUT)'!AX12,0)+IFERROR('調查資料(OUT)'!$BC$1*'調查資料(OUT)'!BC12,0)+IFERROR('調查資料(OUT)'!$BH$1*'調查資料(OUT)'!BH12,0) -> 0 | Y6: =IFERROR('調查資料(OUT)'!$AY$1*'調查資料(OUT)'!AY12,0)+IFERROR('調查資料(OUT)'!$BD$1*'調查資料(OUT)'!BD12,0)+IFERROR('調查資料(OUT)'!$BI$1*'調查資料(OUT)'!BI12,0) -> 0 | Z6: =SUM(AA6:AE6) -> 0 | AA6: =IFERROR('調查資料(OUT)'!$BJ$1*'調查資料(OUT)'!BJ12,0)+IFERROR('調查資料(OUT)'!$BO$1*'調查資料(OUT)'!BO12,0)+IFERROR('調查資料(OUT)'!$BT$1*'調查資料(OUT)'!BT12,0) -> 0 | AB6: =IFERROR('調查資料(OUT)'!$BK$1*'調查資料(OUT)'!BK12,0)+IFERROR('調查資料(OUT)'!$BP$1*'調查資料(OUT)'!BP12,0)+IFERROR('調查資料(OUT)'!$BU$1*'調查資料(OUT)'!BU12,0) -> 0 | AC6: =IFERROR('調查資料(OUT)'!$BL$1*'調查資料(OUT)'!BL12,0)+IFERROR('調查資料(OUT)'!$BQ$1*'調查資料(OUT)'!BQ12,0)+IFERROR('調查資料(OUT)'!$BV$1*'調查資料(OUT)'!BV12,0) -> 0 | AD6: =IFERROR('調查資料(OUT)'!$BM$1*'調查資料(OUT)'!BM12,0)+IFERROR('調查資料(OUT)'!$BR$1*'調查資料(OUT)'!BR12,0)+IFERROR('調查資料(OUT)'!$BW$1*'調查資料(OUT)'!BW12,0) -> 0 | AE6: =IFERROR('調查資料(OUT)'!$BN$1*'調查資料(OUT)'!BN12,0)+IFERROR('調查資料(OUT)'!$BS$1*'調查資料(OUT)'!BS12,0)+IFERROR('調查資料(OUT)'!$BX$1*'調查資料(OUT)'!BX12,0) -> 0 | AF6: =SUM(AG6:AK6) -> 0 | AG6: =IFERROR('調查資料(OUT)'!$BY$1*'調查資料(OUT)'!BY12,0)+IFERROR('調查資料(OUT)'!$CD$1*'調查資料(OUT)'!CD12,0)+IFERROR('調查資料(OUT)'!$CI$1*'調查資料(OUT)'!CI12,0) -> 0 | AH6: =IFERROR('調查資料(OUT)'!$BZ$1*'調查資料(OUT)'!BZ12,0)+IFERROR('調查資料(OUT)'!$CE$1*'調查資料(OUT)'!CE12,0)+IFERROR('調查資料(OUT)'!$CJ$1*'調查資料(OUT)'!CJ12,0) -> 0 | AI6: =IFERROR('調查資料(OUT)'!$CA$1*'調查資料(OUT)'!CA12,0)+IFERROR('調查資料(OUT)'!$CF$1*'調查資料(OUT)'!CF12,0)+IFERROR('調查資料(OUT)'!$CK$1*'調查資料(OUT)'!CK12,0) -> 0 | AJ6: =IFERROR('調查資料(OUT)'!$CB$1*'調查資料(OUT)'!CB12,0)+IFERROR('調查資料(OUT)'!$CG$1*'調查資料(OUT)'!CG12,0)+IFERROR('調查資料(OUT)'!$CL$1*'調查資料(OUT)'!CL12,0) -> 0 | AK6: =IFERROR('調查資料(OUT)'!$CC$1*'調查資料(OUT)'!CC12,0)+IFERROR('調查資料(OUT)'!$CH$1*'調查資料(OUT)'!CH12,0)+IFERROR('調查資料(OUT)'!$CM$1*'調查資料(OUT)'!CM12,0) -> 0 | AL6: =B6+H6+N6+T6+Z6+AF6 -> 0 | AN6: ='調查資料(OUT)'!A12 -> 15 | AO6: =AN6+100 -> 115 | AP6: =SUM(AL6:AL9) -> 0 | AR6: =IF($AP6=$AQ$5,MAX(AL6:AL9),0) -> 0 | AS6: =IF($AP6=AQ$5,SUM(B6:B9)/(4*(MAX(B6:B9))),0) -> #DIV/0! | AT6: =IF($AP6=AQ$5,SUM(H6:H9)/(4*(MAX(H6:H9))),0) -> #DIV/0! | AU6: =IF($AP6=AQ$5,SUM(N6:N9)/(4*(MAX(N6:N9))),0) -> #DIV/0! | AV6: =IF($AP6=AQ$5,SUM(T6:T9)/(4*(MAX(T6:T9))),0) -> #DIV/0! | AW6: =IF($AP6=AQ$5,SUM(Z6:Z9)/(4*(MAX(Z6:Z9))),0) -> #DIV/0! | AX6: =IF($AP6=AQ$5,SUM(AF6:AF9)/(4*(MAX(AF6:AF9))),0) -> #DIV/0! | AZ6: =IF(AP6=AQ$5,$AN6,"N") -> 15 | BA6: =IF(AP6=AQ$5,$AO6,"N") -> 115 | BB6: =IF($AZ6="N","N",SUM(C6:C9)) -> 0 | BC6: =IF($AZ6="N","N",SUM('調查資料(OUT)'!B12:B15)) -> 0 | BD6: =IF($AZ6="N","N",SUM('調查資料(OUT)'!G12:G15)) -> 0 | BE6: =IF($AZ6="N","N",SUM('調查資料(OUT)'!L12:L15)) -> 0 | BF6: =IF($AZ6="N","N",(BB6/$CG6)*100) -> #DIV/0! | BG6: =IF($AZ6="N","N",SUM(D6:D9)) -> 0 | BH6: =IF($AZ6="N","N",SUM('調查資料(OUT)'!C12:C15)) -> 0 | BI6: =IF($AZ6="N","N",SUM('調查資料(OUT)'!H12:H15)) -> 0 | BJ6: =IF($AZ6="N","N",SUM('調查資料(OUT)'!M12:M15)) -> 0 | BK6: =IF($AZ6="N","N",(BG6/$CG6)*100) -> #DIV/0! | BL6: =IF($AZ6="N","N",SUM(E6:E9)) -> 0 | BM6: =IF($AZ6="N","N",SUM('調查資料(OUT)'!D12:D15)) -> 0 | BN6: =IF($AZ6="N","N",SUM('調查資料(OUT)'!I12:I15)) -> 0 | BO6: =IF($AZ6="N","N",SUM('調查資料(OUT)'!N12:N15)) -> 0 | BP6: =IF($AZ6="N","N",(BL6/$CG6)*100) -> #DIV/0! | BQ6: =IF($AZ6="N","N",SUM(F6:F9)) -> 0 | BR6: =IF($AZ6="N","N",SUM('調查資料(OUT)'!E12:E15)) -> 0 | BS6: =IF($AZ6="N","N",SUM('調查資料(OUT)'!J12:J15)) -> 0 | BT6: =IF($AZ6="N","N",SUM('調查資料(OUT)'!O12:O15)) -> 0 | BU6: =IF($AZ6="N","N",(BQ6/$CG6)*100) -> #DIV/0! | BV6: =IF($AZ6="N","N",SUM(G6:G9)) -> 0 | BW6: =IF($AZ6="N","N",SUM('調查資料(OUT)'!F12:F15)) -> 0 | BX6: =IF($AZ6="N","N",SUM('調查資料(OUT)'!K12:K15)) -> 0 | BY6: =IF($AZ6="N","N",SUM('調查資料(OUT)'!P12:P15)) -> 0 | BZ6: =IF($AZ6="N","N",(BV6/$CG6)*100) -> #DIV/0! | CA6: =IF($AZ6="N","N",BC6+BH6+BM6+BR6+BW6) -> 0 | CB6: =IF($AZ6="N","N",(CA6/($CA6+$CC6+$CE6))*100) -> #DIV/0! | CC6: =IF($AZ6="N","N",BD6+BI6+BN6+BS6+BX6) -> 0 | CD6: =IF($AZ6="N","N",(CC6/($CA6+$CC6+$CE6))*100) -> #DIV/0! | CE6: =IF($AZ6="N","N",BE6+BJ6+BO6+BT6+BY6) -> 0 | CF6: =IF($AZ6="N","N",(CE6/($CA6+$CC6+$CE6))*100) -> #DIV/0! | CG6: =IF($AZ6="N","N",BB6+BG6+BL6+BQ6+BV6) -> 0 | CH6: =IF($AZ6="N","N",SUM(I6:I9)) -> 0 | CI6: =IF($AZ6="N","N",SUM('調查資料(OUT)'!Q12:Q15)) -> 0 | CJ6: =IF($AZ6="N","N",SUM('調查資料(OUT)'!V12:V15)) -> 0 | CK6: =IF($AZ6="N","N",SUM('調查資料(OUT)'!AA12:AA15)) -> 0 | CL6: =IF($AZ6="N","N",(CH6/DM6)*100) -> #DIV/0! | CM6: =IF($AZ6="N","N",SUM(J6:J9)) -> 0 | CN6: =IF($AZ6="N","N",SUM('調查資料(OUT)'!R12:R15)) -> 0 | CO6: =IF($AZ6="N","N",SUM('調查資料(OUT)'!W12:W15)) -> 0 | CP6: =IF($AZ6="N","N",SUM('調查資料(OUT)'!AB12:AB15)) -> 0 | CQ6: =IF($AZ6="N","N",(CM6/$DM6)*100) -> #DIV/0! | CR6: =IF($AZ6="N","N",SUM(K6:K9)) -> 0 | CS6: =IF($AZ6="N","N",SUM('調查資料(OUT)'!S12:S15)) -> 0 | CT6: =IF($AZ6="N","N",SUM('調查資料(OUT)'!X12:X15)) -> 0 | CU6: =IF($AZ6="N","N",SUM('調查資料(OUT)'!AC12:AC15)) -> 0 | CV6: =IF($AZ6="N","N",(CR6/$DM6)*100) -> #DIV/0! | CW6: =IF($AZ6="N","N",SUM(L6:L9)) -> 0 | CX6: =IF($AZ6="N","N",SUM('調查資料(OUT)'!T12:T15)) -> 0 | CY6: =IF($AZ6="N","N",SUM('調查資料(OUT)'!Y12:Y15)) -> 0 | CZ6: =IF($AZ6="N","N",SUM('調查資料(OUT)'!AD12:AD15)) -> 0 | DA6: =IF($AZ6="N","N",(CW6/$DM6)*100) -> #DIV/0! | DB6: =IF($AZ6="N","N",SUM(M6:M9)) -> 0 | DC6: =IF($AZ6="N","N",SUM('調查資料(OUT)'!U12:U15)) -> 0 | DD6: =IF($AZ6="N","N",SUM('調查資料(OUT)'!Z12:Z15)) -> 0 | DE6: =IF($AZ6="N","N",SUM('調查資料(OUT)'!AE12:AE15)) -> 0 | DF6: =IF($AZ6="N","N",(DB6/$DM6)*100) -> #DIV/0! | DG6: =IF($AZ6="N","N",CI6+CN6+CS6+CX6+DC6) -> 0 | DH6: =IF($AZ6="N","N",(DG6/($DG6+$DI6+$DK6))*100) -> #DIV/0! | DI6: =IF($AZ6="N","N",CJ6+CO6+CT6+CY6+DD6) -> 0 | DJ6: =IF($AZ6="N","N",(DI6/($DG6+$DI6+$DK6))*100) -> #DIV/0! | DK6: =IF($AZ6="N","N",CK6+CP6+CU6+CZ6+DE6) -> 0 | DL6: =IF($AZ6="N","N",(DK6/($DG6+$DI6+$DK6))*100) -> #DIV/0! | DM6: =IF($AZ6="N","N",CH6+CM6+CR6+CW6+DB6) -> 0 | DN6: =IF($AZ6="N","N",SUM(O6:O9)) -> 0 | DO6: =IF($AZ6="N","N",SUM('調查資料(OUT)'!AF12:AF15)) -> 0 | DP6: =IF($AZ6="N","N",SUM('調查資料(OUT)'!AK12:AK15)) -> 0 | DQ6: =IF($AZ6="N","N",SUM('調查資料(OUT)'!AP12:AP15)) -> 0 | DR6: =IF($AZ6="N","N",(DN6/ES6)*100) -> #DIV/0! | DS6: =IF($AZ6="N","N",SUM(P6:P9)) -> 0 | DT6: =IF($AZ6="N","N",SUM('調查資料(OUT)'!AG12:AG15)) -> 0 | DU6: =IF($AZ6="N","N",SUM('調查資料(OUT)'!AL12:AL15)) -> 0 | DV6: =IF($AZ6="N","N",SUM('調查資料(OUT)'!AQ12:AQ15)) -> 0 | DW6: =IF($AZ6="N","N",(DS6/$ES6)*100) -> #DIV/0! | DX6: =IF($AZ6="N","N",SUM(Q6:Q9)) -> 0 | DY6: =IF($AZ6="N","N",SUM('調查資料(OUT)'!AH12:AH15)) -> 0 | DZ6: =IF($AZ6="N","N",SUM('調查資料(OUT)'!AM12:AM15)) -> 0 | EA6: =IF($AZ6="N","N",SUM('調查資料(OUT)'!AR12:AR15)) -> 0 | EB6: =IF($AZ6="N","N",(DX6/$ES6)*100) -> #DIV/0! | EC6: =IF($AZ6="N","N",SUM(R6:R9)) -> 0 | ED6: =IF($AZ6="N","N",SUM('調查資料(OUT)'!AI12:AI15)) -> 0 | EE6: =IF($AZ6="N","N",SUM('調查資料(OUT)'!AN12:AN15)) -> 0 | EF6: =IF($AZ6="N","N",SUM('調查資料(OUT)'!AS12:AS15)) -> 0 | EG6: =IF($AZ6="N","N",(EC6/$ES6)*100) -> #DIV/0! | EH6: =IF($AZ6="N","N",SUM(S6:S9)) -> 0 | EI6: =IF($AZ6="N","N",SUM('調查資料(OUT)'!AJ12:AJ15)) -> 0 | EJ6: =IF($AZ6="N","N",SUM('調查資料(OUT)'!AO12:AO15)) -> 0 | EK6: =IF($AZ6="N","N",SUM('調查資料(OUT)'!AT12:AT15)) -> 0 | EL6: =IF($AZ6="N","N",(EH6/$ES6)*100) -> #DIV/0! | EM6: =IF($AZ6="N","N",DO6+DT6+DY6+ED6+EI6) -> 0 | EN6: =IF($AZ6="N","N",(EM6/($EM6+$EO6+$EQ6))*100) -> #DIV/0! | EO6: =IF($AZ6="N","N",DP6+DU6+DZ6+EE6+EJ6) -> 0 | EP6: =IF($AZ6="N","N",(EO6/($EM6+$EO6+$EQ6))*100) -> #DIV/0! | EQ6: =IF($AZ6="N","N",DQ6+DV6+EA6+EF6+EK6) -> 0 | ER6: =IF($AZ6="N","N",(EQ6/($EM6+$EO6+$EQ6))*100) -> #DIV/0! | ES6: =IF($AZ6="N","N",DN6+DS6+DX6+EC6+EH6) -> 0 | ET6: =IF($AZ6="N","N",SUM(U6:U9)) -> 0 | EU6: =IF($AZ6="N","N",SUM('調查資料(OUT)'!AU12:AU15)) -> 0 | EV6: =IF($AZ6="N","N",SUM('調查資料(OUT)'!AZ12:AZ15)) -> 0 | EW6: =IF($AZ6="N","N",SUM('調查資料(OUT)'!BE12:BE15)) -> 0 | EX6: =IF($AZ6="N","N",(ET6/FY6)*100) -> #DIV/0! | EY6: =IF($AZ6="N","N",SUM(V6:V9)) -> 0 | EZ6: =IF($AZ6="N","N",SUM('調查資料(OUT)'!AV12:AV15)) -> 0 | FA6: =IF($AZ6="N","N",SUM('調查資料(OUT)'!BA12:BA15)) -> 0 | FB6: =IF($AZ6="N","N",SUM('調查資料(OUT)'!BF12:BF15)) -> 0 | FC6: =IF($AZ6="N","N",(EY6/$FY6)*100) -> #DIV/0! | FD6: =IF($AZ6="N","N",SUM(W6:W9)) -> 0 | FE6: =IF($AZ6="N","N",SUM('調查資料(OUT)'!AW12:AW15)) -> 0 | FF6: =IF($AZ6="N","N",SUM('調查資料(OUT)'!BB12:BB15)) -> 0 | FG6: =IF($AZ6="N","N",SUM('調查資料(OUT)'!BG12:BG15)) -> 0 | FH6: =IF($AZ6="N","N",(FD6/$FY6)*100) -> #DIV/0! | FI6: =IF($AZ6="N","N",SUM(X6:X9)) -> 0 | FJ6: =IF($AZ6="N","N",SUM('調查資料(OUT)'!AX12:AX15)) -> 0 | FK6: =IF($AZ6="N","N",SUM('調查資料(OUT)'!BC12:BC15)) -> 0 | FL6: =IF($AZ6="N","N",SUM('調查資料(OUT)'!BH12:BH15)) -> 0 | FM6: =IF($AZ6="N","N",(FI6/$FY6)*100) -> #DIV/0! | FN6: =IF($AZ6="N","N",SUM(Y6:Y9)) -> 0 | FO6: =IF($AZ6="N","N",SUM('調查資料(OUT)'!AY12:AY15)) -> 0 | FP6: =IF($AZ6="N","N",SUM('調查資料(OUT)'!BD12:BD15)) -> 0 | FQ6: =IF($AZ6="N","N",SUM('調查資料(OUT)'!BI12:BI15)) -> 0 | FR6: =IF($AZ6="N","N",(FN6/$FY6)*100) -> #DIV/0! | FS6: =IF($AZ6="N","N",EU6+EZ6+FE6+FJ6+FO6) -> 0 | FT6: =IF($AZ6="N","N",(FS6/($FS6+$FU6+$FW6))*100) -> #DIV/0! | FU6: =IF($AZ6="N","N",EV6+FA6+FF6+FK6+FP6) -> 0 | FV6: =IF($AZ6="N","N",(FU6/($FS6+$FU6+$FW6))*100) -> #DIV/0! | FW6: =IF($AZ6="N","N",EW6+FB6+FG6+FL6+FQ6) -> 0 | FX6: =IF($AZ6="N","N",(FW6/($FS6+$FU6+$FW6))*100) -> #DIV/0! | FY6: =IF($AZ6="N","N",ET6+EY6+FD6+FI6+FN6) -> 0 | FZ6: =IF($AZ6="N","N",SUM(AA6:AA9)) -> 0 | GA6: =IF($AZ6="N","N",SUM('調查資料(OUT)'!BJ12:BJ15)) -> 0 | GB6: =IF($AZ6="N","N",SUM('調查資料(OUT)'!BO12:BO15)) -> 0 | GC6: =IF($AZ6="N","N",SUM('調查資料(OUT)'!BT12:BT15)) -> 0 | GD6: =IF($AZ6="N","N",(FZ6/HE6)*100) -> #DIV/0! | GE6: =IF($AZ6="N","N",SUM(AB6:AB9)) -> 0 | GF6: =IF($AZ6="N","N",SUM('調查資料(OUT)'!BK12:BK15)) -> 0 | GG6: =IF($AZ6="N","N",SUM('調查資料(OUT)'!BP12:BP15)) -> 0 | GH6: =IF($AZ6="N","N",SUM('調查資料(OUT)'!BU12:BU15)) -> 0 | GI6: =IF($AZ6="N","N",(GE6/$HE6)*100) -> #DIV/0! | GJ6: =IF($AZ6="N","N",SUM(AC6:AC9)) -> 0 | GK6: =IF($AZ6="N","N",SUM('調查資料(OUT)'!BL12:BL15)) -> 0 | GL6: =IF($AZ6="N","N",SUM('調查資料(OUT)'!BQ12:BQ15)) -> 0 | GM6: =IF($AZ6="N","N",SUM('調查資料(OUT)'!BV12:BV15)) -> 0 | GN6: =IF($AZ6="N","N",(GJ6/$HE6)*100) -> #DIV/0! | GO6: =IF($AZ6="N","N",SUM(AD6:AD9)) -> 0 | GP6: =IF($AZ6="N","N",SUM('調查資料(OUT)'!BM12:BM15)) -> 0 | GQ6: =IF($AZ6="N","N",SUM('調查資料(OUT)'!BR12:BR15)) -> 0 | GR6: =IF($AZ6="N","N",SUM('調查資料(OUT)'!BW12:BW15)) -> 0 | GS6: =IF($AZ6="N","N",(GO6/$HE6)*100) -> #DIV/0! | GT6: =IF($AZ6="N","N",SUM(AE6:AE9)) -> 0 | GU6: =IF($AZ6="N","N",SUM('調查資料(OUT)'!BN12:BN15)) -> 0 | GV6: =IF($AZ6="N","N",SUM('調查資料(OUT)'!BS12:BS15)) -> 0 | GW6: =IF($AZ6="N","N",SUM('調查資料(OUT)'!BX12:BX15)) -> 0 | GX6: =IF($AZ6="N","N",(GT6/$HE6)*100) -> #DIV/0! | GY6: =IF($AZ6="N","N",GA6+GF6+GK6+GP6+GU6) -> 0 | GZ6: =IF($AZ6="N","N",(GY6/($GY6+$HA6+$HC6))*100) -> #DIV/0! | HA6: =IF($AZ6="N","N",GB6+GG6+GL6+GQ6+GV6) -> 0 | HB6: =IF($AZ6="N","N",(HA6/($GY6+$HA6+$HC6))*100) -> #DIV/0! | HC6: =IF($AZ6="N","N",GC6+GH6+GM6+GR6+GW6) -> 0 | HD6: =IF($AZ6="N","N",(HC6/($GY6+$HA6+$HC6))*100) -> #DIV/0! | HE6: =IF($AZ6="N","N",FZ6+GE6+GJ6+GO6+GT6) -> 0 | HF6: =IF($AZ6="N","N",SUM(AG6:AG9)) -> 0 | HG6: =IF($AZ6="N","N",SUM('調查資料(OUT)'!BY12:BY15)) -> 0 | HH6: =IF($AZ6="N","N",SUM('調查資料(OUT)'!CD12:CD15)) -> 0 | HI6: =IF($AZ6="N","N",SUM('調查資料(OUT)'!CI12:CI15)) -> 0 | HJ6: =IF($AZ6="N","N",(HF6/$IK6)*100) -> #DIV/0! | HK6: =IF($AZ6="N","N",SUM(AH6:AH9)) -> 0 | HL6: =IF($AZ6="N","N",SUM('調查資料(OUT)'!BZ12:BZ15)) -> 0 | HM6: =IF($AZ6="N","N",SUM('調查資料(OUT)'!CE12:CE15)) -> 0 | HN6: =IF($AZ6="N","N",SUM('調查資料(OUT)'!CJ12:CJ15)) -> 0 | HO6: =IF($AZ6="N","N",(HK6/$IK6)*100) -> #DIV/0! | HP6: =IF($AZ6="N","N",SUM(AI6:AI9)) -> 0 | HQ6: =IF($AZ6="N","N",SUM('調查資料(OUT)'!CA12:CA15)) -> 0 | HR6: =IF($AZ6="N","N",SUM('調查資料(OUT)'!CF12:CF15)) -> 0 | HS6: =IF($AZ6="N","N",SUM('調查資料(OUT)'!CK12:CK15)) -> 0 | HT6: =IF($AZ6="N","N",(HP6/$IK6)*100) -> #DIV/0! | HU6: =IF($AZ6="N","N",SUM(AJ6:AJ9)) -> 0 | HV6: =IF($AZ6="N","N",SUM('調查資料(OUT)'!CB12:CB15)) -> 0 | HW6: =IF($AZ6="N","N",SUM('調查資料(OUT)'!CG12:CG15)) -> 0 | HX6: =IF($AZ6="N","N",SUM('調查資料(OUT)'!CL12:CL15)) -> 0 | HY6: =IF($AZ6="N","N",(HU6/$IK6)*100) -> #DIV/0! | HZ6: =IF($AZ6="N","N",SUM(AK6:AK9)) -> 0 | IA6: =IF($AZ6="N","N",SUM('調查資料(OUT)'!CC12:CC15)) -> 0 | IB6: =IF($AZ6="N","N",SUM('調查資料(OUT)'!CH12:CH15)) -> 0 | IC6: =IF($AZ6="N","N",SUM('調查資料(OUT)'!CM12:CM15)) -> 0 | ID6: =IF($AZ6="N","N",(HZ6/$IK6)*100) -> #DIV/0! | IE6: =IF($AZ6="N","N",HG6+HL6+HQ6+HV6+IA6) -> 0 | IF6: =IF($AZ6="N","N",(IE6/($IE6+$IG6+$II6))*100) -> #DIV/0! | IG6: =IF($AZ6="N","N",HH6+HM6+HR6+HW6+IB6) -> 0 | IH6: =IF($AZ6="N","N",(IG6/($IE6+$IG6+$II6))*100) -> #DIV/0! | II6: =IF($AZ6="N","N",HI6+HN6+HS6+HX6+IC6) -> 0 | IJ6: =IF($AZ6="N","N",(II6/($IE6+$IG6+$II6))*100) -> #DIV/0! | IK6: =IF($AZ6="N","N",HF6+HK6+HP6+HU6+HZ6) -> 0
A7: ='[4]調查資料(OUT)'!A13 -> 30 | B7: =SUM(C7:G7) -> 0 | C7: =IFERROR('調查資料(OUT)'!$B$1*'調查資料(OUT)'!B13,0)+IFERROR('調查資料(OUT)'!$G$1*'調查資料(OUT)'!G13,0)+IFERROR('調查資料(OUT)'!$L$1*'調查資料(OUT)'!L13,0) -> 0 | D7: =IFERROR('調查資料(OUT)'!$C$1*'調查資料(OUT)'!C13,0)+IFERROR('調查資料(OUT)'!$H$1*'調查資料(OUT)'!H13,0)+IFERROR('調查資料(OUT)'!$M$1*'調查資料(OUT)'!M13,0) -> 0 | E7: =IFERROR('調查資料(OUT)'!$D$1*'調查資料(OUT)'!D13,0)+IFERROR('調查資料(OUT)'!$I$1*'調查資料(OUT)'!I13,0)+IFERROR('調查資料(OUT)'!$N$1*'調查資料(OUT)'!N13,0) -> 0 | F7: =IFERROR('調查資料(OUT)'!$E$1*'調查資料(OUT)'!E13,0)+IFERROR('調查資料(OUT)'!$J$1*'調查資料(OUT)'!J13,0)+IFERROR('調查資料(OUT)'!$O$1*'調查資料(OUT)'!O13,0) -> 0 | G7: =IFERROR('調查資料(OUT)'!$F$1*'調查資料(OUT)'!F13,0)+IFERROR('調查資料(OUT)'!$K$1*'調查資料(OUT)'!K13,0)+IFERROR('調查資料(OUT)'!$P$1*'調查資料(OUT)'!P13,0) -> 0 | H7: =SUM(I7:M7) -> 0 | I7: =IFERROR('調查資料(OUT)'!$Q$1*'調查資料(OUT)'!Q13,0)+IFERROR('調查資料(OUT)'!$V$1*'調查資料(OUT)'!V13,0)+IFERROR('調查資料(OUT)'!$AA$1*'調查資料(OUT)'!AA13,0) -> 0 | J7: =IFERROR('調查資料(OUT)'!$R$1*'調查資料(OUT)'!R13,0)+IFERROR('調查資料(OUT)'!$W$1*'調查資料(OUT)'!W13,0)+IFERROR('調查資料(OUT)'!$AB$1*'調查資料(OUT)'!AB13,0) -> 0 | K7: =IFERROR('調查資料(OUT)'!$S$1*'調查資料(OUT)'!S13,0)+IFERROR('調查資料(OUT)'!$X$1*'調查資料(OUT)'!X13,0)+IFERROR('調查資料(OUT)'!$AC$1*'調查資料(OUT)'!AC13,0) -> 0 | L7: =IFERROR('調查資料(OUT)'!$T$1*'調查資料(OUT)'!T13,0)+IFERROR('調查資料(OUT)'!$Y$1*'調查資料(OUT)'!Y13,0)+IFERROR('調查資料(OUT)'!$AD$1*'調查資料(OUT)'!AD13,0) -> 0 | M7: =IFERROR('調查資料(OUT)'!$U$1*'調查資料(OUT)'!U13,0)+IFERROR('調查資料(OUT)'!$Z$1*'調查資料(OUT)'!Z13,0)+IFERROR('調查資料(OUT)'!$AE$1*'調查資料(OUT)'!AE13,0) -> 0 | N7: =SUM(O7:S7) -> 0 | O7: =IFERROR('調查資料(OUT)'!$AF$1*'調查資料(OUT)'!AF13,0)+IFERROR('調查資料(OUT)'!$AK$1*'調查資料(OUT)'!AK13,0)+IFERROR('調查資料(OUT)'!$AP$1*'調查資料(OUT)'!AP13,0) -> 0 | P7: =IFERROR('調查資料(OUT)'!$AG$1*'調查資料(OUT)'!AG13,0)+IFERROR('調查資料(OUT)'!$AL$1*'調查資料(OUT)'!AL13,0)+IFERROR('調查資料(OUT)'!$AQ$1*'調查資料(OUT)'!AQ13,0) -> 0 | Q7: =IFERROR('調查資料(OUT)'!$AH$1*'調查資料(OUT)'!AH13,0)+IFERROR('調查資料(OUT)'!$AM$1*'調查資料(OUT)'!AM13,0)+IFERROR('調查資料(OUT)'!$AR$1*'調查資料(OUT)'!AR13,0) -> 0 | R7: =IFERROR('調查資料(OUT)'!$AI$1*'調查資料(OUT)'!AI13,0)+IFERROR('調查資料(OUT)'!$AN$1*'調查資料(OUT)'!AN13,0)+IFERROR('調查資料(OUT)'!$AS$1*'調查資料(OUT)'!AS13,0) -> 0 | S7: =IFERROR('調查資料(OUT)'!$AJ$1*'調查資料(OUT)'!AJ13,0)+IFERROR('調查資料(OUT)'!$AO$1*'調查資料(OUT)'!AO13,0)+IFERROR('調查資料(OUT)'!$AT$1*'調查資料(OUT)'!AT13,0) -> 0 | T7: =SUM(U7:Y7) -> 0 | U7: =IFERROR('調查資料(OUT)'!$AU$1*'調查資料(OUT)'!AU13,0)+IFERROR('調查資料(OUT)'!$AZ$1*'調查資料(OUT)'!AZ13,0)+IFERROR('調查資料(OUT)'!$BE$1*'調查資料(OUT)'!BE13,0) -> 0 | V7: =IFERROR('調查資料(OUT)'!$AV$1*'調查資料(OUT)'!AV13,0)+IFERROR('調查資料(OUT)'!$BA$1*'調查資料(OUT)'!BA13,0)+IFERROR('調查資料(OUT)'!$BF$1*'調查資料(OUT)'!BF13,0) -> 0 | W7: =IFERROR('調查資料(OUT)'!$AW$1*'調查資料(OUT)'!AW13,0)+IFERROR('調查資料(OUT)'!$BB$1*'調查資料(OUT)'!BB13,0)+IFERROR('調查資料(OUT)'!$BG$1*'調查資料(OUT)'!BG13,0) -> 0 | X7: =IFERROR('調查資料(OUT)'!$AX$1*'調查資料(OUT)'!AX13,0)+IFERROR('調查資料(OUT)'!$BC$1*'調查資料(OUT)'!BC13,0)+IFERROR('調查資料(OUT)'!$BH$1*'調查資料(OUT)'!BH13,0) -> 0 | Y7: =IFERROR('調查資料(OUT)'!$AY$1*'調查資料(OUT)'!AY13,0)+IFERROR('調查資料(OUT)'!$BD$1*'調查資料(OUT)'!BD13,0)+IFERROR('調查資料(OUT)'!$BI$1*'調查資料(OUT)'!BI13,0) -> 0 | Z7: =SUM(AA7:AE7) -> 0 | AA7: =IFERROR('調查資料(OUT)'!$BJ$1*'調查資料(OUT)'!BJ13,0)+IFERROR('調查資料(OUT)'!$BO$1*'調查資料(OUT)'!BO13,0)+IFERROR('調查資料(OUT)'!$BT$1*'調查資料(OUT)'!BT13,0) -> 0 | AB7: =IFERROR('調查資料(OUT)'!$BK$1*'調查資料(OUT)'!BK13,0)+IFERROR('調查資料(OUT)'!$BP$1*'調查資料(OUT)'!BP13,0)+IFERROR('調查資料(OUT)'!$BU$1*'調查資料(OUT)'!BU13,0) -> 0 | AC7: =IFERROR('調查資料(OUT)'!$BL$1*'調查資料(OUT)'!BL13,0)+IFERROR('調查資料(OUT)'!$BQ$1*'調查資料(OUT)'!BQ13,0)+IFERROR('調查資料(OUT)'!$BV$1*'調查資料(OUT)'!BV13,0) -> 0 | AD7: =IFERROR('調查資料(OUT)'!$BM$1*'調查資料(OUT)'!BM13,0)+IFERROR('調查資料(OUT)'!$BR$1*'調查資料(OUT)'!BR13,0)+IFERROR('調查資料(OUT)'!$BW$1*'調查資料(OUT)'!BW13,0) -> 0 | AE7: =IFERROR('調查資料(OUT)'!$BN$1*'調查資料(OUT)'!BN13,0)+IFERROR('調查資料(OUT)'!$BS$1*'調查資料(OUT)'!BS13,0)+IFERROR('調查資料(OUT)'!$BX$1*'調查資料(OUT)'!BX13,0) -> 0 | AF7: =SUM(AG7:AK7) -> 0 | AG7: =IFERROR('調查資料(OUT)'!$BY$1*'調查資料(OUT)'!BY13,0)+IFERROR('調查資料(OUT)'!$CD$1*'調查資料(OUT)'!CD13,0)+IFERROR('調查資料(OUT)'!$CI$1*'調查資料(OUT)'!CI13,0) -> 0 | AH7: =IFERROR('調查資料(OUT)'!$BZ$1*'調查資料(OUT)'!BZ13,0)+IFERROR('調查資料(OUT)'!$CE$1*'調查資料(OUT)'!CE13,0)+IFERROR('調查資料(OUT)'!$CJ$1*'調查資料(OUT)'!CJ13,0) -> 0 | AI7: =IFERROR('調查資料(OUT)'!$CA$1*'調查資料(OUT)'!CA13,0)+IFERROR('調查資料(OUT)'!$CF$1*'調查資料(OUT)'!CF13,0)+IFERROR('調查資料(OUT)'!$CK$1*'調查資料(OUT)'!CK13,0) -> 0 | AJ7: =IFERROR('調查資料(OUT)'!$CB$1*'調查資料(OUT)'!CB13,0)+IFERROR('調查資料(OUT)'!$CG$1*'調查資料(OUT)'!CG13,0)+IFERROR('調查資料(OUT)'!$CL$1*'調查資料(OUT)'!CL13,0) -> 0 | AK7: =IFERROR('調查資料(OUT)'!$CC$1*'調查資料(OUT)'!CC13,0)+IFERROR('調查資料(OUT)'!$CH$1*'調查資料(OUT)'!CH13,0)+IFERROR('調查資料(OUT)'!$CM$1*'調查資料(OUT)'!CM13,0) -> 0 | AL7: =B7+H7+N7+T7+Z7+AF7 -> 0 | AN7: ='調查資料(OUT)'!A13 -> 30 | AO7: =AN7+100 -> 130 | AP7: =SUM(AL7:AL10) -> 0 | AR7: =IF($AP7=$AQ$5,MAX(AL7:AL10),0) -> 0 | AS7: =IF($AP7=AQ$5,SUM(B7:B10)/(4*(MAX(B7:B10))),0) -> #DIV/0! | AT7: =IF($AP7=AQ$5,SUM(H7:H10)/(4*(MAX(H7:H10))),0) -> #DIV/0! | AU7: =IF($AP7=AQ$5,SUM(N7:N10)/(4*(MAX(N7:N10))),0) -> #DIV/0! | AV7: =IF($AP7=AQ$5,SUM(T7:T10)/(4*(MAX(T7:T10))),0) -> #DIV/0! | AW7: =IF($AP7=AQ$5,SUM(Z7:Z10)/(4*(MAX(Z7:Z10))),0) -> #DIV/0! | AX7: =IF($AP7=AQ$5,SUM(AF7:AF10)/(4*(MAX(AF7:AF10))),0) -> #DIV/0! | AZ7: =IF(AP7=AQ$5,$AN7,"N") -> 30 | BA7: =IF(AP7=AQ$5,$AO7,"N") -> 130 | BB7: =IF($AZ7="N","N",SUM(C7:C10)) -> 0 | BC7: =IF($AZ7="N","N",SUM('調查資料(OUT)'!B13:B16)) -> 0 | BD7: =IF($AZ7="N","N",SUM('調查資料(OUT)'!G13:G16)) -> 0 | BE7: =IF($AZ7="N","N",SUM('調查資料(OUT)'!L13:L16)) -> 0 | BF7: =IF($AZ7="N","N",(BB7/$CG7)*100) -> #DIV/0! | BG7: =IF($AZ7="N","N",SUM(D7:D10)) -> 0 | BH7: =IF($AZ7="N","N",SUM('調查資料(OUT)'!C13:C16)) -> 0 | BI7: =IF($AZ7="N","N",SUM('調查資料(OUT)'!H13:H16)) -> 0 | BJ7: =IF($AZ7="N","N",SUM('調查資料(OUT)'!M13:M16)) -> 0 | BK7: =IF($AZ7="N","N",(BG7/$CG7)*100) -> #DIV/0! | BL7: =IF($AZ7="N","N",SUM(E7:E10)) -> 0 | BM7: =IF($AZ7="N","N",SUM('調查資料(OUT)'!D13:D16)) -> 0 | BN7: =IF($AZ7="N","N",SUM('調查資料(OUT)'!I13:I16)) -> 0 | BO7: =IF($AZ7="N","N",SUM('調查資料(OUT)'!N13:N16)) -> 0 | BP7: =IF($AZ7="N","N",(BL7/$CG7)*100) -> #DIV/0! | BQ7: =IF($AZ7="N","N",SUM(F7:F10)) -> 0 | BR7: =IF($AZ7="N","N",SUM('調查資料(OUT)'!E13:E16)) -> 0 | BS7: =IF($AZ7="N","N",SUM('調查資料(OUT)'!J13:J16)) -> 0 | BT7: =IF($AZ7="N","N",SUM('調查資料(OUT)'!O13:O16)) -> 0 | BU7: =IF($AZ7="N","N",(BQ7/$CG7)*100) -> #DIV/0! | BV7: =IF($AZ7="N","N",SUM(G7:G10)) -> 0 | BW7: =IF($AZ7="N","N",SUM('調查資料(OUT)'!F13:F16)) -> 0 | BX7: =IF($AZ7="N","N",SUM('調查資料(OUT)'!K13:K16)) -> 0 | BY7: =IF($AZ7="N","N",SUM('調查資料(OUT)'!P13:P16)) -> 0 | BZ7: =IF($AZ7="N","N",(BV7/$CG7)*100) -> #DIV/0! | CA7: =IF($AZ7="N","N",BC7+BH7+BM7+BR7+BW7) -> 0 | CB7: =IF($AZ7="N","N",(CA7/($CA7+$CC7+$CE7))*100) -> #DIV/0! | CC7: =IF($AZ7="N","N",BD7+BI7+BN7+BS7+BX7) -> 0 | CD7: =IF($AZ7="N","N",(CC7/($CA7+$CC7+$CE7))*100) -> #DIV/0! | CE7: =IF($AZ7="N","N",BE7+BJ7+BO7+BT7+BY7) -> 0 | CF7: =IF($AZ7="N","N",(CE7/($CA7+$CC7+$CE7))*100) -> #DIV/0! | CG7: =IF($AZ7="N","N",BB7+BG7+BL7+BQ7+BV7) -> 0 | CH7: =IF($AZ7="N","N",SUM(I7:I10)) -> 0 | CI7: =IF($AZ7="N","N",SUM('調查資料(OUT)'!Q13:Q16)) -> 0 | CJ7: =IF($AZ7="N","N",SUM('調查資料(OUT)'!V13:V16)) -> 0 | CK7: =IF($AZ7="N","N",SUM('調查資料(OUT)'!AA13:AA16)) -> 0 | CL7: =IF($AZ7="N","N",(CH7/DM7)*100) -> #DIV/0! | CM7: =IF($AZ7="N","N",SUM(J7:J10)) -> 0 | CN7: =IF($AZ7="N","N",SUM('調查資料(OUT)'!R13:R16)) -> 0 | CO7: =IF($AZ7="N","N",SUM('調查資料(OUT)'!W13:W16)) -> 0 | CP7: =IF($AZ7="N","N",SUM('調查資料(OUT)'!AB13:AB16)) -> 0 | CQ7: =IF($AZ7="N","N",(CM7/$DM7)*100) -> #DIV/0! | CR7: =IF($AZ7="N","N",SUM(K7:K10)) -> 0 | CS7: =IF($AZ7="N","N",SUM('調查資料(OUT)'!S13:S16)) -> 0 | CT7: =IF($AZ7="N","N",SUM('調查資料(OUT)'!X13:X16)) -> 0 | CU7: =IF($AZ7="N","N",SUM('調查資料(OUT)'!AC13:AC16)) -> 0 | CV7: =IF($AZ7="N","N",(CR7/$DM7)*100) -> #DIV/0! | CW7: =IF($AZ7="N","N",SUM(L7:L10)) -> 0 | CX7: =IF($AZ7="N","N",SUM('調查資料(OUT)'!T13:T16)) -> 0 | CY7: =IF($AZ7="N","N",SUM('調查資料(OUT)'!Y13:Y16)) -> 0 | CZ7: =IF($AZ7="N","N",SUM('調查資料(OUT)'!AD13:AD16)) -> 0 | DA7: =IF($AZ7="N","N",(CW7/$DM7)*100) -> #DIV/0! | DB7: =IF($AZ7="N","N",SUM(M7:M10)) -> 0 | DC7: =IF($AZ7="N","N",SUM('調查資料(OUT)'!U13:U16)) -> 0 | DD7: =IF($AZ7="N","N",SUM('調查資料(OUT)'!Z13:Z16)) -> 0 | DE7: =IF($AZ7="N","N",SUM('調查資料(OUT)'!AE13:AE16)) -> 0 | DF7: =IF($AZ7="N","N",(DB7/$DM7)*100) -> #DIV/0! | DG7: =IF($AZ7="N","N",CI7+CN7+CS7+CX7+DC7) -> 0 | DH7: =IF($AZ7="N","N",(DG7/($DG7+$DI7+$DK7))*100) -> #DIV/0! | DI7: =IF($AZ7="N","N",CJ7+CO7+CT7+CY7+DD7) -> 0 | DJ7: =IF($AZ7="N","N",(DI7/($DG7+$DI7+$DK7))*100) -> #DIV/0! | DK7: =IF($AZ7="N","N",CK7+CP7+CU7+CZ7+DE7) -> 0 | DL7: =IF($AZ7="N","N",(DK7/($DG7+$DI7+$DK7))*100) -> #DIV/0! | DM7: =IF($AZ7="N","N",CH7+CM7+CR7+CW7+DB7) -> 0 | DN7: =IF($AZ7="N","N",SUM(O7:O10)) -> 0 | DO7: =IF($AZ7="N","N",SUM('調查資料(OUT)'!AF13:AF16)) -> 0 | DP7: =IF($AZ7="N","N",SUM('調查資料(OUT)'!AK13:AK16)) -> 0 | DQ7: =IF($AZ7="N","N",SUM('調查資料(OUT)'!AP13:AP16)) -> 0 | DR7: =IF($AZ7="N","N",(DN7/ES7)*100) -> #DIV/0! | DS7: =IF($AZ7="N","N",SUM(P7:P10)) -> 0 | DT7: =IF($AZ7="N","N",SUM('調查資料(OUT)'!AG13:AG16)) -> 0 | DU7: =IF($AZ7="N","N",SUM('調查資料(OUT)'!AL13:AL16)) -> 0 | DV7: =IF($AZ7="N","N",SUM('調查資料(OUT)'!AQ13:AQ16)) -> 0 | DW7: =IF($AZ7="N","N",(DS7/$ES7)*100) -> #DIV/0! | DX7: =IF($AZ7="N","N",SUM(Q7:Q10)) -> 0 | DY7: =IF($AZ7="N","N",SUM('調查資料(OUT)'!AH13:AH16)) -> 0 | DZ7: =IF($AZ7="N","N",SUM('調查資料(OUT)'!AM13:AM16)) -> 0 | EA7: =IF($AZ7="N","N",SUM('調查資料(OUT)'!AR13:AR16)) -> 0 | EB7: =IF($AZ7="N","N",(DX7/$ES7)*100) -> #DIV/0! | EC7: =IF($AZ7="N","N",SUM(R7:R10)) -> 0 | ED7: =IF($AZ7="N","N",SUM('調查資料(OUT)'!AI13:AI16)) -> 0 | EE7: =IF($AZ7="N","N",SUM('調查資料(OUT)'!AN13:AN16)) -> 0 | EF7: =IF($AZ7="N","N",SUM('調查資料(OUT)'!AS13:AS16)) -> 0 | EG7: =IF($AZ7="N","N",(EC7/$ES7)*100) -> #DIV/0! | EH7: =IF($AZ7="N","N",SUM(S7:S10)) -> 0 | EI7: =IF($AZ7="N","N",SUM('調查資料(OUT)'!AJ13:AJ16)) -> 0 | EJ7: =IF($AZ7="N","N",SUM('調查資料(OUT)'!AO13:AO16)) -> 0 | EK7: =IF($AZ7="N","N",SUM('調查資料(OUT)'!AT13:AT16)) -> 0 | EL7: =IF($AZ7="N","N",(EH7/$ES7)*100) -> #DIV/0! | EM7: =IF($AZ7="N","N",DO7+DT7+DY7+ED7+EI7) -> 0 | EN7: =IF($AZ7="N","N",(EM7/($EM7+$EO7+$EQ7))*100) -> #DIV/0! | EO7: =IF($AZ7="N","N",DP7+DU7+DZ7+EE7+EJ7) -> 0 | EP7: =IF($AZ7="N","N",(EO7/($EM7+$EO7+$EQ7))*100) -> #DIV/0! | EQ7: =IF($AZ7="N","N",DQ7+DV7+EA7+EF7+EK7) -> 0 | ER7: =IF($AZ7="N","N",(EQ7/($EM7+$EO7+$EQ7))*100) -> #DIV/0! | ES7: =IF($AZ7="N","N",DN7+DS7+DX7+EC7+EH7) -> 0 | ET7: =IF($AZ7="N","N",SUM(U7:U10)) -> 0 | EU7: =IF($AZ7="N","N",SUM('調查資料(OUT)'!AU13:AU16)) -> 0 | EV7: =IF($AZ7="N","N",SUM('調查資料(OUT)'!AZ13:AZ16)) -> 0 | EW7: =IF($AZ7="N","N",SUM('調查資料(OUT)'!BE13:BE16)) -> 0 | EX7: =IF($AZ7="N","N",(ET7/FY7)*100) -> #DIV/0! | EY7: =IF($AZ7="N","N",SUM(V7:V10)) -> 0 | EZ7: =IF($AZ7="N","N",SUM('調查資料(OUT)'!AV13:AV16)) -> 0 | FA7: =IF($AZ7="N","N",SUM('調查資料(OUT)'!BA13:BA16)) -> 0 | FB7: =IF($AZ7="N","N",SUM('調查資料(OUT)'!BF13:BF16)) -> 0 | FC7: =IF($AZ7="N","N",(EY7/$FY7)*100) -> #DIV/0! | FD7: =IF($AZ7="N","N",SUM(W7:W10)) -> 0 | FE7: =IF($AZ7="N","N",SUM('調查資料(OUT)'!AW13:AW16)) -> 0 | FF7: =IF($AZ7="N","N",SUM('調查資料(OUT)'!BB13:BB16)) -> 0 | FG7: =IF($AZ7="N","N",SUM('調查資料(OUT)'!BG13:BG16)) -> 0 | FH7: =IF($AZ7="N","N",(FD7/$FY7)*100) -> #DIV/0! | FI7: =IF($AZ7="N","N",SUM(X7:X10)) -> 0 | FJ7: =IF($AZ7="N","N",SUM('調查資料(OUT)'!AX13:AX16)) -> 0 | FK7: =IF($AZ7="N","N",SUM('調查資料(OUT)'!BC13:BC16)) -> 0 | FL7: =IF($AZ7="N","N",SUM('調查資料(OUT)'!BH13:BH16)) -> 0 | FM7: =IF($AZ7="N","N",(FI7/$FY7)*100) -> #DIV/0! | FN7: =IF($AZ7="N","N",SUM(Y7:Y10)) -> 0 | FO7: =IF($AZ7="N","N",SUM('調查資料(OUT)'!AY13:AY16)) -> 0 | FP7: =IF($AZ7="N","N",SUM('調查資料(OUT)'!BD13:BD16)) -> 0 | FQ7: =IF($AZ7="N","N",SUM('調查資料(OUT)'!BI13:BI16)) -> 0 | FR7: =IF($AZ7="N","N",(FN7/$FY7)*100) -> #DIV/0! | FS7: =IF($AZ7="N","N",EU7+EZ7+FE7+FJ7+FO7) -> 0 | FT7: =IF($AZ7="N","N",(FS7/($FS7+$FU7+$FW7))*100) -> #DIV/0! | FU7: =IF($AZ7="N","N",EV7+FA7+FF7+FK7+FP7) -> 0 | FV7: =IF($AZ7="N","N",(FU7/($FS7+$FU7+$FW7))*100) -> #DIV/0! | FW7: =IF($AZ7="N","N",EW7+FB7+FG7+FL7+FQ7) -> 0 | FX7: =IF($AZ7="N","N",(FW7/($FS7+$FU7+$FW7))*100) -> #DIV/0! | FY7: =IF($AZ7="N","N",ET7+EY7+FD7+FI7+FN7) -> 0 | FZ7: =IF($AZ7="N","N",SUM(AA7:AA10)) -> 0 | GA7: =IF($AZ7="N","N",SUM('調查資料(OUT)'!BJ13:BJ16)) -> 0 | GB7: =IF($AZ7="N","N",SUM('調查資料(OUT)'!BO13:BO16)) -> 0 | GC7: =IF($AZ7="N","N",SUM('調查資料(OUT)'!BT13:BT16)) -> 0 | GD7: =IF($AZ7="N","N",(FZ7/HE7)*100) -> #DIV/0! | GE7: =IF($AZ7="N","N",SUM(AB7:AB10)) -> 0 | GF7: =IF($AZ7="N","N",SUM('調查資料(OUT)'!BK13:BK16)) -> 0 | GG7: =IF($AZ7="N","N",SUM('調查資料(OUT)'!BP13:BP16)) -> 0 | GH7: =IF($AZ7="N","N",SUM('調查資料(OUT)'!BU13:BU16)) -> 0 | GI7: =IF($AZ7="N","N",(GE7/$HE7)*100) -> #DIV/0! | GJ7: =IF($AZ7="N","N",SUM(AC7:AC10)) -> 0 | GK7: =IF($AZ7="N","N",SUM('調查資料(OUT)'!BL13:BL16)) -> 0 | GL7: =IF($AZ7="N","N",SUM('調查資料(OUT)'!BQ13:BQ16)) -> 0 | GM7: =IF($AZ7="N","N",SUM('調查資料(OUT)'!BV13:BV16)) -> 0 | GN7: =IF($AZ7="N","N",(GJ7/$HE7)*100) -> #DIV/0! | GO7: =IF($AZ7="N","N",SUM(AD7:AD10)) -> 0 | GP7: =IF($AZ7="N","N",SUM('調查資料(OUT)'!BM13:BM16)) -> 0 | GQ7: =IF($AZ7="N","N",SUM('調查資料(OUT)'!BR13:BR16)) -> 0 | GR7: =IF($AZ7="N","N",SUM('調查資料(OUT)'!BW13:BW16)) -> 0 | GS7: =IF($AZ7="N","N",(GO7/$HE7)*100) -> #DIV/0! | GT7: =IF($AZ7="N","N",SUM(AE7:AE10)) -> 0 | GU7: =IF($AZ7="N","N",SUM('調查資料(OUT)'!BN13:BN16)) -> 0 | GV7: =IF($AZ7="N","N",SUM('調查資料(OUT)'!BS13:BS16)) -> 0 | GW7: =IF($AZ7="N","N",SUM('調查資料(OUT)'!BX13:BX16)) -> 0 | GX7: =IF($AZ7="N","N",(GT7/$HE7)*100) -> #DIV/0! | GY7: =IF($AZ7="N","N",GA7+GF7+GK7+GP7+GU7) -> 0 | GZ7: =IF($AZ7="N","N",(GY7/($GY7+$HA7+$HC7))*100) -> #DIV/0! | HA7: =IF($AZ7="N","N",GB7+GG7+GL7+GQ7+GV7) -> 0 | HB7: =IF($AZ7="N","N",(HA7/($GY7+$HA7+$HC7))*100) -> #DIV/0! | HC7: =IF($AZ7="N","N",GC7+GH7+GM7+GR7+GW7) -> 0 | HD7: =IF($AZ7="N","N",(HC7/($GY7+$HA7+$HC7))*100) -> #DIV/0! | HE7: =IF($AZ7="N","N",FZ7+GE7+GJ7+GO7+GT7) -> 0 | HF7: =IF($AZ7="N","N",SUM(AG7:AG10)) -> 0 | HG7: =IF($AZ7="N","N",SUM('調查資料(OUT)'!BY13:BY16)) -> 0 | HH7: =IF($AZ7="N","N",SUM('調查資料(OUT)'!CD13:CD16)) -> 0 | HI7: =IF($AZ7="N","N",SUM('調查資料(OUT)'!CI13:CI16)) -> 0 | HJ7: =IF($AZ7="N","N",(HF7/$IK7)*100) -> #DIV/0! | HK7: =IF($AZ7="N","N",SUM(AH7:AH10)) -> 0 | HL7: =IF($AZ7="N","N",SUM('調查資料(OUT)'!BZ13:BZ16)) -> 0 | HM7: =IF($AZ7="N","N",SUM('調查資料(OUT)'!CE13:CE16)) -> 0 | HN7: =IF($AZ7="N","N",SUM('調查資料(OUT)'!CJ13:CJ16)) -> 0 | HO7: =IF($AZ7="N","N",(HK7/$IK7)*100) -> #DIV/0! | HP7: =IF($AZ7="N","N",SUM(AI7:AI10)) -> 0 | HQ7: =IF($AZ7="N","N",SUM('調查資料(OUT)'!CA13:CA16)) -> 0 | HR7: =IF($AZ7="N","N",SUM('調查資料(OUT)'!CF13:CF16)) -> 0 | HS7: =IF($AZ7="N","N",SUM('調查資料(OUT)'!CK13:CK16)) -> 0 | HT7: =IF($AZ7="N","N",(HP7/$IK7)*100) -> #DIV/0! | HU7: =IF($AZ7="N","N",SUM(AJ7:AJ10)) -> 0 | HV7: =IF($AZ7="N","N",SUM('調查資料(OUT)'!CB13:CB16)) -> 0 | HW7: =IF($AZ7="N","N",SUM('調查資料(OUT)'!CG13:CG16)) -> 0 | HX7: =IF($AZ7="N","N",SUM('調查資料(OUT)'!CL13:CL16)) -> 0 | HY7: =IF($AZ7="N","N",(HU7/$IK7)*100) -> #DIV/0! | HZ7: =IF($AZ7="N","N",SUM(AK7:AK10)) -> 0 | IA7: =IF($AZ7="N","N",SUM('調查資料(OUT)'!CC13:CC16)) -> 0 | IB7: =IF($AZ7="N","N",SUM('調查資料(OUT)'!CH13:CH16)) -> 0 | IC7: =IF($AZ7="N","N",SUM('調查資料(OUT)'!CM13:CM16)) -> 0 | ID7: =IF($AZ7="N","N",(HZ7/$IK7)*100) -> #DIV/0! | IE7: =IF($AZ7="N","N",HG7+HL7+HQ7+HV7+IA7) -> 0 | IF7: =IF($AZ7="N","N",(IE7/($IE7+$IG7+$II7))*100) -> #DIV/0! | IG7: =IF($AZ7="N","N",HH7+HM7+HR7+HW7+IB7) -> 0 | IH7: =IF($AZ7="N","N",(IG7/($IE7+$IG7+$II7))*100) -> #DIV/0! | II7: =IF($AZ7="N","N",HI7+HN7+HS7+HX7+IC7) -> 0 | IJ7: =IF($AZ7="N","N",(II7/($IE7+$IG7+$II7))*100) -> #DIV/0! | IK7: =IF($AZ7="N","N",HF7+HK7+HP7+HU7+HZ7) -> 0
A8: ='[4]調查資料(OUT)'!A14 -> 45 | B8: =SUM(C8:G8) -> 0 | C8: =IFERROR('調查資料(OUT)'!$B$1*'調查資料(OUT)'!B14,0)+IFERROR('調查資料(OUT)'!$G$1*'調查資料(OUT)'!G14,0)+IFERROR('調查資料(OUT)'!$L$1*'調查資料(OUT)'!L14,0) -> 0 | D8: =IFERROR('調查資料(OUT)'!$C$1*'調查資料(OUT)'!C14,0)+IFERROR('調查資料(OUT)'!$H$1*'調查資料(OUT)'!H14,0)+IFERROR('調查資料(OUT)'!$M$1*'調查資料(OUT)'!M14,0) -> 0 | E8: =IFERROR('調查資料(OUT)'!$D$1*'調查資料(OUT)'!D14,0)+IFERROR('調查資料(OUT)'!$I$1*'調查資料(OUT)'!I14,0)+IFERROR('調查資料(OUT)'!$N$1*'調查資料(OUT)'!N14,0) -> 0 | F8: =IFERROR('調查資料(OUT)'!$E$1*'調查資料(OUT)'!E14,0)+IFERROR('調查資料(OUT)'!$J$1*'調查資料(OUT)'!J14,0)+IFERROR('調查資料(OUT)'!$O$1*'調查資料(OUT)'!O14,0) -> 0 | G8: =IFERROR('調查資料(OUT)'!$F$1*'調查資料(OUT)'!F14,0)+IFERROR('調查資料(OUT)'!$K$1*'調查資料(OUT)'!K14,0)+IFERROR('調查資料(OUT)'!$P$1*'調查資料(OUT)'!P14,0) -> 0 | H8: =SUM(I8:M8) -> 0 | I8: =IFERROR('調查資料(OUT)'!$Q$1*'調查資料(OUT)'!Q14,0)+IFERROR('調查資料(OUT)'!$V$1*'調查資料(OUT)'!V14,0)+IFERROR('調查資料(OUT)'!$AA$1*'調查資料(OUT)'!AA14,0) -> 0 | J8: =IFERROR('調查資料(OUT)'!$R$1*'調查資料(OUT)'!R14,0)+IFERROR('調查資料(OUT)'!$W$1*'調查資料(OUT)'!W14,0)+IFERROR('調查資料(OUT)'!$AB$1*'調查資料(OUT)'!AB14,0) -> 0 | K8: =IFERROR('調查資料(OUT)'!$S$1*'調查資料(OUT)'!S14,0)+IFERROR('調查資料(OUT)'!$X$1*'調查資料(OUT)'!X14,0)+IFERROR('調查資料(OUT)'!$AC$1*'調查資料(OUT)'!AC14,0) -> 0 | L8: =IFERROR('調查資料(OUT)'!$T$1*'調查資料(OUT)'!T14,0)+IFERROR('調查資料(OUT)'!$Y$1*'調查資料(OUT)'!Y14,0)+IFERROR('調查資料(OUT)'!$AD$1*'調查資料(OUT)'!AD14,0) -> 0 | M8: =IFERROR('調查資料(OUT)'!$U$1*'調查資料(OUT)'!U14,0)+IFERROR('調查資料(OUT)'!$Z$1*'調查資料(OUT)'!Z14,0)+IFERROR('調查資料(OUT)'!$AE$1*'調查資料(OUT)'!AE14,0) -> 0 | N8: =SUM(O8:S8) -> 0 | O8: =IFERROR('調查資料(OUT)'!$AF$1*'調查資料(OUT)'!AF14,0)+IFERROR('調查資料(OUT)'!$AK$1*'調查資料(OUT)'!AK14,0)+IFERROR('調查資料(OUT)'!$AP$1*'調查資料(OUT)'!AP14,0) -> 0 | P8: =IFERROR('調查資料(OUT)'!$AG$1*'調查資料(OUT)'!AG14,0)+IFERROR('調查資料(OUT)'!$AL$1*'調查資料(OUT)'!AL14,0)+IFERROR('調查資料(OUT)'!$AQ$1*'調查資料(OUT)'!AQ14,0) -> 0 | Q8: =IFERROR('調查資料(OUT)'!$AH$1*'調查資料(OUT)'!AH14,0)+IFERROR('調查資料(OUT)'!$AM$1*'調查資料(OUT)'!AM14,0)+IFERROR('調查資料(OUT)'!$AR$1*'調查資料(OUT)'!AR14,0) -> 0 | R8: =IFERROR('調查資料(OUT)'!$AI$1*'調查資料(OUT)'!AI14,0)+IFERROR('調查資料(OUT)'!$AN$1*'調查資料(OUT)'!AN14,0)+IFERROR('調查資料(OUT)'!$AS$1*'調查資料(OUT)'!AS14,0) -> 0 | S8: =IFERROR('調查資料(OUT)'!$AJ$1*'調查資料(OUT)'!AJ14,0)+IFERROR('調查資料(OUT)'!$AO$1*'調查資料(OUT)'!AO14,0)+IFERROR('調查資料(OUT)'!$AT$1*'調查資料(OUT)'!AT14,0) -> 0 | T8: =SUM(U8:Y8) -> 0 | U8: =IFERROR('調查資料(OUT)'!$AU$1*'調查資料(OUT)'!AU14,0)+IFERROR('調查資料(OUT)'!$AZ$1*'調查資料(OUT)'!AZ14,0)+IFERROR('調查資料(OUT)'!$BE$1*'調查資料(OUT)'!BE14,0) -> 0 | V8: =IFERROR('調查資料(OUT)'!$AV$1*'調查資料(OUT)'!AV14,0)+IFERROR('調查資料(OUT)'!$BA$1*'調查資料(OUT)'!BA14,0)+IFERROR('調查資料(OUT)'!$BF$1*'調查資料(OUT)'!BF14,0) -> 0 | W8: =IFERROR('調查資料(OUT)'!$AW$1*'調查資料(OUT)'!AW14,0)+IFERROR('調查資料(OUT)'!$BB$1*'調查資料(OUT)'!BB14,0)+IFERROR('調查資料(OUT)'!$BG$1*'調查資料(OUT)'!BG14,0) -> 0 | X8: =IFERROR('調查資料(OUT)'!$AX$1*'調查資料(OUT)'!AX14,0)+IFERROR('調查資料(OUT)'!$BC$1*'調查資料(OUT)'!BC14,0)+IFERROR('調查資料(OUT)'!$BH$1*'調查資料(OUT)'!BH14,0) -> 0 | Y8: =IFERROR('調查資料(OUT)'!$AY$1*'調查資料(OUT)'!AY14,0)+IFERROR('調查資料(OUT)'!$BD$1*'調查資料(OUT)'!BD14,0)+IFERROR('調查資料(OUT)'!$BI$1*'調查資料(OUT)'!BI14,0) -> 0 | Z8: =SUM(AA8:AE8) -> 0 | AA8: =IFERROR('調查資料(OUT)'!$BJ$1*'調查資料(OUT)'!BJ14,0)+IFERROR('調查資料(OUT)'!$BO$1*'調查資料(OUT)'!BO14,0)+IFERROR('調查資料(OUT)'!$BT$1*'調查資料(OUT)'!BT14,0) -> 0 | AB8: =IFERROR('調查資料(OUT)'!$BK$1*'調查資料(OUT)'!BK14,0)+IFERROR('調查資料(OUT)'!$BP$1*'調查資料(OUT)'!BP14,0)+IFERROR('調查資料(OUT)'!$BU$1*'調查資料(OUT)'!BU14,0) -> 0 | AC8: =IFERROR('調查資料(OUT)'!$BL$1*'調查資料(OUT)'!BL14,0)+IFERROR('調查資料(OUT)'!$BQ$1*'調查資料(OUT)'!BQ14,0)+IFERROR('調查資料(OUT)'!$BV$1*'調查資料(OUT)'!BV14,0) -> 0 | AD8: =IFERROR('調查資料(OUT)'!$BM$1*'調查資料(OUT)'!BM14,0)+IFERROR('調查資料(OUT)'!$BR$1*'調查資料(OUT)'!BR14,0)+IFERROR('調查資料(OUT)'!$BW$1*'調查資料(OUT)'!BW14,0) -> 0 | AE8: =IFERROR('調查資料(OUT)'!$BN$1*'調查資料(OUT)'!BN14,0)+IFERROR('調查資料(OUT)'!$BS$1*'調查資料(OUT)'!BS14,0)+IFERROR('調查資料(OUT)'!$BX$1*'調查資料(OUT)'!BX14,0) -> 0 | AF8: =SUM(AG8:AK8) -> 0 | AG8: =IFERROR('調查資料(OUT)'!$BY$1*'調查資料(OUT)'!BY14,0)+IFERROR('調查資料(OUT)'!$CD$1*'調查資料(OUT)'!CD14,0)+IFERROR('調查資料(OUT)'!$CI$1*'調查資料(OUT)'!CI14,0) -> 0 | AH8: =IFERROR('調查資料(OUT)'!$BZ$1*'調查資料(OUT)'!BZ14,0)+IFERROR('調查資料(OUT)'!$CE$1*'調查資料(OUT)'!CE14,0)+IFERROR('調查資料(OUT)'!$CJ$1*'調查資料(OUT)'!CJ14,0) -> 0 | AI8: =IFERROR('調查資料(OUT)'!$CA$1*'調查資料(OUT)'!CA14,0)+IFERROR('調查資料(OUT)'!$CF$1*'調查資料(OUT)'!CF14,0)+IFERROR('調查資料(OUT)'!$CK$1*'調查資料(OUT)'!CK14,0) -> 0 | AJ8: =IFERROR('調查資料(OUT)'!$CB$1*'調查資料(OUT)'!CB14,0)+IFERROR('調查資料(OUT)'!$CG$1*'調查資料(OUT)'!CG14,0)+IFERROR('調查資料(OUT)'!$CL$1*'調查資料(OUT)'!CL14,0) -> 0 | AK8: =IFERROR('調查資料(OUT)'!$CC$1*'調查資料(OUT)'!CC14,0)+IFERROR('調查資料(OUT)'!$CH$1*'調查資料(OUT)'!CH14,0)+IFERROR('調查資料(OUT)'!$CM$1*'調查資料(OUT)'!CM14,0) -> 0 | AL8: =B8+H8+N8+T8+Z8+AF8 -> 0 | AN8: ='調查資料(OUT)'!A14 -> 45 | AO8: =AN8+100 -> 145 | AP8: =SUM(AL8:AL11) -> 0 | AR8: =IF($AP8=$AQ$5,MAX(AL8:AL11),0) -> 0 | AS8: =IF($AP8=AQ$5,SUM(B8:B11)/(4*(MAX(B8:B11))),0) -> #DIV/0! | AT8: =IF($AP8=AQ$5,SUM(H8:H11)/(4*(MAX(H8:H11))),0) -> #DIV/0! | AU8: =IF($AP8=AQ$5,SUM(N8:N11)/(4*(MAX(N8:N11))),0) -> #DIV/0! | AV8: =IF($AP8=AQ$5,SUM(T8:T11)/(4*(MAX(T8:T11))),0) -> #DIV/0! | AW8: =IF($AP8=AQ$5,SUM(Z8:Z11)/(4*(MAX(Z8:Z11))),0) -> #DIV/0! | AX8: =IF($AP8=AQ$5,SUM(AF8:AF11)/(4*(MAX(AF8:AF11))),0) -> #DIV/0! | AZ8: =IF(AP8=AQ$5,$AN8,"N") -> 45 | BA8: =IF(AP8=AQ$5,$AO8,"N") -> 145 | BB8: =IF($AZ8="N","N",SUM(C8:C11)) -> 0 | BC8: =IF($AZ8="N","N",SUM('調查資料(OUT)'!B14:B17)) -> 0 | BD8: =IF($AZ8="N","N",SUM('調查資料(OUT)'!G14:G17)) -> 0 | BE8: =IF($AZ8="N","N",SUM('調查資料(OUT)'!L14:L17)) -> 0 | BF8: =IF($AZ8="N","N",(BB8/$CG8)*100) -> #DIV/0! | BG8: =IF($AZ8="N","N",SUM(D8:D11)) -> 0 | BH8: =IF($AZ8="N","N",SUM('調查資料(OUT)'!C14:C17)) -> 0 | BI8: =IF($AZ8="N","N",SUM('調查資料(OUT)'!H14:H17)) -> 0 | BJ8: =IF($AZ8="N","N",SUM('調查資料(OUT)'!M14:M17)) -> 0 | BK8: =IF($AZ8="N","N",(BG8/$CG8)*100) -> #DIV/0! | BL8: =IF($AZ8="N","N",SUM(E8:E11)) -> 0 | BM8: =IF($AZ8="N","N",SUM('調查資料(OUT)'!D14:D17)) -> 0 | BN8: =IF($AZ8="N","N",SUM('調查資料(OUT)'!I14:I17)) -> 0 | BO8: =IF($AZ8="N","N",SUM('調查資料(OUT)'!N14:N17)) -> 0 | BP8: =IF($AZ8="N","N",(BL8/$CG8)*100) -> #DIV/0! | BQ8: =IF($AZ8="N","N",SUM(F8:F11)) -> 0 | BR8: =IF($AZ8="N","N",SUM('調查資料(OUT)'!E14:E17)) -> 0 | BS8: =IF($AZ8="N","N",SUM('調查資料(OUT)'!J14:J17)) -> 0 | BT8: =IF($AZ8="N","N",SUM('調查資料(OUT)'!O14:O17)) -> 0 | BU8: =IF($AZ8="N","N",(BQ8/$CG8)*100) -> #DIV/0! | BV8: =IF($AZ8="N","N",SUM(G8:G11)) -> 0 | BW8: =IF($AZ8="N","N",SUM('調查資料(OUT)'!F14:F17)) -> 0 | BX8: =IF($AZ8="N","N",SUM('調查資料(OUT)'!K14:K17)) -> 0 | BY8: =IF($AZ8="N","N",SUM('調查資料(OUT)'!P14:P17)) -> 0 | BZ8: =IF($AZ8="N","N",(BV8/$CG8)*100) -> #DIV/0! | CA8: =IF($AZ8="N","N",BC8+BH8+BM8+BR8+BW8) -> 0 | CB8: =IF($AZ8="N","N",(CA8/($CA8+$CC8+$CE8))*100) -> #DIV/0! | CC8: =IF($AZ8="N","N",BD8+BI8+BN8+BS8+BX8) -> 0 | CD8: =IF($AZ8="N","N",(CC8/($CA8+$CC8+$CE8))*100) -> #DIV/0! | CE8: =IF($AZ8="N","N",BE8+BJ8+BO8+BT8+BY8) -> 0 | CF8: =IF($AZ8="N","N",(CE8/($CA8+$CC8+$CE8))*100) -> #DIV/0! | CG8: =IF($AZ8="N","N",BB8+BG8+BL8+BQ8+BV8) -> 0 | CH8: =IF($AZ8="N","N",SUM(I8:I11)) -> 0 | CI8: =IF($AZ8="N","N",SUM('調查資料(OUT)'!Q14:Q17)) -> 0 | CJ8: =IF($AZ8="N","N",SUM('調查資料(OUT)'!V14:V17)) -> 0 | CK8: =IF($AZ8="N","N",SUM('調查資料(OUT)'!AA14:AA17)) -> 0 | CL8: =IF($AZ8="N","N",(CH8/DM8)*100) -> #DIV/0! | CM8: =IF($AZ8="N","N",SUM(J8:J11)) -> 0 | CN8: =IF($AZ8="N","N",SUM('調查資料(OUT)'!R14:R17)) -> 0 | CO8: =IF($AZ8="N","N",SUM('調查資料(OUT)'!W14:W17)) -> 0 | CP8: =IF($AZ8="N","N",SUM('調查資料(OUT)'!AB14:AB17)) -> 0 | CQ8: =IF($AZ8="N","N",(CM8/$DM8)*100) -> #DIV/0! | CR8: =IF($AZ8="N","N",SUM(K8:K11)) -> 0 | CS8: =IF($AZ8="N","N",SUM('調查資料(OUT)'!S14:S17)) -> 0 | CT8: =IF($AZ8="N","N",SUM('調查資料(OUT)'!X14:X17)) -> 0 | CU8: =IF($AZ8="N","N",SUM('調查資料(OUT)'!AC14:AC17)) -> 0 | CV8: =IF($AZ8="N","N",(CR8/$DM8)*100) -> #DIV/0! | CW8: =IF($AZ8="N","N",SUM(L8:L11)) -> 0 | CX8: =IF($AZ8="N","N",SUM('調查資料(OUT)'!T14:T17)) -> 0 | CY8: =IF($AZ8="N","N",SUM('調查資料(OUT)'!Y14:Y17)) -> 0 | CZ8: =IF($AZ8="N","N",SUM('調查資料(OUT)'!AD14:AD17)) -> 0 | DA8: =IF($AZ8="N","N",(CW8/$DM8)*100) -> #DIV/0! | DB8: =IF($AZ8="N","N",SUM(M8:M11)) -> 0 | DC8: =IF($AZ8="N","N",SUM('調查資料(OUT)'!U14:U17)) -> 0 | DD8: =IF($AZ8="N","N",SUM('調查資料(OUT)'!Z14:Z17)) -> 0 | DE8: =IF($AZ8="N","N",SUM('調查資料(OUT)'!AE14:AE17)) -> 0 | DF8: =IF($AZ8="N","N",(DB8/$DM8)*100) -> #DIV/0! | DG8: =IF($AZ8="N","N",CI8+CN8+CS8+CX8+DC8) -> 0 | DH8: =IF($AZ8="N","N",(DG8/($DG8+$DI8+$DK8))*100) -> #DIV/0! | DI8: =IF($AZ8="N","N",CJ8+CO8+CT8+CY8+DD8) -> 0 | DJ8: =IF($AZ8="N","N",(DI8/($DG8+$DI8+$DK8))*100) -> #DIV/0! | DK8: =IF($AZ8="N","N",CK8+CP8+CU8+CZ8+DE8) -> 0 | DL8: =IF($AZ8="N","N",(DK8/($DG8+$DI8+$DK8))*100) -> #DIV/0! | DM8: =IF($AZ8="N","N",CH8+CM8+CR8+CW8+DB8) -> 0 | DN8: =IF($AZ8="N","N",SUM(O8:O11)) -> 0 | DO8: =IF($AZ8="N","N",SUM('調查資料(OUT)'!AF14:AF17)) -> 0 | DP8: =IF($AZ8="N","N",SUM('調查資料(OUT)'!AK14:AK17)) -> 0 | DQ8: =IF($AZ8="N","N",SUM('調查資料(OUT)'!AP14:AP17)) -> 0 | DR8: =IF($AZ8="N","N",(DN8/ES8)*100) -> #DIV/0! | DS8: =IF($AZ8="N","N",SUM(P8:P11)) -> 0 | DT8: =IF($AZ8="N","N",SUM('調查資料(OUT)'!AG14:AG17)) -> 0 | DU8: =IF($AZ8="N","N",SUM('調查資料(OUT)'!AL14:AL17)) -> 0 | DV8: =IF($AZ8="N","N",SUM('調查資料(OUT)'!AQ14:AQ17)) -> 0 | DW8: =IF($AZ8="N","N",(DS8/$ES8)*100) -> #DIV/0! | DX8: =IF($AZ8="N","N",SUM(Q8:Q11)) -> 0 | DY8: =IF($AZ8="N","N",SUM('調查資料(OUT)'!AH14:AH17)) -> 0 | DZ8: =IF($AZ8="N","N",SUM('調查資料(OUT)'!AM14:AM17)) -> 0 | EA8: =IF($AZ8="N","N",SUM('調查資料(OUT)'!AR14:AR17)) -> 0 | EB8: =IF($AZ8="N","N",(DX8/$ES8)*100) -> #DIV/0! | EC8: =IF($AZ8="N","N",SUM(R8:R11)) -> 0 | ED8: =IF($AZ8="N","N",SUM('調查資料(OUT)'!AI14:AI17)) -> 0 | EE8: =IF($AZ8="N","N",SUM('調查資料(OUT)'!AN14:AN17)) -> 0 | EF8: =IF($AZ8="N","N",SUM('調查資料(OUT)'!AS14:AS17)) -> 0 | EG8: =IF($AZ8="N","N",(EC8/$ES8)*100) -> #DIV/0! | EH8: =IF($AZ8="N","N",SUM(S8:S11)) -> 0 | EI8: =IF($AZ8="N","N",SUM('調查資料(OUT)'!AJ14:AJ17)) -> 0 | EJ8: =IF($AZ8="N","N",SUM('調查資料(OUT)'!AO14:AO17)) -> 0 | EK8: =IF($AZ8="N","N",SUM('調查資料(OUT)'!AT14:AT17)) -> 0 | EL8: =IF($AZ8="N","N",(EH8/$ES8)*100) -> #DIV/0! | EM8: =IF($AZ8="N","N",DO8+DT8+DY8+ED8+EI8) -> 0 | EN8: =IF($AZ8="N","N",(EM8/($EM8+$EO8+$EQ8))*100) -> #DIV/0! | EO8: =IF($AZ8="N","N",DP8+DU8+DZ8+EE8+EJ8) -> 0 | EP8: =IF($AZ8="N","N",(EO8/($EM8+$EO8+$EQ8))*100) -> #DIV/0! | EQ8: =IF($AZ8="N","N",DQ8+DV8+EA8+EF8+EK8) -> 0 | ER8: =IF($AZ8="N","N",(EQ8/($EM8+$EO8+$EQ8))*100) -> #DIV/0! | ES8: =IF($AZ8="N","N",DN8+DS8+DX8+EC8+EH8) -> 0 | ET8: =IF($AZ8="N","N",SUM(U8:U11)) -> 0 | EU8: =IF($AZ8="N","N",SUM('調查資料(OUT)'!AU14:AU17)) -> 0 | EV8: =IF($AZ8="N","N",SUM('調查資料(OUT)'!AZ14:AZ17)) -> 0 | EW8: =IF($AZ8="N","N",SUM('調查資料(OUT)'!BE14:BE17)) -> 0 | EX8: =IF($AZ8="N","N",(ET8/FY8)*100) -> #DIV/0! | EY8: =IF($AZ8="N","N",SUM(V8:V11)) -> 0 | EZ8: =IF($AZ8="N","N",SUM('調查資料(OUT)'!AV14:AV17)) -> 0 | FA8: =IF($AZ8="N","N",SUM('調查資料(OUT)'!BA14:BA17)) -> 0 | FB8: =IF($AZ8="N","N",SUM('調查資料(OUT)'!BF14:BF17)) -> 0 | FC8: =IF($AZ8="N","N",(EY8/$FY8)*100) -> #DIV/0! | FD8: =IF($AZ8="N","N",SUM(W8:W11)) -> 0 | FE8: =IF($AZ8="N","N",SUM('調查資料(OUT)'!AW14:AW17)) -> 0 | FF8: =IF($AZ8="N","N",SUM('調查資料(OUT)'!BB14:BB17)) -> 0 | FG8: =IF($AZ8="N","N",SUM('調查資料(OUT)'!BG14:BG17)) -> 0 | FH8: =IF($AZ8="N","N",(FD8/$FY8)*100) -> #DIV/0! | FI8: =IF($AZ8="N","N",SUM(X8:X11)) -> 0 | FJ8: =IF($AZ8="N","N",SUM('調查資料(OUT)'!AX14:AX17)) -> 0 | FK8: =IF($AZ8="N","N",SUM('調查資料(OUT)'!BC14:BC17)) -> 0 | FL8: =IF($AZ8="N","N",SUM('調查資料(OUT)'!BH14:BH17)) -> 0 | FM8: =IF($AZ8="N","N",(FI8/$FY8)*100) -> #DIV/0! | FN8: =IF($AZ8="N","N",SUM(Y8:Y11)) -> 0 | FO8: =IF($AZ8="N","N",SUM('調查資料(OUT)'!AY14:AY17)) -> 0 | FP8: =IF($AZ8="N","N",SUM('調查資料(OUT)'!BD14:BD17)) -> 0 | FQ8: =IF($AZ8="N","N",SUM('調查資料(OUT)'!BI14:BI17)) -> 0 | FR8: =IF($AZ8="N","N",(FN8/$FY8)*100) -> #DIV/0! | FS8: =IF($AZ8="N","N",EU8+EZ8+FE8+FJ8+FO8) -> 0 | FT8: =IF($AZ8="N","N",(FS8/($FS8+$FU8+$FW8))*100) -> #DIV/0! | FU8: =IF($AZ8="N","N",EV8+FA8+FF8+FK8+FP8) -> 0 | FV8: =IF($AZ8="N","N",(FU8/($FS8+$FU8+$FW8))*100) -> #DIV/0! | FW8: =IF($AZ8="N","N",EW8+FB8+FG8+FL8+FQ8) -> 0 | FX8: =IF($AZ8="N","N",(FW8/($FS8+$FU8+$FW8))*100) -> #DIV/0! | FY8: =IF($AZ8="N","N",ET8+EY8+FD8+FI8+FN8) -> 0 | FZ8: =IF($AZ8="N","N",SUM(AA8:AA11)) -> 0 | GA8: =IF($AZ8="N","N",SUM('調查資料(OUT)'!BJ14:BJ17)) -> 0 | GB8: =IF($AZ8="N","N",SUM('調查資料(OUT)'!BO14:BO17)) -> 0 | GC8: =IF($AZ8="N","N",SUM('調查資料(OUT)'!BT14:BT17)) -> 0 | GD8: =IF($AZ8="N","N",(FZ8/HE8)*100) -> #DIV/0! | GE8: =IF($AZ8="N","N",SUM(AB8:AB11)) -> 0 | GF8: =IF($AZ8="N","N",SUM('調查資料(OUT)'!BK14:BK17)) -> 0 | GG8: =IF($AZ8="N","N",SUM('調查資料(OUT)'!BP14:BP17)) -> 0 | GH8: =IF($AZ8="N","N",SUM('調查資料(OUT)'!BU14:BU17)) -> 0 | GI8: =IF($AZ8="N","N",(GE8/$HE8)*100) -> #DIV/0! | GJ8: =IF($AZ8="N","N",SUM(AC8:AC11)) -> 0 | GK8: =IF($AZ8="N","N",SUM('調查資料(OUT)'!BL14:BL17)) -> 0 | GL8: =IF($AZ8="N","N",SUM('調查資料(OUT)'!BQ14:BQ17)) -> 0 | GM8: =IF($AZ8="N","N",SUM('調查資料(OUT)'!BV14:BV17)) -> 0 | GN8: =IF($AZ8="N","N",(GJ8/$HE8)*100) -> #DIV/0! | GO8: =IF($AZ8="N","N",SUM(AD8:AD11)) -> 0 | GP8: =IF($AZ8="N","N",SUM('調查資料(OUT)'!BM14:BM17)) -> 0 | GQ8: =IF($AZ8="N","N",SUM('調查資料(OUT)'!BR14:BR17)) -> 0 | GR8: =IF($AZ8="N","N",SUM('調查資料(OUT)'!BW14:BW17)) -> 0 | GS8: =IF($AZ8="N","N",(GO8/$HE8)*100) -> #DIV/0! | GT8: =IF($AZ8="N","N",SUM(AE8:AE11)) -> 0 | GU8: =IF($AZ8="N","N",SUM('調查資料(OUT)'!BN14:BN17)) -> 0 | GV8: =IF($AZ8="N","N",SUM('調查資料(OUT)'!BS14:BS17)) -> 0 | GW8: =IF($AZ8="N","N",SUM('調查資料(OUT)'!BX14:BX17)) -> 0 | GX8: =IF($AZ8="N","N",(GT8/$HE8)*100) -> #DIV/0! | GY8: =IF($AZ8="N","N",GA8+GF8+GK8+GP8+GU8) -> 0 | GZ8: =IF($AZ8="N","N",(GY8/($GY8+$HA8+$HC8))*100) -> #DIV/0! | HA8: =IF($AZ8="N","N",GB8+GG8+GL8+GQ8+GV8) -> 0 | HB8: =IF($AZ8="N","N",(HA8/($GY8+$HA8+$HC8))*100) -> #DIV/0! | HC8: =IF($AZ8="N","N",GC8+GH8+GM8+GR8+GW8) -> 0 | HD8: =IF($AZ8="N","N",(HC8/($GY8+$HA8+$HC8))*100) -> #DIV/0! | HE8: =IF($AZ8="N","N",FZ8+GE8+GJ8+GO8+GT8) -> 0 | HF8: =IF($AZ8="N","N",SUM(AG8:AG11)) -> 0 | HG8: =IF($AZ8="N","N",SUM('調查資料(OUT)'!BY14:BY17)) -> 0 | HH8: =IF($AZ8="N","N",SUM('調查資料(OUT)'!CD14:CD17)) -> 0 | HI8: =IF($AZ8="N","N",SUM('調查資料(OUT)'!CI14:CI17)) -> 0 | HJ8: =IF($AZ8="N","N",(HF8/$IK8)*100) -> #DIV/0! | HK8: =IF($AZ8="N","N",SUM(AH8:AH11)) -> 0 | HL8: =IF($AZ8="N","N",SUM('調查資料(OUT)'!BZ14:BZ17)) -> 0 | HM8: =IF($AZ8="N","N",SUM('調查資料(OUT)'!CE14:CE17)) -> 0 | HN8: =IF($AZ8="N","N",SUM('調查資料(OUT)'!CJ14:CJ17)) -> 0 | HO8: =IF($AZ8="N","N",(HK8/$IK8)*100) -> #DIV/0! | HP8: =IF($AZ8="N","N",SUM(AI8:AI11)) -> 0 | HQ8: =IF($AZ8="N","N",SUM('調查資料(OUT)'!CA14:CA17)) -> 0 | HR8: =IF($AZ8="N","N",SUM('調查資料(OUT)'!CF14:CF17)) -> 0 | HS8: =IF($AZ8="N","N",SUM('調查資料(OUT)'!CK14:CK17)) -> 0 | HT8: =IF($AZ8="N","N",(HP8/$IK8)*100) -> #DIV/0! | HU8: =IF($AZ8="N","N",SUM(AJ8:AJ11)) -> 0 | HV8: =IF($AZ8="N","N",SUM('調查資料(OUT)'!CB14:CB17)) -> 0 | HW8: =IF($AZ8="N","N",SUM('調查資料(OUT)'!CG14:CG17)) -> 0 | HX8: =IF($AZ8="N","N",SUM('調查資料(OUT)'!CL14:CL17)) -> 0 | HY8: =IF($AZ8="N","N",(HU8/$IK8)*100) -> #DIV/0! | HZ8: =IF($AZ8="N","N",SUM(AK8:AK11)) -> 0 | IA8: =IF($AZ8="N","N",SUM('調查資料(OUT)'!CC14:CC17)) -> 0 | IB8: =IF($AZ8="N","N",SUM('調查資料(OUT)'!CH14:CH17)) -> 0 | IC8: =IF($AZ8="N","N",SUM('調查資料(OUT)'!CM14:CM17)) -> 0 | ID8: =IF($AZ8="N","N",(HZ8/$IK8)*100) -> #DIV/0! | IE8: =IF($AZ8="N","N",HG8+HL8+HQ8+HV8+IA8) -> 0 | IF8: =IF($AZ8="N","N",(IE8/($IE8+$IG8+$II8))*100) -> #DIV/0! | IG8: =IF($AZ8="N","N",HH8+HM8+HR8+HW8+IB8) -> 0 | IH8: =IF($AZ8="N","N",(IG8/($IE8+$IG8+$II8))*100) -> #DIV/0! | II8: =IF($AZ8="N","N",HI8+HN8+HS8+HX8+IC8) -> 0 | IJ8: =IF($AZ8="N","N",(II8/($IE8+$IG8+$II8))*100) -> #DIV/0! | IK8: =IF($AZ8="N","N",HF8+HK8+HP8+HU8+HZ8) -> 0
A9: ='[4]調查資料(OUT)'!A15 -> 100 | B9: =SUM(C9:G9) -> 0 | C9: =IFERROR('調查資料(OUT)'!$B$1*'調查資料(OUT)'!B15,0)+IFERROR('調查資料(OUT)'!$G$1*'調查資料(OUT)'!G15,0)+IFERROR('調查資料(OUT)'!$L$1*'調查資料(OUT)'!L15,0) -> 0 | D9: =IFERROR('調查資料(OUT)'!$C$1*'調查資料(OUT)'!C15,0)+IFERROR('調查資料(OUT)'!$H$1*'調查資料(OUT)'!H15,0)+IFERROR('調查資料(OUT)'!$M$1*'調查資料(OUT)'!M15,0) -> 0 | E9: =IFERROR('調查資料(OUT)'!$D$1*'調查資料(OUT)'!D15,0)+IFERROR('調查資料(OUT)'!$I$1*'調查資料(OUT)'!I15,0)+IFERROR('調查資料(OUT)'!$N$1*'調查資料(OUT)'!N15,0) -> 0 | F9: =IFERROR('調查資料(OUT)'!$E$1*'調查資料(OUT)'!E15,0)+IFERROR('調查資料(OUT)'!$J$1*'調查資料(OUT)'!J15,0)+IFERROR('調查資料(OUT)'!$O$1*'調查資料(OUT)'!O15,0) -> 0 | G9: =IFERROR('調查資料(OUT)'!$F$1*'調查資料(OUT)'!F15,0)+IFERROR('調查資料(OUT)'!$K$1*'調查資料(OUT)'!K15,0)+IFERROR('調查資料(OUT)'!$P$1*'調查資料(OUT)'!P15,0) -> 0 | H9: =SUM(I9:M9) -> 0 | I9: =IFERROR('調查資料(OUT)'!$Q$1*'調查資料(OUT)'!Q15,0)+IFERROR('調查資料(OUT)'!$V$1*'調查資料(OUT)'!V15,0)+IFERROR('調查資料(OUT)'!$AA$1*'調查資料(OUT)'!AA15,0) -> 0 | J9: =IFERROR('調查資料(OUT)'!$R$1*'調查資料(OUT)'!R15,0)+IFERROR('調查資料(OUT)'!$W$1*'調查資料(OUT)'!W15,0)+IFERROR('調查資料(OUT)'!$AB$1*'調查資料(OUT)'!AB15,0) -> 0 | K9: =IFERROR('調查資料(OUT)'!$S$1*'調查資料(OUT)'!S15,0)+IFERROR('調查資料(OUT)'!$X$1*'調查資料(OUT)'!X15,0)+IFERROR('調查資料(OUT)'!$AC$1*'調查資料(OUT)'!AC15,0) -> 0 | L9: =IFERROR('調查資料(OUT)'!$T$1*'調查資料(OUT)'!T15,0)+IFERROR('調查資料(OUT)'!$Y$1*'調查資料(OUT)'!Y15,0)+IFERROR('調查資料(OUT)'!$AD$1*'調查資料(OUT)'!AD15,0) -> 0 | M9: =IFERROR('調查資料(OUT)'!$U$1*'調查資料(OUT)'!U15,0)+IFERROR('調查資料(OUT)'!$Z$1*'調查資料(OUT)'!Z15,0)+IFERROR('調查資料(OUT)'!$AE$1*'調查資料(OUT)'!AE15,0) -> 0 | N9: =SUM(O9:S9) -> 0 | O9: =IFERROR('調查資料(OUT)'!$AF$1*'調查資料(OUT)'!AF15,0)+IFERROR('調查資料(OUT)'!$AK$1*'調查資料(OUT)'!AK15,0)+IFERROR('調查資料(OUT)'!$AP$1*'調查資料(OUT)'!AP15,0) -> 0 | P9: =IFERROR('調查資料(OUT)'!$AG$1*'調查資料(OUT)'!AG15,0)+IFERROR('調查資料(OUT)'!$AL$1*'調查資料(OUT)'!AL15,0)+IFERROR('調查資料(OUT)'!$AQ$1*'調查資料(OUT)'!AQ15,0) -> 0 | Q9: =IFERROR('調查資料(OUT)'!$AH$1*'調查資料(OUT)'!AH15,0)+IFERROR('調查資料(OUT)'!$AM$1*'調查資料(OUT)'!AM15,0)+IFERROR('調查資料(OUT)'!$AR$1*'調查資料(OUT)'!AR15,0) -> 0 | R9: =IFERROR('調查資料(OUT)'!$AI$1*'調查資料(OUT)'!AI15,0)+IFERROR('調查資料(OUT)'!$AN$1*'調查資料(OUT)'!AN15,0)+IFERROR('調查資料(OUT)'!$AS$1*'調查資料(OUT)'!AS15,0) -> 0 | S9: =IFERROR('調查資料(OUT)'!$AJ$1*'調查資料(OUT)'!AJ15,0)+IFERROR('調查資料(OUT)'!$AO$1*'調查資料(OUT)'!AO15,0)+IFERROR('調查資料(OUT)'!$AT$1*'調查資料(OUT)'!AT15,0) -> 0 | T9: =SUM(U9:Y9) -> 0 | U9: =IFERROR('調查資料(OUT)'!$AU$1*'調查資料(OUT)'!AU15,0)+IFERROR('調查資料(OUT)'!$AZ$1*'調查資料(OUT)'!AZ15,0)+IFERROR('調查資料(OUT)'!$BE$1*'調查資料(OUT)'!BE15,0) -> 0 | V9: =IFERROR('調查資料(OUT)'!$AV$1*'調查資料(OUT)'!AV15,0)+IFERROR('調查資料(OUT)'!$BA$1*'調查資料(OUT)'!BA15,0)+IFERROR('調查資料(OUT)'!$BF$1*'調查資料(OUT)'!BF15,0) -> 0 | W9: =IFERROR('調查資料(OUT)'!$AW$1*'調查資料(OUT)'!AW15,0)+IFERROR('調查資料(OUT)'!$BB$1*'調查資料(OUT)'!BB15,0)+IFERROR('調查資料(OUT)'!$BG$1*'調查資料(OUT)'!BG15,0) -> 0 | X9: =IFERROR('調查資料(OUT)'!$AX$1*'調查資料(OUT)'!AX15,0)+IFERROR('調查資料(OUT)'!$BC$1*'調查資料(OUT)'!BC15,0)+IFERROR('調查資料(OUT)'!$BH$1*'調查資料(OUT)'!BH15,0) -> 0 | Y9: =IFERROR('調查資料(OUT)'!$AY$1*'調查資料(OUT)'!AY15,0)+IFERROR('調查資料(OUT)'!$BD$1*'調查資料(OUT)'!BD15,0)+IFERROR('調查資料(OUT)'!$BI$1*'調查資料(OUT)'!BI15,0) -> 0 | Z9: =SUM(AA9:AE9) -> 0 | AA9: =IFERROR('調查資料(OUT)'!$BJ$1*'調查資料(OUT)'!BJ15,0)+IFERROR('調查資料(OUT)'!$BO$1*'調查資料(OUT)'!BO15,0)+IFERROR('調查資料(OUT)'!$BT$1*'調查資料(OUT)'!BT15,0) -> 0 | AB9: =IFERROR('調查資料(OUT)'!$BK$1*'調查資料(OUT)'!BK15,0)+IFERROR('調查資料(OUT)'!$BP$1*'調查資料(OUT)'!BP15,0)+IFERROR('調查資料(OUT)'!$BU$1*'調查資料(OUT)'!BU15,0) -> 0 | AC9: =IFERROR('調查資料(OUT)'!$BL$1*'調查資料(OUT)'!BL15,0)+IFERROR('調查資料(OUT)'!$BQ$1*'調查資料(OUT)'!BQ15,0)+IFERROR('調查資料(OUT)'!$BV$1*'調查資料(OUT)'!BV15,0) -> 0 | AD9: =IFERROR('調查資料(OUT)'!$BM$1*'調查資料(OUT)'!BM15,0)+IFERROR('調查資料(OUT)'!$BR$1*'調查資料(OUT)'!BR15,0)+IFERROR('調查資料(OUT)'!$BW$1*'調查資料(OUT)'!BW15,0) -> 0 | AE9: =IFERROR('調查資料(OUT)'!$BN$1*'調查資料(OUT)'!BN15,0)+IFERROR('調查資料(OUT)'!$BS$1*'調查資料(OUT)'!BS15,0)+IFERROR('調查資料(OUT)'!$BX$1*'調查資料(OUT)'!BX15,0) -> 0 | AF9: =SUM(AG9:AK9) -> 0 | AG9: =IFERROR('調查資料(OUT)'!$BY$1*'調查資料(OUT)'!BY15,0)+IFERROR('調查資料(OUT)'!$CD$1*'調查資料(OUT)'!CD15,0)+IFERROR('調查資料(OUT)'!$CI$1*'調查資料(OUT)'!CI15,0) -> 0 | AH9: =IFERROR('調查資料(OUT)'!$BZ$1*'調查資料(OUT)'!BZ15,0)+IFERROR('調查資料(OUT)'!$CE$1*'調查資料(OUT)'!CE15,0)+IFERROR('調查資料(OUT)'!$CJ$1*'調查資料(OUT)'!CJ15,0) -> 0 | AI9: =IFERROR('調查資料(OUT)'!$CA$1*'調查資料(OUT)'!CA15,0)+IFERROR('調查資料(OUT)'!$CF$1*'調查資料(OUT)'!CF15,0)+IFERROR('調查資料(OUT)'!$CK$1*'調查資料(OUT)'!CK15,0) -> 0 | AJ9: =IFERROR('調查資料(OUT)'!$CB$1*'調查資料(OUT)'!CB15,0)+IFERROR('調查資料(OUT)'!$CG$1*'調查資料(OUT)'!CG15,0)+IFERROR('調查資料(OUT)'!$CL$1*'調查資料(OUT)'!CL15,0) -> 0 | AK9: =IFERROR('調查資料(OUT)'!$CC$1*'調查資料(OUT)'!CC15,0)+IFERROR('調查資料(OUT)'!$CH$1*'調查資料(OUT)'!CH15,0)+IFERROR('調查資料(OUT)'!$CM$1*'調查資料(OUT)'!CM15,0) -> 0 | AL9: =B9+H9+N9+T9+Z9+AF9 -> 0 | AN9: ='調查資料(OUT)'!A15 -> 100 | AO9: =AN9+100 -> 200 | AP9: =SUM(AL9:AL12) -> 0 | AR9: =IF($AP9=$AQ$5,MAX(AL9:AL12),0) -> 0 | AS9: =IF($AP9=AQ$5,SUM(B9:B12)/(4*(MAX(B9:B12))),0) -> #DIV/0! | AT9: =IF($AP9=AQ$5,SUM(H9:H12)/(4*(MAX(H9:H12))),0) -> #DIV/0! | AU9: =IF($AP9=AQ$5,SUM(N9:N12)/(4*(MAX(N9:N12))),0) -> #DIV/0! | AV9: =IF($AP9=AQ$5,SUM(T9:T12)/(4*(MAX(T9:T12))),0) -> #DIV/0! | AW9: =IF($AP9=AQ$5,SUM(Z9:Z12)/(4*(MAX(Z9:Z12))),0) -> #DIV/0! | AX9: =IF($AP9=AQ$5,SUM(AF9:AF12)/(4*(MAX(AF9:AF12))),0) -> #DIV/0! | AZ9: =IF(AP9=AQ$5,$AN9,"N") -> 100 | BA9: =IF(AP9=AQ$5,$AO9,"N") -> 200 | BB9: =IF($AZ9="N","N",SUM(C9:C12)) -> 0 | BC9: =IF($AZ9="N","N",SUM('調查資料(OUT)'!B15:B18)) -> 0 | BD9: =IF($AZ9="N","N",SUM('調查資料(OUT)'!G15:G18)) -> 0 | BE9: =IF($AZ9="N","N",SUM('調查資料(OUT)'!L15:L18)) -> 0 | BF9: =IF($AZ9="N","N",(BB9/$CG9)*100) -> #DIV/0! | BG9: =IF($AZ9="N","N",SUM(D9:D12)) -> 0 | BH9: =IF($AZ9="N","N",SUM('調查資料(OUT)'!C15:C18)) -> 0 | BI9: =IF($AZ9="N","N",SUM('調查資料(OUT)'!H15:H18)) -> 0 | BJ9: =IF($AZ9="N","N",SUM('調查資料(OUT)'!M15:M18)) -> 0 | BK9: =IF($AZ9="N","N",(BG9/$CG9)*100) -> #DIV/0! | BL9: =IF($AZ9="N","N",SUM(E9:E12)) -> 0 | BM9: =IF($AZ9="N","N",SUM('調查資料(OUT)'!D15:D18)) -> 0 | BN9: =IF($AZ9="N","N",SUM('調查資料(OUT)'!I15:I18)) -> 0 | BO9: =IF($AZ9="N","N",SUM('調查資料(OUT)'!N15:N18)) -> 0 | BP9: =IF($AZ9="N","N",(BL9/$CG9)*100) -> #DIV/0! | BQ9: =IF($AZ9="N","N",SUM(F9:F12)) -> 0 | BR9: =IF($AZ9="N","N",SUM('調查資料(OUT)'!E15:E18)) -> 0 | BS9: =IF($AZ9="N","N",SUM('調查資料(OUT)'!J15:J18)) -> 0 | BT9: =IF($AZ9="N","N",SUM('調查資料(OUT)'!O15:O18)) -> 0 | BU9: =IF($AZ9="N","N",(BQ9/$CG9)*100) -> #DIV/0! | BV9: =IF($AZ9="N","N",SUM(G9:G12)) -> 0 | BW9: =IF($AZ9="N","N",SUM('調查資料(OUT)'!F15:F18)) -> 0 | BX9: =IF($AZ9="N","N",SUM('調查資料(OUT)'!K15:K18)) -> 0 | BY9: =IF($AZ9="N","N",SUM('調查資料(OUT)'!P15:P18)) -> 0 | BZ9: =IF($AZ9="N","N",(BV9/$CG9)*100) -> #DIV/0! | CA9: =IF($AZ9="N","N",BC9+BH9+BM9+BR9+BW9) -> 0 | CB9: =IF($AZ9="N","N",(CA9/($CA9+$CC9+$CE9))*100) -> #DIV/0! | CC9: =IF($AZ9="N","N",BD9+BI9+BN9+BS9+BX9) -> 0 | CD9: =IF($AZ9="N","N",(CC9/($CA9+$CC9+$CE9))*100) -> #DIV/0! | CE9: =IF($AZ9="N","N",BE9+BJ9+BO9+BT9+BY9) -> 0 | CF9: =IF($AZ9="N","N",(CE9/($CA9+$CC9+$CE9))*100) -> #DIV/0! | CG9: =IF($AZ9="N","N",BB9+BG9+BL9+BQ9+BV9) -> 0 | CH9: =IF($AZ9="N","N",SUM(I9:I12)) -> 0 | CI9: =IF($AZ9="N","N",SUM('調查資料(OUT)'!Q15:Q18)) -> 0 | CJ9: =IF($AZ9="N","N",SUM('調查資料(OUT)'!V15:V18)) -> 0 | CK9: =IF($AZ9="N","N",SUM('調查資料(OUT)'!AA15:AA18)) -> 0 | CL9: =IF($AZ9="N","N",(CH9/DM9)*100) -> #DIV/0! | CM9: =IF($AZ9="N","N",SUM(J9:J12)) -> 0 | CN9: =IF($AZ9="N","N",SUM('調查資料(OUT)'!R15:R18)) -> 0 | CO9: =IF($AZ9="N","N",SUM('調查資料(OUT)'!W15:W18)) -> 0 | CP9: =IF($AZ9="N","N",SUM('調查資料(OUT)'!AB15:AB18)) -> 0 | CQ9: =IF($AZ9="N","N",(CM9/$DM9)*100) -> #DIV/0! | CR9: =IF($AZ9="N","N",SUM(K9:K12)) -> 0 | CS9: =IF($AZ9="N","N",SUM('調查資料(OUT)'!S15:S18)) -> 0 | CT9: =IF($AZ9="N","N",SUM('調查資料(OUT)'!X15:X18)) -> 0 | CU9: =IF($AZ9="N","N",SUM('調查資料(OUT)'!AC15:AC18)) -> 0 | CV9: =IF($AZ9="N","N",(CR9/$DM9)*100) -> #DIV/0! | CW9: =IF($AZ9="N","N",SUM(L9:L12)) -> 0 | CX9: =IF($AZ9="N","N",SUM('調查資料(OUT)'!T15:T18)) -> 0 | CY9: =IF($AZ9="N","N",SUM('調查資料(OUT)'!Y15:Y18)) -> 0 | CZ9: =IF($AZ9="N","N",SUM('調查資料(OUT)'!AD15:AD18)) -> 0 | DA9: =IF($AZ9="N","N",(CW9/$DM9)*100) -> #DIV/0! | DB9: =IF($AZ9="N","N",SUM(M9:M12)) -> 0 | DC9: =IF($AZ9="N","N",SUM('調查資料(OUT)'!U15:U18)) -> 0 | DD9: =IF($AZ9="N","N",SUM('調查資料(OUT)'!Z15:Z18)) -> 0 | DE9: =IF($AZ9="N","N",SUM('調查資料(OUT)'!AE15:AE18)) -> 0 | DF9: =IF($AZ9="N","N",(DB9/$DM9)*100) -> #DIV/0! | DG9: =IF($AZ9="N","N",CI9+CN9+CS9+CX9+DC9) -> 0 | DH9: =IF($AZ9="N","N",(DG9/($DG9+$DI9+$DK9))*100) -> #DIV/0! | DI9: =IF($AZ9="N","N",CJ9+CO9+CT9+CY9+DD9) -> 0 | DJ9: =IF($AZ9="N","N",(DI9/($DG9+$DI9+$DK9))*100) -> #DIV/0! | DK9: =IF($AZ9="N","N",CK9+CP9+CU9+CZ9+DE9) -> 0 | DL9: =IF($AZ9="N","N",(DK9/($DG9+$DI9+$DK9))*100) -> #DIV/0! | DM9: =IF($AZ9="N","N",CH9+CM9+CR9+CW9+DB9) -> 0 | DN9: =IF($AZ9="N","N",SUM(O9:O12)) -> 0 | DO9: =IF($AZ9="N","N",SUM('調查資料(OUT)'!AF15:AF18)) -> 0 | DP9: =IF($AZ9="N","N",SUM('調查資料(OUT)'!AK15:AK18)) -> 0 | DQ9: =IF($AZ9="N","N",SUM('調查資料(OUT)'!AP15:AP18)) -> 0 | DR9: =IF($AZ9="N","N",(DN9/ES9)*100) -> #DIV/0! | DS9: =IF($AZ9="N","N",SUM(P9:P12)) -> 0 | DT9: =IF($AZ9="N","N",SUM('調查資料(OUT)'!AG15:AG18)) -> 0 | DU9: =IF($AZ9="N","N",SUM('調查資料(OUT)'!AL15:AL18)) -> 0 | DV9: =IF($AZ9="N","N",SUM('調查資料(OUT)'!AQ15:AQ18)) -> 0 | DW9: =IF($AZ9="N","N",(DS9/$ES9)*100) -> #DIV/0! | DX9: =IF($AZ9="N","N",SUM(Q9:Q12)) -> 0 | DY9: =IF($AZ9="N","N",SUM('調查資料(OUT)'!AH15:AH18)) -> 0 | DZ9: =IF($AZ9="N","N",SUM('調查資料(OUT)'!AM15:AM18)) -> 0 | EA9: =IF($AZ9="N","N",SUM('調查資料(OUT)'!AR15:AR18)) -> 0 | EB9: =IF($AZ9="N","N",(DX9/$ES9)*100) -> #DIV/0! | EC9: =IF($AZ9="N","N",SUM(R9:R12)) -> 0 | ED9: =IF($AZ9="N","N",SUM('調查資料(OUT)'!AI15:AI18)) -> 0 | EE9: =IF($AZ9="N","N",SUM('調查資料(OUT)'!AN15:AN18)) -> 0 | EF9: =IF($AZ9="N","N",SUM('調查資料(OUT)'!AS15:AS18)) -> 0 | EG9: =IF($AZ9="N","N",(EC9/$ES9)*100) -> #DIV/0! | EH9: =IF($AZ9="N","N",SUM(S9:S12)) -> 0 | EI9: =IF($AZ9="N","N",SUM('調查資料(OUT)'!AJ15:AJ18)) -> 0 | EJ9: =IF($AZ9="N","N",SUM('調查資料(OUT)'!AO15:AO18)) -> 0 | EK9: =IF($AZ9="N","N",SUM('調查資料(OUT)'!AT15:AT18)) -> 0 | EL9: =IF($AZ9="N","N",(EH9/$ES9)*100) -> #DIV/0! | EM9: =IF($AZ9="N","N",DO9+DT9+DY9+ED9+EI9) -> 0 | EN9: =IF($AZ9="N","N",(EM9/($EM9+$EO9+$EQ9))*100) -> #DIV/0! | EO9: =IF($AZ9="N","N",DP9+DU9+DZ9+EE9+EJ9) -> 0 | EP9: =IF($AZ9="N","N",(EO9/($EM9+$EO9+$EQ9))*100) -> #DIV/0! | EQ9: =IF($AZ9="N","N",DQ9+DV9+EA9+EF9+EK9) -> 0 | ER9: =IF($AZ9="N","N",(EQ9/($EM9+$EO9+$EQ9))*100) -> #DIV/0! | ES9: =IF($AZ9="N","N",DN9+DS9+DX9+EC9+EH9) -> 0 | ET9: =IF($AZ9="N","N",SUM(U9:U12)) -> 0 | EU9: =IF($AZ9="N","N",SUM('調查資料(OUT)'!AU15:AU18)) -> 0 | EV9: =IF($AZ9="N","N",SUM('調查資料(OUT)'!AZ15:AZ18)) -> 0 | EW9: =IF($AZ9="N","N",SUM('調查資料(OUT)'!BE15:BE18)) -> 0 | EX9: =IF($AZ9="N","N",(ET9/FY9)*100) -> #DIV/0! | EY9: =IF($AZ9="N","N",SUM(V9:V12)) -> 0 | EZ9: =IF($AZ9="N","N",SUM('調查資料(OUT)'!AV15:AV18)) -> 0 | FA9: =IF($AZ9="N","N",SUM('調查資料(OUT)'!BA15:BA18)) -> 0 | FB9: =IF($AZ9="N","N",SUM('調查資料(OUT)'!BF15:BF18)) -> 0 | FC9: =IF($AZ9="N","N",(EY9/$FY9)*100) -> #DIV/0! | FD9: =IF($AZ9="N","N",SUM(W9:W12)) -> 0 | FE9: =IF($AZ9="N","N",SUM('調查資料(OUT)'!AW15:AW18)) -> 0 | FF9: =IF($AZ9="N","N",SUM('調查資料(OUT)'!BB15:BB18)) -> 0 | FG9: =IF($AZ9="N","N",SUM('調查資料(OUT)'!BG15:BG18)) -> 0 | FH9: =IF($AZ9="N","N",(FD9/$FY9)*100) -> #DIV/0! | FI9: =IF($AZ9="N","N",SUM(X9:X12)) -> 0 | FJ9: =IF($AZ9="N","N",SUM('調查資料(OUT)'!AX15:AX18)) -> 0 | FK9: =IF($AZ9="N","N",SUM('調查資料(OUT)'!BC15:BC18)) -> 0 | FL9: =IF($AZ9="N","N",SUM('調查資料(OUT)'!BH15:BH18)) -> 0 | FM9: =IF($AZ9="N","N",(FI9/$FY9)*100) -> #DIV/0! | FN9: =IF($AZ9="N","N",SUM(Y9:Y12)) -> 0 | FO9: =IF($AZ9="N","N",SUM('調查資料(OUT)'!AY15:AY18)) -> 0 | FP9: =IF($AZ9="N","N",SUM('調查資料(OUT)'!BD15:BD18)) -> 0 | FQ9: =IF($AZ9="N","N",SUM('調查資料(OUT)'!BI15:BI18)) -> 0 | FR9: =IF($AZ9="N","N",(FN9/$FY9)*100) -> #DIV/0! | FS9: =IF($AZ9="N","N",EU9+EZ9+FE9+FJ9+FO9) -> 0 | FT9: =IF($AZ9="N","N",(FS9/($FS9+$FU9+$FW9))*100) -> #DIV/0! | FU9: =IF($AZ9="N","N",EV9+FA9+FF9+FK9+FP9) -> 0 | FV9: =IF($AZ9="N","N",(FU9/($FS9+$FU9+$FW9))*100) -> #DIV/0! | FW9: =IF($AZ9="N","N",EW9+FB9+FG9+FL9+FQ9) -> 0 | FX9: =IF($AZ9="N","N",(FW9/($FS9+$FU9+$FW9))*100) -> #DIV/0! | FY9: =IF($AZ9="N","N",ET9+EY9+FD9+FI9+FN9) -> 0 | FZ9: =IF($AZ9="N","N",SUM(AA9:AA12)) -> 0 | GA9: =IF($AZ9="N","N",SUM('調查資料(OUT)'!BJ15:BJ18)) -> 0 | GB9: =IF($AZ9="N","N",SUM('調查資料(OUT)'!BO15:BO18)) -> 0 | GC9: =IF($AZ9="N","N",SUM('調查資料(OUT)'!BT15:BT18)) -> 0 | GD9: =IF($AZ9="N","N",(FZ9/HE9)*100) -> #DIV/0! | GE9: =IF($AZ9="N","N",SUM(AB9:AB12)) -> 0 | GF9: =IF($AZ9="N","N",SUM('調查資料(OUT)'!BK15:BK18)) -> 0 | GG9: =IF($AZ9="N","N",SUM('調查資料(OUT)'!BP15:BP18)) -> 0 | GH9: =IF($AZ9="N","N",SUM('調查資料(OUT)'!BU15:BU18)) -> 0 | GI9: =IF($AZ9="N","N",(GE9/$HE9)*100) -> #DIV/0! | GJ9: =IF($AZ9="N","N",SUM(AC9:AC12)) -> 0 | GK9: =IF($AZ9="N","N",SUM('調查資料(OUT)'!BL15:BL18)) -> 0 | GL9: =IF($AZ9="N","N",SUM('調查資料(OUT)'!BQ15:BQ18)) -> 0 | GM9: =IF($AZ9="N","N",SUM('調查資料(OUT)'!BV15:BV18)) -> 0 | GN9: =IF($AZ9="N","N",(GJ9/$HE9)*100) -> #DIV/0! | GO9: =IF($AZ9="N","N",SUM(AD9:AD12)) -> 0 | GP9: =IF($AZ9="N","N",SUM('調查資料(OUT)'!BM15:BM18)) -> 0 | GQ9: =IF($AZ9="N","N",SUM('調查資料(OUT)'!BR15:BR18)) -> 0 | GR9: =IF($AZ9="N","N",SUM('調查資料(OUT)'!BW15:BW18)) -> 0 | GS9: =IF($AZ9="N","N",(GO9/$HE9)*100) -> #DIV/0! | GT9: =IF($AZ9="N","N",SUM(AE9:AE12)) -> 0 | GU9: =IF($AZ9="N","N",SUM('調查資料(OUT)'!BN15:BN18)) -> 0 | GV9: =IF($AZ9="N","N",SUM('調查資料(OUT)'!BS15:BS18)) -> 0 | GW9: =IF($AZ9="N","N",SUM('調查資料(OUT)'!BX15:BX18)) -> 0 | GX9: =IF($AZ9="N","N",(GT9/$HE9)*100) -> #DIV/0! | GY9: =IF($AZ9="N","N",GA9+GF9+GK9+GP9+GU9) -> 0 | GZ9: =IF($AZ9="N","N",(GY9/($GY9+$HA9+$HC9))*100) -> #DIV/0! | HA9: =IF($AZ9="N","N",GB9+GG9+GL9+GQ9+GV9) -> 0 | HB9: =IF($AZ9="N","N",(HA9/($GY9+$HA9+$HC9))*100) -> #DIV/0! | HC9: =IF($AZ9="N","N",GC9+GH9+GM9+GR9+GW9) -> 0 | HD9: =IF($AZ9="N","N",(HC9/($GY9+$HA9+$HC9))*100) -> #DIV/0! | HE9: =IF($AZ9="N","N",FZ9+GE9+GJ9+GO9+GT9) -> 0 | HF9: =IF($AZ9="N","N",SUM(AG9:AG12)) -> 0 | HG9: =IF($AZ9="N","N",SUM('調查資料(OUT)'!BY15:BY18)) -> 0 | HH9: =IF($AZ9="N","N",SUM('調查資料(OUT)'!CD15:CD18)) -> 0 | HI9: =IF($AZ9="N","N",SUM('調查資料(OUT)'!CI15:CI18)) -> 0 | HJ9: =IF($AZ9="N","N",(HF9/$IK9)*100) -> #DIV/0! | HK9: =IF($AZ9="N","N",SUM(AH9:AH12)) -> 0 | HL9: =IF($AZ9="N","N",SUM('調查資料(OUT)'!BZ15:BZ18)) -> 0 | HM9: =IF($AZ9="N","N",SUM('調查資料(OUT)'!CE15:CE18)) -> 0 | HN9: =IF($AZ9="N","N",SUM('調查資料(OUT)'!CJ15:CJ18)) -> 0 | HO9: =IF($AZ9="N","N",(HK9/$IK9)*100) -> #DIV/0! | HP9: =IF($AZ9="N","N",SUM(AI9:AI12)) -> 0 | HQ9: =IF($AZ9="N","N",SUM('調查資料(OUT)'!CA15:CA18)) -> 0 | HR9: =IF($AZ9="N","N",SUM('調查資料(OUT)'!CF15:CF18)) -> 0 | HS9: =IF($AZ9="N","N",SUM('調查資料(OUT)'!CK15:CK18)) -> 0 | HT9: =IF($AZ9="N","N",(HP9/$IK9)*100) -> #DIV/0! | HU9: =IF($AZ9="N","N",SUM(AJ9:AJ12)) -> 0 | HV9: =IF($AZ9="N","N",SUM('調查資料(OUT)'!CB15:CB18)) -> 0 | HW9: =IF($AZ9="N","N",SUM('調查資料(OUT)'!CG15:CG18)) -> 0 | HX9: =IF($AZ9="N","N",SUM('調查資料(OUT)'!CL15:CL18)) -> 0 | HY9: =IF($AZ9="N","N",(HU9/$IK9)*100) -> #DIV/0! | HZ9: =IF($AZ9="N","N",SUM(AK9:AK12)) -> 0 | IA9: =IF($AZ9="N","N",SUM('調查資料(OUT)'!CC15:CC18)) -> 0 | IB9: =IF($AZ9="N","N",SUM('調查資料(OUT)'!CH15:CH18)) -> 0 | IC9: =IF($AZ9="N","N",SUM('調查資料(OUT)'!CM15:CM18)) -> 0 | ID9: =IF($AZ9="N","N",(HZ9/$IK9)*100) -> #DIV/0! | IE9: =IF($AZ9="N","N",HG9+HL9+HQ9+HV9+IA9) -> 0 | IF9: =IF($AZ9="N","N",(IE9/($IE9+$IG9+$II9))*100) -> #DIV/0! | IG9: =IF($AZ9="N","N",HH9+HM9+HR9+HW9+IB9) -> 0 | IH9: =IF($AZ9="N","N",(IG9/($IE9+$IG9+$II9))*100) -> #DIV/0! | II9: =IF($AZ9="N","N",HI9+HN9+HS9+HX9+IC9) -> 0 | IJ9: =IF($AZ9="N","N",(II9/($IE9+$IG9+$II9))*100) -> #DIV/0! | IK9: =IF($AZ9="N","N",HF9+HK9+HP9+HU9+HZ9) -> 0
A10: ='[4]調查資料(OUT)'!A16 -> 115 | B10: =SUM(C10:G10) -> 0 | C10: =IFERROR('調查資料(OUT)'!$B$1*'調查資料(OUT)'!B16,0)+IFERROR('調查資料(OUT)'!$G$1*'調查資料(OUT)'!G16,0)+IFERROR('調查資料(OUT)'!$L$1*'調查資料(OUT)'!L16,0) -> 0 | D10: =IFERROR('調查資料(OUT)'!$C$1*'調查資料(OUT)'!C16,0)+IFERROR('調查資料(OUT)'!$H$1*'調查資料(OUT)'!H16,0)+IFERROR('調查資料(OUT)'!$M$1*'調查資料(OUT)'!M16,0) -> 0 | E10: =IFERROR('調查資料(OUT)'!$D$1*'調查資料(OUT)'!D16,0)+IFERROR('調查資料(OUT)'!$I$1*'調查資料(OUT)'!I16,0)+IFERROR('調查資料(OUT)'!$N$1*'調查資料(OUT)'!N16,0) -> 0 | F10: =IFERROR('調查資料(OUT)'!$E$1*'調查資料(OUT)'!E16,0)+IFERROR('調查資料(OUT)'!$J$1*'調查資料(OUT)'!J16,0)+IFERROR('調查資料(OUT)'!$O$1*'調查資料(OUT)'!O16,0) -> 0 | G10: =IFERROR('調查資料(OUT)'!$F$1*'調查資料(OUT)'!F16,0)+IFERROR('調查資料(OUT)'!$K$1*'調查資料(OUT)'!K16,0)+IFERROR('調查資料(OUT)'!$P$1*'調查資料(OUT)'!P16,0) -> 0 | H10: =SUM(I10:M10) -> 0 | I10: =IFERROR('調查資料(OUT)'!$Q$1*'調查資料(OUT)'!Q16,0)+IFERROR('調查資料(OUT)'!$V$1*'調查資料(OUT)'!V16,0)+IFERROR('調查資料(OUT)'!$AA$1*'調查資料(OUT)'!AA16,0) -> 0 | J10: =IFERROR('調查資料(OUT)'!$R$1*'調查資料(OUT)'!R16,0)+IFERROR('調查資料(OUT)'!$W$1*'調查資料(OUT)'!W16,0)+IFERROR('調查資料(OUT)'!$AB$1*'調查資料(OUT)'!AB16,0) -> 0 | K10: =IFERROR('調查資料(OUT)'!$S$1*'調查資料(OUT)'!S16,0)+IFERROR('調查資料(OUT)'!$X$1*'調查資料(OUT)'!X16,0)+IFERROR('調查資料(OUT)'!$AC$1*'調查資料(OUT)'!AC16,0) -> 0 | L10: =IFERROR('調查資料(OUT)'!$T$1*'調查資料(OUT)'!T16,0)+IFERROR('調查資料(OUT)'!$Y$1*'調查資料(OUT)'!Y16,0)+IFERROR('調查資料(OUT)'!$AD$1*'調查資料(OUT)'!AD16,0) -> 0 | M10: =IFERROR('調查資料(OUT)'!$U$1*'調查資料(OUT)'!U16,0)+IFERROR('調查資料(OUT)'!$Z$1*'調查資料(OUT)'!Z16,0)+IFERROR('調查資料(OUT)'!$AE$1*'調查資料(OUT)'!AE16,0) -> 0 | N10: =SUM(O10:S10) -> 0 | O10: =IFERROR('調查資料(OUT)'!$AF$1*'調查資料(OUT)'!AF16,0)+IFERROR('調查資料(OUT)'!$AK$1*'調查資料(OUT)'!AK16,0)+IFERROR('調查資料(OUT)'!$AP$1*'調查資料(OUT)'!AP16,0) -> 0 | P10: =IFERROR('調查資料(OUT)'!$AG$1*'調查資料(OUT)'!AG16,0)+IFERROR('調查資料(OUT)'!$AL$1*'調查資料(OUT)'!AL16,0)+IFERROR('調查資料(OUT)'!$AQ$1*'調查資料(OUT)'!AQ16,0) -> 0 | Q10: =IFERROR('調查資料(OUT)'!$AH$1*'調查資料(OUT)'!AH16,0)+IFERROR('調查資料(OUT)'!$AM$1*'調查資料(OUT)'!AM16,0)+IFERROR('調查資料(OUT)'!$AR$1*'調查資料(OUT)'!AR16,0) -> 0 | R10: =IFERROR('調查資料(OUT)'!$AI$1*'調查資料(OUT)'!AI16,0)+IFERROR('調查資料(OUT)'!$AN$1*'調查資料(OUT)'!AN16,0)+IFERROR('調查資料(OUT)'!$AS$1*'調查資料(OUT)'!AS16,0) -> 0 | S10: =IFERROR('調查資料(OUT)'!$AJ$1*'調查資料(OUT)'!AJ16,0)+IFERROR('調查資料(OUT)'!$AO$1*'調查資料(OUT)'!AO16,0)+IFERROR('調查資料(OUT)'!$AT$1*'調查資料(OUT)'!AT16,0) -> 0 | T10: =SUM(U10:Y10) -> 0 | U10: =IFERROR('調查資料(OUT)'!$AU$1*'調查資料(OUT)'!AU16,0)+IFERROR('調查資料(OUT)'!$AZ$1*'調查資料(OUT)'!AZ16,0)+IFERROR('調查資料(OUT)'!$BE$1*'調查資料(OUT)'!BE16,0) -> 0 | V10: =IFERROR('調查資料(OUT)'!$AV$1*'調查資料(OUT)'!AV16,0)+IFERROR('調查資料(OUT)'!$BA$1*'調查資料(OUT)'!BA16,0)+IFERROR('調查資料(OUT)'!$BF$1*'調查資料(OUT)'!BF16,0) -> 0 | W10: =IFERROR('調查資料(OUT)'!$AW$1*'調查資料(OUT)'!AW16,0)+IFERROR('調查資料(OUT)'!$BB$1*'調查資料(OUT)'!BB16,0)+IFERROR('調查資料(OUT)'!$BG$1*'調查資料(OUT)'!BG16,0) -> 0 | X10: =IFERROR('調查資料(OUT)'!$AX$1*'調查資料(OUT)'!AX16,0)+IFERROR('調查資料(OUT)'!$BC$1*'調查資料(OUT)'!BC16,0)+IFERROR('調查資料(OUT)'!$BH$1*'調查資料(OUT)'!BH16,0) -> 0 | Y10: =IFERROR('調查資料(OUT)'!$AY$1*'調查資料(OUT)'!AY16,0)+IFERROR('調查資料(OUT)'!$BD$1*'調查資料(OUT)'!BD16,0)+IFERROR('調查資料(OUT)'!$BI$1*'調查資料(OUT)'!BI16,0) -> 0 | Z10: =SUM(AA10:AE10) -> 0 | AA10: =IFERROR('調查資料(OUT)'!$BJ$1*'調查資料(OUT)'!BJ16,0)+IFERROR('調查資料(OUT)'!$BO$1*'調查資料(OUT)'!BO16,0)+IFERROR('調查資料(OUT)'!$BT$1*'調查資料(OUT)'!BT16,0) -> 0 | AB10: =IFERROR('調查資料(OUT)'!$BK$1*'調查資料(OUT)'!BK16,0)+IFERROR('調查資料(OUT)'!$BP$1*'調查資料(OUT)'!BP16,0)+IFERROR('調查資料(OUT)'!$BU$1*'調查資料(OUT)'!BU16,0) -> 0 | AC10: =IFERROR('調查資料(OUT)'!$BL$1*'調查資料(OUT)'!BL16,0)+IFERROR('調查資料(OUT)'!$BQ$1*'調查資料(OUT)'!BQ16,0)+IFERROR('調查資料(OUT)'!$BV$1*'調查資料(OUT)'!BV16,0) -> 0 | AD10: =IFERROR('調查資料(OUT)'!$BM$1*'調查資料(OUT)'!BM16,0)+IFERROR('調查資料(OUT)'!$BR$1*'調查資料(OUT)'!BR16,0)+IFERROR('調查資料(OUT)'!$BW$1*'調查資料(OUT)'!BW16,0) -> 0 | AE10: =IFERROR('調查資料(OUT)'!$BN$1*'調查資料(OUT)'!BN16,0)+IFERROR('調查資料(OUT)'!$BS$1*'調查資料(OUT)'!BS16,0)+IFERROR('調查資料(OUT)'!$BX$1*'調查資料(OUT)'!BX16,0) -> 0 | AF10: =SUM(AG10:AK10) -> 0 | AG10: =IFERROR('調查資料(OUT)'!$BY$1*'調查資料(OUT)'!BY16,0)+IFERROR('調查資料(OUT)'!$CD$1*'調查資料(OUT)'!CD16,0)+IFERROR('調查資料(OUT)'!$CI$1*'調查資料(OUT)'!CI16,0) -> 0 | AH10: =IFERROR('調查資料(OUT)'!$BZ$1*'調查資料(OUT)'!BZ16,0)+IFERROR('調查資料(OUT)'!$CE$1*'調查資料(OUT)'!CE16,0)+IFERROR('調查資料(OUT)'!$CJ$1*'調查資料(OUT)'!CJ16,0) -> 0 | AI10: =IFERROR('調查資料(OUT)'!$CA$1*'調查資料(OUT)'!CA16,0)+IFERROR('調查資料(OUT)'!$CF$1*'調查資料(OUT)'!CF16,0)+IFERROR('調查資料(OUT)'!$CK$1*'調查資料(OUT)'!CK16,0) -> 0 | AJ10: =IFERROR('調查資料(OUT)'!$CB$1*'調查資料(OUT)'!CB16,0)+IFERROR('調查資料(OUT)'!$CG$1*'調查資料(OUT)'!CG16,0)+IFERROR('調查資料(OUT)'!$CL$1*'調查資料(OUT)'!CL16,0) -> 0 | AK10: =IFERROR('調查資料(OUT)'!$CC$1*'調查資料(OUT)'!CC16,0)+IFERROR('調查資料(OUT)'!$CH$1*'調查資料(OUT)'!CH16,0)+IFERROR('調查資料(OUT)'!$CM$1*'調查資料(OUT)'!CM16,0) -> 0 | AL10: =B10+H10+N10+T10+Z10+AF10 -> 0 | AN10: ='調查資料(OUT)'!A16 -> 115 | AO10: =AN10+100 -> 215 | AP10: =SUM(AL10:AL13) -> 0 | AR10: =IF($AP10=$AQ$5,MAX(AL10:AL13),0) -> 0 | AS10: =IF($AP10=AQ$5,SUM(B10:B13)/(4*(MAX(B10:B13))),0) -> #DIV/0! | AT10: =IF($AP10=AQ$5,SUM(H10:H13)/(4*(MAX(H10:H13))),0) -> #DIV/0! | AU10: =IF($AP10=AQ$5,SUM(N10:N13)/(4*(MAX(N10:N13))),0) -> #DIV/0! | AV10: =IF($AP10=AQ$5,SUM(T10:T13)/(4*(MAX(T10:T13))),0) -> #DIV/0! | AW10: =IF($AP10=AQ$5,SUM(Z10:Z13)/(4*(MAX(Z10:Z13))),0) -> #DIV/0! | AX10: =IF($AP10=AQ$5,SUM(AF10:AF13)/(4*(MAX(AF10:AF13))),0) -> #DIV/0! | AZ10: =IF(AP10=AQ$5,$AN10,"N") -> 115 | BA10: =IF(AP10=AQ$5,$AO10,"N") -> 215 | BB10: =IF($AZ10="N","N",SUM(C10:C13)) -> 0 | BC10: =IF($AZ10="N","N",SUM('調查資料(OUT)'!B16:B19)) -> 0 | BD10: =IF($AZ10="N","N",SUM('調查資料(OUT)'!G16:G19)) -> 0 | BE10: =IF($AZ10="N","N",SUM('調查資料(OUT)'!L16:L19)) -> 0 | BF10: =IF($AZ10="N","N",(BB10/$CG10)*100) -> #DIV/0! | BG10: =IF($AZ10="N","N",SUM(D10:D13)) -> 0 | BH10: =IF($AZ10="N","N",SUM('調查資料(OUT)'!C16:C19)) -> 0 | BI10: =IF($AZ10="N","N",SUM('調查資料(OUT)'!H16:H19)) -> 0 | BJ10: =IF($AZ10="N","N",SUM('調查資料(OUT)'!M16:M19)) -> 0 | BK10: =IF($AZ10="N","N",(BG10/$CG10)*100) -> #DIV/0! | BL10: =IF($AZ10="N","N",SUM(E10:E13)) -> 0 | BM10: =IF($AZ10="N","N",SUM('調查資料(OUT)'!D16:D19)) -> 0 | BN10: =IF($AZ10="N","N",SUM('調查資料(OUT)'!I16:I19)) -> 0 | BO10: =IF($AZ10="N","N",SUM('調查資料(OUT)'!N16:N19)) -> 0 | BP10: =IF($AZ10="N","N",(BL10/$CG10)*100) -> #DIV/0! | BQ10: =IF($AZ10="N","N",SUM(F10:F13)) -> 0 | BR10: =IF($AZ10="N","N",SUM('調查資料(OUT)'!E16:E19)) -> 0 | BS10: =IF($AZ10="N","N",SUM('調查資料(OUT)'!J16:J19)) -> 0 | BT10: =IF($AZ10="N","N",SUM('調查資料(OUT)'!O16:O19)) -> 0 | BU10: =IF($AZ10="N","N",(BQ10/$CG10)*100) -> #DIV/0! | BV10: =IF($AZ10="N","N",SUM(G10:G13)) -> 0 | BW10: =IF($AZ10="N","N",SUM('調查資料(OUT)'!F16:F19)) -> 0 | BX10: =IF($AZ10="N","N",SUM('調查資料(OUT)'!K16:K19)) -> 0 | BY10: =IF($AZ10="N","N",SUM('調查資料(OUT)'!P16:P19)) -> 0 | BZ10: =IF($AZ10="N","N",(BV10/$CG10)*100) -> #DIV/0! | CA10: =IF($AZ10="N","N",BC10+BH10+BM10+BR10+BW10) -> 0 | CB10: =IF($AZ10="N","N",(CA10/($CA10+$CC10+$CE10))*100) -> #DIV/0! | CC10: =IF($AZ10="N","N",BD10+BI10+BN10+BS10+BX10) -> 0 | CD10: =IF($AZ10="N","N",(CC10/($CA10+$CC10+$CE10))*100) -> #DIV/0! | CE10: =IF($AZ10="N","N",BE10+BJ10+BO10+BT10+BY10) -> 0 | CF10: =IF($AZ10="N","N",(CE10/($CA10+$CC10+$CE10))*100) -> #DIV/0! | CG10: =IF($AZ10="N","N",BB10+BG10+BL10+BQ10+BV10) -> 0 | CH10: =IF($AZ10="N","N",SUM(I10:I13)) -> 0 | CI10: =IF($AZ10="N","N",SUM('調查資料(OUT)'!Q16:Q19)) -> 0 | CJ10: =IF($AZ10="N","N",SUM('調查資料(OUT)'!V16:V19)) -> 0 | CK10: =IF($AZ10="N","N",SUM('調查資料(OUT)'!AA16:AA19)) -> 0 | CL10: =IF($AZ10="N","N",(CH10/DM10)*100) -> #DIV/0! | CM10: =IF($AZ10="N","N",SUM(J10:J13)) -> 0 | CN10: =IF($AZ10="N","N",SUM('調查資料(OUT)'!R16:R19)) -> 0 | CO10: =IF($AZ10="N","N",SUM('調查資料(OUT)'!W16:W19)) -> 0 | CP10: =IF($AZ10="N","N",SUM('調查資料(OUT)'!AB16:AB19)) -> 0 | CQ10: =IF($AZ10="N","N",(CM10/$DM10)*100) -> #DIV/0! | CR10: =IF($AZ10="N","N",SUM(K10:K13)) -> 0 | CS10: =IF($AZ10="N","N",SUM('調查資料(OUT)'!S16:S19)) -> 0 | CT10: =IF($AZ10="N","N",SUM('調查資料(OUT)'!X16:X19)) -> 0 | CU10: =IF($AZ10="N","N",SUM('調查資料(OUT)'!AC16:AC19)) -> 0 | CV10: =IF($AZ10="N","N",(CR10/$DM10)*100) -> #DIV/0! | CW10: =IF($AZ10="N","N",SUM(L10:L13)) -> 0 | CX10: =IF($AZ10="N","N",SUM('調查資料(OUT)'!T16:T19)) -> 0 | CY10: =IF($AZ10="N","N",SUM('調查資料(OUT)'!Y16:Y19)) -> 0 | CZ10: =IF($AZ10="N","N",SUM('調查資料(OUT)'!AD16:AD19)) -> 0 | DA10: =IF($AZ10="N","N",(CW10/$DM10)*100) -> #DIV/0! | DB10: =IF($AZ10="N","N",SUM(M10:M13)) -> 0 | DC10: =IF($AZ10="N","N",SUM('調查資料(OUT)'!U16:U19)) -> 0 | DD10: =IF($AZ10="N","N",SUM('調查資料(OUT)'!Z16:Z19)) -> 0 | DE10: =IF($AZ10="N","N",SUM('調查資料(OUT)'!AE16:AE19)) -> 0 | DF10: =IF($AZ10="N","N",(DB10/$DM10)*100) -> #DIV/0! | DG10: =IF($AZ10="N","N",CI10+CN10+CS10+CX10+DC10) -> 0 | DH10: =IF($AZ10="N","N",(DG10/($DG10+$DI10+$DK10))*100) -> #DIV/0! | DI10: =IF($AZ10="N","N",CJ10+CO10+CT10+CY10+DD10) -> 0 | DJ10: =IF($AZ10="N","N",(DI10/($DG10+$DI10+$DK10))*100) -> #DIV/0! | DK10: =IF($AZ10="N","N",CK10+CP10+CU10+CZ10+DE10) -> 0 | DL10: =IF($AZ10="N","N",(DK10/($DG10+$DI10+$DK10))*100) -> #DIV/0! | DM10: =IF($AZ10="N","N",CH10+CM10+CR10+CW10+DB10) -> 0 | DN10: =IF($AZ10="N","N",SUM(O10:O13)) -> 0 | DO10: =IF($AZ10="N","N",SUM('調查資料(OUT)'!AF16:AF19)) -> 0 | DP10: =IF($AZ10="N","N",SUM('調查資料(OUT)'!AK16:AK19)) -> 0 | DQ10: =IF($AZ10="N","N",SUM('調查資料(OUT)'!AP16:AP19)) -> 0 | DR10: =IF($AZ10="N","N",(DN10/ES10)*100) -> #DIV/0! | DS10: =IF($AZ10="N","N",SUM(P10:P13)) -> 0 | DT10: =IF($AZ10="N","N",SUM('調查資料(OUT)'!AG16:AG19)) -> 0 | DU10: =IF($AZ10="N","N",SUM('調查資料(OUT)'!AL16:AL19)) -> 0 | DV10: =IF($AZ10="N","N",SUM('調查資料(OUT)'!AQ16:AQ19)) -> 0 | DW10: =IF($AZ10="N","N",(DS10/$ES10)*100) -> #DIV/0! | DX10: =IF($AZ10="N","N",SUM(Q10:Q13)) -> 0 | DY10: =IF($AZ10="N","N",SUM('調查資料(OUT)'!AH16:AH19)) -> 0 | DZ10: =IF($AZ10="N","N",SUM('調查資料(OUT)'!AM16:AM19)) -> 0 | EA10: =IF($AZ10="N","N",SUM('調查資料(OUT)'!AR16:AR19)) -> 0 | EB10: =IF($AZ10="N","N",(DX10/$ES10)*100) -> #DIV/0! | EC10: =IF($AZ10="N","N",SUM(R10:R13)) -> 0 | ED10: =IF($AZ10="N","N",SUM('調查資料(OUT)'!AI16:AI19)) -> 0 | EE10: =IF($AZ10="N","N",SUM('調查資料(OUT)'!AN16:AN19)) -> 0 | EF10: =IF($AZ10="N","N",SUM('調查資料(OUT)'!AS16:AS19)) -> 0 | EG10: =IF($AZ10="N","N",(EC10/$ES10)*100) -> #DIV/0! | EH10: =IF($AZ10="N","N",SUM(S10:S13)) -> 0 | EI10: =IF($AZ10="N","N",SUM('調查資料(OUT)'!AJ16:AJ19)) -> 0 | EJ10: =IF($AZ10="N","N",SUM('調查資料(OUT)'!AO16:AO19)) -> 0 | EK10: =IF($AZ10="N","N",SUM('調查資料(OUT)'!AT16:AT19)) -> 0 | EL10: =IF($AZ10="N","N",(EH10/$ES10)*100) -> #DIV/0! | EM10: =IF($AZ10="N","N",DO10+DT10+DY10+ED10+EI10) -> 0 | EN10: =IF($AZ10="N","N",(EM10/($EM10+$EO10+$EQ10))*100) -> #DIV/0! | EO10: =IF($AZ10="N","N",DP10+DU10+DZ10+EE10+EJ10) -> 0 | EP10: =IF($AZ10="N","N",(EO10/($EM10+$EO10+$EQ10))*100) -> #DIV/0! | EQ10: =IF($AZ10="N","N",DQ10+DV10+EA10+EF10+EK10) -> 0 | ER10: =IF($AZ10="N","N",(EQ10/($EM10+$EO10+$EQ10))*100) -> #DIV/0! | ES10: =IF($AZ10="N","N",DN10+DS10+DX10+EC10+EH10) -> 0 | ET10: =IF($AZ10="N","N",SUM(U10:U13)) -> 0 | EU10: =IF($AZ10="N","N",SUM('調查資料(OUT)'!AU16:AU19)) -> 0 | EV10: =IF($AZ10="N","N",SUM('調查資料(OUT)'!AZ16:AZ19)) -> 0 | EW10: =IF($AZ10="N","N",SUM('調查資料(OUT)'!BE16:BE19)) -> 0 | EX10: =IF($AZ10="N","N",(ET10/FY10)*100) -> #DIV/0! | EY10: =IF($AZ10="N","N",SUM(V10:V13)) -> 0 | EZ10: =IF($AZ10="N","N",SUM('調查資料(OUT)'!AV16:AV19)) -> 0 | FA10: =IF($AZ10="N","N",SUM('調查資料(OUT)'!BA16:BA19)) -> 0 | FB10: =IF($AZ10="N","N",SUM('調查資料(OUT)'!BF16:BF19)) -> 0 | FC10: =IF($AZ10="N","N",(EY10/$FY10)*100) -> #DIV/0! | FD10: =IF($AZ10="N","N",SUM(W10:W13)) -> 0 | FE10: =IF($AZ10="N","N",SUM('調查資料(OUT)'!AW16:AW19)) -> 0 | FF10: =IF($AZ10="N","N",SUM('調查資料(OUT)'!BB16:BB19)) -> 0 | FG10: =IF($AZ10="N","N",SUM('調查資料(OUT)'!BG16:BG19)) -> 0 | FH10: =IF($AZ10="N","N",(FD10/$FY10)*100) -> #DIV/0! | FI10: =IF($AZ10="N","N",SUM(X10:X13)) -> 0 | FJ10: =IF($AZ10="N","N",SUM('調查資料(OUT)'!AX16:AX19)) -> 0 | FK10: =IF($AZ10="N","N",SUM('調查資料(OUT)'!BC16:BC19)) -> 0 | FL10: =IF($AZ10="N","N",SUM('調查資料(OUT)'!BH16:BH19)) -> 0 | FM10: =IF($AZ10="N","N",(FI10/$FY10)*100) -> #DIV/0! | FN10: =IF($AZ10="N","N",SUM(Y10:Y13)) -> 0 | FO10: =IF($AZ10="N","N",SUM('調查資料(OUT)'!AY16:AY19)) -> 0 | FP10: =IF($AZ10="N","N",SUM('調查資料(OUT)'!BD16:BD19)) -> 0 | FQ10: =IF($AZ10="N","N",SUM('調查資料(OUT)'!BI16:BI19)) -> 0 | FR10: =IF($AZ10="N","N",(FN10/$FY10)*100) -> #DIV/0! | FS10: =IF($AZ10="N","N",EU10+EZ10+FE10+FJ10+FO10) -> 0 | FT10: =IF($AZ10="N","N",(FS10/($FS10+$FU10+$FW10))*100) -> #DIV/0! | FU10: =IF($AZ10="N","N",EV10+FA10+FF10+FK10+FP10) -> 0 | FV10: =IF($AZ10="N","N",(FU10/($FS10+$FU10+$FW10))*100) -> #DIV/0! | FW10: =IF($AZ10="N","N",EW10+FB10+FG10+FL10+FQ10) -> 0 | FX10: =IF($AZ10="N","N",(FW10/($FS10+$FU10+$FW10))*100) -> #DIV/0! | FY10: =IF($AZ10="N","N",ET10+EY10+FD10+FI10+FN10) -> 0 | FZ10: =IF($AZ10="N","N",SUM(AA10:AA13)) -> 0 | GA10: =IF($AZ10="N","N",SUM('調查資料(OUT)'!BJ16:BJ19)) -> 0 | GB10: =IF($AZ10="N","N",SUM('調查資料(OUT)'!BO16:BO19)) -> 0 | GC10: =IF($AZ10="N","N",SUM('調查資料(OUT)'!BT16:BT19)) -> 0 | GD10: =IF($AZ10="N","N",(FZ10/HE10)*100) -> #DIV/0! | GE10: =IF($AZ10="N","N",SUM(AB10:AB13)) -> 0 | GF10: =IF($AZ10="N","N",SUM('調查資料(OUT)'!BK16:BK19)) -> 0 | GG10: =IF($AZ10="N","N",SUM('調查資料(OUT)'!BP16:BP19)) -> 0 | GH10: =IF($AZ10="N","N",SUM('調查資料(OUT)'!BU16:BU19)) -> 0 | GI10: =IF($AZ10="N","N",(GE10/$HE10)*100) -> #DIV/0! | GJ10: =IF($AZ10="N","N",SUM(AC10:AC13)) -> 0 | GK10: =IF($AZ10="N","N",SUM('調查資料(OUT)'!BL16:BL19)) -> 0 | GL10: =IF($AZ10="N","N",SUM('調查資料(OUT)'!BQ16:BQ19)) -> 0 | GM10: =IF($AZ10="N","N",SUM('調查資料(OUT)'!BV16:BV19)) -> 0 | GN10: =IF($AZ10="N","N",(GJ10/$HE10)*100) -> #DIV/0! | GO10: =IF($AZ10="N","N",SUM(AD10:AD13)) -> 0 | GP10: =IF($AZ10="N","N",SUM('調查資料(OUT)'!BM16:BM19)) -> 0 | GQ10: =IF($AZ10="N","N",SUM('調查資料(OUT)'!BR16:BR19)) -> 0 | GR10: =IF($AZ10="N","N",SUM('調查資料(OUT)'!BW16:BW19)) -> 0 | GS10: =IF($AZ10="N","N",(GO10/$HE10)*100) -> #DIV/0! | GT10: =IF($AZ10="N","N",SUM(AE10:AE13)) -> 0 | GU10: =IF($AZ10="N","N",SUM('調查資料(OUT)'!BN16:BN19)) -> 0 | GV10: =IF($AZ10="N","N",SUM('調查資料(OUT)'!BS16:BS19)) -> 0 | GW10: =IF($AZ10="N","N",SUM('調查資料(OUT)'!BX16:BX19)) -> 0 | GX10: =IF($AZ10="N","N",(GT10/$HE10)*100) -> #DIV/0! | GY10: =IF($AZ10="N","N",GA10+GF10+GK10+GP10+GU10) -> 0 | GZ10: =IF($AZ10="N","N",(GY10/($GY10+$HA10+$HC10))*100) -> #DIV/0! | HA10: =IF($AZ10="N","N",GB10+GG10+GL10+GQ10+GV10) -> 0 | HB10: =IF($AZ10="N","N",(HA10/($GY10+$HA10+$HC10))*100) -> #DIV/0! | HC10: =IF($AZ10="N","N",GC10+GH10+GM10+GR10+GW10) -> 0 | HD10: =IF($AZ10="N","N",(HC10/($GY10+$HA10+$HC10))*100) -> #DIV/0! | HE10: =IF($AZ10="N","N",FZ10+GE10+GJ10+GO10+GT10) -> 0 | HF10: =IF($AZ10="N","N",SUM(AG10:AG13)) -> 0 | HG10: =IF($AZ10="N","N",SUM('調查資料(OUT)'!BY16:BY19)) -> 0 | HH10: =IF($AZ10="N","N",SUM('調查資料(OUT)'!CD16:CD19)) -> 0 | HI10: =IF($AZ10="N","N",SUM('調查資料(OUT)'!CI16:CI19)) -> 0 | HJ10: =IF($AZ10="N","N",(HF10/$IK10)*100) -> #DIV/0! | HK10: =IF($AZ10="N","N",SUM(AH10:AH13)) -> 0 | HL10: =IF($AZ10="N","N",SUM('調查資料(OUT)'!BZ16:BZ19)) -> 0 | HM10: =IF($AZ10="N","N",SUM('調查資料(OUT)'!CE16:CE19)) -> 0 | HN10: =IF($AZ10="N","N",SUM('調查資料(OUT)'!CJ16:CJ19)) -> 0 | HO10: =IF($AZ10="N","N",(HK10/$IK10)*100) -> #DIV/0! | HP10: =IF($AZ10="N","N",SUM(AI10:AI13)) -> 0 | HQ10: =IF($AZ10="N","N",SUM('調查資料(OUT)'!CA16:CA19)) -> 0 | HR10: =IF($AZ10="N","N",SUM('調查資料(OUT)'!CF16:CF19)) -> 0 | HS10: =IF($AZ10="N","N",SUM('調查資料(OUT)'!CK16:CK19)) -> 0 | HT10: =IF($AZ10="N","N",(HP10/$IK10)*100) -> #DIV/0! | HU10: =IF($AZ10="N","N",SUM(AJ10:AJ13)) -> 0 | HV10: =IF($AZ10="N","N",SUM('調查資料(OUT)'!CB16:CB19)) -> 0 | HW10: =IF($AZ10="N","N",SUM('調查資料(OUT)'!CG16:CG19)) -> 0 | HX10: =IF($AZ10="N","N",SUM('調查資料(OUT)'!CL16:CL19)) -> 0 | HY10: =IF($AZ10="N","N",(HU10/$IK10)*100) -> #DIV/0! | HZ10: =IF($AZ10="N","N",SUM(AK10:AK13)) -> 0 | IA10: =IF($AZ10="N","N",SUM('調查資料(OUT)'!CC16:CC19)) -> 0 | IB10: =IF($AZ10="N","N",SUM('調查資料(OUT)'!CH16:CH19)) -> 0 | IC10: =IF($AZ10="N","N",SUM('調查資料(OUT)'!CM16:CM19)) -> 0 | ID10: =IF($AZ10="N","N",(HZ10/$IK10)*100) -> #DIV/0! | IE10: =IF($AZ10="N","N",HG10+HL10+HQ10+HV10+IA10) -> 0 | IF10: =IF($AZ10="N","N",(IE10/($IE10+$IG10+$II10))*100) -> #DIV/0! | IG10: =IF($AZ10="N","N",HH10+HM10+HR10+HW10+IB10) -> 0 | IH10: =IF($AZ10="N","N",(IG10/($IE10+$IG10+$II10))*100) -> #DIV/0! | II10: =IF($AZ10="N","N",HI10+HN10+HS10+HX10+IC10) -> 0 | IJ10: =IF($AZ10="N","N",(II10/($IE10+$IG10+$II10))*100) -> #DIV/0! | IK10: =IF($AZ10="N","N",HF10+HK10+HP10+HU10+HZ10) -> 0
A11: ='[4]調查資料(OUT)'!A17 -> 130 | B11: =SUM(C11:G11) -> 0 | C11: =IFERROR('調查資料(OUT)'!$B$1*'調查資料(OUT)'!B17,0)+IFERROR('調查資料(OUT)'!$G$1*'調查資料(OUT)'!G17,0)+IFERROR('調查資料(OUT)'!$L$1*'調查資料(OUT)'!L17,0) -> 0 | D11: =IFERROR('調查資料(OUT)'!$C$1*'調查資料(OUT)'!C17,0)+IFERROR('調查資料(OUT)'!$H$1*'調查資料(OUT)'!H17,0)+IFERROR('調查資料(OUT)'!$M$1*'調查資料(OUT)'!M17,0) -> 0 | E11: =IFERROR('調查資料(OUT)'!$D$1*'調查資料(OUT)'!D17,0)+IFERROR('調查資料(OUT)'!$I$1*'調查資料(OUT)'!I17,0)+IFERROR('調查資料(OUT)'!$N$1*'調查資料(OUT)'!N17,0) -> 0 | F11: =IFERROR('調查資料(OUT)'!$E$1*'調查資料(OUT)'!E17,0)+IFERROR('調查資料(OUT)'!$J$1*'調查資料(OUT)'!J17,0)+IFERROR('調查資料(OUT)'!$O$1*'調查資料(OUT)'!O17,0) -> 0 | G11: =IFERROR('調查資料(OUT)'!$F$1*'調查資料(OUT)'!F17,0)+IFERROR('調查資料(OUT)'!$K$1*'調查資料(OUT)'!K17,0)+IFERROR('調查資料(OUT)'!$P$1*'調查資料(OUT)'!P17,0) -> 0 | H11: =SUM(I11:M11) -> 0 | I11: =IFERROR('調查資料(OUT)'!$Q$1*'調查資料(OUT)'!Q17,0)+IFERROR('調查資料(OUT)'!$V$1*'調查資料(OUT)'!V17,0)+IFERROR('調查資料(OUT)'!$AA$1*'調查資料(OUT)'!AA17,0) -> 0 | J11: =IFERROR('調查資料(OUT)'!$R$1*'調查資料(OUT)'!R17,0)+IFERROR('調查資料(OUT)'!$W$1*'調查資料(OUT)'!W17,0)+IFERROR('調查資料(OUT)'!$AB$1*'調查資料(OUT)'!AB17,0) -> 0 | K11: =IFERROR('調查資料(OUT)'!$S$1*'調查資料(OUT)'!S17,0)+IFERROR('調查資料(OUT)'!$X$1*'調查資料(OUT)'!X17,0)+IFERROR('調查資料(OUT)'!$AC$1*'調查資料(OUT)'!AC17,0) -> 0 | L11: =IFERROR('調查資料(OUT)'!$T$1*'調查資料(OUT)'!T17,0)+IFERROR('調查資料(OUT)'!$Y$1*'調查資料(OUT)'!Y17,0)+IFERROR('調查資料(OUT)'!$AD$1*'調查資料(OUT)'!AD17,0) -> 0 | M11: =IFERROR('調查資料(OUT)'!$U$1*'調查資料(OUT)'!U17,0)+IFERROR('調查資料(OUT)'!$Z$1*'調查資料(OUT)'!Z17,0)+IFERROR('調查資料(OUT)'!$AE$1*'調查資料(OUT)'!AE17,0) -> 0 | N11: =SUM(O11:S11) -> 0 | O11: =IFERROR('調查資料(OUT)'!$AF$1*'調查資料(OUT)'!AF17,0)+IFERROR('調查資料(OUT)'!$AK$1*'調查資料(OUT)'!AK17,0)+IFERROR('調查資料(OUT)'!$AP$1*'調查資料(OUT)'!AP17,0) -> 0 | P11: =IFERROR('調查資料(OUT)'!$AG$1*'調查資料(OUT)'!AG17,0)+IFERROR('調查資料(OUT)'!$AL$1*'調查資料(OUT)'!AL17,0)+IFERROR('調查資料(OUT)'!$AQ$1*'調查資料(OUT)'!AQ17,0) -> 0 | Q11: =IFERROR('調查資料(OUT)'!$AH$1*'調查資料(OUT)'!AH17,0)+IFERROR('調查資料(OUT)'!$AM$1*'調查資料(OUT)'!AM17,0)+IFERROR('調查資料(OUT)'!$AR$1*'調查資料(OUT)'!AR17,0) -> 0 | R11: =IFERROR('調查資料(OUT)'!$AI$1*'調查資料(OUT)'!AI17,0)+IFERROR('調查資料(OUT)'!$AN$1*'調查資料(OUT)'!AN17,0)+IFERROR('調查資料(OUT)'!$AS$1*'調查資料(OUT)'!AS17,0) -> 0 | S11: =IFERROR('調查資料(OUT)'!$AJ$1*'調查資料(OUT)'!AJ17,0)+IFERROR('調查資料(OUT)'!$AO$1*'調查資料(OUT)'!AO17,0)+IFERROR('調查資料(OUT)'!$AT$1*'調查資料(OUT)'!AT17,0) -> 0 | T11: =SUM(U11:Y11) -> 0 | U11: =IFERROR('調查資料(OUT)'!$AU$1*'調查資料(OUT)'!AU17,0)+IFERROR('調查資料(OUT)'!$AZ$1*'調查資料(OUT)'!AZ17,0)+IFERROR('調查資料(OUT)'!$BE$1*'調查資料(OUT)'!BE17,0) -> 0 | V11: =IFERROR('調查資料(OUT)'!$AV$1*'調查資料(OUT)'!AV17,0)+IFERROR('調查資料(OUT)'!$BA$1*'調查資料(OUT)'!BA17,0)+IFERROR('調查資料(OUT)'!$BF$1*'調查資料(OUT)'!BF17,0) -> 0 | W11: =IFERROR('調查資料(OUT)'!$AW$1*'調查資料(OUT)'!AW17,0)+IFERROR('調查資料(OUT)'!$BB$1*'調查資料(OUT)'!BB17,0)+IFERROR('調查資料(OUT)'!$BG$1*'調查資料(OUT)'!BG17,0) -> 0 | X11: =IFERROR('調查資料(OUT)'!$AX$1*'調查資料(OUT)'!AX17,0)+IFERROR('調查資料(OUT)'!$BC$1*'調查資料(OUT)'!BC17,0)+IFERROR('調查資料(OUT)'!$BH$1*'調查資料(OUT)'!BH17,0) -> 0 | Y11: =IFERROR('調查資料(OUT)'!$AY$1*'調查資料(OUT)'!AY17,0)+IFERROR('調查資料(OUT)'!$BD$1*'調查資料(OUT)'!BD17,0)+IFERROR('調查資料(OUT)'!$BI$1*'調查資料(OUT)'!BI17,0) -> 0 | Z11: =SUM(AA11:AE11) -> 0 | AA11: =IFERROR('調查資料(OUT)'!$BJ$1*'調查資料(OUT)'!BJ17,0)+IFERROR('調查資料(OUT)'!$BO$1*'調查資料(OUT)'!BO17,0)+IFERROR('調查資料(OUT)'!$BT$1*'調查資料(OUT)'!BT17,0) -> 0 | AB11: =IFERROR('調查資料(OUT)'!$BK$1*'調查資料(OUT)'!BK17,0)+IFERROR('調查資料(OUT)'!$BP$1*'調查資料(OUT)'!BP17,0)+IFERROR('調查資料(OUT)'!$BU$1*'調查資料(OUT)'!BU17,0) -> 0 | AC11: =IFERROR('調查資料(OUT)'!$BL$1*'調查資料(OUT)'!BL17,0)+IFERROR('調查資料(OUT)'!$BQ$1*'調查資料(OUT)'!BQ17,0)+IFERROR('調查資料(OUT)'!$BV$1*'調查資料(OUT)'!BV17,0) -> 0 | AD11: =IFERROR('調查資料(OUT)'!$BM$1*'調查資料(OUT)'!BM17,0)+IFERROR('調查資料(OUT)'!$BR$1*'調查資料(OUT)'!BR17,0)+IFERROR('調查資料(OUT)'!$BW$1*'調查資料(OUT)'!BW17,0) -> 0 | AE11: =IFERROR('調查資料(OUT)'!$BN$1*'調查資料(OUT)'!BN17,0)+IFERROR('調查資料(OUT)'!$BS$1*'調查資料(OUT)'!BS17,0)+IFERROR('調查資料(OUT)'!$BX$1*'調查資料(OUT)'!BX17,0) -> 0 | AF11: =SUM(AG11:AK11) -> 0 | AG11: =IFERROR('調查資料(OUT)'!$BY$1*'調查資料(OUT)'!BY17,0)+IFERROR('調查資料(OUT)'!$CD$1*'調查資料(OUT)'!CD17,0)+IFERROR('調查資料(OUT)'!$CI$1*'調查資料(OUT)'!CI17,0) -> 0 | AH11: =IFERROR('調查資料(OUT)'!$BZ$1*'調查資料(OUT)'!BZ17,0)+IFERROR('調查資料(OUT)'!$CE$1*'調查資料(OUT)'!CE17,0)+IFERROR('調查資料(OUT)'!$CJ$1*'調查資料(OUT)'!CJ17,0) -> 0 | AI11: =IFERROR('調查資料(OUT)'!$CA$1*'調查資料(OUT)'!CA17,0)+IFERROR('調查資料(OUT)'!$CF$1*'調查資料(OUT)'!CF17,0)+IFERROR('調查資料(OUT)'!$CK$1*'調查資料(OUT)'!CK17,0) -> 0 | AJ11: =IFERROR('調查資料(OUT)'!$CB$1*'調查資料(OUT)'!CB17,0)+IFERROR('調查資料(OUT)'!$CG$1*'調查資料(OUT)'!CG17,0)+IFERROR('調查資料(OUT)'!$CL$1*'調查資料(OUT)'!CL17,0) -> 0 | AK11: =IFERROR('調查資料(OUT)'!$CC$1*'調查資料(OUT)'!CC17,0)+IFERROR('調查資料(OUT)'!$CH$1*'調查資料(OUT)'!CH17,0)+IFERROR('調查資料(OUT)'!$CM$1*'調查資料(OUT)'!CM17,0) -> 0 | AL11: =B11+H11+N11+T11+Z11+AF11 -> 0 | AN11: ='調查資料(OUT)'!A17 -> 130 | AO11: =AN11+100 -> 230 | AP11: =SUM(AL11:AL14) -> 0 | AR11: =IF($AP11=$AQ$5,MAX(AL11:AL14),0) -> 0 | AS11: =IF($AP11=AQ$5,SUM(B11:B14)/(4*(MAX(B11:B14))),0) -> #DIV/0! | AT11: =IF($AP11=AQ$5,SUM(H11:H14)/(4*(MAX(H11:H14))),0) -> #DIV/0! | AU11: =IF($AP11=AQ$5,SUM(N11:N14)/(4*(MAX(N11:N14))),0) -> #DIV/0! | AV11: =IF($AP11=AQ$5,SUM(T11:T14)/(4*(MAX(T11:T14))),0) -> #DIV/0! | AW11: =IF($AP11=AQ$5,SUM(Z11:Z14)/(4*(MAX(Z11:Z14))),0) -> #DIV/0! | AX11: =IF($AP11=AQ$5,SUM(AF11:AF14)/(4*(MAX(AF11:AF14))),0) -> #DIV/0! | AZ11: =IF(AP11=AQ$5,$AN11,"N") -> 130 | BA11: =IF(AP11=AQ$5,$AO11,"N") -> 230 | BB11: =IF($AZ11="N","N",SUM(C11:C14)) -> 0 | BC11: =IF($AZ11="N","N",SUM('調查資料(OUT)'!B17:B20)) -> 0 | BD11: =IF($AZ11="N","N",SUM('調查資料(OUT)'!G17:G20)) -> 0 | BE11: =IF($AZ11="N","N",SUM('調查資料(OUT)'!L17:L20)) -> 0 | BF11: =IF($AZ11="N","N",(BB11/$CG11)*100) -> #DIV/0! | BG11: =IF($AZ11="N","N",SUM(D11:D14)) -> 0 | BH11: =IF($AZ11="N","N",SUM('調查資料(OUT)'!C17:C20)) -> 0 | BI11: =IF($AZ11="N","N",SUM('調查資料(OUT)'!H17:H20)) -> 0 | BJ11: =IF($AZ11="N","N",SUM('調查資料(OUT)'!M17:M20)) -> 0 | BK11: =IF($AZ11="N","N",(BG11/$CG11)*100) -> #DIV/0! | BL11: =IF($AZ11="N","N",SUM(E11:E14)) -> 0 | BM11: =IF($AZ11="N","N",SUM('調查資料(OUT)'!D17:D20)) -> 0 | BN11: =IF($AZ11="N","N",SUM('調查資料(OUT)'!I17:I20)) -> 0 | BO11: =IF($AZ11="N","N",SUM('調查資料(OUT)'!N17:N20)) -> 0 | BP11: =IF($AZ11="N","N",(BL11/$CG11)*100) -> #DIV/0! | BQ11: =IF($AZ11="N","N",SUM(F11:F14)) -> 0 | BR11: =IF($AZ11="N","N",SUM('調查資料(OUT)'!E17:E20)) -> 0 | BS11: =IF($AZ11="N","N",SUM('調查資料(OUT)'!J17:J20)) -> 0 | BT11: =IF($AZ11="N","N",SUM('調查資料(OUT)'!O17:O20)) -> 0 | BU11: =IF($AZ11="N","N",(BQ11/$CG11)*100) -> #DIV/0! | BV11: =IF($AZ11="N","N",SUM(G11:G14)) -> 0 | BW11: =IF($AZ11="N","N",SUM('調查資料(OUT)'!F17:F20)) -> 0 | BX11: =IF($AZ11="N","N",SUM('調查資料(OUT)'!K17:K20)) -> 0 | BY11: =IF($AZ11="N","N",SUM('調查資料(OUT)'!P17:P20)) -> 0 | BZ11: =IF($AZ11="N","N",(BV11/$CG11)*100) -> #DIV/0! | CA11: =IF($AZ11="N","N",BC11+BH11+BM11+BR11+BW11) -> 0 | CB11: =IF($AZ11="N","N",(CA11/($CA11+$CC11+$CE11))*100) -> #DIV/0! | CC11: =IF($AZ11="N","N",BD11+BI11+BN11+BS11+BX11) -> 0 | CD11: =IF($AZ11="N","N",(CC11/($CA11+$CC11+$CE11))*100) -> #DIV/0! | CE11: =IF($AZ11="N","N",BE11+BJ11+BO11+BT11+BY11) -> 0 | CF11: =IF($AZ11="N","N",(CE11/($CA11+$CC11+$CE11))*100) -> #DIV/0! | CG11: =IF($AZ11="N","N",BB11+BG11+BL11+BQ11+BV11) -> 0 | CH11: =IF($AZ11="N","N",SUM(I11:I14)) -> 0 | CI11: =IF($AZ11="N","N",SUM('調查資料(OUT)'!Q17:Q20)) -> 0 | CJ11: =IF($AZ11="N","N",SUM('調查資料(OUT)'!V17:V20)) -> 0 | CK11: =IF($AZ11="N","N",SUM('調查資料(OUT)'!AA17:AA20)) -> 0 | CL11: =IF($AZ11="N","N",(CH11/DM11)*100) -> #DIV/0! | CM11: =IF($AZ11="N","N",SUM(J11:J14)) -> 0 | CN11: =IF($AZ11="N","N",SUM('調查資料(OUT)'!R17:R20)) -> 0 | CO11: =IF($AZ11="N","N",SUM('調查資料(OUT)'!W17:W20)) -> 0 | CP11: =IF($AZ11="N","N",SUM('調查資料(OUT)'!AB17:AB20)) -> 0 | CQ11: =IF($AZ11="N","N",(CM11/$DM11)*100) -> #DIV/0! | CR11: =IF($AZ11="N","N",SUM(K11:K14)) -> 0 | CS11: =IF($AZ11="N","N",SUM('調查資料(OUT)'!S17:S20)) -> 0 | CT11: =IF($AZ11="N","N",SUM('調查資料(OUT)'!X17:X20)) -> 0 | CU11: =IF($AZ11="N","N",SUM('調查資料(OUT)'!AC17:AC20)) -> 0 | CV11: =IF($AZ11="N","N",(CR11/$DM11)*100) -> #DIV/0! | CW11: =IF($AZ11="N","N",SUM(L11:L14)) -> 0 | CX11: =IF($AZ11="N","N",SUM('調查資料(OUT)'!T17:T20)) -> 0 | CY11: =IF($AZ11="N","N",SUM('調查資料(OUT)'!Y17:Y20)) -> 0 | CZ11: =IF($AZ11="N","N",SUM('調查資料(OUT)'!AD17:AD20)) -> 0 | DA11: =IF($AZ11="N","N",(CW11/$DM11)*100) -> #DIV/0! | DB11: =IF($AZ11="N","N",SUM(M11:M14)) -> 0 | DC11: =IF($AZ11="N","N",SUM('調查資料(OUT)'!U17:U20)) -> 0 | DD11: =IF($AZ11="N","N",SUM('調查資料(OUT)'!Z17:Z20)) -> 0 | DE11: =IF($AZ11="N","N",SUM('調查資料(OUT)'!AE17:AE20)) -> 0 | DF11: =IF($AZ11="N","N",(DB11/$DM11)*100) -> #DIV/0! | DG11: =IF($AZ11="N","N",CI11+CN11+CS11+CX11+DC11) -> 0 | DH11: =IF($AZ11="N","N",(DG11/($DG11+$DI11+$DK11))*100) -> #DIV/0! | DI11: =IF($AZ11="N","N",CJ11+CO11+CT11+CY11+DD11) -> 0 | DJ11: =IF($AZ11="N","N",(DI11/($DG11+$DI11+$DK11))*100) -> #DIV/0! | DK11: =IF($AZ11="N","N",CK11+CP11+CU11+CZ11+DE11) -> 0 | DL11: =IF($AZ11="N","N",(DK11/($DG11+$DI11+$DK11))*100) -> #DIV/0! | DM11: =IF($AZ11="N","N",CH11+CM11+CR11+CW11+DB11) -> 0 | DN11: =IF($AZ11="N","N",SUM(O11:O14)) -> 0 | DO11: =IF($AZ11="N","N",SUM('調查資料(OUT)'!AF17:AF20)) -> 0 | DP11: =IF($AZ11="N","N",SUM('調查資料(OUT)'!AK17:AK20)) -> 0 | DQ11: =IF($AZ11="N","N",SUM('調查資料(OUT)'!AP17:AP20)) -> 0 | DR11: =IF($AZ11="N","N",(DN11/ES11)*100) -> #DIV/0! | DS11: =IF($AZ11="N","N",SUM(P11:P14)) -> 0 | DT11: =IF($AZ11="N","N",SUM('調查資料(OUT)'!AG17:AG20)) -> 0 | DU11: =IF($AZ11="N","N",SUM('調查資料(OUT)'!AL17:AL20)) -> 0 | DV11: =IF($AZ11="N","N",SUM('調查資料(OUT)'!AQ17:AQ20)) -> 0 | DW11: =IF($AZ11="N","N",(DS11/$ES11)*100) -> #DIV/0! | DX11: =IF($AZ11="N","N",SUM(Q11:Q14)) -> 0 | DY11: =IF($AZ11="N","N",SUM('調查資料(OUT)'!AH17:AH20)) -> 0 | DZ11: =IF($AZ11="N","N",SUM('調查資料(OUT)'!AM17:AM20)) -> 0 | EA11: =IF($AZ11="N","N",SUM('調查資料(OUT)'!AR17:AR20)) -> 0 | EB11: =IF($AZ11="N","N",(DX11/$ES11)*100) -> #DIV/0! | EC11: =IF($AZ11="N","N",SUM(R11:R14)) -> 0 | ED11: =IF($AZ11="N","N",SUM('調查資料(OUT)'!AI17:AI20)) -> 0 | EE11: =IF($AZ11="N","N",SUM('調查資料(OUT)'!AN17:AN20)) -> 0 | EF11: =IF($AZ11="N","N",SUM('調查資料(OUT)'!AS17:AS20)) -> 0 | EG11: =IF($AZ11="N","N",(EC11/$ES11)*100) -> #DIV/0! | EH11: =IF($AZ11="N","N",SUM(S11:S14)) -> 0 | EI11: =IF($AZ11="N","N",SUM('調查資料(OUT)'!AJ17:AJ20)) -> 0 | EJ11: =IF($AZ11="N","N",SUM('調查資料(OUT)'!AO17:AO20)) -> 0 | EK11: =IF($AZ11="N","N",SUM('調查資料(OUT)'!AT17:AT20)) -> 0 | EL11: =IF($AZ11="N","N",(EH11/$ES11)*100) -> #DIV/0! | EM11: =IF($AZ11="N","N",DO11+DT11+DY11+ED11+EI11) -> 0 | EN11: =IF($AZ11="N","N",(EM11/($EM11+$EO11+$EQ11))*100) -> #DIV/0! | EO11: =IF($AZ11="N","N",DP11+DU11+DZ11+EE11+EJ11) -> 0 | EP11: =IF($AZ11="N","N",(EO11/($EM11+$EO11+$EQ11))*100) -> #DIV/0! | EQ11: =IF($AZ11="N","N",DQ11+DV11+EA11+EF11+EK11) -> 0 | ER11: =IF($AZ11="N","N",(EQ11/($EM11+$EO11+$EQ11))*100) -> #DIV/0! | ES11: =IF($AZ11="N","N",DN11+DS11+DX11+EC11+EH11) -> 0 | ET11: =IF($AZ11="N","N",SUM(U11:U14)) -> 0 | EU11: =IF($AZ11="N","N",SUM('調查資料(OUT)'!AU17:AU20)) -> 0 | EV11: =IF($AZ11="N","N",SUM('調查資料(OUT)'!AZ17:AZ20)) -> 0 | EW11: =IF($AZ11="N","N",SUM('調查資料(OUT)'!BE17:BE20)) -> 0 | EX11: =IF($AZ11="N","N",(ET11/FY11)*100) -> #DIV/0! | EY11: =IF($AZ11="N","N",SUM(V11:V14)) -> 0 | EZ11: =IF($AZ11="N","N",SUM('調查資料(OUT)'!AV17:AV20)) -> 0 | FA11: =IF($AZ11="N","N",SUM('調查資料(OUT)'!BA17:BA20)) -> 0 | FB11: =IF($AZ11="N","N",SUM('調查資料(OUT)'!BF17:BF20)) -> 0 | FC11: =IF($AZ11="N","N",(EY11/$FY11)*100) -> #DIV/0! | FD11: =IF($AZ11="N","N",SUM(W11:W14)) -> 0 | FE11: =IF($AZ11="N","N",SUM('調查資料(OUT)'!AW17:AW20)) -> 0 | FF11: =IF($AZ11="N","N",SUM('調查資料(OUT)'!BB17:BB20)) -> 0 | FG11: =IF($AZ11="N","N",SUM('調查資料(OUT)'!BG17:BG20)) -> 0 | FH11: =IF($AZ11="N","N",(FD11/$FY11)*100) -> #DIV/0! | FI11: =IF($AZ11="N","N",SUM(X11:X14)) -> 0 | FJ11: =IF($AZ11="N","N",SUM('調查資料(OUT)'!AX17:AX20)) -> 0 | FK11: =IF($AZ11="N","N",SUM('調查資料(OUT)'!BC17:BC20)) -> 0 | FL11: =IF($AZ11="N","N",SUM('調查資料(OUT)'!BH17:BH20)) -> 0 | FM11: =IF($AZ11="N","N",(FI11/$FY11)*100) -> #DIV/0! | FN11: =IF($AZ11="N","N",SUM(Y11:Y14)) -> 0 | FO11: =IF($AZ11="N","N",SUM('調查資料(OUT)'!AY17:AY20)) -> 0 | FP11: =IF($AZ11="N","N",SUM('調查資料(OUT)'!BD17:BD20)) -> 0 | FQ11: =IF($AZ11="N","N",SUM('調查資料(OUT)'!BI17:BI20)) -> 0 | FR11: =IF($AZ11="N","N",(FN11/$FY11)*100) -> #DIV/0! | FS11: =IF($AZ11="N","N",EU11+EZ11+FE11+FJ11+FO11) -> 0 | FT11: =IF($AZ11="N","N",(FS11/($FS11+$FU11+$FW11))*100) -> #DIV/0! | FU11: =IF($AZ11="N","N",EV11+FA11+FF11+FK11+FP11) -> 0 | FV11: =IF($AZ11="N","N",(FU11/($FS11+$FU11+$FW11))*100) -> #DIV/0! | FW11: =IF($AZ11="N","N",EW11+FB11+FG11+FL11+FQ11) -> 0 | FX11: =IF($AZ11="N","N",(FW11/($FS11+$FU11+$FW11))*100) -> #DIV/0! | FY11: =IF($AZ11="N","N",ET11+EY11+FD11+FI11+FN11) -> 0 | FZ11: =IF($AZ11="N","N",SUM(AA11:AA14)) -> 0 | GA11: =IF($AZ11="N","N",SUM('調查資料(OUT)'!BJ17:BJ20)) -> 0 | GB11: =IF($AZ11="N","N",SUM('調查資料(OUT)'!BO17:BO20)) -> 0 | GC11: =IF($AZ11="N","N",SUM('調查資料(OUT)'!BT17:BT20)) -> 0 | GD11: =IF($AZ11="N","N",(FZ11/HE11)*100) -> #DIV/0! | GE11: =IF($AZ11="N","N",SUM(AB11:AB14)) -> 0 | GF11: =IF($AZ11="N","N",SUM('調查資料(OUT)'!BK17:BK20)) -> 0 | GG11: =IF($AZ11="N","N",SUM('調查資料(OUT)'!BP17:BP20)) -> 0 | GH11: =IF($AZ11="N","N",SUM('調查資料(OUT)'!BU17:BU20)) -> 0 | GI11: =IF($AZ11="N","N",(GE11/$HE11)*100) -> #DIV/0! | GJ11: =IF($AZ11="N","N",SUM(AC11:AC14)) -> 0 | GK11: =IF($AZ11="N","N",SUM('調查資料(OUT)'!BL17:BL20)) -> 0 | GL11: =IF($AZ11="N","N",SUM('調查資料(OUT)'!BQ17:BQ20)) -> 0 | GM11: =IF($AZ11="N","N",SUM('調查資料(OUT)'!BV17:BV20)) -> 0 | GN11: =IF($AZ11="N","N",(GJ11/$HE11)*100) -> #DIV/0! | GO11: =IF($AZ11="N","N",SUM(AD11:AD14)) -> 0 | GP11: =IF($AZ11="N","N",SUM('調查資料(OUT)'!BM17:BM20)) -> 0 | GQ11: =IF($AZ11="N","N",SUM('調查資料(OUT)'!BR17:BR20)) -> 0 | GR11: =IF($AZ11="N","N",SUM('調查資料(OUT)'!BW17:BW20)) -> 0 | GS11: =IF($AZ11="N","N",(GO11/$HE11)*100) -> #DIV/0! | GT11: =IF($AZ11="N","N",SUM(AE11:AE14)) -> 0 | GU11: =IF($AZ11="N","N",SUM('調查資料(OUT)'!BN17:BN20)) -> 0 | GV11: =IF($AZ11="N","N",SUM('調查資料(OUT)'!BS17:BS20)) -> 0 | GW11: =IF($AZ11="N","N",SUM('調查資料(OUT)'!BX17:BX20)) -> 0 | GX11: =IF($AZ11="N","N",(GT11/$HE11)*100) -> #DIV/0! | GY11: =IF($AZ11="N","N",GA11+GF11+GK11+GP11+GU11) -> 0 | GZ11: =IF($AZ11="N","N",(GY11/($GY11+$HA11+$HC11))*100) -> #DIV/0! | HA11: =IF($AZ11="N","N",GB11+GG11+GL11+GQ11+GV11) -> 0 | HB11: =IF($AZ11="N","N",(HA11/($GY11+$HA11+$HC11))*100) -> #DIV/0! | HC11: =IF($AZ11="N","N",GC11+GH11+GM11+GR11+GW11) -> 0 | HD11: =IF($AZ11="N","N",(HC11/($GY11+$HA11+$HC11))*100) -> #DIV/0! | HE11: =IF($AZ11="N","N",FZ11+GE11+GJ11+GO11+GT11) -> 0 | HF11: =IF($AZ11="N","N",SUM(AG11:AG14)) -> 0 | HG11: =IF($AZ11="N","N",SUM('調查資料(OUT)'!BY17:BY20)) -> 0 | HH11: =IF($AZ11="N","N",SUM('調查資料(OUT)'!CD17:CD20)) -> 0 | HI11: =IF($AZ11="N","N",SUM('調查資料(OUT)'!CI17:CI20)) -> 0 | HJ11: =IF($AZ11="N","N",(HF11/$IK11)*100) -> #DIV/0! | HK11: =IF($AZ11="N","N",SUM(AH11:AH14)) -> 0 | HL11: =IF($AZ11="N","N",SUM('調查資料(OUT)'!BZ17:BZ20)) -> 0 | HM11: =IF($AZ11="N","N",SUM('調查資料(OUT)'!CE17:CE20)) -> 0 | HN11: =IF($AZ11="N","N",SUM('調查資料(OUT)'!CJ17:CJ20)) -> 0 | HO11: =IF($AZ11="N","N",(HK11/$IK11)*100) -> #DIV/0! | HP11: =IF($AZ11="N","N",SUM(AI11:AI14)) -> 0 | HQ11: =IF($AZ11="N","N",SUM('調查資料(OUT)'!CA17:CA20)) -> 0 | HR11: =IF($AZ11="N","N",SUM('調查資料(OUT)'!CF17:CF20)) -> 0 | HS11: =IF($AZ11="N","N",SUM('調查資料(OUT)'!CK17:CK20)) -> 0 | HT11: =IF($AZ11="N","N",(HP11/$IK11)*100) -> #DIV/0! | HU11: =IF($AZ11="N","N",SUM(AJ11:AJ14)) -> 0 | HV11: =IF($AZ11="N","N",SUM('調查資料(OUT)'!CB17:CB20)) -> 0 | HW11: =IF($AZ11="N","N",SUM('調查資料(OUT)'!CG17:CG20)) -> 0 | HX11: =IF($AZ11="N","N",SUM('調查資料(OUT)'!CL17:CL20)) -> 0 | HY11: =IF($AZ11="N","N",(HU11/$IK11)*100) -> #DIV/0! | HZ11: =IF($AZ11="N","N",SUM(AK11:AK14)) -> 0 | IA11: =IF($AZ11="N","N",SUM('調查資料(OUT)'!CC17:CC20)) -> 0 | IB11: =IF($AZ11="N","N",SUM('調查資料(OUT)'!CH17:CH20)) -> 0 | IC11: =IF($AZ11="N","N",SUM('調查資料(OUT)'!CM17:CM20)) -> 0 | ID11: =IF($AZ11="N","N",(HZ11/$IK11)*100) -> #DIV/0! | IE11: =IF($AZ11="N","N",HG11+HL11+HQ11+HV11+IA11) -> 0 | IF11: =IF($AZ11="N","N",(IE11/($IE11+$IG11+$II11))*100) -> #DIV/0! | IG11: =IF($AZ11="N","N",HH11+HM11+HR11+HW11+IB11) -> 0 | IH11: =IF($AZ11="N","N",(IG11/($IE11+$IG11+$II11))*100) -> #DIV/0! | II11: =IF($AZ11="N","N",HI11+HN11+HS11+HX11+IC11) -> 0 | IJ11: =IF($AZ11="N","N",(II11/($IE11+$IG11+$II11))*100) -> #DIV/0! | IK11: =IF($AZ11="N","N",HF11+HK11+HP11+HU11+HZ11) -> 0
A12: ='[4]調查資料(OUT)'!A18 -> 145 | B12: =SUM(C12:G12) -> 0 | C12: =IFERROR('調查資料(OUT)'!$B$1*'調查資料(OUT)'!B18,0)+IFERROR('調查資料(OUT)'!$G$1*'調查資料(OUT)'!G18,0)+IFERROR('調查資料(OUT)'!$L$1*'調查資料(OUT)'!L18,0) -> 0 | D12: =IFERROR('調查資料(OUT)'!$C$1*'調查資料(OUT)'!C18,0)+IFERROR('調查資料(OUT)'!$H$1*'調查資料(OUT)'!H18,0)+IFERROR('調查資料(OUT)'!$M$1*'調查資料(OUT)'!M18,0) -> 0 | E12: =IFERROR('調查資料(OUT)'!$D$1*'調查資料(OUT)'!D18,0)+IFERROR('調查資料(OUT)'!$I$1*'調查資料(OUT)'!I18,0)+IFERROR('調查資料(OUT)'!$N$1*'調查資料(OUT)'!N18,0) -> 0 | F12: =IFERROR('調查資料(OUT)'!$E$1*'調查資料(OUT)'!E18,0)+IFERROR('調查資料(OUT)'!$J$1*'調查資料(OUT)'!J18,0)+IFERROR('調查資料(OUT)'!$O$1*'調查資料(OUT)'!O18,0) -> 0 | G12: =IFERROR('調查資料(OUT)'!$F$1*'調查資料(OUT)'!F18,0)+IFERROR('調查資料(OUT)'!$K$1*'調查資料(OUT)'!K18,0)+IFERROR('調查資料(OUT)'!$P$1*'調查資料(OUT)'!P18,0) -> 0 | H12: =SUM(I12:M12) -> 0 | I12: =IFERROR('調查資料(OUT)'!$Q$1*'調查資料(OUT)'!Q18,0)+IFERROR('調查資料(OUT)'!$V$1*'調查資料(OUT)'!V18,0)+IFERROR('調查資料(OUT)'!$AA$1*'調查資料(OUT)'!AA18,0) -> 0 | J12: =IFERROR('調查資料(OUT)'!$R$1*'調查資料(OUT)'!R18,0)+IFERROR('調查資料(OUT)'!$W$1*'調查資料(OUT)'!W18,0)+IFERROR('調查資料(OUT)'!$AB$1*'調查資料(OUT)'!AB18,0) -> 0 | K12: =IFERROR('調查資料(OUT)'!$S$1*'調查資料(OUT)'!S18,0)+IFERROR('調查資料(OUT)'!$X$1*'調查資料(OUT)'!X18,0)+IFERROR('調查資料(OUT)'!$AC$1*'調查資料(OUT)'!AC18,0) -> 0 | L12: =IFERROR('調查資料(OUT)'!$T$1*'調查資料(OUT)'!T18,0)+IFERROR('調查資料(OUT)'!$Y$1*'調查資料(OUT)'!Y18,0)+IFERROR('調查資料(OUT)'!$AD$1*'調查資料(OUT)'!AD18,0) -> 0 | M12: =IFERROR('調查資料(OUT)'!$U$1*'調查資料(OUT)'!U18,0)+IFERROR('調查資料(OUT)'!$Z$1*'調查資料(OUT)'!Z18,0)+IFERROR('調查資料(OUT)'!$AE$1*'調查資料(OUT)'!AE18,0) -> 0 | N12: =SUM(O12:S12) -> 0 | O12: =IFERROR('調查資料(OUT)'!$AF$1*'調查資料(OUT)'!AF18,0)+IFERROR('調查資料(OUT)'!$AK$1*'調查資料(OUT)'!AK18,0)+IFERROR('調查資料(OUT)'!$AP$1*'調查資料(OUT)'!AP18,0) -> 0 | P12: =IFERROR('調查資料(OUT)'!$AG$1*'調查資料(OUT)'!AG18,0)+IFERROR('調查資料(OUT)'!$AL$1*'調查資料(OUT)'!AL18,0)+IFERROR('調查資料(OUT)'!$AQ$1*'調查資料(OUT)'!AQ18,0) -> 0 | Q12: =IFERROR('調查資料(OUT)'!$AH$1*'調查資料(OUT)'!AH18,0)+IFERROR('調查資料(OUT)'!$AM$1*'調查資料(OUT)'!AM18,0)+IFERROR('調查資料(OUT)'!$AR$1*'調查資料(OUT)'!AR18,0) -> 0 | R12: =IFERROR('調查資料(OUT)'!$AI$1*'調查資料(OUT)'!AI18,0)+IFERROR('調查資料(OUT)'!$AN$1*'調查資料(OUT)'!AN18,0)+IFERROR('調查資料(OUT)'!$AS$1*'調查資料(OUT)'!AS18,0) -> 0 | S12: =IFERROR('調查資料(OUT)'!$AJ$1*'調查資料(OUT)'!AJ18,0)+IFERROR('調查資料(OUT)'!$AO$1*'調查資料(OUT)'!AO18,0)+IFERROR('調查資料(OUT)'!$AT$1*'調查資料(OUT)'!AT18,0) -> 0 | T12: =SUM(U12:Y12) -> 0 | U12: =IFERROR('調查資料(OUT)'!$AU$1*'調查資料(OUT)'!AU18,0)+IFERROR('調查資料(OUT)'!$AZ$1*'調查資料(OUT)'!AZ18,0)+IFERROR('調查資料(OUT)'!$BE$1*'調查資料(OUT)'!BE18,0) -> 0 | V12: =IFERROR('調查資料(OUT)'!$AV$1*'調查資料(OUT)'!AV18,0)+IFERROR('調查資料(OUT)'!$BA$1*'調查資料(OUT)'!BA18,0)+IFERROR('調查資料(OUT)'!$BF$1*'調查資料(OUT)'!BF18,0) -> 0 | W12: =IFERROR('調查資料(OUT)'!$AW$1*'調查資料(OUT)'!AW18,0)+IFERROR('調查資料(OUT)'!$BB$1*'調查資料(OUT)'!BB18,0)+IFERROR('調查資料(OUT)'!$BG$1*'調查資料(OUT)'!BG18,0) -> 0 | X12: =IFERROR('調查資料(OUT)'!$AX$1*'調查資料(OUT)'!AX18,0)+IFERROR('調查資料(OUT)'!$BC$1*'調查資料(OUT)'!BC18,0)+IFERROR('調查資料(OUT)'!$BH$1*'調查資料(OUT)'!BH18,0) -> 0 | Y12: =IFERROR('調查資料(OUT)'!$AY$1*'調查資料(OUT)'!AY18,0)+IFERROR('調查資料(OUT)'!$BD$1*'調查資料(OUT)'!BD18,0)+IFERROR('調查資料(OUT)'!$BI$1*'調查資料(OUT)'!BI18,0) -> 0 | Z12: =SUM(AA12:AE12) -> 0 | AA12: =IFERROR('調查資料(OUT)'!$BJ$1*'調查資料(OUT)'!BJ18,0)+IFERROR('調查資料(OUT)'!$BO$1*'調查資料(OUT)'!BO18,0)+IFERROR('調查資料(OUT)'!$BT$1*'調查資料(OUT)'!BT18,0) -> 0 | AB12: =IFERROR('調查資料(OUT)'!$BK$1*'調查資料(OUT)'!BK18,0)+IFERROR('調查資料(OUT)'!$BP$1*'調查資料(OUT)'!BP18,0)+IFERROR('調查資料(OUT)'!$BU$1*'調查資料(OUT)'!BU18,0) -> 0 | AC12: =IFERROR('調查資料(OUT)'!$BL$1*'調查資料(OUT)'!BL18,0)+IFERROR('調查資料(OUT)'!$BQ$1*'調查資料(OUT)'!BQ18,0)+IFERROR('調查資料(OUT)'!$BV$1*'調查資料(OUT)'!BV18,0) -> 0 | AD12: =IFERROR('調查資料(OUT)'!$BM$1*'調查資料(OUT)'!BM18,0)+IFERROR('調查資料(OUT)'!$BR$1*'調查資料(OUT)'!BR18,0)+IFERROR('調查資料(OUT)'!$BW$1*'調查資料(OUT)'!BW18,0) -> 0 | AE12: =IFERROR('調查資料(OUT)'!$BN$1*'調查資料(OUT)'!BN18,0)+IFERROR('調查資料(OUT)'!$BS$1*'調查資料(OUT)'!BS18,0)+IFERROR('調查資料(OUT)'!$BX$1*'調查資料(OUT)'!BX18,0) -> 0 | AF12: =SUM(AG12:AK12) -> 0 | AG12: =IFERROR('調查資料(OUT)'!$BY$1*'調查資料(OUT)'!BY18,0)+IFERROR('調查資料(OUT)'!$CD$1*'調查資料(OUT)'!CD18,0)+IFERROR('調查資料(OUT)'!$CI$1*'調查資料(OUT)'!CI18,0) -> 0 | AH12: =IFERROR('調查資料(OUT)'!$BZ$1*'調查資料(OUT)'!BZ18,0)+IFERROR('調查資料(OUT)'!$CE$1*'調查資料(OUT)'!CE18,0)+IFERROR('調查資料(OUT)'!$CJ$1*'調查資料(OUT)'!CJ18,0) -> 0 | AI12: =IFERROR('調查資料(OUT)'!$CA$1*'調查資料(OUT)'!CA18,0)+IFERROR('調查資料(OUT)'!$CF$1*'調查資料(OUT)'!CF18,0)+IFERROR('調查資料(OUT)'!$CK$1*'調查資料(OUT)'!CK18,0) -> 0 | AJ12: =IFERROR('調查資料(OUT)'!$CB$1*'調查資料(OUT)'!CB18,0)+IFERROR('調查資料(OUT)'!$CG$1*'調查資料(OUT)'!CG18,0)+IFERROR('調查資料(OUT)'!$CL$1*'調查資料(OUT)'!CL18,0) -> 0 | AK12: =IFERROR('調查資料(OUT)'!$CC$1*'調查資料(OUT)'!CC18,0)+IFERROR('調查資料(OUT)'!$CH$1*'調查資料(OUT)'!CH18,0)+IFERROR('調查資料(OUT)'!$CM$1*'調查資料(OUT)'!CM18,0) -> 0 | AL12: =B12+H12+N12+T12+Z12+AF12 -> 0 | AN12: ='調查資料(OUT)'!A18 -> 145 | AO12: =AN12+100 -> 245 | AP12: =SUM(AL12:AL15) -> 0 | AR12: =IF($AP12=$AQ$5,MAX(AL12:AL15),0) -> 0 | AS12: =IF($AP12=AQ$5,SUM(B12:B15)/(4*(MAX(B12:B15))),0) -> #DIV/0! | AT12: =IF($AP12=AQ$5,SUM(H12:H15)/(4*(MAX(H12:H15))),0) -> #DIV/0! | AU12: =IF($AP12=AQ$5,SUM(N12:N15)/(4*(MAX(N12:N15))),0) -> #DIV/0! | AV12: =IF($AP12=AQ$5,SUM(T12:T15)/(4*(MAX(T12:T15))),0) -> #DIV/0! | AW12: =IF($AP12=AQ$5,SUM(Z12:Z15)/(4*(MAX(Z12:Z15))),0) -> #DIV/0! | AX12: =IF($AP12=AQ$5,SUM(AF12:AF15)/(4*(MAX(AF12:AF15))),0) -> #DIV/0! | AZ12: =IF(AP12=AQ$5,$AN12,"N") -> 145 | BA12: =IF(AP12=AQ$5,$AO12,"N") -> 245 | BB12: =IF($AZ12="N","N",SUM(C12:C15)) -> 0 | BC12: =IF($AZ12="N","N",SUM('調查資料(OUT)'!B18:B21)) -> 0 | BD12: =IF($AZ12="N","N",SUM('調查資料(OUT)'!G18:G21)) -> 0 | BE12: =IF($AZ12="N","N",SUM('調查資料(OUT)'!L18:L21)) -> 0 | BF12: =IF($AZ12="N","N",(BB12/$CG12)*100) -> #DIV/0! | BG12: =IF($AZ12="N","N",SUM(D12:D15)) -> 0 | BH12: =IF($AZ12="N","N",SUM('調查資料(OUT)'!C18:C21)) -> 0 | BI12: =IF($AZ12="N","N",SUM('調查資料(OUT)'!H18:H21)) -> 0 | BJ12: =IF($AZ12="N","N",SUM('調查資料(OUT)'!M18:M21)) -> 0 | BK12: =IF($AZ12="N","N",(BG12/$CG12)*100) -> #DIV/0! | BL12: =IF($AZ12="N","N",SUM(E12:E15)) -> 0 | BM12: =IF($AZ12="N","N",SUM('調查資料(OUT)'!D18:D21)) -> 0 | BN12: =IF($AZ12="N","N",SUM('調查資料(OUT)'!I18:I21)) -> 0 | BO12: =IF($AZ12="N","N",SUM('調查資料(OUT)'!N18:N21)) -> 0 | BP12: =IF($AZ12="N","N",(BL12/$CG12)*100) -> #DIV/0! | BQ12: =IF($AZ12="N","N",SUM(F12:F15)) -> 0 | BR12: =IF($AZ12="N","N",SUM('調查資料(OUT)'!E18:E21)) -> 0 | BS12: =IF($AZ12="N","N",SUM('調查資料(OUT)'!J18:J21)) -> 0 | BT12: =IF($AZ12="N","N",SUM('調查資料(OUT)'!O18:O21)) -> 0 | BU12: =IF($AZ12="N","N",(BQ12/$CG12)*100) -> #DIV/0! | BV12: =IF($AZ12="N","N",SUM(G12:G15)) -> 0 | BW12: =IF($AZ12="N","N",SUM('調查資料(OUT)'!F18:F21)) -> 0 | BX12: =IF($AZ12="N","N",SUM('調查資料(OUT)'!K18:K21)) -> 0 | BY12: =IF($AZ12="N","N",SUM('調查資料(OUT)'!P18:P21)) -> 0 | BZ12: =IF($AZ12="N","N",(BV12/$CG12)*100) -> #DIV/0! | CA12: =IF($AZ12="N","N",BC12+BH12+BM12+BR12+BW12) -> 0 | CB12: =IF($AZ12="N","N",(CA12/($CA12+$CC12+$CE12))*100) -> #DIV/0! | CC12: =IF($AZ12="N","N",BD12+BI12+BN12+BS12+BX12) -> 0 | CD12: =IF($AZ12="N","N",(CC12/($CA12+$CC12+$CE12))*100) -> #DIV/0! | CE12: =IF($AZ12="N","N",BE12+BJ12+BO12+BT12+BY12) -> 0 | CF12: =IF($AZ12="N","N",(CE12/($CA12+$CC12+$CE12))*100) -> #DIV/0! | CG12: =IF($AZ12="N","N",BB12+BG12+BL12+BQ12+BV12) -> 0 | CH12: =IF($AZ12="N","N",SUM(I12:I15)) -> 0 | CI12: =IF($AZ12="N","N",SUM('調查資料(OUT)'!Q18:Q21)) -> 0 | CJ12: =IF($AZ12="N","N",SUM('調查資料(OUT)'!V18:V21)) -> 0 | CK12: =IF($AZ12="N","N",SUM('調查資料(OUT)'!AA18:AA21)) -> 0 | CL12: =IF($AZ12="N","N",(CH12/DM12)*100) -> #DIV/0! | CM12: =IF($AZ12="N","N",SUM(J12:J15)) -> 0 | CN12: =IF($AZ12="N","N",SUM('調查資料(OUT)'!R18:R21)) -> 0 | CO12: =IF($AZ12="N","N",SUM('調查資料(OUT)'!W18:W21)) -> 0 | CP12: =IF($AZ12="N","N",SUM('調查資料(OUT)'!AB18:AB21)) -> 0 | CQ12: =IF($AZ12="N","N",(CM12/$DM12)*100) -> #DIV/0! | CR12: =IF($AZ12="N","N",SUM(K12:K15)) -> 0 | CS12: =IF($AZ12="N","N",SUM('調查資料(OUT)'!S18:S21)) -> 0 | CT12: =IF($AZ12="N","N",SUM('調查資料(OUT)'!X18:X21)) -> 0 | CU12: =IF($AZ12="N","N",SUM('調查資料(OUT)'!AC18:AC21)) -> 0 | CV12: =IF($AZ12="N","N",(CR12/$DM12)*100) -> #DIV/0! | CW12: =IF($AZ12="N","N",SUM(L12:L15)) -> 0 | CX12: =IF($AZ12="N","N",SUM('調查資料(OUT)'!T18:T21)) -> 0 | CY12: =IF($AZ12="N","N",SUM('調查資料(OUT)'!Y18:Y21)) -> 0 | CZ12: =IF($AZ12="N","N",SUM('調查資料(OUT)'!AD18:AD21)) -> 0 | DA12: =IF($AZ12="N","N",(CW12/$DM12)*100) -> #DIV/0! | DB12: =IF($AZ12="N","N",SUM(M12:M15)) -> 0 | DC12: =IF($AZ12="N","N",SUM('調查資料(OUT)'!U18:U21)) -> 0 | DD12: =IF($AZ12="N","N",SUM('調查資料(OUT)'!Z18:Z21)) -> 0 | DE12: =IF($AZ12="N","N",SUM('調查資料(OUT)'!AE18:AE21)) -> 0 | DF12: =IF($AZ12="N","N",(DB12/$DM12)*100) -> #DIV/0! | DG12: =IF($AZ12="N","N",CI12+CN12+CS12+CX12+DC12) -> 0 | DH12: =IF($AZ12="N","N",(DG12/($DG12+$DI12+$DK12))*100) -> #DIV/0! | DI12: =IF($AZ12="N","N",CJ12+CO12+CT12+CY12+DD12) -> 0 | DJ12: =IF($AZ12="N","N",(DI12/($DG12+$DI12+$DK12))*100) -> #DIV/0! | DK12: =IF($AZ12="N","N",CK12+CP12+CU12+CZ12+DE12) -> 0 | DL12: =IF($AZ12="N","N",(DK12/($DG12+$DI12+$DK12))*100) -> #DIV/0! | DM12: =IF($AZ12="N","N",CH12+CM12+CR12+CW12+DB12) -> 0 | DN12: =IF($AZ12="N","N",SUM(O12:O15)) -> 0 | DO12: =IF($AZ12="N","N",SUM('調查資料(OUT)'!AF18:AF21)) -> 0 | DP12: =IF($AZ12="N","N",SUM('調查資料(OUT)'!AK18:AK21)) -> 0 | DQ12: =IF($AZ12="N","N",SUM('調查資料(OUT)'!AP18:AP21)) -> 0 | DR12: =IF($AZ12="N","N",(DN12/ES12)*100) -> #DIV/0! | DS12: =IF($AZ12="N","N",SUM(P12:P15)) -> 0 | DT12: =IF($AZ12="N","N",SUM('調查資料(OUT)'!AG18:AG21)) -> 0 | DU12: =IF($AZ12="N","N",SUM('調查資料(OUT)'!AL18:AL21)) -> 0 | DV12: =IF($AZ12="N","N",SUM('調查資料(OUT)'!AQ18:AQ21)) -> 0 | DW12: =IF($AZ12="N","N",(DS12/$ES12)*100) -> #DIV/0! | DX12: =IF($AZ12="N","N",SUM(Q12:Q15)) -> 0 | DY12: =IF($AZ12="N","N",SUM('調查資料(OUT)'!AH18:AH21)) -> 0 | DZ12: =IF($AZ12="N","N",SUM('調查資料(OUT)'!AM18:AM21)) -> 0 | EA12: =IF($AZ12="N","N",SUM('調查資料(OUT)'!AR18:AR21)) -> 0 | EB12: =IF($AZ12="N","N",(DX12/$ES12)*100) -> #DIV/0! | EC12: =IF($AZ12="N","N",SUM(R12:R15)) -> 0 | ED12: =IF($AZ12="N","N",SUM('調查資料(OUT)'!AI18:AI21)) -> 0 | EE12: =IF($AZ12="N","N",SUM('調查資料(OUT)'!AN18:AN21)) -> 0 | EF12: =IF($AZ12="N","N",SUM('調查資料(OUT)'!AS18:AS21)) -> 0 | EG12: =IF($AZ12="N","N",(EC12/$ES12)*100) -> #DIV/0! | EH12: =IF($AZ12="N","N",SUM(S12:S15)) -> 0 | EI12: =IF($AZ12="N","N",SUM('調查資料(OUT)'!AJ18:AJ21)) -> 0 | EJ12: =IF($AZ12="N","N",SUM('調查資料(OUT)'!AO18:AO21)) -> 0 | EK12: =IF($AZ12="N","N",SUM('調查資料(OUT)'!AT18:AT21)) -> 0 | EL12: =IF($AZ12="N","N",(EH12/$ES12)*100) -> #DIV/0! | EM12: =IF($AZ12="N","N",DO12+DT12+DY12+ED12+EI12) -> 0 | EN12: =IF($AZ12="N","N",(EM12/($EM12+$EO12+$EQ12))*100) -> #DIV/0! | EO12: =IF($AZ12="N","N",DP12+DU12+DZ12+EE12+EJ12) -> 0 | EP12: =IF($AZ12="N","N",(EO12/($EM12+$EO12+$EQ12))*100) -> #DIV/0! | EQ12: =IF($AZ12="N","N",DQ12+DV12+EA12+EF12+EK12) -> 0 | ER12: =IF($AZ12="N","N",(EQ12/($EM12+$EO12+$EQ12))*100) -> #DIV/0! | ES12: =IF($AZ12="N","N",DN12+DS12+DX12+EC12+EH12) -> 0 | ET12: =IF($AZ12="N","N",SUM(U12:U15)) -> 0 | EU12: =IF($AZ12="N","N",SUM('調查資料(OUT)'!AU18:AU21)) -> 0 | EV12: =IF($AZ12="N","N",SUM('調查資料(OUT)'!AZ18:AZ21)) -> 0 | EW12: =IF($AZ12="N","N",SUM('調查資料(OUT)'!BE18:BE21)) -> 0 | EX12: =IF($AZ12="N","N",(ET12/FY12)*100) -> #DIV/0! | EY12: =IF($AZ12="N","N",SUM(V12:V15)) -> 0 | EZ12: =IF($AZ12="N","N",SUM('調查資料(OUT)'!AV18:AV21)) -> 0 | FA12: =IF($AZ12="N","N",SUM('調查資料(OUT)'!BA18:BA21)) -> 0 | FB12: =IF($AZ12="N","N",SUM('調查資料(OUT)'!BF18:BF21)) -> 0 | FC12: =IF($AZ12="N","N",(EY12/$FY12)*100) -> #DIV/0! | FD12: =IF($AZ12="N","N",SUM(W12:W15)) -> 0 | FE12: =IF($AZ12="N","N",SUM('調查資料(OUT)'!AW18:AW21)) -> 0 | FF12: =IF($AZ12="N","N",SUM('調查資料(OUT)'!BB18:BB21)) -> 0 | FG12: =IF($AZ12="N","N",SUM('調查資料(OUT)'!BG18:BG21)) -> 0 | FH12: =IF($AZ12="N","N",(FD12/$FY12)*100) -> #DIV/0! | FI12: =IF($AZ12="N","N",SUM(X12:X15)) -> 0 | FJ12: =IF($AZ12="N","N",SUM('調查資料(OUT)'!AX18:AX21)) -> 0 | FK12: =IF($AZ12="N","N",SUM('調查資料(OUT)'!BC18:BC21)) -> 0 | FL12: =IF($AZ12="N","N",SUM('調查資料(OUT)'!BH18:BH21)) -> 0 | FM12: =IF($AZ12="N","N",(FI12/$FY12)*100) -> #DIV/0! | FN12: =IF($AZ12="N","N",SUM(Y12:Y15)) -> 0 | FO12: =IF($AZ12="N","N",SUM('調查資料(OUT)'!AY18:AY21)) -> 0 | FP12: =IF($AZ12="N","N",SUM('調查資料(OUT)'!BD18:BD21)) -> 0 | FQ12: =IF($AZ12="N","N",SUM('調查資料(OUT)'!BI18:BI21)) -> 0 | FR12: =IF($AZ12="N","N",(FN12/$FY12)*100) -> #DIV/0! | FS12: =IF($AZ12="N","N",EU12+EZ12+FE12+FJ12+FO12) -> 0 | FT12: =IF($AZ12="N","N",(FS12/($FS12+$FU12+$FW12))*100) -> #DIV/0! | FU12: =IF($AZ12="N","N",EV12+FA12+FF12+FK12+FP12) -> 0 | FV12: =IF($AZ12="N","N",(FU12/($FS12+$FU12+$FW12))*100) -> #DIV/0! | FW12: =IF($AZ12="N","N",EW12+FB12+FG12+FL12+FQ12) -> 0 | FX12: =IF($AZ12="N","N",(FW12/($FS12+$FU12+$FW12))*100) -> #DIV/0! | FY12: =IF($AZ12="N","N",ET12+EY12+FD12+FI12+FN12) -> 0 | FZ12: =IF($AZ12="N","N",SUM(AA12:AA15)) -> 0 | GA12: =IF($AZ12="N","N",SUM('調查資料(OUT)'!BJ18:BJ21)) -> 0 | GB12: =IF($AZ12="N","N",SUM('調查資料(OUT)'!BO18:BO21)) -> 0 | GC12: =IF($AZ12="N","N",SUM('調查資料(OUT)'!BT18:BT21)) -> 0 | GD12: =IF($AZ12="N","N",(FZ12/HE12)*100) -> #DIV/0! | GE12: =IF($AZ12="N","N",SUM(AB12:AB15)) -> 0 | GF12: =IF($AZ12="N","N",SUM('調查資料(OUT)'!BK18:BK21)) -> 0 | GG12: =IF($AZ12="N","N",SUM('調查資料(OUT)'!BP18:BP21)) -> 0 | GH12: =IF($AZ12="N","N",SUM('調查資料(OUT)'!BU18:BU21)) -> 0 | GI12: =IF($AZ12="N","N",(GE12/$HE12)*100) -> #DIV/0! | GJ12: =IF($AZ12="N","N",SUM(AC12:AC15)) -> 0 | GK12: =IF($AZ12="N","N",SUM('調查資料(OUT)'!BL18:BL21)) -> 0 | GL12: =IF($AZ12="N","N",SUM('調查資料(OUT)'!BQ18:BQ21)) -> 0 | GM12: =IF($AZ12="N","N",SUM('調查資料(OUT)'!BV18:BV21)) -> 0 | GN12: =IF($AZ12="N","N",(GJ12/$HE12)*100) -> #DIV/0! | GO12: =IF($AZ12="N","N",SUM(AD12:AD15)) -> 0 | GP12: =IF($AZ12="N","N",SUM('調查資料(OUT)'!BM18:BM21)) -> 0 | GQ12: =IF($AZ12="N","N",SUM('調查資料(OUT)'!BR18:BR21)) -> 0 | GR12: =IF($AZ12="N","N",SUM('調查資料(OUT)'!BW18:BW21)) -> 0 | GS12: =IF($AZ12="N","N",(GO12/$HE12)*100) -> #DIV/0! | GT12: =IF($AZ12="N","N",SUM(AE12:AE15)) -> 0 | GU12: =IF($AZ12="N","N",SUM('調查資料(OUT)'!BN18:BN21)) -> 0 | GV12: =IF($AZ12="N","N",SUM('調查資料(OUT)'!BS18:BS21)) -> 0 | GW12: =IF($AZ12="N","N",SUM('調查資料(OUT)'!BX18:BX21)) -> 0 | GX12: =IF($AZ12="N","N",(GT12/$HE12)*100) -> #DIV/0! | GY12: =IF($AZ12="N","N",GA12+GF12+GK12+GP12+GU12) -> 0 | GZ12: =IF($AZ12="N","N",(GY12/($GY12+$HA12+$HC12))*100) -> #DIV/0! | HA12: =IF($AZ12="N","N",GB12+GG12+GL12+GQ12+GV12) -> 0 | HB12: =IF($AZ12="N","N",(HA12/($GY12+$HA12+$HC12))*100) -> #DIV/0! | HC12: =IF($AZ12="N","N",GC12+GH12+GM12+GR12+GW12) -> 0 | HD12: =IF($AZ12="N","N",(HC12/($GY12+$HA12+$HC12))*100) -> #DIV/0! | HE12: =IF($AZ12="N","N",FZ12+GE12+GJ12+GO12+GT12) -> 0 | HF12: =IF($AZ12="N","N",SUM(AG12:AG15)) -> 0 | HG12: =IF($AZ12="N","N",SUM('調查資料(OUT)'!BY18:BY21)) -> 0 | HH12: =IF($AZ12="N","N",SUM('調查資料(OUT)'!CD18:CD21)) -> 0 | HI12: =IF($AZ12="N","N",SUM('調查資料(OUT)'!CI18:CI21)) -> 0 | HJ12: =IF($AZ12="N","N",(HF12/$IK12)*100) -> #DIV/0! | HK12: =IF($AZ12="N","N",SUM(AH12:AH15)) -> 0 | HL12: =IF($AZ12="N","N",SUM('調查資料(OUT)'!BZ18:BZ21)) -> 0 | HM12: =IF($AZ12="N","N",SUM('調查資料(OUT)'!CE18:CE21)) -> 0 | HN12: =IF($AZ12="N","N",SUM('調查資料(OUT)'!CJ18:CJ21)) -> 0 | HO12: =IF($AZ12="N","N",(HK12/$IK12)*100) -> #DIV/0! | HP12: =IF($AZ12="N","N",SUM(AI12:AI15)) -> 0 | HQ12: =IF($AZ12="N","N",SUM('調查資料(OUT)'!CA18:CA21)) -> 0 | HR12: =IF($AZ12="N","N",SUM('調查資料(OUT)'!CF18:CF21)) -> 0 | HS12: =IF($AZ12="N","N",SUM('調查資料(OUT)'!CK18:CK21)) -> 0 | HT12: =IF($AZ12="N","N",(HP12/$IK12)*100) -> #DIV/0! | HU12: =IF($AZ12="N","N",SUM(AJ12:AJ15)) -> 0 | HV12: =IF($AZ12="N","N",SUM('調查資料(OUT)'!CB18:CB21)) -> 0 | HW12: =IF($AZ12="N","N",SUM('調查資料(OUT)'!CG18:CG21)) -> 0 | HX12: =IF($AZ12="N","N",SUM('調查資料(OUT)'!CL18:CL21)) -> 0 | HY12: =IF($AZ12="N","N",(HU12/$IK12)*100) -> #DIV/0! | HZ12: =IF($AZ12="N","N",SUM(AK12:AK15)) -> 0 | IA12: =IF($AZ12="N","N",SUM('調查資料(OUT)'!CC18:CC21)) -> 0 | IB12: =IF($AZ12="N","N",SUM('調查資料(OUT)'!CH18:CH21)) -> 0 | IC12: =IF($AZ12="N","N",SUM('調查資料(OUT)'!CM18:CM21)) -> 0 | ID12: =IF($AZ12="N","N",(HZ12/$IK12)*100) -> #DIV/0! | IE12: =IF($AZ12="N","N",HG12+HL12+HQ12+HV12+IA12) -> 0 | IF12: =IF($AZ12="N","N",(IE12/($IE12+$IG12+$II12))*100) -> #DIV/0! | IG12: =IF($AZ12="N","N",HH12+HM12+HR12+HW12+IB12) -> 0 | IH12: =IF($AZ12="N","N",(IG12/($IE12+$IG12+$II12))*100) -> #DIV/0! | II12: =IF($AZ12="N","N",HI12+HN12+HS12+HX12+IC12) -> 0 | IJ12: =IF($AZ12="N","N",(II12/($IE12+$IG12+$II12))*100) -> #DIV/0! | IK12: =IF($AZ12="N","N",HF12+HK12+HP12+HU12+HZ12) -> 0
A13: ='[4]調查資料(OUT)'!A19 -> 200 | B13: =SUM(C13:G13) -> 0 | C13: =IFERROR('調查資料(OUT)'!$B$1*'調查資料(OUT)'!B19,0)+IFERROR('調查資料(OUT)'!$G$1*'調查資料(OUT)'!G19,0)+IFERROR('調查資料(OUT)'!$L$1*'調查資料(OUT)'!L19,0) -> 0 | D13: =IFERROR('調查資料(OUT)'!$C$1*'調查資料(OUT)'!C19,0)+IFERROR('調查資料(OUT)'!$H$1*'調查資料(OUT)'!H19,0)+IFERROR('調查資料(OUT)'!$M$1*'調查資料(OUT)'!M19,0) -> 0 | E13: =IFERROR('調查資料(OUT)'!$D$1*'調查資料(OUT)'!D19,0)+IFERROR('調查資料(OUT)'!$I$1*'調查資料(OUT)'!I19,0)+IFERROR('調查資料(OUT)'!$N$1*'調查資料(OUT)'!N19,0) -> 0 | F13: =IFERROR('調查資料(OUT)'!$E$1*'調查資料(OUT)'!E19,0)+IFERROR('調查資料(OUT)'!$J$1*'調查資料(OUT)'!J19,0)+IFERROR('調查資料(OUT)'!$O$1*'調查資料(OUT)'!O19,0) -> 0 | G13: =IFERROR('調查資料(OUT)'!$F$1*'調查資料(OUT)'!F19,0)+IFERROR('調查資料(OUT)'!$K$1*'調查資料(OUT)'!K19,0)+IFERROR('調查資料(OUT)'!$P$1*'調查資料(OUT)'!P19,0) -> 0 | H13: =SUM(I13:M13) -> 0 | I13: =IFERROR('調查資料(OUT)'!$Q$1*'調查資料(OUT)'!Q19,0)+IFERROR('調查資料(OUT)'!$V$1*'調查資料(OUT)'!V19,0)+IFERROR('調查資料(OUT)'!$AA$1*'調查資料(OUT)'!AA19,0) -> 0 | J13: =IFERROR('調查資料(OUT)'!$R$1*'調查資料(OUT)'!R19,0)+IFERROR('調查資料(OUT)'!$W$1*'調查資料(OUT)'!W19,0)+IFERROR('調查資料(OUT)'!$AB$1*'調查資料(OUT)'!AB19,0) -> 0 | K13: =IFERROR('調查資料(OUT)'!$S$1*'調查資料(OUT)'!S19,0)+IFERROR('調查資料(OUT)'!$X$1*'調查資料(OUT)'!X19,0)+IFERROR('調查資料(OUT)'!$AC$1*'調查資料(OUT)'!AC19,0) -> 0 | L13: =IFERROR('調查資料(OUT)'!$T$1*'調查資料(OUT)'!T19,0)+IFERROR('調查資料(OUT)'!$Y$1*'調查資料(OUT)'!Y19,0)+IFERROR('調查資料(OUT)'!$AD$1*'調查資料(OUT)'!AD19,0) -> 0 | M13: =IFERROR('調查資料(OUT)'!$U$1*'調查資料(OUT)'!U19,0)+IFERROR('調查資料(OUT)'!$Z$1*'調查資料(OUT)'!Z19,0)+IFERROR('調查資料(OUT)'!$AE$1*'調查資料(OUT)'!AE19,0) -> 0 | N13: =SUM(O13:S13) -> 0 | O13: =IFERROR('調查資料(OUT)'!$AF$1*'調查資料(OUT)'!AF19,0)+IFERROR('調查資料(OUT)'!$AK$1*'調查資料(OUT)'!AK19,0)+IFERROR('調查資料(OUT)'!$AP$1*'調查資料(OUT)'!AP19,0) -> 0 | P13: =IFERROR('調查資料(OUT)'!$AG$1*'調查資料(OUT)'!AG19,0)+IFERROR('調查資料(OUT)'!$AL$1*'調查資料(OUT)'!AL19,0)+IFERROR('調查資料(OUT)'!$AQ$1*'調查資料(OUT)'!AQ19,0) -> 0 | Q13: =IFERROR('調查資料(OUT)'!$AH$1*'調查資料(OUT)'!AH19,0)+IFERROR('調查資料(OUT)'!$AM$1*'調查資料(OUT)'!AM19,0)+IFERROR('調查資料(OUT)'!$AR$1*'調查資料(OUT)'!AR19,0) -> 0 | R13: =IFERROR('調查資料(OUT)'!$AI$1*'調查資料(OUT)'!AI19,0)+IFERROR('調查資料(OUT)'!$AN$1*'調查資料(OUT)'!AN19,0)+IFERROR('調查資料(OUT)'!$AS$1*'調查資料(OUT)'!AS19,0) -> 0 | S13: =IFERROR('調查資料(OUT)'!$AJ$1*'調查資料(OUT)'!AJ19,0)+IFERROR('調查資料(OUT)'!$AO$1*'調查資料(OUT)'!AO19,0)+IFERROR('調查資料(OUT)'!$AT$1*'調查資料(OUT)'!AT19,0) -> 0 | T13: =SUM(U13:Y13) -> 0 | U13: =IFERROR('調查資料(OUT)'!$AU$1*'調查資料(OUT)'!AU19,0)+IFERROR('調查資料(OUT)'!$AZ$1*'調查資料(OUT)'!AZ19,0)+IFERROR('調查資料(OUT)'!$BE$1*'調查資料(OUT)'!BE19,0) -> 0 | V13: =IFERROR('調查資料(OUT)'!$AV$1*'調查資料(OUT)'!AV19,0)+IFERROR('調查資料(OUT)'!$BA$1*'調查資料(OUT)'!BA19,0)+IFERROR('調查資料(OUT)'!$BF$1*'調查資料(OUT)'!BF19,0) -> 0 | W13: =IFERROR('調查資料(OUT)'!$AW$1*'調查資料(OUT)'!AW19,0)+IFERROR('調查資料(OUT)'!$BB$1*'調查資料(OUT)'!BB19,0)+IFERROR('調查資料(OUT)'!$BG$1*'調查資料(OUT)'!BG19,0) -> 0 | X13: =IFERROR('調查資料(OUT)'!$AX$1*'調查資料(OUT)'!AX19,0)+IFERROR('調查資料(OUT)'!$BC$1*'調查資料(OUT)'!BC19,0)+IFERROR('調查資料(OUT)'!$BH$1*'調查資料(OUT)'!BH19,0) -> 0 | Y13: =IFERROR('調查資料(OUT)'!$AY$1*'調查資料(OUT)'!AY19,0)+IFERROR('調查資料(OUT)'!$BD$1*'調查資料(OUT)'!BD19,0)+IFERROR('調查資料(OUT)'!$BI$1*'調查資料(OUT)'!BI19,0) -> 0 | Z13: =SUM(AA13:AE13) -> 0 | AA13: =IFERROR('調查資料(OUT)'!$BJ$1*'調查資料(OUT)'!BJ19,0)+IFERROR('調查資料(OUT)'!$BO$1*'調查資料(OUT)'!BO19,0)+IFERROR('調查資料(OUT)'!$BT$1*'調查資料(OUT)'!BT19,0) -> 0 | AB13: =IFERROR('調查資料(OUT)'!$BK$1*'調查資料(OUT)'!BK19,0)+IFERROR('調查資料(OUT)'!$BP$1*'調查資料(OUT)'!BP19,0)+IFERROR('調查資料(OUT)'!$BU$1*'調查資料(OUT)'!BU19,0) -> 0 | AC13: =IFERROR('調查資料(OUT)'!$BL$1*'調查資料(OUT)'!BL19,0)+IFERROR('調查資料(OUT)'!$BQ$1*'調查資料(OUT)'!BQ19,0)+IFERROR('調查資料(OUT)'!$BV$1*'調查資料(OUT)'!BV19,0) -> 0 | AD13: =IFERROR('調查資料(OUT)'!$BM$1*'調查資料(OUT)'!BM19,0)+IFERROR('調查資料(OUT)'!$BR$1*'調查資料(OUT)'!BR19,0)+IFERROR('調查資料(OUT)'!$BW$1*'調查資料(OUT)'!BW19,0) -> 0 | AE13: =IFERROR('調查資料(OUT)'!$BN$1*'調查資料(OUT)'!BN19,0)+IFERROR('調查資料(OUT)'!$BS$1*'調查資料(OUT)'!BS19,0)+IFERROR('調查資料(OUT)'!$BX$1*'調查資料(OUT)'!BX19,0) -> 0 | AF13: =SUM(AG13:AK13) -> 0 | AG13: =IFERROR('調查資料(OUT)'!$BY$1*'調查資料(OUT)'!BY19,0)+IFERROR('調查資料(OUT)'!$CD$1*'調查資料(OUT)'!CD19,0)+IFERROR('調查資料(OUT)'!$CI$1*'調查資料(OUT)'!CI19,0) -> 0 | AH13: =IFERROR('調查資料(OUT)'!$BZ$1*'調查資料(OUT)'!BZ19,0)+IFERROR('調查資料(OUT)'!$CE$1*'調查資料(OUT)'!CE19,0)+IFERROR('調查資料(OUT)'!$CJ$1*'調查資料(OUT)'!CJ19,0) -> 0 | AI13: =IFERROR('調查資料(OUT)'!$CA$1*'調查資料(OUT)'!CA19,0)+IFERROR('調查資料(OUT)'!$CF$1*'調查資料(OUT)'!CF19,0)+IFERROR('調查資料(OUT)'!$CK$1*'調查資料(OUT)'!CK19,0) -> 0 | AJ13: =IFERROR('調查資料(OUT)'!$CB$1*'調查資料(OUT)'!CB19,0)+IFERROR('調查資料(OUT)'!$CG$1*'調查資料(OUT)'!CG19,0)+IFERROR('調查資料(OUT)'!$CL$1*'調查資料(OUT)'!CL19,0) -> 0 | AK13: =IFERROR('調查資料(OUT)'!$CC$1*'調查資料(OUT)'!CC19,0)+IFERROR('調查資料(OUT)'!$CH$1*'調查資料(OUT)'!CH19,0)+IFERROR('調查資料(OUT)'!$CM$1*'調查資料(OUT)'!CM19,0) -> 0 | AL13: =B13+H13+N13+T13+Z13+AF13 -> 0 | AN13: ='調查資料(OUT)'!A19 -> 200 | AO13: =AN13+100 -> 300 | AP13: =SUM(AL13:AL16) -> 0 | AR13: =IF($AP13=$AQ$5,MAX(AL13:AL16),0) -> 0 | AS13: =IF($AP13=AQ$5,SUM(B13:B16)/(4*(MAX(B13:B16))),0) -> #DIV/0! | AT13: =IF($AP13=AQ$5,SUM(H13:H16)/(4*(MAX(H13:H16))),0) -> #DIV/0! | AU13: =IF($AP13=AQ$5,SUM(N13:N16)/(4*(MAX(N13:N16))),0) -> #DIV/0! | AV13: =IF($AP13=AQ$5,SUM(T13:T16)/(4*(MAX(T13:T16))),0) -> #DIV/0! | AW13: =IF($AP13=AQ$5,SUM(Z13:Z16)/(4*(MAX(Z13:Z16))),0) -> #DIV/0! | AX13: =IF($AP13=AQ$5,SUM(AF13:AF16)/(4*(MAX(AF13:AF16))),0) -> #DIV/0! | AZ13: =IF(AP13=AQ$5,$AN13,"N") -> 200 | BA13: =IF(AP13=AQ$5,$AO13,"N") -> 300 | BB13: =IF($AZ13="N","N",SUM(C13:C16)) -> 0 | BC13: =IF($AZ13="N","N",SUM('調查資料(OUT)'!B19:B22)) -> 0 | BD13: =IF($AZ13="N","N",SUM('調查資料(OUT)'!G19:G22)) -> 0 | BE13: =IF($AZ13="N","N",SUM('調查資料(OUT)'!L19:L22)) -> 0 | BF13: =IF($AZ13="N","N",(BB13/$CG13)*100) -> #DIV/0! | BG13: =IF($AZ13="N","N",SUM(D13:D16)) -> 0 | BH13: =IF($AZ13="N","N",SUM('調查資料(OUT)'!C19:C22)) -> 0 | BI13: =IF($AZ13="N","N",SUM('調查資料(OUT)'!H19:H22)) -> 0 | BJ13: =IF($AZ13="N","N",SUM('調查資料(OUT)'!M19:M22)) -> 0 | BK13: =IF($AZ13="N","N",(BG13/$CG13)*100) -> #DIV/0! | BL13: =IF($AZ13="N","N",SUM(E13:E16)) -> 0 | BM13: =IF($AZ13="N","N",SUM('調查資料(OUT)'!D19:D22)) -> 0 | BN13: =IF($AZ13="N","N",SUM('調查資料(OUT)'!I19:I22)) -> 0 | BO13: =IF($AZ13="N","N",SUM('調查資料(OUT)'!N19:N22)) -> 0 | BP13: =IF($AZ13="N","N",(BL13/$CG13)*100) -> #DIV/0! | BQ13: =IF($AZ13="N","N",SUM(F13:F16)) -> 0 | BR13: =IF($AZ13="N","N",SUM('調查資料(OUT)'!E19:E22)) -> 0 | BS13: =IF($AZ13="N","N",SUM('調查資料(OUT)'!J19:J22)) -> 0 | BT13: =IF($AZ13="N","N",SUM('調查資料(OUT)'!O19:O22)) -> 0 | BU13: =IF($AZ13="N","N",(BQ13/$CG13)*100) -> #DIV/0! | BV13: =IF($AZ13="N","N",SUM(G13:G16)) -> 0 | BW13: =IF($AZ13="N","N",SUM('調查資料(OUT)'!F19:F22)) -> 0 | BX13: =IF($AZ13="N","N",SUM('調查資料(OUT)'!K19:K22)) -> 0 | BY13: =IF($AZ13="N","N",SUM('調查資料(OUT)'!P19:P22)) -> 0 | BZ13: =IF($AZ13="N","N",(BV13/$CG13)*100) -> #DIV/0! | CA13: =IF($AZ13="N","N",BC13+BH13+BM13+BR13+BW13) -> 0 | CB13: =IF($AZ13="N","N",(CA13/($CA13+$CC13+$CE13))*100) -> #DIV/0! | CC13: =IF($AZ13="N","N",BD13+BI13+BN13+BS13+BX13) -> 0 | CD13: =IF($AZ13="N","N",(CC13/($CA13+$CC13+$CE13))*100) -> #DIV/0! | CE13: =IF($AZ13="N","N",BE13+BJ13+BO13+BT13+BY13) -> 0 | CF13: =IF($AZ13="N","N",(CE13/($CA13+$CC13+$CE13))*100) -> #DIV/0! | CG13: =IF($AZ13="N","N",BB13+BG13+BL13+BQ13+BV13) -> 0 | CH13: =IF($AZ13="N","N",SUM(I13:I16)) -> 0 | CI13: =IF($AZ13="N","N",SUM('調查資料(OUT)'!Q19:Q22)) -> 0 | CJ13: =IF($AZ13="N","N",SUM('調查資料(OUT)'!V19:V22)) -> 0 | CK13: =IF($AZ13="N","N",SUM('調查資料(OUT)'!AA19:AA22)) -> 0 | CL13: =IF($AZ13="N","N",(CH13/DM13)*100) -> #DIV/0! | CM13: =IF($AZ13="N","N",SUM(J13:J16)) -> 0 | CN13: =IF($AZ13="N","N",SUM('調查資料(OUT)'!R19:R22)) -> 0 | CO13: =IF($AZ13="N","N",SUM('調查資料(OUT)'!W19:W22)) -> 0 | CP13: =IF($AZ13="N","N",SUM('調查資料(OUT)'!AB19:AB22)) -> 0 | CQ13: =IF($AZ13="N","N",(CM13/$DM13)*100) -> #DIV/0! | CR13: =IF($AZ13="N","N",SUM(K13:K16)) -> 0 | CS13: =IF($AZ13="N","N",SUM('調查資料(OUT)'!S19:S22)) -> 0 | CT13: =IF($AZ13="N","N",SUM('調查資料(OUT)'!X19:X22)) -> 0 | CU13: =IF($AZ13="N","N",SUM('調查資料(OUT)'!AC19:AC22)) -> 0 | CV13: =IF($AZ13="N","N",(CR13/$DM13)*100) -> #DIV/0! | CW13: =IF($AZ13="N","N",SUM(L13:L16)) -> 0 | CX13: =IF($AZ13="N","N",SUM('調查資料(OUT)'!T19:T22)) -> 0 | CY13: =IF($AZ13="N","N",SUM('調查資料(OUT)'!Y19:Y22)) -> 0 | CZ13: =IF($AZ13="N","N",SUM('調查資料(OUT)'!AD19:AD22)) -> 0 | DA13: =IF($AZ13="N","N",(CW13/$DM13)*100) -> #DIV/0! | DB13: =IF($AZ13="N","N",SUM(M13:M16)) -> 0 | DC13: =IF($AZ13="N","N",SUM('調查資料(OUT)'!U19:U22)) -> 0 | DD13: =IF($AZ13="N","N",SUM('調查資料(OUT)'!Z19:Z22)) -> 0 | DE13: =IF($AZ13="N","N",SUM('調查資料(OUT)'!AE19:AE22)) -> 0 | DF13: =IF($AZ13="N","N",(DB13/$DM13)*100) -> #DIV/0! | DG13: =IF($AZ13="N","N",CI13+CN13+CS13+CX13+DC13) -> 0 | DH13: =IF($AZ13="N","N",(DG13/($DG13+$DI13+$DK13))*100) -> #DIV/0! | DI13: =IF($AZ13="N","N",CJ13+CO13+CT13+CY13+DD13) -> 0 | DJ13: =IF($AZ13="N","N",(DI13/($DG13+$DI13+$DK13))*100) -> #DIV/0! | DK13: =IF($AZ13="N","N",CK13+CP13+CU13+CZ13+DE13) -> 0 | DL13: =IF($AZ13="N","N",(DK13/($DG13+$DI13+$DK13))*100) -> #DIV/0! | DM13: =IF($AZ13="N","N",CH13+CM13+CR13+CW13+DB13) -> 0 | DN13: =IF($AZ13="N","N",SUM(O13:O16)) -> 0 | DO13: =IF($AZ13="N","N",SUM('調查資料(OUT)'!AF19:AF22)) -> 0 | DP13: =IF($AZ13="N","N",SUM('調查資料(OUT)'!AK19:AK22)) -> 0 | DQ13: =IF($AZ13="N","N",SUM('調查資料(OUT)'!AP19:AP22)) -> 0 | DR13: =IF($AZ13="N","N",(DN13/ES13)*100) -> #DIV/0! | DS13: =IF($AZ13="N","N",SUM(P13:P16)) -> 0 | DT13: =IF($AZ13="N","N",SUM('調查資料(OUT)'!AG19:AG22)) -> 0 | DU13: =IF($AZ13="N","N",SUM('調查資料(OUT)'!AL19:AL22)) -> 0 | DV13: =IF($AZ13="N","N",SUM('調查資料(OUT)'!AQ19:AQ22)) -> 0 | DW13: =IF($AZ13="N","N",(DS13/$ES13)*100) -> #DIV/0! | DX13: =IF($AZ13="N","N",SUM(Q13:Q16)) -> 0 | DY13: =IF($AZ13="N","N",SUM('調查資料(OUT)'!AH19:AH22)) -> 0 | DZ13: =IF($AZ13="N","N",SUM('調查資料(OUT)'!AM19:AM22)) -> 0 | EA13: =IF($AZ13="N","N",SUM('調查資料(OUT)'!AR19:AR22)) -> 0 | EB13: =IF($AZ13="N","N",(DX13/$ES13)*100) -> #DIV/0! | EC13: =IF($AZ13="N","N",SUM(R13:R16)) -> 0 | ED13: =IF($AZ13="N","N",SUM('調查資料(OUT)'!AI19:AI22)) -> 0 | EE13: =IF($AZ13="N","N",SUM('調查資料(OUT)'!AN19:AN22)) -> 0 | EF13: =IF($AZ13="N","N",SUM('調查資料(OUT)'!AS19:AS22)) -> 0 | EG13: =IF($AZ13="N","N",(EC13/$ES13)*100) -> #DIV/0! | EH13: =IF($AZ13="N","N",SUM(S13:S16)) -> 0 | EI13: =IF($AZ13="N","N",SUM('調查資料(OUT)'!AJ19:AJ22)) -> 0 | EJ13: =IF($AZ13="N","N",SUM('調查資料(OUT)'!AO19:AO22)) -> 0 | EK13: =IF($AZ13="N","N",SUM('調查資料(OUT)'!AT19:AT22)) -> 0 | EL13: =IF($AZ13="N","N",(EH13/$ES13)*100) -> #DIV/0! | EM13: =IF($AZ13="N","N",DO13+DT13+DY13+ED13+EI13) -> 0 | EN13: =IF($AZ13="N","N",(EM13/($EM13+$EO13+$EQ13))*100) -> #DIV/0! | EO13: =IF($AZ13="N","N",DP13+DU13+DZ13+EE13+EJ13) -> 0 | EP13: =IF($AZ13="N","N",(EO13/($EM13+$EO13+$EQ13))*100) -> #DIV/0! | EQ13: =IF($AZ13="N","N",DQ13+DV13+EA13+EF13+EK13) -> 0 | ER13: =IF($AZ13="N","N",(EQ13/($EM13+$EO13+$EQ13))*100) -> #DIV/0! | ES13: =IF($AZ13="N","N",DN13+DS13+DX13+EC13+EH13) -> 0 | ET13: =IF($AZ13="N","N",SUM(U13:U16)) -> 0 | EU13: =IF($AZ13="N","N",SUM('調查資料(OUT)'!AU19:AU22)) -> 0 | EV13: =IF($AZ13="N","N",SUM('調查資料(OUT)'!AZ19:AZ22)) -> 0 | EW13: =IF($AZ13="N","N",SUM('調查資料(OUT)'!BE19:BE22)) -> 0 | EX13: =IF($AZ13="N","N",(ET13/FY13)*100) -> #DIV/0! | EY13: =IF($AZ13="N","N",SUM(V13:V16)) -> 0 | EZ13: =IF($AZ13="N","N",SUM('調查資料(OUT)'!AV19:AV22)) -> 0 | FA13: =IF($AZ13="N","N",SUM('調查資料(OUT)'!BA19:BA22)) -> 0 | FB13: =IF($AZ13="N","N",SUM('調查資料(OUT)'!BF19:BF22)) -> 0 | FC13: =IF($AZ13="N","N",(EY13/$FY13)*100) -> #DIV/0! | FD13: =IF($AZ13="N","N",SUM(W13:W16)) -> 0 | FE13: =IF($AZ13="N","N",SUM('調查資料(OUT)'!AW19:AW22)) -> 0 | FF13: =IF($AZ13="N","N",SUM('調查資料(OUT)'!BB19:BB22)) -> 0 | FG13: =IF($AZ13="N","N",SUM('調查資料(OUT)'!BG19:BG22)) -> 0 | FH13: =IF($AZ13="N","N",(FD13/$FY13)*100) -> #DIV/0! | FI13: =IF($AZ13="N","N",SUM(X13:X16)) -> 0 | FJ13: =IF($AZ13="N","N",SUM('調查資料(OUT)'!AX19:AX22)) -> 0 | FK13: =IF($AZ13="N","N",SUM('調查資料(OUT)'!BC19:BC22)) -> 0 | FL13: =IF($AZ13="N","N",SUM('調查資料(OUT)'!BH19:BH22)) -> 0 | FM13: =IF($AZ13="N","N",(FI13/$FY13)*100) -> #DIV/0! | FN13: =IF($AZ13="N","N",SUM(Y13:Y16)) -> 0 | FO13: =IF($AZ13="N","N",SUM('調查資料(OUT)'!AY19:AY22)) -> 0 | FP13: =IF($AZ13="N","N",SUM('調查資料(OUT)'!BD19:BD22)) -> 0 | FQ13: =IF($AZ13="N","N",SUM('調查資料(OUT)'!BI19:BI22)) -> 0 | FR13: =IF($AZ13="N","N",(FN13/$FY13)*100) -> #DIV/0! | FS13: =IF($AZ13="N","N",EU13+EZ13+FE13+FJ13+FO13) -> 0 | FT13: =IF($AZ13="N","N",(FS13/($FS13+$FU13+$FW13))*100) -> #DIV/0! | FU13: =IF($AZ13="N","N",EV13+FA13+FF13+FK13+FP13) -> 0 | FV13: =IF($AZ13="N","N",(FU13/($FS13+$FU13+$FW13))*100) -> #DIV/0! | FW13: =IF($AZ13="N","N",EW13+FB13+FG13+FL13+FQ13) -> 0 | FX13: =IF($AZ13="N","N",(FW13/($FS13+$FU13+$FW13))*100) -> #DIV/0! | FY13: =IF($AZ13="N","N",ET13+EY13+FD13+FI13+FN13) -> 0 | FZ13: =IF($AZ13="N","N",SUM(AA13:AA16)) -> 0 | GA13: =IF($AZ13="N","N",SUM('調查資料(OUT)'!BJ19:BJ22)) -> 0 | GB13: =IF($AZ13="N","N",SUM('調查資料(OUT)'!BO19:BO22)) -> 0 | GC13: =IF($AZ13="N","N",SUM('調查資料(OUT)'!BT19:BT22)) -> 0 | GD13: =IF($AZ13="N","N",(FZ13/HE13)*100) -> #DIV/0! | GE13: =IF($AZ13="N","N",SUM(AB13:AB16)) -> 0 | GF13: =IF($AZ13="N","N",SUM('調查資料(OUT)'!BK19:BK22)) -> 0 | GG13: =IF($AZ13="N","N",SUM('調查資料(OUT)'!BP19:BP22)) -> 0 | GH13: =IF($AZ13="N","N",SUM('調查資料(OUT)'!BU19:BU22)) -> 0 | GI13: =IF($AZ13="N","N",(GE13/$HE13)*100) -> #DIV/0! | GJ13: =IF($AZ13="N","N",SUM(AC13:AC16)) -> 0 | GK13: =IF($AZ13="N","N",SUM('調查資料(OUT)'!BL19:BL22)) -> 0 | GL13: =IF($AZ13="N","N",SUM('調查資料(OUT)'!BQ19:BQ22)) -> 0 | GM13: =IF($AZ13="N","N",SUM('調查資料(OUT)'!BV19:BV22)) -> 0 | GN13: =IF($AZ13="N","N",(GJ13/$HE13)*100) -> #DIV/0! | GO13: =IF($AZ13="N","N",SUM(AD13:AD16)) -> 0 | GP13: =IF($AZ13="N","N",SUM('調查資料(OUT)'!BM19:BM22)) -> 0 | GQ13: =IF($AZ13="N","N",SUM('調查資料(OUT)'!BR19:BR22)) -> 0 | GR13: =IF($AZ13="N","N",SUM('調查資料(OUT)'!BW19:BW22)) -> 0 | GS13: =IF($AZ13="N","N",(GO13/$HE13)*100) -> #DIV/0! | GT13: =IF($AZ13="N","N",SUM(AE13:AE16)) -> 0 | GU13: =IF($AZ13="N","N",SUM('調查資料(OUT)'!BN19:BN22)) -> 0 | GV13: =IF($AZ13="N","N",SUM('調查資料(OUT)'!BS19:BS22)) -> 0 | GW13: =IF($AZ13="N","N",SUM('調查資料(OUT)'!BX19:BX22)) -> 0 | GX13: =IF($AZ13="N","N",(GT13/$HE13)*100) -> #DIV/0! | GY13: =IF($AZ13="N","N",GA13+GF13+GK13+GP13+GU13) -> 0 | GZ13: =IF($AZ13="N","N",(GY13/($GY13+$HA13+$HC13))*100) -> #DIV/0! | HA13: =IF($AZ13="N","N",GB13+GG13+GL13+GQ13+GV13) -> 0 | HB13: =IF($AZ13="N","N",(HA13/($GY13+$HA13+$HC13))*100) -> #DIV/0! | HC13: =IF($AZ13="N","N",GC13+GH13+GM13+GR13+GW13) -> 0 | HD13: =IF($AZ13="N","N",(HC13/($GY13+$HA13+$HC13))*100) -> #DIV/0! | HE13: =IF($AZ13="N","N",FZ13+GE13+GJ13+GO13+GT13) -> 0 | HF13: =IF($AZ13="N","N",SUM(AG13:AG16)) -> 0 | HG13: =IF($AZ13="N","N",SUM('調查資料(OUT)'!BY19:BY22)) -> 0 | HH13: =IF($AZ13="N","N",SUM('調查資料(OUT)'!CD19:CD22)) -> 0 | HI13: =IF($AZ13="N","N",SUM('調查資料(OUT)'!CI19:CI22)) -> 0 | HJ13: =IF($AZ13="N","N",(HF13/$IK13)*100) -> #DIV/0! | HK13: =IF($AZ13="N","N",SUM(AH13:AH16)) -> 0 | HL13: =IF($AZ13="N","N",SUM('調查資料(OUT)'!BZ19:BZ22)) -> 0 | HM13: =IF($AZ13="N","N",SUM('調查資料(OUT)'!CE19:CE22)) -> 0 | HN13: =IF($AZ13="N","N",SUM('調查資料(OUT)'!CJ19:CJ22)) -> 0 | HO13: =IF($AZ13="N","N",(HK13/$IK13)*100) -> #DIV/0! | HP13: =IF($AZ13="N","N",SUM(AI13:AI16)) -> 0 | HQ13: =IF($AZ13="N","N",SUM('調查資料(OUT)'!CA19:CA22)) -> 0 | HR13: =IF($AZ13="N","N",SUM('調查資料(OUT)'!CF19:CF22)) -> 0 | HS13: =IF($AZ13="N","N",SUM('調查資料(OUT)'!CK19:CK22)) -> 0 | HT13: =IF($AZ13="N","N",(HP13/$IK13)*100) -> #DIV/0! | HU13: =IF($AZ13="N","N",SUM(AJ13:AJ16)) -> 0 | HV13: =IF($AZ13="N","N",SUM('調查資料(OUT)'!CB19:CB22)) -> 0 | HW13: =IF($AZ13="N","N",SUM('調查資料(OUT)'!CG19:CG22)) -> 0 | HX13: =IF($AZ13="N","N",SUM('調查資料(OUT)'!CL19:CL22)) -> 0 | HY13: =IF($AZ13="N","N",(HU13/$IK13)*100) -> #DIV/0! | HZ13: =IF($AZ13="N","N",SUM(AK13:AK16)) -> 0 | IA13: =IF($AZ13="N","N",SUM('調查資料(OUT)'!CC19:CC22)) -> 0 | IB13: =IF($AZ13="N","N",SUM('調查資料(OUT)'!CH19:CH22)) -> 0 | IC13: =IF($AZ13="N","N",SUM('調查資料(OUT)'!CM19:CM22)) -> 0 | ID13: =IF($AZ13="N","N",(HZ13/$IK13)*100) -> #DIV/0! | IE13: =IF($AZ13="N","N",HG13+HL13+HQ13+HV13+IA13) -> 0 | IF13: =IF($AZ13="N","N",(IE13/($IE13+$IG13+$II13))*100) -> #DIV/0! | IG13: =IF($AZ13="N","N",HH13+HM13+HR13+HW13+IB13) -> 0 | IH13: =IF($AZ13="N","N",(IG13/($IE13+$IG13+$II13))*100) -> #DIV/0! | II13: =IF($AZ13="N","N",HI13+HN13+HS13+HX13+IC13) -> 0 | IJ13: =IF($AZ13="N","N",(II13/($IE13+$IG13+$II13))*100) -> #DIV/0! | IK13: =IF($AZ13="N","N",HF13+HK13+HP13+HU13+HZ13) -> 0
