Workbook
Name _PCU11: [1]基本!$B$35
Name _PCU12: [1]基本!$C$35
Name _PCU13: [1]基本!$D$35
Name _PCU14: [1]基本!$E$35
Name _PCU21: [1]基本!$F$35
Name _PCU22: [1]基本!$G$35
Name _PCU23: [1]基本!$H$35
Name _PCU31: [1]基本!$I$35
Name _PCU32: [1]基本!$J$35
Name _PCU33: [1]基本!$K$35
Name GAM: #REF!
Name GINFO: #REF!
Name GPM: #REF!
Name GRAPH: #REF!
Name HN: [1]集賢!$M$1
Name ROADNAME: [2]基本!$I$5,[2]基本!$G$9,[2]基本!$E$5,[2]基本!$G$1
Name TABLE: #REF!
Name 尖峰: #REF!
Name 夜間: #REF!
Name 時制A: #REF!,#REF!,#REF!,#REF!,#REF!
Name 時制B: #REF!,#REF!,#REF!,#REF!,#REF!
Name 假日: #REF!
Name 週五夜: #REF!
Name 離峰: #REF!

Sheet 轉向量
A1: 臨近路段 | B1: 起始時間 | C1: 結束時間 | D1: 大車A | E1: 大車B | F1: 大車C | G1: 大車D | H1: 小車A | I1: 小車B | J1: 小車C | K1: 小車D | L1: 機車兩段A | M1: 機車A | N1: 機車兩段B | O1: 機車B | P1: 機車兩段C | Q1: 機車C | R1: 機車兩段D | S1: 機車D
A2: A | B2: 0 | C2: 0.010416667 | D2: - | H2: - | L2: - | M2: - | P2: - | R2: -
A3: A | B3: 0.010416667 | C3: 0.020833333 | D3: - | H3: - | L3: - | M3: - | P3: - | R3: -
A4: A | B4: 0.020833333 | C4: 0.03125 | D4: - | H4: - | L4: - | M4: - | P4: - | R4: -
A5: A | B5: 0.03125 | C5: 0.041666667 | D5: - | H5: - | L5: - | M5: - | P5: - | R5: -
A6: A | B6: 0.041666667 | C6: 0.052083333 | D6: - | H6: - | L6: - | M6: - | P6: - | R6: -
A7: A | B7: 0.052083333 | C7: 0.0625 | D7: - | H7: - | L7: - | M7: - | P7: - | R7: -
A8: A | B8: 0.0625 | C8: 0.072916667 | D8: - | H8: - | L8: - | M8: - | P8: - | R8: -
A9: A | B9: 0.072916667 | C9: 0.083333333 | D9: - | H9: - | L9: - | M9: - | P9: - | R9: -
A10: A | B10: 0.083333333 | C10: 0.09375 | D10: - | H10: - | L10: - | M10: - | P10: - | R10: -
A11: A | B11: 0.09375 | C11: 0.10416667 | D11: - | H11: - | L11: - | M11: - | P11: - | R11: -
A12: A | B12: 0.10416667 | C12: 0.11458333 | D12: - | H12: - | L12: - | M12: - | P12: - | R12: -
A13: A | B13: 0.11458333 | C13: 0.125 | D13: - | H13: - | L13: - | M13: - | P13: - | R13: -
... A96: A | B96: 0.97916667 | C96: 0.98958333 | D96: - | H96: - | L96: - | M96: - | P96: - | R96: -
A97: A | B97: 0.98958333 | C97: 24:00 | D97: - | H97: - | L97: - | M97: - | P97: - | R97: -
A98: B | B98: 0 | C98: 0.010416667 | E98: - | I98: - | L98: - | N98: - | O98: - | R98: -
A99: B | B99: 0.010416667 | C99: 0.020833333 | E99: - | I99: - | L99: - | N99: - | O99: - | R99: -
A100: B | B100: 0.020833333 | C100: 0.03125 | E100: - | I100: - | L100: - | N100: - | O100: - | R100: -
A101: B | B101: 0.03125 | C101: 0.041666667 | E101: - | I101: - | L101: - | N101: - | O101: - | R101: -
A102: B | B102: 0.041666667 | C102: 0.052083333 | E102: - | I102: - | L102: - | N102: - | O102: - | R102: -
A103: B | B103: 0.052083333 | C103: 0.0625 | E103: - | I103: - | L103: - | N103: - | O103: - | R103: -
A104: B | B104: 0.0625 | C104: 0.072916667 | E104: - | I104: - | L104: - | N104: - | O104: - | R104: -
A105: B | B105: 0.072916667 | C105: 0.083333333 | E105: - | I105: - | L105: - | N105: - | O105: - | R105: -
A106: B | B106: 0.083333333 | C106: 0.09375 | E106: - | I106: - | L106: - | N106: - | O106: - | R106: -
A107: B | B107: 0.09375 | C107: 0.10416667 | E107: - | I107: - | L107: - | N107: - | O107: - | R107: -
A108: B | B108: 0.10416667 | C108: 0.11458333 | E108: - | I108: - | L108: - | N108: - | O108: - | R108: -
A109: B | B109: 0.11458333 | C109: 0.125 | E109: - | I109: - | L109: - | N109: - | O109: - | R109: -
... A192: B | B192: 0.97916667 | C192: 0.98958333 | E192: - | I192: - | L192: - | N192: - | O192: - | R192: -
A193: B | B193: 0.98958333 | C193: 24:00 | E193: - | I193: - | L193: - | N193: - | O193: - | R193: -
A194: C | B194: 0 | C194: 0.010416667 | F194: - | J194: - | L194: - | N194: - | P194: - | Q194: -
A195: C | B195: 0.010416667 | C195: 0.020833333 | F195: - | J195: - | L195: - | N195: - | P195: - | Q195: -
A196: C | B196: 0.020833333 | C196: 0.03125 | F196: - | J196: - | L196: - | N196: - | P196: - | Q196: -
A197: C | B197: 0.03125 | C197: 0.041666667 | F197: - | J197: - | L197: - | N197: - | P197: - | Q197: -
A198: C | B198: 0.041666667 | C198: 0.052083333 | F198: - | J198: - | L198: - | N198: - | P198: - | Q198: -
A199: C | B199: 0.052083333 | C199: 0.0625 | F199: - | J199: - | L199: - | N199: - | P199: - | Q199: -
A200: C | B200: 0.0625 | C200: 0.072916667 | F200: - | J200: - | L200: - | N200: - | P200: - | Q200: -
A201: C | B201: 0.072916667 | C201: 0.083333333 | F201: - | J201: - | L201: - | N201: - | P201: - | Q201: -
A202: C | B202: 0.083333333 | C202: 0.09375 | F202: - | J202: - | L202: - | N202: - | P202: - | Q202: -
A203: C | B203: 0.09375 | C203: 0.10416667 | F203: - | J203: - | L203: - | N203: - | P203: - | Q203: -
A204: C | B204: 0.10416667 | C204: 0.11458333 | F204: - | J204: - | L204: - | N204: - | P204: - | Q204: -
A205: C | B205: 0.11458333 | C205: 0.125 | F205: - | J205: - | L205: - | N205: - | P205: - | Q205: -
... A288: C | B288: 0.97916667 | C288: 0.98958333 | F288: - | J288: - | L288: - | N288: - | P288: - | Q288: -
A289: C | B289: 0.98958333 | C289: 24:00 | F289: - | J289: - | L289: - | N289: - | P289: - | Q289: -
A290: D | B290: 0 | C290: 0.010416667 | G290: - | K290: - | N290: - | P290: - | R290: - | S290: -
A291: D | B291: 0.010416667 | C291: 0.020833333 | G291: - | K291: - | N291: - | P291: - | R291: - | S291: -
A292: D | B292: 0.020833333 | C292: 0.03125 | G292: - | K292: - | N292: - | P292: - | R292: - | S292: -
A293: D | B293: 0.03125 | C293: 0.041666667 | G293: - | K293: - | N293: - | P293: - | R293: - | S293: -
A294: D | B294: 0.041666667 | C294: 0.052083333 | G294: - | K294: - | N294: - | P294: - | R294: - | S294: -
A295: D | B295: 0.052083333 | C295: 0.0625 | G295: - | K295: - | N295: - | P295: - | R295: - | S295: -
A296: D | B296: 0.0625 | C296: 0.072916667 | G296: - | K296: - | N296: - | P296: - | R296: - | S296: -
A297: D | B297: 0.072916667 | C297: 0.083333333 | G297: - | K297: - | N297: - | P297: - | R297: - | S297: -
A298: D | B298: 0.083333333 | C298: 0.09375 | G298: - | K298: - | N298: - | P298: - | R298: - | S298: -
A299: D | B299: 0.09375 | C299: 0.10416667 | G299: - | K299: - | N299: - | P299: - | R299: - | S299: -
A300: D | B300: 0.10416667 | C300: 0.11458333 | G300: - | K300: - | N300: - | P300: - | R300: - | S300: -
A301: D | B301: 0.11458333 | C301: 0.125 | G301: - | K301: - | N301: - | P301: - | R301: - | S301: -
... A384: D | B384: 0.97916667 | C384: 0.98958333 | G384: - | K384: - | N384: - | P384: - | R384: - | S384: -
A385: D | B385: 0.98958333 | C385: 24:00 | G385: - | K385: - | N385: - | P385: - | R385: - | S385: -

Sheet 路口基本資料
A1: 業主名稱： | G1: 簡圖： | I1: =E15 -> 0 | K1: N
A2: 專案編號： | I2: D | K2: ↑
A4: TC編號：
A5: 路口名稱： | G5: =D15 -> 0 | H5: C | J5: A | K5: =B15 -> 0
A6: 行政區域：
A8: 日期： | B8: YYYY/MM/DD | I8: B
A9: 平假日： | I9: =C15 -> 0
A10: 調查時段：
A11: 天候：
A13: 路口類型： | B13: 正交四叉路口
A14: 方向： | B14: A | C14: B | D14: C | E14: D
A15: 路段名：
A16: 車道數：
A17: 行車方向： | B17: 往西 | C17: 往北 | D17: 往東 | E17: 往南
A18: 機車兩段式左轉： | B18: =IF(SUM('調查資料(OUT)'!H11:H74)>0,TRUE,FALSE) -> FALSE | C18: =IF(SUM('調查資料(OUT)'!R11:R74)>0,TRUE,FALSE) -> FALSE | D18: =IF(SUM('調查資料(OUT)'!AB11:AB74)>0,TRUE,FALSE) -> FALSE | E18: =IF(SUM('調查資料(OUT)'!AL11:AL74)>0,TRUE,FALSE) -> FALSE
A21: 車種設定
A22: 大型車1 | C22: 小型車1 | E22: 機車1 | G22: 特殊1
A23: 大型車2 | C23: 小型車2 | E23: 機車2 | G23: 特殊2
A24: 大型車3 | C24: 小型車3 | E24: 機車3
A25: 大型車4 | C25: 小型車4
A26: 大型車5
A27: 大型車6

Sheet 調查資料(OUT)
A1: 套用PCE | B1: E2 | C1: F2 | D1: G2 | E1: I2 | F1: J2 | G1: K2 | H1: N2 | I1: O2 | J1: Q2 | K1: S2 | L1: E2 | M1: F2 | N1: G2 | O1: I2 | P1: J2 | Q1: K2 | R1: N2 | S1: O2 | T1: Q2 | U1: S2 | V1: E2 | W1: F2 | X1: G2 | Y1: I2 | Z1: J2 | AA1: K2 | AB1: N2 | AC1: O2 | AD1: Q2 | AE1: S2 | AF1: E2 | AG1: F2 | AH1: G2 | AI1: I2 | AJ1: J2 | AK1: K2 | AL1: N2 | AM1: O2 | AN1: Q2 | AO1: S2
B3: ※註： 1. 行車方向若無車輛通過，表示為"0" 2. 若該行車方向為禁行方向，或為非調查時段，表示為"-" 3. 機車兩段左轉，不論是否有待轉區，若無機車兩段左轉，皆表示為"0"
B8: ←A | C8: =路口基本資料!B15 -> 0 | E8: 車道數 | F8: =路口基本資料!$B$16 -> 0 | L8: ↑B | M8: =路口基本資料!C15 -> 0 | O8: 車道數 | P8: =路口基本資料!$C$16 -> 0 | V8: →C | W8: =路口基本資料!D15 -> 0 | Y8: 車道數 | Z8: =路口基本資料!$D$16 -> 0 | AF8: ↓D | AG8: =路口基本資料!E15 -> 0 | AI8: 車道數 | AJ8: =路口基本資料!$E$16 -> 0
A9: 調查 開始時間 | B9: 大型車 | E9: 小型車 | H9: 機車 | L9: 大型車 | O9: 小型車 | R9: 機車 | V9: 大型車 | Y9: 小型車 | AB9: 機車 | AF9: 大型車 | AI9: 小型車 | AL9: 機車
B10: B | C10: C | D10: D | E10: B | F10: C | G10: D | H10: 兩段左轉B | I10: B | J10: C | K10: D | L10: C | M10: D | N10: A | O10: C | P10: D | Q10: A | R10: 兩段左轉C | S10: C | T10: D | U10: A | V10: D | W10: A | X10: B | Y10: D | Z10: A | AA10: B | AB10: 兩段左轉D | AC10: D | AD10: A | AE10: B | AF10: A | AG10: B | AH10: C | AI10: A | AJ10: B | AK10: C | AL10: 兩段左轉A | AM10: A | AN10: B | AO10: C
A11: 0 | B11: =轉向量!E2 -> 0 | C11: =轉向量!F2 -> 0 | D11: =轉向量!G2 -> 0 | E11: =轉向量!I2 -> 0 | F11: =轉向量!J2 -> 0 | G11: =轉向量!K2 -> 0 | H11: =轉向量!N2 -> 0 | I11: =轉向量!O2 -> 0 | J11: =轉向量!Q2 -> 0 | K11: =轉向量!S2 -> 0 | L11: =轉向量!F98 -> 0 | M11: =轉向量!G98 -> 0 | N11: =轉向量!D98 -> 0 | O11: =轉向量!J98 -> 0 | P11: =轉向量!K98 -> 0 | Q11: =轉向量!H98 -> 0 | R11: =轉向量!P98 -> 0 | S11: =轉向量!Q98 -> 0 | T11: =轉向量!S98 -> 0 | U11: =轉向量!M98 -> 0 | V11: =轉向量!G194 -> 0 | W11: =轉向量!D194 -> 0 | X11: =轉向量!E194 -> 0 | Y11: =轉向量!K194 -> 0 | Z11: =轉向量!H194 -> 0 | AA11: =轉向量!I194 -> 0 | AB11: =轉向量!R194 -> 0 | AC11: =轉向量!S194 -> 0 | AD11: =轉向量!M194 -> 0 | AE11: =轉向量!O194 -> 0 | AF11: =轉向量!D290 -> 0 | AG11: =轉向量!E290 -> 0 | AH11: =轉向量!F290 -> 0 | AI11: =轉向量!H290 -> 0 | AJ11: =轉向量!I290 -> 0 | AK11: =轉向量!J290 -> 0 | AL11: =轉向量!L290 -> 0 | AM11: =轉向量!M290 -> 0 | AN11: =轉向量!O290 -> 0 | AO11: =轉向量!Q290 -> 0
A12: 15 | B12: =轉向量!E3 -> 0 | C12: =轉向量!F3 -> 0 | D12: =轉向量!G3 -> 0 | E12: =轉向量!I3 -> 0 | F12: =轉向量!J3 -> 0 | G12: =轉向量!K3 -> 0 | H12: =轉向量!N3 -> 0 | I12: =轉向量!O3 -> 0 | J12: =轉向量!Q3 -> 0 | K12: =轉向量!S3 -> 0 | L12: =轉向量!F99 -> 0 | M12: =轉向量!G99 -> 0 | N12: =轉向量!D99 -> 0 | O12: =轉向量!J99 -> 0 | P12: =轉向量!K99 -> 0 | Q12: =轉向量!H99 -> 0 | R12: =轉向量!P99 -> 0 | S12: =轉向量!Q99 -> 0 | T12: =轉向量!S99 -> 0 | U12: =轉向量!M99 -> 0 | V12: =轉向量!G195 -> 0 | W12: =轉向量!D195 -> 0 | X12: =轉向量!E195 -> 0 | Y12: =轉向量!K195 -> 0 | Z12: =轉向量!H195 -> 0 | AA12: =轉向量!I195 -> 0 | AB12: =轉向量!R195 -> 0 | AC12: =轉向量!S195 -> 0 | AD12: =轉向量!M195 -> 0 | AE12: =轉向量!O195 -> 0 | AF12: =轉向量!D291 -> 0 | AG12: =轉向量!E291 -> 0 | AH12: =轉向量!F291 -> 0 | AI12: =轉向量!H291 -> 0 | AJ12: =轉向量!I291 -> 0 | AK12: =轉向量!J291 -> 0 | AL12: =轉向量!L291 -> 0 | AM12: =轉向量!M291 -> 0 | AN12: =轉向量!O291 -> 0 | AO12: =轉向量!Q291 -> 0
A13: 30 | B13: =轉向量!E4 -> 0 | C13: =轉向量!F4 -> 0 | D13: =轉向量!G4 -> 0 | E13: =轉向量!I4 -> 0 | F13: =轉向量!J4 -> 0 | G13: =轉向量!K4 -> 0 | H13: =轉向量!N4 -> 0 | I13: =轉向量!O4 -> 0 | J13: =轉向量!Q4 -> 0 | K13: =轉向量!S4 -> 0 | L13: =轉向量!F100 -> 0 | M13: =轉向量!G100 -> 0 | N13: =轉向量!D100 -> 0 | O13: =轉向量!J100 -> 0 | P13: =轉向量!K100 -> 0 | Q13: =轉向量!H100 -> 0 | R13: =轉向量!P100 -> 0 | S13: =轉向量!Q100 -> 0 | T13: =轉向量!S100 -> 0 | U13: =轉向量!M100 -> 0 | V13: =轉向量!G196 -> 0 | W13: =轉向量!D196 -> 0 | X13: =轉向量!E196 -> 0 | Y13: =轉向量!K196 -> 0 | Z13: =轉向量!H196 -> 0 | AA13: =轉向量!I196 -> 0 | AB13: =轉向量!R196 -> 0 | AC13: =轉向量!S196 -> 0 | AD13: =轉向量!M196 -> 0 | AE13: =轉向量!O196 -> 0 | AF13: =轉向量!D292 -> 0 | AG13: =轉向量!E292 -> 0 | AH13: =轉向量!F292 -> 0 | AI13: =轉向量!H292 -> 0 | AJ13: =轉向量!I292 -> 0 | AK13: =轉向量!J292 -> 0 | AL13: =轉向量!L292 -> 0 | AM13: =轉向量!M292 -> 0 | AN13: =轉向量!O292 -> 0 | AO13: =轉向量!Q292 -> 0
A14: 45 | B14: =轉向量!E5 -> 0 | C14: =轉向量!F5 -> 0 | D14: =轉向量!G5 -> 0 | E14: =轉向量!I5 -> 0 | F14: =轉向量!J5 -> 0 | G14: =轉向量!K5 -> 0 | H14: =轉向量!N5 -> 0 | I14: =轉向量!O5 -> 0 | J14: =轉向量!Q5 -> 0 | K14: =轉向量!S5 -> 0 | L14: =轉向量!F101 -> 0 | M14: =轉向量!G101 -> 0 | N14: =轉向量!D101 -> 0 | O14: =轉向量!J101 -> 0 | P14: =轉向量!K101 -> 0 | Q14: =轉向量!H101 -> 0 | R14: =轉向量!P101 -> 0 | S14: =轉向量!Q101 -> 0 | T14: =轉向量!S101 -> 0 | U14: =轉向量!M101 -> 0 | V14: =轉向量!G197 -> 0 | W14: =轉向量!D197 -> 0 | X14: =轉向量!E197 -> 0 | Y14: =轉向量!K197 -> 0 | Z14: =轉向量!H197 -> 0 | AA14: =轉向量!I197 -> 0 | AB14: =轉向量!R197 -> 0 | AC14: =轉向量!S197 -> 0 | AD14: =轉向量!M197 -> 0 | AE14: =轉向量!O197 -> 0 | AF14: =轉向量!D293 -> 0 | AG14: =轉向量!E293 -> 0 | AH14: =轉向量!F293 -> 0 | AI14: =轉向量!H293 -> 0 | AJ14: =轉向量!I293 -> 0 | AK14: =轉向量!J293 -> 0 | AL14: =轉向量!L293 -> 0 | AM14: =轉向量!M293 -> 0 | AN14: =轉向量!O293 -> 0 | AO14: =轉向量!Q293 -> 0
A15: 100 | B15: =轉向量!E6 -> 0 | C15: =轉向量!F6 -> 0 | D15: =轉向量!G6 -> 0 | E15: =轉向量!I6 -> 0 | F15: =轉向量!J6 -> 0 | G15: =轉向量!K6 -> 0 | H15: =轉向量!N6 -> 0 | I15: =轉向量!O6 -> 0 | J15: =轉向量!Q6 -> 0 | K15: =轉向量!S6 -> 0 | L15: =轉向量!F102 -> 0 | M15: =轉向量!G102 -> 0 | N15: =轉向量!D102 -> 0 | O15: =轉向量!J102 -> 0 | P15: =轉向量!K102 -> 0 | Q15: =轉向量!H102 -> 0 | R15: =轉向量!P102 -> 0 | S15: =轉向量!Q102 -> 0 | T15: =轉向量!S102 -> 0 | U15: =轉向量!M102 -> 0 | V15: =轉向量!G198 -> 0 | W15: =轉向量!D198 -> 0 | X15: =轉向量!E198 -> 0 | Y15: =轉向量!K198 -> 0 | Z15: =轉向量!H198 -> 0 | AA15: =轉向量!I198 -> 0 | AB15: =轉向量!R198 -> 0 | AC15: =轉向量!S198 -> 0 | AD15: =轉向量!M198 -> 0 | AE15: =轉向量!O198 -> 0 | AF15: =轉向量!D294 -> 0 | AG15: =轉向量!E294 -> 0 | AH15: =轉向量!F294 -> 0 | AI15: =轉向量!H294 -> 0 | AJ15: =轉向量!I294 -> 0 | AK15: =轉向量!J294 -> 0 | AL15: =轉向量!L294 -> 0 | AM15: =轉向量!M294 -> 0 | AN15: =轉向量!O294 -> 0 | AO15: =轉向量!Q294 -> 0
A16: 115 | B16: =轉向量!E7 -> 0 | C16: =轉向量!F7 -> 0 | D16: =轉向量!G7 -> 0 | E16: =轉向量!I7 -> 0 | F16: =轉向量!J7 -> 0 | G16: =轉向量!K7 -> 0 | H16: =轉向量!N7 -> 0 | I16: =轉向量!O7 -> 0 | J16: =轉向量!Q7 -> 0 | K16: =轉向量!S7 -> 0 | L16: =轉向量!F103 -> 0 | M16: =轉向量!G103 -> 0 | N16: =轉向量!D103 -> 0 | O16: =轉向量!J103 -> 0 | P16: =轉向量!K103 -> 0 | Q16: =轉向量!H103 -> 0 | R16: =轉向量!P103 -> 0 | S16: =轉向量!Q103 -> 0 | T16: =轉向量!S103 -> 0 | U16: =轉向量!M103 -> 0 | V16: =轉向量!G199 -> 0 | W16: =轉向量!D199 -> 0 | X16: =轉向量!E199 -> 0 | Y16: =轉向量!K199 -> 0 | Z16: =轉向量!H199 -> 0 | AA16: =轉向量!I199 -> 0 | AB16: =轉向量!R199 -> 0 | AC16: =轉向量!S199 -> 0 | AD16: =轉向量!M199 -> 0 | AE16: =轉向量!O199 -> 0 | AF16: =轉向量!D295 -> 0 | AG16: =轉向量!E295 -> 0 | AH16: =轉向量!F295 -> 0 | AI16: =轉向量!H295 -> 0 | AJ16: =轉向量!I295 -> 0 | AK16: =轉向量!J295 -> 0 | AL16: =轉向量!L295 -> 0 | AM16: =轉向量!M295 -> 0 | AN16: =轉向量!O295 -> 0 | AO16: =轉向量!Q295 -> 0
A17: 130 | B17: =轉向量!E8 -> 0 | C17: =轉向量!F8 -> 0 | D17: =轉向量!G8 -> 0 | E17: =轉向量!I8 -> 0 | F17: =轉向量!J8 -> 0 | G17: =轉向量!K8 -> 0 | H17: =轉向量!N8 -> 0 | I17: =轉向量!O8 -> 0 | J17: =轉向量!Q8 -> 0 | K17: =轉向量!S8 -> 0 | L17: =轉向量!F104 -> 0 | M17: =轉向量!G104 -> 0 | N17: =轉向量!D104 -> 0 | O17: =轉向量!J104 -> 0 | P17: =轉向量!K104 -> 0 | Q17: =轉向量!H104 -> 0 | R17: =轉向量!P104 -> 0 | S17: =轉向量!Q104 -> 0 | T17: =轉向量!S104 -> 0 | U17: =轉向量!M104 -> 0 | V17: =轉向量!G200 -> 0 | W17: =轉向量!D200 -> 0 | X17: =轉向量!E200 -> 0 | Y17: =轉向量!K200 -> 0 | Z17: =轉向量!H200 -> 0 | AA17: =轉向量!I200 -> 0 | AB17: =轉向量!R200 -> 0 | AC17: =轉向量!S200 -> 0 | AD17: =轉向量!M200 -> 0 | AE17: =轉向量!O200 -> 0 | AF17: =轉向量!D296 -> 0 | AG17: =轉向量!E296 -> 0 | AH17: =轉向量!F296 -> 0 | AI17: =轉向量!H296 -> 0 | AJ17: =轉向量!I296 -> 0 | AK17: =轉向量!J296 -> 0 | AL17: =轉向量!L296 -> 0 | AM17: =轉向量!M296 -> 0 | AN17: =轉向量!O296 -> 0 | AO17: =轉向量!Q296 -> 0
A18: 145 | B18: =轉向量!E9 -> 0 | C18: =轉向量!F9 -> 0 | D18: =轉向量!G9 -> 0 | E18: =轉向量!I9 -> 0 | F18: =轉向量!J9 -> 0 | G18: =轉向量!K9 -> 0 | H18: =轉向量!N9 -> 0 | I18: =轉向量!O9 -> 0 | J18: =轉向量!Q9 -> 0 | K18: =轉向量!S9 -> 0 | L18: =轉向量!F105 -> 0 | M18: =轉向量!G105 -> 0 | N18: =轉向量!D105 -> 0 | O18: =轉向量!J105 -> 0 | P18: =轉向量!K105 -> 0 | Q18: =轉向量!H105 -> 0 | R18: =轉向量!P105 -> 0 | S18: =轉向量!Q105 -> 0 | T18: =轉向量!S105 -> 0 | U18: =轉向量!M105 -> 0 | V18: =轉向量!G201 -> 0 | W18: =轉向量!D201 -> 0 | X18: =轉向量!E201 -> 0 | Y18: =轉向量!K201 -> 0 | Z18: =轉向量!H201 -> 0 | AA18: =轉向量!I201 -> 0 | AB18: =轉向量!R201 -> 0 | AC18: =轉向量!S201 -> 0 | AD18: =轉向量!M201 -> 0 | AE18: =轉向量!O201 -> 0 | AF18: =轉向量!D297 -> 0 | AG18: =轉向量!E297 -> 0 | AH18: =轉向量!F297 -> 0 | AI18: =轉向量!H297 -> 0 | AJ18: =轉向量!I297 -> 0 | AK18: =轉向量!J297 -> 0 | AL18: =轉向量!L297 -> 0 | AM18: =轉向量!M297 -> 0 | AN18: =轉向量!O297 -> 0 | AO18: =轉向量!Q297 -> 0
A19: 200 | B19: =轉向量!E10 -> 0 | C19: =轉向量!F10 -> 0 | D19: =轉向量!G10 -> 0 | E19: =轉向量!I10 -> 0 | F19: =轉向量!J10 -> 0 | G19: =轉向量!K10 -> 0 | H19: =轉向量!N10 -> 0 | I19: =轉向量!O10 -> 0 | J19: =轉向量!Q10 -> 0 | K19: =轉向量!S10 -> 0 | L19: =轉向量!F106 -> 0 | M19: =轉向量!G106 -> 0 | N19: =轉向量!D106 -> 0 | O19: =轉向量!J106 -> 0 | P19: =轉向量!K106 -> 0 | Q19: =轉向量!H106 -> 0 | R19: =轉向量!P106 -> 0 | S19: =轉向量!Q106 -> 0 | T19: =轉向量!S106 -> 0 | U19: =轉向量!M106 -> 0 | V19: =轉向量!G202 -> 0 | W19: =轉向量!D202 -> 0 | X19: =轉向量!E202 -> 0 | Y19: =轉向量!K202 -> 0 | Z19: =轉向量!H202 -> 0 | AA19: =轉向量!I202 -> 0 | AB19: =轉向量!R202 -> 0 | AC19: =轉向量!S202 -> 0 | AD19: =轉向量!M202 -> 0 | AE19: =轉向量!O202 -> 0 | AF19: =轉向量!D298 -> 0 | AG19: =轉向量!E298 -> 0 | AH19: =轉向量!F298 -> 0 | AI19: =轉向量!H298 -> 0 | AJ19: =轉向量!I298 -> 0 | AK19: =轉向量!J298 -> 0 | AL19: =轉向量!L298 -> 0 | AM19: =轉向量!M298 -> 0 | AN19: =轉向量!O298 -> 0 | AO19: =轉向量!Q298 -> 0
A20: 215 | B20: =轉向量!E11 -> 0 | C20: =轉向量!F11 -> 0 | D20: =轉向量!G11 -> 0 | E20: =轉向量!I11 -> 0 | F20: =轉向量!J11 -> 0 | G20: =轉向量!K11 -> 0 | H20: =轉向量!N11 -> 0 | I20: =轉向量!O11 -> 0 | J20: =轉向量!Q11 -> 0 | K20: =轉向量!S11 -> 0 | L20: =轉向量!F107 -> 0 | M20: =轉向量!G107 -> 0 | N20: =轉向量!D107 -> 0 | O20: =轉向量!J107 -> 0 | P20: =轉向量!K107 -> 0 | Q20: =轉向量!H107 -> 0 | R20: =轉向量!P107 -> 0 | S20: =轉向量!Q107 -> 0 | T20: =轉向量!S107 -> 0 | U20: =轉向量!M107 -> 0 | V20: =轉向量!G203 -> 0 | W20: =轉向量!D203 -> 0 | X20: =轉向量!E203 -> 0 | Y20: =轉向量!K203 -> 0 | Z20: =轉向量!H203 -> 0 | AA20: =轉向量!I203 -> 0 | AB20: =轉向量!R203 -> 0 | AC20: =轉向量!S203 -> 0 | AD20: =轉向量!M203 -> 0 | AE20: =轉向量!O203 -> 0 | AF20: =轉向量!D299 -> 0 | AG20: =轉向量!E299 -> 0 | AH20: =轉向量!F299 -> 0 | AI20: =轉向量!H299 -> 0 | AJ20: =轉向量!I299 -> 0 | AK20: =轉向量!J299 -> 0 | AL20: =轉向量!L299 -> 0 | AM20: =轉向量!M299 -> 0 | AN20: =轉向量!O299 -> 0 | AO20: =轉向量!Q299 -> 0
A21: 230 | B21: =轉向量!E12 -> 0 | C21: =轉向量!F12 -> 0 | D21: =轉向量!G12 -> 0 | E21: =轉向量!I12 -> 0 | F21: =轉向量!J12 -> 0 | G21: =轉向量!K12 -> 0 | H21: =轉向量!N12 -> 0 | I21: =轉向量!O12 -> 0 | J21: =轉向量!Q12 -> 0 | K21: =轉向量!S12 -> 0 | L21: =轉向量!F108 -> 0 | M21: =轉向量!G108 -> 0 | N21: =轉向量!D108 -> 0 | O21: =轉向量!J108 -> 0 | P21: =轉向量!K108 -> 0 | Q21: =轉向量!H108 -> 0 | R21: =轉向量!P108 -> 0 | S21: =轉向量!Q108 -> 0 | T21: =轉向量!S108 -> 0 | U21: =轉向量!M108 -> 0 | V21: =轉向量!G204 -> 0 | W21: =轉向量!D204 -> 0 | X21: =轉向量!E204 -> 0 | Y21: =轉向量!K204 -> 0 | Z21: =轉向量!H204 -> 0 | AA21: =轉向量!I204 -> 0 | AB21: =轉向量!R204 -> 0 | AC21: =轉向量!S204 -> 0 | AD21: =轉向量!M204 -> 0 | AE21: =轉向量!O204 -> 0 | AF21: =轉向量!D300 -> 0 | AG21: =轉向量!E300 -> 0 | AH21: =轉向量!F300 -> 0 | AI21: =轉向量!H300 -> 0 | AJ21: =轉向量!I300 -> 0 | AK21: =轉向量!J300 -> 0 | AL21: =轉向量!L300 -> 0 | AM21: =轉向量!M300 -> 0 | AN21: =轉向量!O300 -> 0 | AO21: =轉向量!Q300 -> 0
A22: 245 | B22: =轉向量!E13 -> 0 | C22: =轉向量!F13 -> 0 | D22: =轉向量!G13 -> 0 | E22: =轉向量!I13 -> 0 | F22: =轉向量!J13 -> 0 | G22: =轉向量!K13 -> 0 | H22: =轉向量!N13 -> 0 | I22: =轉向量!O13 -> 0 | J22: =轉向量!Q13 -> 0 | K22: =轉向量!S13 -> 0 | L22: =轉向量!F109 -> 0 | M22: =轉向量!G109 -> 0 | N22: =轉向量!D109 -> 0 | O22: =轉向量!J109 -> 0 | P22: =轉向量!K109 -> 0 | Q22: =轉向量!H109 -> 0 | R22: =轉向量!P109 -> 0 | S22: =轉向量!Q109 -> 0 | T22: =轉向量!S109 -> 0 | U22: =轉向量!M109 -> 0 | V22: =轉向量!G205 -> 0 | W22: =轉向量!D205 -> 0 | X22: =轉向量!E205 -> 0 | Y22: =轉向量!K205 -> 0 | Z22: =轉向量!H205 -> 0 | AA22: =轉向量!I205 -> 0 | AB22: =轉向量!R205 -> 0 | AC22: =轉向量!S205 -> 0 | AD22: =轉向量!M205 -> 0 | AE22: =轉向量!O205 -> 0 | AF22: =轉向量!D301 -> 0 | AG22: =轉向量!E301 -> 0 | AH22: =轉向量!F301 -> 0 | AI22: =轉向量!H301 -> 0 | AJ22: =轉向量!I301 -> 0 | AK22: =轉向量!J301 -> 0 | AL22: =轉向量!L301 -> 0 | AM22: =轉向量!M301 -> 0 | AN22: =轉向量!O301 -> 0 | AO22: =轉向量!Q301 -> 0
... A106: 2345 | B106: =轉向量!E97 -> 0 | C106: =轉向量!F97 -> 0 | D106: =轉向量!G97 -> 0 | E106: =轉向量!I97 -> 0 | F106: =轉向量!J97 -> 0 | G106: =轉向量!K97 -> 0 | H106: =轉向量!N97 -> 0 | I106: =轉向量!O97 -> 0 | J106: =轉向量!Q97 -> 0 | K106: =轉向量!S97 -> 0 | L106: =轉向量!F193 -> 0 | M106: =轉向量!G193 -> 0 | N106: =轉向量!D193 -> 0 | O106: =轉向量!J193 -> 0 | P106: =轉向量!K193 -> 0 | Q106: =轉向量!H193 -> 0 | R106: =轉向量!P193 -> 0 | S106: =轉向量!Q193 -> 0 | T106: =轉向量!S193 -> 0 | U106: =轉向量!M193 -> 0 | V106: =轉向量!G289 -> 0 | W106: =轉向量!D289 -> 0 | X106: =轉向量!E289 -> 0 | Y106: =轉向量!K289 -> 0 | Z106: =轉向量!H289 -> 0 | AA106: =轉向量!I289 -> 0 | AB106: =轉向量!R289 -> 0 | AC106: =轉向量!S289 -> 0 | AD106: =轉向量!M289 -> 0 | AE106: =轉向量!O289 -> 0 | AF106: =轉向量!D385 -> 0 | AG106: =轉向量!E385 -> 0 | AH106: =轉向量!F385 -> 0 | AI106: =轉向量!H385 -> 0 | AJ106: =轉向量!I385 -> 0 | AK106: =轉向量!J385 -> 0 | AL106: =轉向量!L385 -> 0 | AM106: =轉向量!M385 -> 0 | AN106: =轉向量!O385 -> 0 | AO106: =轉向量!Q385 -> 0

Sheet PHF及轉向比
AF1: ←A | AV1: 合計 | BC1: ↑B | BS1: 合計 | BZ1: →C | CP1: 合計 | CW1: ↓D | DM1: 合計
B2: ←A | C2: 左轉 | D2: 直行 | E2: 右轉 | F2: ↑B | G2: 左轉 | H2: 直行 | I2: 右轉 | J2: →C | K2: 左轉 | L2: 直行 | M2: 右轉 | N2: ↓D | O2: 左轉 | P2: 直行 | Q2: 右轉 | R2: 路口 | V2: 每小時 | W2: 尖峰小時 | X2: 最大15分鐘 | Y2: A尖峰小時 | Z2: B尖峰小時 | AA2: C尖峰小時 | AB2: D尖峰小時 | AC2: 尖峰小時 | AD2: 尖峰 | AE2: 小時 | AF2: 左轉B | AJ2: 機車 | AK2: 轉向 | AL2: 直行C | AP2: 轉向 | AQ2: 右轉D | AU2: 轉向 | AW2: 車種 | AY2: 車種 | BA2: 車種 | BC2: 左轉C | BG2: 機車 | BH2: 轉向 | BI2: 直行D | BM2: 轉向 | BN2: 右轉A | BR2: 轉向 | BT2: 車種 | BV2: 車種 | BX2: 車種 | BZ2: 左轉D | CD2: 機車 | CE2: 轉向 | CF2: 直行A | CJ2: 轉向 | CK2: 右轉B | CO2: 轉向 | CQ2: 車種 | CS2: 車種 | CU2: 車種 | CW2: 左轉A | DA2: 機車 | DB2: 轉向 | DC2: 直行B | DG2: 轉向 | DH2: 右轉C | DL2: 轉向 | DN2: 車種 | DP2: 車種 | DR2: 車種
B3: 小計 | C3: B | D3: C | E3: D | F3: 小計 | G3: C | H3: D | I3: A | J3: 小計 | K3: D | L3: A | M3: B | N3: 小計 | O3: A | P3: B | Q3: C | R3: 總計 | V3: 交通量 | W3: 交通量 | X3: 交通量 | Y3: 係數 | Z3: 係數 | AA3: 係數 | AB3: 係數 | AC3: 係數 | AD3: 起 | AE3: 迄 | AF3: 小計 | AG3: 大型車 | AH3: 小型車 | AI3: 機車 | AJ3: 兩段左轉 | AK3: 百分比 | AL3: 小計 | AM3: 大型車 | AN3: 小型車 | AO3: 機車 | AP3: 百分比 | AQ3: 小計 | AR3: 大型車 | AS3: 小型車 | AT3: 機車 | AU3: 百分比 | AV3: 大型車 | AW3: 百分比 | AX3: 小型車 | AY3: 百分比 | AZ3: 機車 | BA3: 百分比 | BB3: 合計 | BC3: 小計 | BD3: 大型車 | BE3: 小型車 | BF3: 機車 | BG3: 兩段左轉 | BH3: 百分比 | BI3: 小計 | BJ3: 大型車 | BK3: 小型車 | BL3: 機車 | BM3: 百分比 | BN3: 小計 | BO3: 大型車 | BP3: 小型車 | BQ3: 機車 | BR3: 百分比 | BS3: 大型車 | BT3: 百分比 | BU3: 小型車 | BV3: 百分比 | BW3: 機車 | BX3: 百分比 | BY3: 合計 | BZ3: 小計 | CA3: 大型車 | CB3: 小型車 | CC3: 機車 | CD3: 兩段左轉 | CE3: 百分比 | CF3: 小計 | CG3: 大型車 | CH3: 小型車 | CI3: 機車 | CJ3: 百分比 | CK3: 小計 | CL3: 大型車 | CM3: 小型車 | CN3: 機車 | CO3: 百分比 | CP3: 大型車 | CQ3: 百分比 | CR3: 小型車 | CS3: 百分比 | CT3: 機車 | CU3: 百分比 | CV3: 合計 | CW3: 小計 | CX3: 大型車 | CY3: 小型車 | CZ3: 機車 | DA3: 兩段左轉 | DB3: 百分比 | DC3: 小計 | DD3: 大型車 | DE3: 小型車 | DF3: 機車 | DG3: 百分比 | DH3: 小計 | DI3: 大型車 | DJ3: 小型車 | DK3: 機車 | DL3: 百分比 | DM3: 大型車 | DN3: 百分比 | DO3: 小型車 | DP3: 百分比 | DQ3: 機車 | DR3: 百分比 | DS3: 合計
B4: (PCU) | C4: (PCU) | D4: (PCU) | E4: (PCU) | F4: (PCU) | G4: (PCU) | H4: (PCU) | I4: (PCU) | J4: (PCU) | K4: (PCU) | L4: (PCU) | M4: (PCU) | N4: (PCU) | O4: (PCU) | P4: (PCU) | Q4: (PCU) | R4: (PCU) | V4: （PCU） | W4: （PCU） | X4: （PCU） | Y4: （PHF） | Z4: （PHF） | AA4: （PHF） | AB4: （PHF） | AC4: （PHF） | AF4: （PCU） | AG4: （輛） | AH4: （輛） | AI4: （輛） | AJ4: （輛） | AK4: （％） | AL4: （PCU） | AM4: （輛） | AN4: （輛） | AO4: （輛） | AP4: （％） | AQ4: （PCU） | AR4: （輛） | AS4: （輛） | AT4: （輛） | AU4: （％） | AV4: （輛） | AW4: （％） | AX4: （輛） | AY4: （％） | AZ4: （輛） | BA4: （％） | BB4: （PCU） | BC4: （PCU） | BD4: （輛） | BE4: （輛） | BF4: （輛） | BG4: （輛） | BH4: （％） | BI4: （PCU） | BJ4: （輛） | BK4: （輛） | BL4: （輛） | BM4: （％） | BN4: （PCU） | BO4: （輛） | BP4: （輛） | BQ4: （輛） | BR4: （％） | BS4: （輛） | BT4: （％） | BU4: （輛） | BV4: （％） | BW4: （輛） | BX4: （％） | BY4: （PCU） | BZ4: （PCU） | CA4: （輛） | CB4: （輛） | CC4: （輛） | CD4: （輛） | CE4: （％） | CF4: （PCU） | CG4: （輛） | CH4: （輛） | CI4: （輛） | CJ4: （％） | CK4: （PCU） | CL4: （輛） | CM4: （輛） | CN4: （輛） | CO4: （％） | CP4: （輛） | CQ4: （％） | CR4: （輛） | CS4: （％） | CT4: （輛） | CU4: （％） | CV4: （PCU） | CW4: （PCU） | CX4: （輛） | CY4: （輛） | CZ4: （輛） | DA4: （輛） | DB4: （％） | DC4: （PCU） | DD4: （輛） | DE4: （輛） | DF4: （輛） | DG4: （％） | DH4: （PCU） | DI4: （輛） | DJ4: （輛） | DK4: （輛） | DL4: （％） | DM4: （輛） | DN4: （％） | DO4: （輛） | DP4: （％） | DQ4: （輛） | DR4: （％） | DS4: （PCU）
A5: ='調查資料(OUT)'!A11 -> 0 | B5: =SUM(C5:E5) -> 0 | C5: =IFERROR('調查資料(OUT)'!B$1*'調查資料(OUT)'!B11,0)+IFERROR('調查資料(OUT)'!E$1*'調查資料(OUT)'!E11,0)+IFERROR('調查資料(OUT)'!H$1*'調查資料(OUT)'!H11,0)+IFERROR('調查資料(OUT)'!I$1*'調查資料(OUT)'!I11,0) -> 0 | D5: =IFERROR('調查資料(OUT)'!C$1*'調查資料(OUT)'!C11,0)+IFERROR('調查資料(OUT)'!F$1*'調查資料(OUT)'!F11,0)+IFERROR('調查資料(OUT)'!J$1*'調查資料(OUT)'!J11,0) -> 0 | E5: =IFERROR('調查資料(OUT)'!D$1*'調查資料(OUT)'!D11,0)+IFERROR('調查資料(OUT)'!G$1*'調查資料(OUT)'!G11,0)+IFERROR('調查資料(OUT)'!K$1*'調查資料(OUT)'!K11,0) -> 0 | F5: =SUM(G5:I5) -> 0 | G5: =IFERROR('調查資料(OUT)'!L$1*'調查資料(OUT)'!L11,0)+IFERROR('調查資料(OUT)'!O$1*'調查資料(OUT)'!O11,0)+IFERROR('調查資料(OUT)'!R$1*'調查資料(OUT)'!R11,0)+IFERROR('調查資料(OUT)'!S$1*'調查資料(OUT)'!S11,0) -> 0 | H5: =IFERROR('調查資料(OUT)'!M$1*'調查資料(OUT)'!M11,0)+IFERROR('調查資料(OUT)'!P$1*'調查資料(OUT)'!P11,0)+IFERROR('調查資料(OUT)'!T$1*'調查資料(OUT)'!T11,0) -> 0 | I5: =IFERROR('調查資料(OUT)'!N$1*'調查資料(OUT)'!N11,0)+IFERROR('調查資料(OUT)'!Q$1*'調查資料(OUT)'!Q11,0)+IFERROR('調查資料(OUT)'!U$1*'調查資料(OUT)'!U11,0) -> 0 | J5: =SUM(K5:M5) -> 0 | K5: =IFERROR('調查資料(OUT)'!V$1*'調查資料(OUT)'!V11,0)+IFERROR('調查資料(OUT)'!Y$1*'調查資料(OUT)'!Y11,0)+IFERROR('調查資料(OUT)'!AB$1*'調查資料(OUT)'!AB11,0)+IFERROR('調查資料(OUT)'!AC$1*'調查資料(OUT)'!AC11,0) -> 0 | L5: =IFERROR('調查資料(OUT)'!W$1*'調查資料(OUT)'!W11,0)+IFERROR('調查資料(OUT)'!Z$1*'調查資料(OUT)'!Z11,0)+IFERROR('調查資料(OUT)'!AD$1*'調查資料(OUT)'!AD11,0) -> 0 | M5: =IFERROR('調查資料(OUT)'!X$1*'調查資料(OUT)'!X11,0)+IFERROR('調查資料(OUT)'!AA$1*'調查資料(OUT)'!AA11,0)+IFERROR('調查資料(OUT)'!AE$1*'調查資料(OUT)'!AE11,0) -> 0 | N5: =SUM(O5:Q5) -> 0 | O5: =IFERROR('調查資料(OUT)'!AF$1*'調查資料(OUT)'!AF11,0)+IFERROR('調查資料(OUT)'!AI$1*'調查資料(OUT)'!AI11,0)+IFERROR('調查資料(OUT)'!AL$1*'調查資料(OUT)'!AL11,0)+IFERROR('調查資料(OUT)'!AM$1*'調查資料(OUT)'!AM11,0) -> 0 | P5: =IFERROR('調查資料(OUT)'!AG$1*'調查資料(OUT)'!AG11,0)+IFERROR('調查資料(OUT)'!AJ$1*'調查資料(OUT)'!AJ11,0)+IFERROR('調查資料(OUT)'!AN$1*'調查資料(OUT)'!AN11,0) -> 0 | Q5: =IFERROR('調查資料(OUT)'!AH$1*'調查資料(OUT)'!AH11,0)+IFERROR('調查資料(OUT)'!AK$1*'調查資料(OUT)'!AK11,0)+IFERROR('調查資料(OUT)'!AO$1*'調查資料(OUT)'!AO11,0) -> 0 | R5: =B5+F5+J5+N5 -> 0 | T5: ='調查資料(OUT)'!A11 -> 0 | U5: =T5+100 -> 100 | V5: =SUM(R5:R8) -> 0 | X5: =IF($V5=$W$29,MAX(R5:R8),0) -> 0 | Y5: =IF($V5=W$5,SUM(B5:B8)/(4*(MAX(B5:B8))),0) -> #DIV/0! | Z5: =IF($V5=W$5,SUM(F5:F8)/(4*(MAX(F5:F8))),0) -> #DIV/0! | AA5: =IF($V5=W$5,SUM(J5:J8)/(4*(MAX(J5:J8))),0) -> #DIV/0! | AB5: =IF($V5=W$5,SUM(N5:N8)/(4*(MAX(N5:N8))),0) -> #DIV/0! | AD5: =IF(V5=W$5,$T5,"N") -> 0 | AE5: =IF(V5=W$5,$U5,"N") -> 100 | AF5: =IF($AD5="N","N",SUM(C5:C8)) -> 0 | AG5: =IF($AD5="N","N",SUM('調查資料(OUT)'!B11:B14)) -> 0 | AH5: =IF($AD5="N","N",SUM('調查資料(OUT)'!E11:E14)) -> 0 | AI5: =IF($AD5="N","N",SUM('調查資料(OUT)'!I11:I14)) -> 0 | AJ5: =IF($AD5="N","N",SUM('調查資料(OUT)'!H11:H14)) -> 0 | AK5: =IF($AD5="N","N",(AF5/$BB5)*100) -> #DIV/0! | AL5: =IF($AD5="N","N",SUM(D5:D8)) -> 0 | AM5: =IF($AD5="N","N",SUM('調查資料(OUT)'!C11:C14)) -> 0 | AN5: =IF($AD5="N","N",SUM('調查資料(OUT)'!F11:F14)) -> 0 | AO5: =IF($AD5="N","N",SUM('調查資料(OUT)'!J11:J14)) -> 0 | AP5: =IF($AD5="N","N",(AL5/$BB5)*100) -> #DIV/0! | AQ5: =IF($AD5="N","N",SUM(E5:E8)) -> 0 | AR5: =IF($AD5="N","N",SUM('調查資料(OUT)'!D11:D14)) -> 0 | AS5: =IF($AD5="N","N",SUM('調查資料(OUT)'!G11:G14)) -> 0 | AT5: =IF($AD5="N","N",SUM('調查資料(OUT)'!K11:K14)) -> 0 | AU5: =IF($AD5="N","N",(AQ5/$BB5)*100) -> #DIV/0! | AV5: =IF($AD5="N","N",AG5+AM5+AR5) -> 0 | AW5: =IF($AD5="N","N",(AV5/($AV5+$AX5+$AZ5))*100) -> #DIV/0! | AX5: =IF($AD5="N","N",AH5+AN5+AS5) -> 0 | AY5: =IF($AD5="N","N",(AX5/($AV5+$AX5+$AZ5))*100) -> #DIV/0! | AZ5: =IF($AD5="N","N",AI5+AJ5+AO5+AT5) -> 0 | BA5: =IF($AD5="N","N",(AZ5/($AV5+$AX5+$AZ5))*100) -> #DIV/0! | BB5: =IF($AD5="N","N",AF5+AL5+AQ5) -> 0 | BC5: =IF($AD5="N","N",SUM(G5:G8)) -> 0 | BD5: =IF($AD5="N","N",SUM('調查資料(OUT)'!L11:L14)) -> 0 | BE5: =IF($AD5="N","N",SUM('調查資料(OUT)'!O11:O14)) -> 0 | BF5: =IF($AD5="N","N",SUM('調查資料(OUT)'!S11:S14)) -> 0 | BG5: =IF($AD5="N","N",SUM('調查資料(OUT)'!R11:R14)) -> 0 | BH5: =IF($AD5="N","N",(BC5/BY5)*100) -> #DIV/0! | BI5: =IF($AD5="N","N",SUM(H5:H8)) -> 0 | BJ5: =IF($AD5="N","N",SUM('調查資料(OUT)'!M11:M14)) -> 0 | BK5: =IF($AD5="N","N",SUM('調查資料(OUT)'!P11:P14)) -> 0 | BL5: =IF($AD5="N","N",SUM('調查資料(OUT)'!T11:T14)) -> 0 | BM5: =IF($AD5="N","N",(BI5/BY5)*100) -> #DIV/0! | BN5: =IF($AD5="N","N",SUM(I5:I8)) -> 0 | BO5: =IF($AD5="N","N",SUM('調查資料(OUT)'!N11:N14)) -> 0 | BP5: =IF($AD5="N","N",SUM('調查資料(OUT)'!Q11:Q14)) -> 0 | BQ5: =IF($AD5="N","N",SUM('調查資料(OUT)'!U11:U14)) -> 0 | BR5: =IF($AD5="N","N",(BN5/BY5)*100) -> #DIV/0! | BS5: =IF($AD5="N","N",BD5+BJ5+BO5) -> 0 | BT5: =IF($AD5="N","N",(BS5/($BS5+$BU5+$BW5))*100) -> #DIV/0! | BU5: =IF($AD5="N","N",BE5+BK5+BP5) -> 0 | BV5: =IF($AD5="N","N",(BU5/($BS5+$BU5+$BW5))*100) -> #DIV/0! | BW5: =IF($AD5="N","N",BF5+BG5+BL5+BQ5) -> 0 | BX5: =IF($AD5="N","N",(BW5/($BS5+$BU5+$BW5))*100) -> #DIV/0! | BY5: =IF($AD5="N","N",BC5+BI5+BN5) -> 0 | BZ5: =IF($AD5="N","N",SUM(K5:K8)) -> 0 | CA5: =IF($AD5="N","N",SUM('調查資料(OUT)'!V11:V14)) -> 0 | CB5: =IF($AD5="N","N",SUM('調查資料(OUT)'!Y11:Y14)) -> 0 | CC5: =IF($AD5="N","N",SUM('調查資料(OUT)'!AC11:AC14)) -> 0 | CD5: =IF($AD5="N","N",SUM('調查資料(OUT)'!AB11:AB14)) -> 0 | CE5: =IF($AD5="N","N",(BZ5/CV5)*100) -> #DIV/0! | CF5: =IF($AD5="N","N",SUM(L5:L8)) -> 0 | CG5: =IF($AD5="N","N",SUM('調查資料(OUT)'!W11:W14)) -> 0 | CH5: =IF($AD5="N","N",SUM('調查資料(OUT)'!Z11:Z14)) -> 0 | CI5: =IF($AD5="N","N",SUM('調查資料(OUT)'!AD11:AD14)) -> 0 | CJ5: =IF($AD5="N","N",(CF5/CV5)*100) -> #DIV/0! | CK5: =IF($AD5="N","N",SUM(M5:M8)) -> 0 | CL5: =IF($AD5="N","N",SUM('調查資料(OUT)'!X11:X14)) -> 0 | CM5: =IF($AD5="N","N",SUM('調查資料(OUT)'!AA11:AA14)) -> 0 | CN5: =IF($AD5="N","N",SUM('調查資料(OUT)'!AE11:AE14)) -> 0 | CO5: =IF($AD5="N","N",(CK5/CV5)*100) -> #DIV/0! | CP5: =IF($AD5="N","N",CA5+CG5+CL5) -> 0 | CQ5: =IF($AD5="N","N",(CP5/($CP5+$CR5+$CT5))*100) -> #DIV/0! | CR5: =IF($AD5="N","N",CB5+CH5+CM5) -> 0 | CS5: =IF($AD5="N","N",(CR5/($CP5+$CR5+$CT5))*100) -> #DIV/0! | CT5: =IF($AD5="N","N",CC5+CD5+CI5+CN5) -> 0 | CU5: =IF($AD5="N","N",(CT5/($CP5+$CR5+$CT5))*100) -> #DIV/0! | CV5: =IF($AD5="N","N",BZ5+CF5+CK5) -> 0 | CW5: =IF($AD5="N","N",SUM(O5:O8)) -> 0 | CX5: =IF($AD5="N","N",SUM('調查資料(OUT)'!AF11:AF14)) -> 0 | CY5: =IF($AD5="N","N",SUM('調查資料(OUT)'!AI11:AI14)) -> 0 | CZ5: =IF($AD5="N","N",SUM('調查資料(OUT)'!AM11:AM14)) -> 0 | DA5: =IF($AD5="N","N",SUM('調查資料(OUT)'!AL11:AL14)) -> 0 | DB5: =IF($AD5="N","N",(CW5/DS5)*100) -> #DIV/0! | DC5: =IF($AD5="N","N",SUM(P5:P8)) -> 0 | DD5: =IF($AD5="N","N",SUM('調查資料(OUT)'!AG11:AG14)) -> 0 | DE5: =IF($AD5="N","N",SUM('調查資料(OUT)'!AJ11:AJ14)) -> 0 | DF5: =IF($AD5="N","N",SUM('調查資料(OUT)'!AN11:AN14)) -> 0 | DG5: =IF($AD5="N","N",(DC5/DS5)*100) -> #DIV/0! | DH5: =IF($AD5="N","N",SUM(Q5:Q8)) -> 0 | DI5: =IF($AD5="N","N",SUM('調查資料(OUT)'!AH11:AH14)) -> 0 | DJ5: =IF($AD5="N","N",SUM('調查資料(OUT)'!AK11:AK14)) -> 0 | DK5: =IF($AD5="N","N",SUM('調查資料(OUT)'!AO11:AO14)) -> 0 | DL5: =IF($AD5="N","N",(DH5/DS5)*100) -> #DIV/0! | DM5: =IF($AD5="N","N",CX5+DD5+DI5) -> 0 | DN5: =IF($AD5="N","N",(DM5/($DM5+$DO5+$DQ5))*100) -> #DIV/0! | DO5: =IF($AD5="N","N",CY5+DE5+DJ5) -> 0 | DP5: =IF($AD5="N","N",(DO5/($DM5+$DO5+$DQ5))*100) -> #DIV/0! | DQ5: =IF($AD5="N","N",CZ5+DA5+DF5+DK5) -> 0 | DR5: =IF($AD5="N","N",(DQ5/($DM5+$DO5+$DQ5))*100) -> #DIV/0! | DS5: =IF($AD5="N","N",CW5+DC5+DH5) -> 0
A6: ='調查資料(OUT)'!A12 -> 15 | B6: =SUM(C6:E6) -> 0 | C6: =IFERROR('調查資料(OUT)'!B$1*'調查資料(OUT)'!B12,0)+IFERROR('調查資料(OUT)'!E$1*'調查資料(OUT)'!E12,0)+IFERROR('調查資料(OUT)'!H$1*'調查資料(OUT)'!H12,0)+IFERROR('調查資料(OUT)'!I$1*'調查資料(OUT)'!I12,0) -> 0 | D6: =IFERROR('調查資料(OUT)'!C$1*'調查資料(OUT)'!C12,0)+IFERROR('調查資料(OUT)'!F$1*'調查資料(OUT)'!F12,0)+IFERROR('調查資料(OUT)'!J$1*'調查資料(OUT)'!J12,0) -> 0 | E6: =IFERROR('調查資料(OUT)'!D$1*'調查資料(OUT)'!D12,0)+IFERROR('調查資料(OUT)'!G$1*'調查資料(OUT)'!G12,0)+IFERROR('調查資料(OUT)'!K$1*'調查資料(OUT)'!K12,0) -> 0 | F6: =SUM(G6:I6) -> 0 | G6: =IFERROR('調查資料(OUT)'!L$1*'調查資料(OUT)'!L12,0)+IFERROR('調查資料(OUT)'!O$1*'調查資料(OUT)'!O12,0)+IFERROR('調查資料(OUT)'!R$1*'調查資料(OUT)'!R12,0)+IFERROR('調查資料(OUT)'!S$1*'調查資料(OUT)'!S12,0) -> 0 | H6: =IFERROR('調查資料(OUT)'!M$1*'調查資料(OUT)'!M12,0)+IFERROR('調查資料(OUT)'!P$1*'調查資料(OUT)'!P12,0)+IFERROR('調查資料(OUT)'!T$1*'調查資料(OUT)'!T12,0) -> 0 | I6: =IFERROR('調查資料(OUT)'!N$1*'調查資料(OUT)'!N12,0)+IFERROR('調查資料(OUT)'!Q$1*'調查資料(OUT)'!Q12,0)+IFERROR('調查資料(OUT)'!U$1*'調查資料(OUT)'!U12,0) -> 0 | J6: =SUM(K6:M6) -> 0 | K6: =IFERROR('調查資料(OUT)'!V$1*'調查資料(OUT)'!V12,0)+IFERROR('調查資料(OUT)'!Y$1*'調查資料(OUT)'!Y12,0)+IFERROR('調查資料(OUT)'!AB$1*'調查資料(OUT)'!AB12,0)+IFERROR('調查資料(OUT)'!AC$1*'調查資料(OUT)'!AC12,0) -> 0 | L6: =IFERROR('調查資料(OUT)'!W$1*'調查資料(OUT)'!W12,0)+IFERROR('調查資料(OUT)'!Z$1*'調查資料(OUT)'!Z12,0)+IFERROR('調查資料(OUT)'!AD$1*'調查資料(OUT)'!AD12,0) -> 0 | M6: =IFERROR('調查資料(OUT)'!X$1*'調查資料(OUT)'!X12,0)+IFERROR('調查資料(OUT)'!AA$1*'調查資料(OUT)'!AA12,0)+IFERROR('調查資料(OUT)'!AE$1*'調查資料(OUT)'!AE12,0) -> 0 | N6: =SUM(O6:Q6) -> 0 | O6: =IFERROR('調查資料(OUT)'!AF$1*'調查資料(OUT)'!AF12,0)+IFERROR('調查資料(OUT)'!AI$1*'調查資料(OUT)'!AI12,0)+IFERROR('調查資料(OUT)'!AL$1*'調查資料(OUT)'!AL12,0)+IFERROR('調查資料(OUT)'!AM$1*'調查資料(OUT)'!AM12,0) -> 0 | P6: =IFERROR('調查資料(OUT)'!AG$1*'調查資料(OUT)'!AG12,0)+IFERROR('調查資料(OUT)'!AJ$1*'調查資料(OUT)'!AJ12,0)+IFERROR('調查資料(OUT)'!AN$1*'調查資料(OUT)'!AN12,0) -> 0 | Q6: =IFERROR('調查資料(OUT)'!AH$1*'調查資料(OUT)'!AH12,0)+IFERROR('調查資料(OUT)'!AK$1*'調查資料(OUT)'!AK12,0)+IFERROR('調查資料(OUT)'!AO$1*'調查資料(OUT)'!AO12,0) -> 0 | R6: =B6+F6+J6+N6 -> 0 | T6: ='調查資料(OUT)'!A12 -> 15 | U6: =T6+100 -> 115 | V6: =SUM(R6:R9) -> 0 | X6: =IF($V6=$W$29,MAX(R6:R9),0) -> 0 | Y6: =IF($V6=W$5,SUM(B6:B9)/(4*(MAX(B6:B9))),0) -> #DIV/0! | Z6: =IF($V6=W$5,SUM(F6:F9)/(4*(MAX(F6:F9))),0) -> #DIV/0! | AA6: =IF($V6=W$5,SUM(J6:J9)/(4*(MAX(J6:J9))),0) -> #DIV/0! | AB6: =IF($V6=W$5,SUM(N6:N9)/(4*(MAX(N6:N9))),0) -> #DIV/0! | AD6: =IF(V6=W$5,$T6,"N") -> 15 | AE6: =IF(V6=W$5,$U6,"N") -> 115 | AF6: =IF($AD6="N","N",SUM(C6:C9)) -> 0 | AG6: =IF($AD6="N","N",SUM('調查資料(OUT)'!B12:B15)) -> 0 | AH6: =IF($AD6="N","N",SUM('調查資料(OUT)'!E12:E15)) -> 0 | AI6: =IF($AD6="N","N",SUM('調查資料(OUT)'!I12:I15)) -> 0 | AJ6: =IF($AD6="N","N",SUM('調查資料(OUT)'!H12:H15)) -> 0 | AK6: =IF($AD6="N","N",(AF6/$BB6)*100) -> #DIV/0! | AL6: =IF($AD6="N","N",SUM(D6:D9)) -> 0 | AM6: =IF($AD6="N","N",SUM('調查資料(OUT)'!C12:C15)) -> 0 | AN6: =IF($AD6="N","N",SUM('調查資料(OUT)'!F12:F15)) -> 0 | AO6: =IF($AD6="N","N",SUM('調查資料(OUT)'!J12:J15)) -> 0 | AP6: =IF($AD6="N","N",(AL6/$BB6)*100) -> #DIV/0! | AQ6: =IF($AD6="N","N",SUM(E6:E9)) -> 0 | AR6: =IF($AD6="N","N",SUM('調查資料(OUT)'!D12:D15)) -> 0 | AS6: =IF($AD6="N","N",SUM('調查資料(OUT)'!G12:G15)) -> 0 | AT6: =IF($AD6="N","N",SUM('調查資料(OUT)'!K12:K15)) -> 0 | AU6: =IF($AD6="N","N",(AQ6/$BB6)*100) -> #DIV/0! | AV6: =IF($AD6="N","N",AG6+AM6+AR6) -> 0 | AW6: =IF($AD6="N","N",(AV6/($AV6+$AX6+$AZ6))*100) -> #DIV/0! | AX6: =IF($AD6="N","N",AH6+AN6+AS6) -> 0 | AY6: =IF($AD6="N","N",(AX6/($AV6+$AX6+$AZ6))*100) -> #DIV/0! | AZ6: =IF($AD6="N","N",AI6+AJ6+AO6+AT6) -> 0 | BA6: =IF($AD6="N","N",(AZ6/($AV6+$AX6+$AZ6))*100) -> #DIV/0! | BB6: =IF($AD6="N","N",AF6+AL6+AQ6) -> 0 | BC6: =IF($AD6="N","N",SUM(G6:G9)) -> 0 | BD6: =IF($AD6="N","N",SUM('調查資料(OUT)'!L12:L15)) -> 0 | BE6: =IF($AD6="N","N",SUM('調查資料(OUT)'!O12:O15)) -> 0 | BF6: =IF($AD6="N","N",SUM('調查資料(OUT)'!S12:S15)) -> 0 | BG6: =IF($AD6="N","N",SUM('調查資料(OUT)'!R12:R15)) -> 0 | BH6: =IF($AD6="N","N",(BC6/BY6)*100) -> #DIV/0! | BI6: =IF($AD6="N","N",SUM(H6:H9)) -> 0 | BJ6: =IF($AD6="N","N",SUM('調查資料(OUT)'!M12:M15)) -> 0 | BK6: =IF($AD6="N","N",SUM('調查資料(OUT)'!P12:P15)) -> 0 | BL6: =IF($AD6="N","N",SUM('調查資料(OUT)'!T12:T15)) -> 0 | BM6: =IF($AD6="N","N",(BI6/BY6)*100) -> #DIV/0! | BN6: =IF($AD6="N","N",SUM(I6:I9)) -> 0 | BO6: =IF($AD6="N","N",SUM('調查資料(OUT)'!N12:N15)) -> 0 | BP6: =IF($AD6="N","N",SUM('調查資料(OUT)'!Q12:Q15)) -> 0 | BQ6: =IF($AD6="N","N",SUM('調查資料(OUT)'!U12:U15)) -> 0 | BR6: =IF($AD6="N","N",(BN6/BY6)*100) -> #DIV/0! | BS6: =IF($AD6="N","N",BD6+BJ6+BO6) -> 0 | BT6: =IF($AD6="N","N",(BS6/($BS6+$BU6+$BW6))*100) -> #DIV/0! | BU6: =IF($AD6="N","N",BE6+BK6+BP6) -> 0 | BV6: =IF($AD6="N","N",(BU6/($BS6+$BU6+$BW6))*100) -> #DIV/0! | BW6: =IF($AD6="N","N",BF6+BG6+BL6+BQ6) -> 0 | BX6: =IF($AD6="N","N",(BW6/($BS6+$BU6+$BW6))*100) -> #DIV/0! | BY6: =IF($AD6="N","N",BC6+BI6+BN6) -> 0 | BZ6: =IF($AD6="N","N",SUM(K6:K9)) -> 0 | CA6: =IF($AD6="N","N",SUM('調查資料(OUT)'!V12:V15)) -> 0 | CB6: =IF($AD6="N","N",SUM('調查資料(OUT)'!Y12:Y15)) -> 0 | CC6: =IF($AD6="N","N",SUM('調查資料(OUT)'!AC12:AC15)) -> 0 | CD6: =IF($AD6="N","N",SUM('調查資料(OUT)'!AB12:AB15)) -> 0 | CE6: =IF($AD6="N","N",(BZ6/CV6)*100) -> #DIV/0! | CF6: =IF($AD6="N","N",SUM(L6:L9)) -> 0 | CG6: =IF($AD6="N","N",SUM('調查資料(OUT)'!W12:W15)) -> 0 | CH6: =IF($AD6="N","N",SUM('調查資料(OUT)'!Z12:Z15)) -> 0 | CI6: =IF($AD6="N","N",SUM('調查資料(OUT)'!AD12:AD15)) -> 0 | CJ6: =IF($AD6="N","N",(CF6/CV6)*100) -> #DIV/0! | CK6: =IF($AD6="N","N",SUM(M6:M9)) -> 0 | CL6: =IF($AD6="N","N",SUM('調查資料(OUT)'!X12:X15)) -> 0 | CM6: =IF($AD6="N","N",SUM('調查資料(OUT)'!AA12:AA15)) -> 0 | CN6: =IF($AD6="N","N",SUM('調查資料(OUT)'!AE12:AE15)) -> 0 | CO6: =IF($AD6="N","N",(CK6/CV6)*100) -> #DIV/0! | CP6: =IF($AD6="N","N",CA6+CG6+CL6) -> 0 | CQ6: =IF($AD6="N","N",(CP6/($CP6+$CR6+$CT6))*100) -> #DIV/0! | CR6: =IF($AD6="N","N",CB6+CH6+CM6) -> 0 | CS6: =IF($AD6="N","N",(CR6/($CP6+$CR6+$CT6))*100) -> #DIV/0! | CT6: =IF($AD6="N","N",CC6+CD6+CI6+CN6) -> 0 | CU6: =IF($AD6="N","N",(CT6/($CP6+$CR6+$CT6))*100) -> #DIV/0! | CV6: =IF($AD6="N","N",BZ6+CF6+CK6) -> 0 | CW6: =IF($AD6="N","N",SUM(O6:O9)) -> 0 | CX6: =IF($AD6="N","N",SUM('調查資料(OUT)'!AF12:AF15)) -> 0 | CY6: =IF($AD6="N","N",SUM('調查資料(OUT)'!AI12:AI15)) -> 0 | CZ6: =IF($AD6="N","N",SUM('調查資料(OUT)'!AM12:AM15)) -> 0 | DA6: =IF($AD6="N","N",SUM('調查資料(OUT)'!AL12:AL15)) -> 0 | DB6: =IF($AD6="N","N",(CW6/DS6)*100) -> #DIV/0! | DC6: =IF($AD6="N","N",SUM(P6:P9)) -> 0 | DD6: =IF($AD6="N","N",SUM('調查資料(OUT)'!AG12:AG15)) -> 0 | DE6: =IF($AD6="N","N",SUM('調查資料(OUT)'!AJ12:AJ15)) -> 0 | DF6: =IF($AD6="N","N",SUM('調查資料(OUT)'!AN12:AN15)) -> 0 | DG6: =IF($AD6="N","N",(DC6/DS6)*100) -> #DIV/0! | DH6: =IF($AD6="N","N",SUM(Q6:Q9)) -> 0 | DI6: =IF($AD6="N","N",SUM('調查資料(OUT)'!AH12:AH15)) -> 0 | DJ6: =IF($AD6="N","N",SUM('調查資料(OUT)'!AK12:AK15)) -> 0 | DK6: =IF($AD6="N","N",SUM('調查資料(OUT)'!AO12:AO15)) -> 0 | DL6: =IF($AD6="N","N",(DH6/DS6)*100) -> #DIV/0! | DM6: =IF($AD6="N","N",CX6+DD6+DI6) -> 0 | DN6: =IF($AD6="N","N",(DM6/($DM6+$DO6+$DQ6))*100) -> #DIV/0! | DO6: =IF($AD6="N","N",CY6+DE6+DJ6) -> 0 | DP6: =IF($AD6="N","N",(DO6/($DM6+$DO6+$DQ6))*100) -> #DIV/0! | DQ6: =IF($AD6="N","N",CZ6+DA6+DF6+DK6) -> 0 | DR6: =IF($AD6="N","N",(DQ6/($DM6+$DO6+$DQ6))*100) -> #DIV/0! | DS6: =IF($AD6="N","N",CW6+DC6+DH6) -> 0
A7: ='調查資料(OUT)'!A13 -> 30 | B7: =SUM(C7:E7) -> 0 | C7: =IFERROR('調查資料(OUT)'!B$1*'調查資料(OUT)'!B13,0)+IFERROR('調查資料(OUT)'!E$1*'調查資料(OUT)'!E13,0)+IFERROR('調查資料(OUT)'!H$1*'調查資料(OUT)'!H13,0)+IFERROR('調查資料(OUT)'!I$1*'調查資料(OUT)'!I13,0) -> 0 | D7: =IFERROR('調查資料(OUT)'!C$1*'調查資料(OUT)'!C13,0)+IFERROR('調查資料(OUT)'!F$1*'調查資料(OUT)'!F13,0)+IFERROR('調查資料(OUT)'!J$1*'調查資料(OUT)'!J13,0) -> 0 | E7: =IFERROR('調查資料(OUT)'!D$1*'調查資料(OUT)'!D13,0)+IFERROR('調查資料(OUT)'!G$1*'調查資料(OUT)'!G13,0)+IFERROR('調查資料(OUT)'!K$1*'調查資料(OUT)'!K13,0) -> 0 | F7: =SUM(G7:I7) -> 0 | G7: =IFERROR('調查資料(OUT)'!L$1*'調查資料(OUT)'!L13,0)+IFERROR('調查資料(OUT)'!O$1*'調查資料(OUT)'!O13,0)+IFERROR('調查資料(OUT)'!R$1*'調查資料(OUT)'!R13,0)+IFERROR('調查資料(OUT)'!S$1*'調查資料(OUT)'!S13,0) -> 0 | H7: =IFERROR('調查資料(OUT)'!M$1*'調查資料(OUT)'!M13,0)+IFERROR('調查資料(OUT)'!P$1*'調查資料(OUT)'!P13,0)+IFERROR('調查資料(OUT)'!T$1*'調查資料(OUT)'!T13,0) -> 0 | I7: =IFERROR('調查資料(OUT)'!N$1*'調查資料(OUT)'!N13,0)+IFERROR('調查資料(OUT)'!Q$1*'調查資料(OUT)'!Q13,0)+IFERROR('調查資料(OUT)'!U$1*'調查資料(OUT)'!U13,0) -> 0 | J7: =SUM(K7:M7) -> 0 | K7: =IFERROR('調查資料(OUT)'!V$1*'調查資料(OUT)'!V13,0)+IFERROR('調查資料(OUT)'!Y$1*'調查資料(OUT)'!Y13,0)+IFERROR('調查資料(OUT)'!AB$1*'調查資料(OUT)'!AB13,0)+IFERROR('調查資料(OUT)'!AC$1*'調查資料(OUT)'!AC13,0) -> 0 | L7: =IFERROR('調查資料(OUT)'!W$1*'調查資料(OUT)'!W13,0)+IFERROR('調查資料(OUT)'!Z$1*'調查資料(OUT)'!Z13,0)+IFERROR('調查資料(OUT)'!AD$1*'調查資料(OUT)'!AD13,0) -> 0 | M7: =IFERROR('調查資料(OUT)'!X$1*'調查資料(OUT)'!X13,0)+IFERROR('調查資料(OUT)'!AA$1*'調查資料(OUT)'!AA13,0)+IFERROR('調查資料(OUT)'!AE$1*'調查資料(OUT)'!AE13,0) -> 0 | N7: =SUM(O7:Q7) -> 0 | O7: =IFERROR('調查資料(OUT)'!AF$1*'調查資料(OUT)'!AF13,0)+IFERROR('調查資料(OUT)'!AI$1*'調查資料(OUT)'!AI13,0)+IFERROR('調查資料(OUT)'!AL$1*'調查資料(OUT)'!AL13,0)+IFERROR('調查資料(OUT)'!AM$1*'調查資料(OUT)'!AM13,0) -> 0 | P7: =IFERROR('調查資料(OUT)'!AG$1*'調查資料(OUT)'!AG13,0)+IFERROR('調查資料(OUT)'!AJ$1*'調查資料(OUT)'!AJ13,0)+IFERROR('調查資料(OUT)'!AN$1*'調查資料(OUT)'!AN13,0) -> 0 | Q7: =IFERROR('調查資料(OUT)'!AH$1*'調查資料(OUT)'!AH13,0)+IFERROR('調查資料(OUT)'!AK$1*'調查資料(OUT)'!AK13,0)+IFERROR('調查資料(OUT)'!AO$1*'調查資料(OUT)'!AO13,0) -> 0 | R7: =B7+F7+J7+N7 -> 0 | T7: ='調查資料(OUT)'!A13 -> 30 | U7: =T7+100 -> 130 | V7: =SUM(R7:R10) -> 0 | X7: =IF($V7=$W$29,MAX(R7:R10),0) -> 0 | Y7: =IF($V7=W$5,SUM(B7:B10)/(4*(MAX(B7:B10))),0) -> #DIV/0! | Z7: =IF($V7=W$5,SUM(F7:F10)/(4*(MAX(F7:F10))),0) -> #DIV/0! | AA7: =IF($V7=W$5,SUM(J7:J10)/(4*(MAX(J7:J10))),0) -> #DIV/0! | AB7: =IF($V7=W$5,SUM(N7:N10)/(4*(MAX(N7:N10))),0) -> #DIV/0! | AD7: =IF(V7=W$5,$T7,"N") -> 30 | AE7: =IF(V7=W$5,$U7,"N") -> 130 | AF7: =IF($AD7="N","N",SUM(C7:C10)) -> 0 | AG7: =IF($AD7="N","N",SUM('調查資料(OUT)'!B13:B16)) -> 0 | AH7: =IF($AD7="N","N",SUM('調查資料(OUT)'!E13:E16)) -> 0 | AI7: =IF($AD7="N","N",SUM('調查資料(OUT)'!I13:I16)) -> 0 | AJ7: =IF($AD7="N","N",SUM('調查資料(OUT)'!H13:H16)) -> 0 | AK7: =IF($AD7="N","N",(AF7/$BB7)*100) -> #DIV/0! | AL7: =IF($AD7="N","N",SUM(D7:D10)) -> 0 | AM7: =IF($AD7="N","N",SUM('調查資料(OUT)'!C13:C16)) -> 0 | AN7: =IF($AD7="N","N",SUM('調查資料(OUT)'!F13:F16)) -> 0 | AO7: =IF($AD7="N","N",SUM('調查資料(OUT)'!J13:J16)) -> 0 | AP7: =IF($AD7="N","N",(AL7/$BB7)*100) -> #DIV/0! | AQ7: =IF($AD7="N","N",SUM(E7:E10)) -> 0 | AR7: =IF($AD7="N","N",SUM('調查資料(OUT)'!D13:D16)) -> 0 | AS7: =IF($AD7="N","N",SUM('調查資料(OUT)'!G13:G16)) -> 0 | AT7: =IF($AD7="N","N",SUM('調查資料(OUT)'!K13:K16)) -> 0 | AU7: =IF($AD7="N","N",(AQ7/$BB7)*100) -> #DIV/0! | AV7: =IF($AD7="N","N",AG7+AM7+AR7) -> 0 | AW7: =IF($AD7="N","N",(AV7/($AV7+$AX7+$AZ7))*100) -> #DIV/0! | AX7: =IF($AD7="N","N",AH7+AN7+AS7) -> 0 | AY7: =IF($AD7="N","N",(AX7/($AV7+$AX7+$AZ7))*100) -> #DIV/0! | AZ7: =IF($AD7="N","N",AI7+AJ7+AO7+AT7) -> 0 | BA7: =IF($AD7="N","N",(AZ7/($AV7+$AX7+$AZ7))*100) -> #DIV/0! | BB7: =IF($AD7="N","N",AF7+AL7+AQ7) -> 0 | BC7: =IF($AD7="N","N",SUM(G7:G10)) -> 0 | BD7: =IF($AD7="N","N",SUM('調查資料(OUT)'!L13:L16)) -> 0 | BE7: =IF($AD7="N","N",SUM('調查資料(OUT)'!O13:O16)) -> 0 | BF7: =IF($AD7="N","N",SUM('調查資料(OUT)'!S13:S16)) -> 0 | BG7: =IF($AD7="N","N",SUM('調查資料(OUT)'!R13:R16)) -> 0 | BH7: =IF($AD7="N","N",(BC7/BY7)*100) -> #DIV/0! | BI7: =IF($AD7="N","N",SUM(H7:H10)) -> 0 | BJ7: =IF($AD7="N","N",SUM('調查資料(OUT)'!M13:M16)) -> 0 | BK7: =IF($AD7="N","N",SUM('調查資料(OUT)'!P13:P16)) -> 0 | BL7: =IF($AD7="N","N",SUM('調查資料(OUT)'!T13:T16)) -> 0 | BM7: =IF($AD7="N","N",(BI7/BY7)*100) -> #DIV/0! | BN7: =IF($AD7="N","N",SUM(I7:I10)) -> 0 | BO7: =IF($AD7="N","N",SUM('調查資料(OUT)'!N13:N16)) -> 0 | BP7: =IF($AD7="N","N",SUM('調查資料(OUT)'!Q13:Q16)) -> 0 | BQ7: =IF($AD7="N","N",SUM('調查資料(OUT)'!U13:U16)) -> 0 | BR7: =IF($AD7="N","N",(BN7/BY7)*100) -> #DIV/0! | BS7: =IF($AD7="N","N",BD7+BJ7+BO7) -> 0 | BT7: =IF($AD7="N","N",(BS7/($BS7+$BU7+$BW7))*100) -> #DIV/0! | BU7: =IF($AD7="N","N",BE7+BK7+BP7) -> 0 | BV7: =IF($AD7="N","N",(BU7/($BS7+$BU7+$BW7))*100) -> #DIV/0! | BW7: =IF($AD7="N","N",BF7+BG7+BL7+BQ7) -> 0 | BX7: =IF($AD7="N","N",(BW7/($BS7+$BU7+$BW7))*100) -> #DIV/0! | BY7: =IF($AD7="N","N",BC7+BI7+BN7) -> 0 | BZ7: =IF($AD7="N","N",SUM(K7:K10)) -> 0 | CA7: =IF($AD7="N","N",SUM('調查資料(OUT)'!V13:V16)) -> 0 | CB7: =IF($AD7="N","N",SUM('調查資料(OUT)'!Y13:Y16)) -> 0 | CC7: =IF($AD7="N","N",SUM('調查資料(OUT)'!AC13:AC16)) -> 0 | CD7: =IF($AD7="N","N",SUM('調查資料(OUT)'!AB13:AB16)) -> 0 | CE7: =IF($AD7="N","N",(BZ7/CV7)*100) -> #DIV/0! | CF7: =IF($AD7="N","N",SUM(L7:L10)) -> 0 | CG7: =IF($AD7="N","N",SUM('調查資料(OUT)'!W13:W16)) -> 0 | CH7: =IF($AD7="N","N",SUM('調查資料(OUT)'!Z13:Z16)) -> 0 | CI7: =IF($AD7="N","N",SUM('調查資料(OUT)'!AD13:AD16)) -> 0 | CJ7: =IF($AD7="N","N",(CF7/CV7)*100) -> #DIV/0! | CK7: =IF($AD7="N","N",SUM(M7:M10)) -> 0 | CL7: =IF($AD7="N","N",SUM('調查資料(OUT)'!X13:X16)) -> 0 | CM7: =IF($AD7="N","N",SUM('調查資料(OUT)'!AA13:AA16)) -> 0 | CN7: =IF($AD7="N","N",SUM('調查資料(OUT)'!AE13:AE16)) -> 0 | CO7: =IF($AD7="N","N",(CK7/CV7)*100) -> #DIV/0! | CP7: =IF($AD7="N","N",CA7+CG7+CL7) -> 0 | CQ7: =IF($AD7="N","N",(CP7/($CP7+$CR7+$CT7))*100) -> #DIV/0! | CR7: =IF($AD7="N","N",CB7+CH7+CM7) -> 0 | CS7: =IF($AD7="N","N",(CR7/($CP7+$CR7+$CT7))*100) -> #DIV/0! | CT7: =IF($AD7="N","N",CC7+CD7+CI7+CN7) -> 0 | CU7: =IF($AD7="N","N",(CT7/($CP7+$CR7+$CT7))*100) -> #DIV/0! | CV7: =IF($AD7="N","N",BZ7+CF7+CK7) -> 0 | CW7: =IF($AD7="N","N",SUM(O7:O10)) -> 0 | CX7: =IF($AD7="N","N",SUM('調查資料(OUT)'!AF13:AF16)) -> 0 | CY7: =IF($AD7="N","N",SUM('調查資料(OUT)'!AI13:AI16)) -> 0 | CZ7: =IF($AD7="N","N",SUM('調查資料(OUT)'!AM13:AM16)) -> 0 | DA7: =IF($AD7="N","N",SUM('調查資料(OUT)'!AL13:AL16)) -> 0 | DB7: =IF($AD7="N","N",(CW7/DS7)*100) -> #DIV/0! | DC7: =IF($AD7="N","N",SUM(P7:P10)) -> 0 | DD7: =IF($AD7="N","N",SUM('調查資料(OUT)'!AG13:AG16)) -> 0 | DE7: =IF($AD7="N","N",SUM('調查資料(OUT)'!AJ13:AJ16)) -> 0 | DF7: =IF($AD7="N","N",SUM('調查資料(OUT)'!AN13:AN16)) -> 0 | DG7: =IF($AD7="N","N",(DC7/DS7)*100) -> #DIV/0! | DH7: =IF($AD7="N","N",SUM(Q7:Q10)) -> 0 | DI7: =IF($AD7="N","N",SUM('調查資料(OUT)'!AH13:AH16)) -> 0 | DJ7: =IF($AD7="N","N",SUM('調查資料(OUT)'!AK13:AK16)) -> 0 | DK7: =IF($AD7="N","N",SUM('調查資料(OUT)'!AO13:AO16)) -> 0 | DL7: =IF($AD7="N","N",(DH7/DS7)*100) -> #DIV/0! | DM7: =IF($AD7="N","N",CX7+DD7+DI7) -> 0 | DN7: =IF($AD7="N","N",(DM7/($DM7+$DO7+$DQ7))*100) -> #DIV/0! | DO7: =IF($AD7="N","N",CY7+DE7+DJ7) -> 0 | DP7: =IF($AD7="N","N",(DO7/($DM7+$DO7+$DQ7))*100) -> #DIV/0! | DQ7: =IF($AD7="N","N",CZ7+DA7+DF7+DK7) -> 0 | DR7: =IF($AD7="N","N",(DQ7/($DM7+$DO7+$DQ7))*100) -> #DIV/0! | DS7: =IF($AD7="N","N",CW7+DC7+DH7) -> 0
A8: ='調查資料(OUT)'!A14 -> 45 | B8: =SUM(C8:E8) -> 0 | C8: =IFERROR('調查資料(OUT)'!B$1*'調查資料(OUT)'!B14,0)+IFERROR('調查資料(OUT)'!E$1*'調查資料(OUT)'!E14,0)+IFERROR('調查資料(OUT)'!H$1*'調查資料(OUT)'!H14,0)+IFERROR('調查資料(OUT)'!I$1*'調查資料(OUT)'!I14,0) -> 0 | D8: =IFERROR('調查資料(OUT)'!C$1*'調查資料(OUT)'!C14,0)+IFERROR('調查資料(OUT)'!F$1*'調查資料(OUT)'!F14,0)+IFERROR('調查資料(OUT)'!J$1*'調查資料(OUT)'!J14,0) -> 0 | E8: =IFERROR('調查資料(OUT)'!D$1*'調查資料(OUT)'!D14,0)+IFERROR('調查資料(OUT)'!G$1*'調查資料(OUT)'!G14,0)+IFERROR('調查資料(OUT)'!K$1*'調查資料(OUT)'!K14,0) -> 0 | F8: =SUM(G8:I8) -> 0 | G8: =IFERROR('調查資料(OUT)'!L$1*'調查資料(OUT)'!L14,0)+IFERROR('調查資料(OUT)'!O$1*'調查資料(OUT)'!O14,0)+IFERROR('調查資料(OUT)'!R$1*'調查資料(OUT)'!R14,0)+IFERROR('調查資料(OUT)'!S$1*'調查資料(OUT)'!S14,0) -> 0 | H8: =IFERROR('調查資料(OUT)'!M$1*'調查資料(OUT)'!M14,0)+IFERROR('調查資料(OUT)'!P$1*'調查資料(OUT)'!P14,0)+IFERROR('調查資料(OUT)'!T$1*'調查資料(OUT)'!T14,0) -> 0 | I8: =IFERROR('調查資料(OUT)'!N$1*'調查資料(OUT)'!N14,0)+IFERROR('調查資料(OUT)'!Q$1*'調查資料(OUT)'!Q14,0)+IFERROR('調查資料(OUT)'!U$1*'調查資料(OUT)'!U14,0) -> 0 | J8: =SUM(K8:M8) -> 0 | K8: =IFERROR('調查資料(OUT)'!V$1*'調查資料(OUT)'!V14,0)+IFERROR('調查資料(OUT)'!Y$1*'調查資料(OUT)'!Y14,0)+IFERROR('調查資料(OUT)'!AB$1*'調查資料(OUT)'!AB14,0)+IFERROR('調查資料(OUT)'!AC$1*'調查資料(OUT)'!AC14,0) -> 0 | L8: =IFERROR('調查資料(OUT)'!W$1*'調查資料(OUT)'!W14,0)+IFERROR('調查資料(OUT)'!Z$1*'調查資料(OUT)'!Z14,0)+IFERROR('調查資料(OUT)'!AD$1*'調查資料(OUT)'!AD14,0) -> 0 | M8: =IFERROR('調查資料(OUT)'!X$1*'調查資料(OUT)'!X14,0)+IFERROR('調查資料(OUT)'!AA$1*'調查資料(OUT)'!AA14,0)+IFERROR('調查資料(OUT)'!AE$1*'調查資料(OUT)'!AE14,0) -> 0 | N8: =SUM(O8:Q8) -> 0 | O8: =IFERROR('調查資料(OUT)'!AF$1*'調查資料(OUT)'!AF14,0)+IFERROR('調查資料(OUT)'!AI$1*'調查資料(OUT)'!AI14,0)+IFERROR('調查資料(OUT)'!AL$1*'調查資料(OUT)'!AL14,0)+IFERROR('調查資料(OUT)'!AM$1*'調查資料(OUT)'!AM14,0) -> 0 | P8: =IFERROR('調查資料(OUT)'!AG$1*'調查資料(OUT)'!AG14,0)+IFERROR('調查資料(OUT)'!AJ$1*'調查資料(OUT)'!AJ14,0)+IFERROR('調查資料(OUT)'!AN$1*'調查資料(OUT)'!AN14,0) -> 0 | Q8: =IFERROR('調查資料(OUT)'!AH$1*'調查資料(OUT)'!AH14,0)+IFERROR('調查資料(OUT)'!AK$1*'調查資料(OUT)'!AK14,0)+IFERROR('調查資料(OUT)'!AO$1*'調查資料(OUT)'!AO14,0) -> 0 | R8: =B8+F8+J8+N8 -> 0 | T8: ='調查資料(OUT)'!A14 -> 45 | U8: =T8+100 -> 145 | V8: =SUM(R8:R11) -> 0 | X8: =IF($V8=$W$29,MAX(R8:R11),0) -> 0 | Y8: =IF($V8=W$5,SUM(B8:B11)/(4*(MAX(B8:B11))),0) -> #DIV/0! | Z8: =IF($V8=W$5,SUM(F8:F11)/(4*(MAX(F8:F11))),0) -> #DIV/0! | AA8: =IF($V8=W$5,SUM(J8:J11)/(4*(MAX(J8:J11))),0) -> #DIV/0! | AB8: =IF($V8=W$5,SUM(N8:N11)/(4*(MAX(N8:N11))),0) -> #DIV/0! | AD8: =IF(V8=W$5,$T8,"N") -> 45 | AE8: =IF(V8=W$5,$U8,"N") -> 145 | AF8: =IF($AD8="N","N",SUM(C8:C11)) -> 0 | AG8: =IF($AD8="N","N",SUM('調查資料(OUT)'!B14:B17)) -> 0 | AH8: =IF($AD8="N","N",SUM('調查資料(OUT)'!E14:E17)) -> 0 | AI8: =IF($AD8="N","N",SUM('調查資料(OUT)'!I14:I17)) -> 0 | AJ8: =IF($AD8="N","N",SUM('調查資料(OUT)'!H14:H17)) -> 0 | AK8: =IF($AD8="N","N",(AF8/$BB8)*100) -> #DIV/0! | AL8: =IF($AD8="N","N",SUM(D8:D11)) -> 0 | AM8: =IF($AD8="N","N",SUM('調查資料(OUT)'!C14:C17)) -> 0 | AN8: =IF($AD8="N","N",SUM('調查資料(OUT)'!F14:F17)) -> 0 | AO8: =IF($AD8="N","N",SUM('調查資料(OUT)'!J14:J17)) -> 0 | AP8: =IF($AD8="N","N",(AL8/$BB8)*100) -> #DIV/0! | AQ8: =IF($AD8="N","N",SUM(E8:E11)) -> 0 | AR8: =IF($AD8="N","N",SUM('調查資料(OUT)'!D14:D17)) -> 0 | AS8: =IF($AD8="N","N",SUM('調查資料(OUT)'!G14:G17)) -> 0 | AT8: =IF($AD8="N","N",SUM('調查資料(OUT)'!K14:K17)) -> 0 | AU8: =IF($AD8="N","N",(AQ8/$BB8)*100) -> #DIV/0! | AV8: =IF($AD8="N","N",AG8+AM8+AR8) -> 0 | AW8: =IF($AD8="N","N",(AV8/($AV8+$AX8+$AZ8))*100) -> #DIV/0! | AX8: =IF($AD8="N","N",AH8+AN8+AS8) -> 0 | AY8: =IF($AD8="N","N",(AX8/($AV8+$AX8+$AZ8))*100) -> #DIV/0! | AZ8: =IF($AD8="N","N",AI8+AJ8+AO8+AT8) -> 0 | BA8: =IF($AD8="N","N",(AZ8/($AV8+$AX8+$AZ8))*100) -> #DIV/0! | BB8: =IF($AD8="N","N",AF8+AL8+AQ8) -> 0 | BC8: =IF($AD8="N","N",SUM(G8:G11)) -> 0 | BD8: =IF($AD8="N","N",SUM('調查資料(OUT)'!L14:L17)) -> 0 | BE8: =IF($AD8="N","N",SUM('調查資料(OUT)'!O14:O17)) -> 0 | BF8: =IF($AD8="N","N",SUM('調查資料(OUT)'!S14:S17)) -> 0 | BG8: =IF($AD8="N","N",SUM('調查資料(OUT)'!R14:R17)) -> 0 | BH8: =IF($AD8="N","N",(BC8/BY8)*100) -> #DIV/0! | BI8: =IF($AD8="N","N",SUM(H8:H11)) -> 0 | BJ8: =IF($AD8="N","N",SUM('調查資料(OUT)'!M14:M17)) -> 0 | BK8: =IF($AD8="N","N",SUM('調查資料(OUT)'!P14:P17)) -> 0 | BL8: =IF($AD8="N","N",SUM('調查資料(OUT)'!T14:T17)) -> 0 | BM8: =IF($AD8="N","N",(BI8/BY8)*100) -> #DIV/0! | BN8: =IF($AD8="N","N",SUM(I8:I11)) -> 0 | BO8: =IF($AD8="N","N",SUM('調查資料(OUT)'!N14:N17)) -> 0 | BP8: =IF($AD8="N","N",SUM('調查資料(OUT)'!Q14:Q17)) -> 0 | BQ8: =IF($AD8="N","N",SUM('調查資料(OUT)'!U14:U17)) -> 0 | BR8: =IF($AD8="N","N",(BN8/BY8)*100) -> #DIV/0! | BS8: =IF($AD8="N","N",BD8+BJ8+BO8) -> 0 | BT8: =IF($AD8="N","N",(BS8/($BS8+$BU8+$BW8))*100) -> #DIV/0! | BU8: =IF($AD8="N","N",BE8+BK8+BP8) -> 0 | BV8: =IF($AD8="N","N",(BU8/($BS8+$BU8+$BW8))*100) -> #DIV/0! | BW8: =IF($AD8="N","N",BF8+BG8+BL8+BQ8) -> 0 | BX8: =IF($AD8="N","N",(BW8/($BS8+$BU8+$BW8))*100) -> #DIV/0! | BY8: =IF($AD8="N","N",BC8+BI8+BN8) -> 0 | BZ8: =IF($AD8="N","N",SUM(K8:K11)) -> 0 | CA8: =IF($AD8="N","N",SUM('調查資料(OUT)'!V14:V17)) -> 0 | CB8: =IF($AD8="N","N",SUM('調查資料(OUT)'!Y14:Y17)) -> 0 | CC8: =IF($AD8="N","N",SUM('調查資料(OUT)'!AC14:AC17)) -> 0 | CD8: =IF($AD8="N","N",SUM('調查資料(OUT)'!AB14:AB17)) -> 0 | CE8: =IF($AD8="N","N",(BZ8/CV8)*100) -> #DIV/0! | CF8: =IF($AD8="N","N",SUM(L8:L11)) -> 0 | CG8: =IF($AD8="N","N",SUM('調查資料(OUT)'!W14:W17)) -> 0 | CH8: =IF($AD8="N","N",SUM('調查資料(OUT)'!Z14:Z17)) -> 0 | CI8: =IF($AD8="N","N",SUM('調查資料(OUT)'!AD14:AD17)) -> 0 | CJ8: =IF($AD8="N","N",(CF8/CV8)*100) -> #DIV/0! | CK8: =IF($AD8="N","N",SUM(M8:M11)) -> 0 | CL8: =IF($AD8="N","N",SUM('調查資料(OUT)'!X14:X17)) -> 0 | CM8: =IF($AD8="N","N",SUM('調查資料(OUT)'!AA14:AA17)) -> 0 | CN8: =IF($AD8="N","N",SUM('調查資料(OUT)'!AE14:AE17)) -> 0 | CO8: =IF($AD8="N","N",(CK8/CV8)*100) -> #DIV/0! | CP8: =IF($AD8="N","N",CA8+CG8+CL8) -> 0 | CQ8: =IF($AD8="N","N",(CP8/($CP8+$CR8+$CT8))*100) -> #DIV/0! | CR8: =IF($AD8="N","N",CB8+CH8+CM8) -> 0 | CS8: =IF($AD8="N","N",(CR8/($CP8+$CR8+$CT8))*100) -> #DIV/0! | CT8: =IF($AD8="N","N",CC8+CD8+CI8+CN8) -> 0 | CU8: =IF($AD8="N","N",(CT8/($CP8+$CR8+$CT8))*100) -> #DIV/0! | CV8: =IF($AD8="N","N",BZ8+CF8+CK8) -> 0 | CW8: =IF($AD8="N","N",SUM(O8:O11)) -> 0 | CX8: =IF($AD8="N","N",SUM('調查資料(OUT)'!AF14:AF17)) -> 0 | CY8: =IF($AD8="N","N",SUM('調查資料(OUT)'!AI14:AI17)) -> 0 | CZ8: =IF($AD8="N","N",SUM('調查資料(OUT)'!AM14:AM17)) -> 0 | DA8: =IF($AD8="N","N",SUM('調查資料(OUT)'!AL14:AL17)) -> 0 | DB8: =IF($AD8="N","N",(CW8/DS8)*100) -> #DIV/0! | DC8: =IF($AD8="N","N",SUM(P8:P11)) -> 0 | DD8: =IF($AD8="N","N",SUM('調查資料(OUT)'!AG14:AG17)) -> 0 | DE8: =IF($AD8="N","N",SUM('調查資料(OUT)'!AJ14:AJ17)) -> 0 | DF8: =IF($AD8="N","N",SUM('調查資料(OUT)'!AN14:AN17)) -> 0 | DG8: =IF($AD8="N","N",(DC8/DS8)*100) -> #DIV/0! | DH8: =IF($AD8="N","N",SUM(Q8:Q11)) -> 0 | DI8: =IF($AD8="N","N",SUM('調查資料(OUT)'!AH14:AH17)) -> 0 | DJ8: =IF($AD8="N","N",SUM('調查資料(OUT)'!AK14:AK17)) -> 0 | DK8: =IF($AD8="N","N",SUM('調查資料(OUT)'!AO14:AO17)) -> 0 | DL8: =IF($AD8="N","N",(DH8/DS8)*100) -> #DIV/0! | DM8: =IF($AD8="N","N",CX8+DD8+DI8) -> 0 | DN8: =IF($AD8="N","N",(DM8/($DM8+$DO8+$DQ8))*100) -> #DIV/0! | DO8: =IF($AD8="N","N",CY8+DE8+DJ8) -> 0 | DP8: =IF($AD8="N","N",(DO8/($DM8+$DO8+$DQ8))*100) -> #DIV/0! | DQ8: =IF($AD8="N","N",CZ8+DA8+DF8+DK8) -> 0 | DR8: =IF($AD8="N","N",(DQ8/($DM8+$DO8+$DQ8))*100) -> #DIV/0! | DS8: =IF($AD8="N","N",CW8+DC8+DH8) -> 0
A9: ='調查資料(OUT)'!A15 -> 100 | B9: =SUM(C9:E9) -> 0 | C9: =IFERROR('調查資料(OUT)'!B$1*'調查資料(OUT)'!B15,0)+IFERROR('調查資料(OUT)'!E$1*'調查資料(OUT)'!E15,0)+IFERROR('調查資料(OUT)'!H$1*'調查資料(OUT)'!H15,0)+IFERROR('調查資料(OUT)'!I$1*'調查資料(OUT)'!I15,0) -> 0 | D9: =IFERROR('調查資料(OUT)'!C$1*'調查資料(OUT)'!C15,0)+IFERROR('調查資料(OUT)'!F$1*'調查資料(OUT)'!F15,0)+IFERROR('調查資料(OUT)'!J$1*'調查資料(OUT)'!J15,0) -> 0 | E9: =IFERROR('調查資料(OUT)'!D$1*'調查資料(OUT)'!D15,0)+IFERROR('調查資料(OUT)'!G$1*'調查資料(OUT)'!G15,0)+IFERROR('調查資料(OUT)'!K$1*'調查資料(OUT)'!K15,0) -> 0 | F9: =SUM(G9:I9) -> 0 | G9: =IFERROR('調查資料(OUT)'!L$1*'調查資料(OUT)'!L15,0)+IFERROR('調查資料(OUT)'!O$1*'調查資料(OUT)'!O15,0)+IFERROR('調查資料(OUT)'!R$1*'調查資料(OUT)'!R15,0)+IFERROR('調查資料(OUT)'!S$1*'調查資料(OUT)'!S15,0) -> 0 | H9: =IFERROR('調查資料(OUT)'!M$1*'調查資料(OUT)'!M15,0)+IFERROR('調查資料(OUT)'!P$1*'調查資料(OUT)'!P15,0)+IFERROR('調查資料(OUT)'!T$1*'調查資料(OUT)'!T15,0) -> 0 | I9: =IFERROR('調查資料(OUT)'!N$1*'調查資料(OUT)'!N15,0)+IFERROR('調查資料(OUT)'!Q$1*'調查資料(OUT)'!Q15,0)+IFERROR('調查資料(OUT)'!U$1*'調查資料(OUT)'!U15,0) -> 0 | J9: =SUM(K9:M9) -> 0 | K9: =IFERROR('調查資料(OUT)'!V$1*'調查資料(OUT)'!V15,0)+IFERROR('調查資料(OUT)'!Y$1*'調查資料(OUT)'!Y15,0)+IFERROR('調查資料(OUT)'!AB$1*'調查資料(OUT)'!AB15,0)+IFERROR('調查資料(OUT)'!AC$1*'調查資料(OUT)'!AC15,0) -> 0 | L9: =IFERROR('調查資料(OUT)'!W$1*'調查資料(OUT)'!W15,0)+IFERROR('調查資料(OUT)'!Z$1*'調查資料(OUT)'!Z15,0)+IFERROR('調查資料(OUT)'!AD$1*'調查資料(OUT)'!AD15,0) -> 0 | M9: =IFERROR('調查資料(OUT)'!X$1*'調查資料(OUT)'!X15,0)+IFERROR('調查資料(OUT)'!AA$1*'調查資料(OUT)'!AA15,0)+IFERROR('調查資料(OUT)'!AE$1*'調查資料(OUT)'!AE15,0) -> 0 | N9: =SUM(O9:Q9) -> 0 | O9: =IFERROR('調查資料(OUT)'!AF$1*'調查資料(OUT)'!AF15,0)+IFERROR('調查資料(OUT)'!AI$1*'調查資料(OUT)'!AI15,0)+IFERROR('調查資料(OUT)'!AL$1*'調查資料(OUT)'!AL15,0)+IFERROR('調查資料(OUT)'!AM$1*'調查資料(OUT)'!AM15,0) -> 0 | P9: =IFERROR('調查資料(OUT)'!AG$1*'調查資料(OUT)'!AG15,0)+IFERROR('調查資料(OUT)'!AJ$1*'調查資料(OUT)'!AJ15,0)+IFERROR('調查資料(OUT)'!AN$1*'調查資料(OUT)'!AN15,0) -> 0 | Q9: =IFERROR('調查資料(OUT)'!AH$1*'調查資料(OUT)'!AH15,0)+IFERROR('調查資料(OUT)'!AK$1*'調查資料(OUT)'!AK15,0)+IFERROR('調查資料(OUT)'!AO$1*'調查資料(OUT)'!AO15,0) -> 0 | R9: =B9+F9+J9+N9 -> 0 | T9: ='調查資料(OUT)'!A15 -> 100 | U9: =T9+100 -> 200 | V9: =SUM(R9:R12) -> 0 | X9: =IF($V9=$W$29,MAX(R9:R12),0) -> 0 | Y9: =IF($V9=W$5,SUM(B9:B12)/(4*(MAX(B9:B12))),0) -> #DIV/0! | Z9: =IF($V9=W$5,SUM(F9:F12)/(4*(MAX(F9:F12))),0) -> #DIV/0! | AA9: =IF($V9=W$5,SUM(J9:J12)/(4*(MAX(J9:J12))),0) -> #DIV/0! | AB9: =IF($V9=W$5,SUM(N9:N12)/(4*(MAX(N9:N12))),0) -> #DIV/0! | AD9: =IF(V9=W$5,$T9,"N") -> 100 | AE9: =IF(V9=W$5,$U9,"N") -> 200 | AF9: =IF($AD9="N","N",SUM(C9:C12)) -> 0 | AG9: =IF($AD9="N","N",SUM('調查資料(OUT)'!B15:B18)) -> 0 | AH9: =IF($AD9="N","N",SUM('調查資料(OUT)'!E15:E18)) -> 0 | AI9: =IF($AD9="N","N",SUM('調查資料(OUT)'!I15:I18)) -> 0 | AJ9: =IF($AD9="N","N",SUM('調查資料(OUT)'!H15:H18)) -> 0 | AK9: =IF($AD9="N","N",(AF9/$BB9)*100) -> #DIV/0! | AL9: =IF($AD9="N","N",SUM(D9:D12)) -> 0 | AM9: =IF($AD9="N","N",SUM('調查資料(OUT)'!C15:C18)) -> 0 | AN9: =IF($AD9="N","N",SUM('調查資料(OUT)'!F15:F18)) -> 0 | AO9: =IF($AD9="N","N",SUM('調查資料(OUT)'!J15:J18)) -> 0 | AP9: =IF($AD9="N","N",(AL9/$BB9)*100) -> #DIV/0! | AQ9: =IF($AD9="N","N",SUM(E9:E12)) -> 0 | AR9: =IF($AD9="N","N",SUM('調查資料(OUT)'!D15:D18)) -> 0 | AS9: =IF($AD9="N","N",SUM('調查資料(OUT)'!G15:G18)) -> 0 | AT9: =IF($AD9="N","N",SUM('調查資料(OUT)'!K15:K18)) -> 0 | AU9: =IF($AD9="N","N",(AQ9/$BB9)*100) -> #DIV/0! | AV9: =IF($AD9="N","N",AG9+AM9+AR9) -> 0 | AW9: =IF($AD9="N","N",(AV9/($AV9+$AX9+$AZ9))*100) -> #DIV/0! | AX9: =IF($AD9="N","N",AH9+AN9+AS9) -> 0 | AY9: =IF($AD9="N","N",(AX9/($AV9+$AX9+$AZ9))*100) -> #DIV/0! | AZ9: =IF($AD9="N","N",AI9+AJ9+AO9+AT9) -> 0 | BA9: =IF($AD9="N","N",(AZ9/($AV9+$AX9+$AZ9))*100) -> #DIV/0! | BB9: =IF($AD9="N","N",AF9+AL9+AQ9) -> 0 | BC9: =IF($AD9="N","N",SUM(G9:G12)) -> 0 | BD9: =IF($AD9="N","N",SUM('調查資料(OUT)'!L15:L18)) -> 0 | BE9: =IF($AD9="N","N",SUM('調查資料(OUT)'!O15:O18)) -> 0 | BF9: =IF($AD9="N","N",SUM('調查資料(OUT)'!S15:S18)) -> 0 | BG9: =IF($AD9="N","N",SUM('調查資料(OUT)'!R15:R18)) -> 0 | BH9: =IF($AD9="N","N",(BC9/BY9)*100) -> #DIV/0! | BI9: =IF($AD9="N","N",SUM(H9:H12)) -> 0 | BJ9: =IF($AD9="N","N",SUM('調查資料(OUT)'!M15:M18)) -> 0 | BK9: =IF($AD9="N","N",SUM('調查資料(OUT)'!P15:P18)) -> 0 | BL9: =IF($AD9="N","N",SUM('調查資料(OUT)'!T15:T18)) -> 0 | BM9: =IF($AD9="N","N",(BI9/BY9)*100) -> #DIV/0! | BN9: =IF($AD9="N","N",SUM(I9:I12)) -> 0 | BO9: =IF($AD9="N","N",SUM('調查資料(OUT)'!N15:N18)) -> 0 | BP9: =IF($AD9="N","N",SUM('調查資料(OUT)'!Q15:Q18)) -> 0 | BQ9: =IF($AD9="N","N",SUM('調查資料(OUT)'!U15:U18)) -> 0 | BR9: =IF($AD9="N","N",(BN9/BY9)*100) -> #DIV/0! | BS9: =IF($AD9="N","N",BD9+BJ9+BO9) -> 0 | BT9: =IF($AD9="N","N",(BS9/($BS9+$BU9+$BW9))*100) -> #DIV/0! | BU9: =IF($AD9="N","N",BE9+BK9+BP9) -> 0 | BV9: =IF($AD9="N","N",(BU9/($BS9+$BU9+$BW9))*100) -> #DIV/0! | BW9: =IF($AD9="N","N",BF9+BG9+BL9+BQ9) -> 0 | BX9: =IF($AD9="N","N",(BW9/($BS9+$BU9+$BW9))*100) -> #DIV/0! | BY9: =IF($AD9="N","N",BC9+BI9+BN9) -> 0 | BZ9: =IF($AD9="N","N",SUM(K9:K12)) -> 0 | CA9: =IF($AD9="N","N",SUM('調查資料(OUT)'!V15:V18)) -> 0 | CB9: =IF($AD9="N","N",SUM('調查資料(OUT)'!Y15:Y18)) -> 0 | CC9: =IF($AD9="N","N",SUM('調查資料(OUT)'!AC15:AC18)) -> 0 | CD9: =IF($AD9="N","N",SUM('調查資料(OUT)'!AB15:AB18)) -> 0 | CE9: =IF($AD9="N","N",(BZ9/CV9)*100) -> #DIV/0! | CF9: =IF($AD9="N","N",SUM(L9:L12)) -> 0 | CG9: =IF($AD9="N","N",SUM('調查資料(OUT)'!W15:W18)) -> 0 | CH9: =IF($AD9="N","N",SUM('調查資料(OUT)'!Z15:Z18)) -> 0 | CI9: =IF($AD9="N","N",SUM('調查資料(OUT)'!AD15:AD18)) -> 0 | CJ9: =IF($AD9="N","N",(CF9/CV9)*100) -> #DIV/0! | CK9: =IF($AD9="N","N",SUM(M9:M12)) -> 0 | CL9: =IF($AD9="N","N",SUM('調查資料(OUT)'!X15:X18)) -> 0 | CM9: =IF($AD9="N","N",SUM('調查資料(OUT)'!AA15:AA18)) -> 0 | CN9: =IF($AD9="N","N",SUM('調查資料(OUT)'!AE15:AE18)) -> 0 | CO9: =IF($AD9="N","N",(CK9/CV9)*100) -> #DIV/0! | CP9: =IF($AD9="N","N",CA9+CG9+CL9) -> 0 | CQ9: =IF($AD9="N","N",(CP9/($CP9+$CR9+$CT9))*100) -> #DIV/0! | CR9: =IF($AD9="N","N",CB9+CH9+CM9) -> 0 | CS9: =IF($AD9="N","N",(CR9/($CP9+$CR9+$CT9))*100) -> #DIV/0! | CT9: =IF($AD9="N","N",CC9+CD9+CI9+CN9) -> 0 | CU9: =IF($AD9="N","N",(CT9/($CP9+$CR9+$CT9))*100) -> #DIV/0! | CV9: =IF($AD9="N","N",BZ9+CF9+CK9) -> 0 | CW9: =IF($AD9="N","N",SUM(O9:O12)) -> 0 | CX9: =IF($AD9="N","N",SUM('調查資料(OUT)'!AF15:AF18)) -> 0 | CY9: =IF($AD9="N","N",SUM('調查資料(OUT)'!AI15:AI18)) -> 0 | CZ9: =IF($AD9="N","N",SUM('調查資料(OUT)'!AM15:AM18)) -> 0 | DA9: =IF($AD9="N","N",SUM('調查資料(OUT)'!AL15:AL18)) -> 0 | DB9: =IF($AD9="N","N",(CW9/DS9)*100) -> #DIV/0! | DC9: =IF($AD9="N","N",SUM(P9:P12)) -> 0 | DD9: =IF($AD9="N","N",SUM('調查資料(OUT)'!AG15:AG18)) -> 0 | DE9: =IF($AD9="N","N",SUM('調查資料(OUT)'!AJ15:AJ18)) -> 0 | DF9: =IF($AD9="N","N",SUM('調查資料(OUT)'!AN15:AN18)) -> 0 | DG9: =IF($AD9="N","N",(DC9/DS9)*100) -> #DIV/0! | DH9: =IF($AD9="N","N",SUM(Q9:Q12)) -> 0 | DI9: =IF($AD9="N","N",SUM('調查資料(OUT)'!AH15:AH18)) -> 0 | DJ9: =IF($AD9="N","N",SUM('調查資料(OUT)'!AK15:AK18)) -> 0 | DK9: =IF($AD9="N","N",SUM('調查資料(OUT)'!AO15:AO18)) -> 0 | DL9: =IF($AD9="N","N",(DH9/DS9)*100) -> #DIV/0! | DM9: =IF($AD9="N","N",CX9+DD9+DI9) -> 0 | DN9: =IF($AD9="N","N",(DM9/($DM9+$DO9+$DQ9))*100) -> #DIV/0! | DO9: =IF($AD9="N","N",CY9+DE9+DJ9) -> 0 | DP9: =IF($AD9="N","N",(DO9/($DM9+$DO9+$DQ9))*100) -> #DIV/0! | DQ9: =IF($AD9="N","N",CZ9+DA9+DF9+DK9) -> 0 | DR9: =IF($AD9="N","N",(DQ9/($DM9+$DO9+$DQ9))*100) -> #DIV/0! | DS9: =IF($AD9="N","N",CW9+DC9+DH9) -> 0
A10: ='調查資料(OUT)'!A16 -> 115 | B10: =SUM(C10:E10) -> 0 | C10: =IFERROR('調查資料(OUT)'!B$1*'調查資料(OUT)'!B16,0)+IFERROR('調查資料(OUT)'!E$1*'調查資料(OUT)'!E16,0)+IFERROR('調查資料(OUT)'!H$1*'調查資料(OUT)'!H16,0)+IFERROR('調查資料(OUT)'!I$1*'調查資料(OUT)'!I16,0) -> 0 | D10: =IFERROR('調查資料(OUT)'!C$1*'調查資料(OUT)'!C16,0)+IFERROR('調查資料(OUT)'!F$1*'調查資料(OUT)'!F16,0)+IFERROR('調查資料(OUT)'!J$1*'調查資料(OUT)'!J16,0) -> 0 | E10: =IFERROR('調查資料(OUT)'!D$1*'調查資料(OUT)'!D16,0)+IFERROR('調查資料(OUT)'!G$1*'調查資料(OUT)'!G16,0)+IFERROR('調查資料(OUT)'!K$1*'調查資料(OUT)'!K16,0) -> 0 | F10: =SUM(G10:I10) -> 0 | G10: =IFERROR('調查資料(OUT)'!L$1*'調查資料(OUT)'!L16,0)+IFERROR('調查資料(OUT)'!O$1*'調查資料(OUT)'!O16,0)+IFERROR('調查資料(OUT)'!R$1*'調查資料(OUT)'!R16,0)+IFERROR('調查資料(OUT)'!S$1*'調查資料(OUT)'!S16,0) -> 0 | H10: =IFERROR('調查資料(OUT)'!M$1*'調查資料(OUT)'!M16,0)+IFERROR('調查資料(OUT)'!P$1*'調查資料(OUT)'!P16,0)+IFERROR('調查資料(OUT)'!T$1*'調查資料(OUT)'!T16,0) -> 0 | I10: =IFERROR('調查資料(OUT)'!N$1*'調查資料(OUT)'!N16,0)+IFERROR('調查資料(OUT)'!Q$1*'調查資料(OUT)'!Q16,0)+IFERROR('調查資料(OUT)'!U$1*'調查資料(OUT)'!U16,0) -> 0 | J10: =SUM(K10:M10) -> 0 | K10: =IFERROR('調查資料(OUT)'!V$1*'調查資料(OUT)'!V16,0)+IFERROR('調查資料(OUT)'!Y$1*'調查資料(OUT)'!Y16,0)+IFERROR('調查資料(OUT)'!AB$1*'調查資料(OUT)'!AB16,0)+IFERROR('調查資料(OUT)'!AC$1*'調查資料(OUT)'!AC16,0) -> 0 | L10: =IFERROR('調查資料(OUT)'!W$1*'調查資料(OUT)'!W16,0)+IFERROR('調查資料(OUT)'!Z$1*'調查資料(OUT)'!Z16,0)+IFERROR('調查資料(OUT)'!AD$1*'調查資料(OUT)'!AD16,0) -> 0 | M10: =IFERROR('調查資料(OUT)'!X$1*'調查資料(OUT)'!X16,0)+IFERROR('調查資料(OUT)'!AA$1*'調查資料(OUT)'!AA16,0)+IFERROR('調查資料(OUT)'!AE$1*'調查資料(OUT)'!AE16,0) -> 0 | N10: =SUM(O10:Q10) -> 0 | O10: =IFERROR('調查資料(OUT)'!AF$1*'調查資料(OUT)'!AF16,0)+IFERROR('調查資料(OUT)'!AI$1*'調查資料(OUT)'!AI16,0)+IFERROR('調查資料(OUT)'!AL$1*'調查資料(OUT)'!AL16,0)+IFERROR('調查資料(OUT)'!AM$1*'調查資料(OUT)'!AM16,0) -> 0 | P10: =IFERROR('調查資料(OUT)'!AG$1*'調查資料(OUT)'!AG16,0)+IFERROR('調查資料(OUT)'!AJ$1*'調查資料(OUT)'!AJ16,0)+IFERROR('調查資料(OUT)'!AN$1*'調查資料(OUT)'!AN16,0) -> 0 | Q10: =IFERROR('調查資料(OUT)'!AH$1*'調查資料(OUT)'!AH16,0)+IFERROR('調查資料(OUT)'!AK$1*'調查資料(OUT)'!AK16,0)+IFERROR('調查資料(OUT)'!AO$1*'調查資料(OUT)'!AO16,0) -> 0 | R10: =B10+F10+J10+N10 -> 0 | T10: ='調查資料(OUT)'!A16 -> 115 | U10: =T10+100 -> 215 | V10: =SUM(R10:R13) -> 0 | X10: =IF($V10=$W$29,MAX(R10:R13),0) -> 0 | Y10: =IF($V10=W$5,SUM(B10:B13)/(4*(MAX(B10:B13))),0) -> #DIV/0! | Z10: =IF($V10=W$5,SUM(F10:F13)/(4*(MAX(F10:F13))),0) -> #DIV/0! | AA10: =IF($V10=W$5,SUM(J10:J13)/(4*(MAX(J10:J13))),0) -> #DIV/0! | AB10: =IF($V10=W$5,SUM(N10:N13)/(4*(MAX(N10:N13))),0) -> #DIV/0! | AD10: =IF(V10=W$5,$T10,"N") -> 115 | AE10: =IF(V10=W$5,$U10,"N") -> 215 | AF10: =IF($AD10="N","N",SUM(C10:C13)) -> 0 | AG10: =IF($AD10="N","N",SUM('調查資料(OUT)'!B16:B19)) -> 0 | AH10: =IF($AD10="N","N",SUM('調查資料(OUT)'!E16:E19)) -> 0 | AI10: =IF($AD10="N","N",SUM('調查資料(OUT)'!I16:I19)) -> 0 | AJ10: =IF($AD10="N","N",SUM('調查資料(OUT)'!H16:H19)) -> 0 | AK10: =IF($AD10="N","N",(AF10/$BB10)*100) -> #DIV/0! | AL10: =IF($AD10="N","N",SUM(D10:D13)) -> 0 | AM10: =IF($AD10="N","N",SUM('調查資料(OUT)'!C16:C19)) -> 0 | AN10: =IF($AD10="N","N",SUM('調查資料(OUT)'!F16:F19)) -> 0 | AO10: =IF($AD10="N","N",SUM('調查資料(OUT)'!J16:J19)) -> 0 | AP10: =IF($AD10="N","N",(AL10/$BB10)*100) -> #DIV/0! | AQ10: =IF($AD10="N","N",SUM(E10:E13)) -> 0 | AR10: =IF($AD10="N","N",SUM('調查資料(OUT)'!D16:D19)) -> 0 | AS10: =IF($AD10="N","N",SUM('調查資料(OUT)'!G16:G19)) -> 0 | AT10: =IF($AD10="N","N",SUM('調查資料(OUT)'!K16:K19)) -> 0 | AU10: =IF($AD10="N","N",(AQ10/$BB10)*100) -> #DIV/0! | AV10: =IF($AD10="N","N",AG10+AM10+AR10) -> 0 | AW10: =IF($AD10="N","N",(AV10/($AV10+$AX10+$AZ10))*100) -> #DIV/0! | AX10: =IF($AD10="N","N",AH10+AN10+AS10) -> 0 | AY10: =IF($AD10="N","N",(AX10/($AV10+$AX10+$AZ10))*100) -> #DIV/0! | AZ10: =IF($AD10="N","N",AI10+AJ10+AO10+AT10) -> 0 | BA10: =IF($AD10="N","N",(AZ10/($AV10+$AX10+$AZ10))*100) -> #DIV/0! | BB10: =IF($AD10="N","N",AF10+AL10+AQ10) -> 0 | BC10: =IF($AD10="N","N",SUM(G10:G13)) -> 0 | BD10: =IF($AD10="N","N",SUM('調查資料(OUT)'!L16:L19)) -> 0 | BE10: =IF($AD10="N","N",SUM('調查資料(OUT)'!O16:O19)) -> 0 | BF10: =IF($AD10="N","N",SUM('調查資料(OUT)'!S16:S19)) -> 0 | BG10: =IF($AD10="N","N",SUM('調查資料(OUT)'!R16:R19)) -> 0 | BH10: =IF($AD10="N","N",(BC10/BY10)*100) -> #DIV/0! | BI10: =IF($AD10="N","N",SUM(H10:H13)) -> 0 | BJ10: =IF($AD10="N","N",SUM('調查資料(OUT)'!M16:M19)) -> 0 | BK10: =IF($AD10="N","N",SUM('調查資料(OUT)'!P16:P19)) -> 0 | BL10: =IF($AD10="N","N",SUM('調查資料(OUT)'!T16:T19)) -> 0 | BM10: =IF($AD10="N","N",(BI10/BY10)*100) -> #DIV/0! | BN10: =IF($AD10="N","N",SUM(I10:I13)) -> 0 | BO10: =IF($AD10="N","N",SUM('調查資料(OUT)'!N16:N19)) -> 0 | BP10: =IF($AD10="N","N",SUM('調查資料(OUT)'!Q16:Q19)) -> 0 | BQ10: =IF($AD10="N","N",SUM('調查資料(OUT)'!U16:U19)) -> 0 | BR10: =IF($AD10="N","N",(BN10/BY10)*100) -> #DIV/0! | BS10: =IF($AD10="N","N",BD10+BJ10+BO10) -> 0 | BT10: =IF($AD10="N","N",(BS10/($BS10+$BU10+$BW10))*100) -> #DIV/0! | BU10: =IF($AD10="N","N",BE10+BK10+BP10) -> 0 | BV10: =IF($AD10="N","N",(BU10/($BS10+$BU10+$BW10))*100) -> #DIV/0! | BW10: =IF($AD10="N","N",BF10+BG10+BL10+BQ10) -> 0 | BX10: =IF($AD10="N","N",(BW10/($BS10+$BU10+$BW10))*100) -> #DIV/0! | BY10: =IF($AD10="N","N",BC10+BI10+BN10) -> 0 | BZ10: =IF($AD10="N","N",SUM(K10:K13)) -> 0 | CA10: =IF($AD10="N","N",SUM('調查資料(OUT)'!V16:V19)) -> 0 | CB10: =IF($AD10="N","N",SUM('調查資料(OUT)'!Y16:Y19)) -> 0 | CC10: =IF($AD10="N","N",SUM('調查資料(OUT)'!AC16:AC19)) -> 0 | CD10: =IF($AD10="N","N",SUM('調查資料(OUT)'!AB16:AB19)) -> 0 | CE10: =IF($AD10="N","N",(BZ10/CV10)*100) -> #DIV/0! | CF10: =IF($AD10="N","N",SUM(L10:L13)) -> 0 | CG10: =IF($AD10="N","N",SUM('調查資料(OUT)'!W16:W19)) -> 0 | CH10: =IF($AD10="N","N",SUM('調查資料(OUT)'!Z16:Z19)) -> 0 | CI10: =IF($AD10="N","N",SUM('調查資料(OUT)'!AD16:AD19)) -> 0 | CJ10: =IF($AD10="N","N",(CF10/CV10)*100) -> #DIV/0! | CK10: =IF($AD10="N","N",SUM(M10:M13)) -> 0 | CL10: =IF($AD10="N","N",SUM('調查資料(OUT)'!X16:X19)) -> 0 | CM10: =IF($AD10="N","N",SUM('調查資料(OUT)'!AA16:AA19)) -> 0 | CN10: =IF($AD10="N","N",SUM('調查資料(OUT)'!AE16:AE19)) -> 0 | CO10: =IF($AD10="N","N",(CK10/CV10)*100) -> #DIV/0! | CP10: =IF($AD10="N","N",CA10+CG10+CL10) -> 0 | CQ10: =IF($AD10="N","N",(CP10/($CP10+$CR10+$CT10))*100) -> #DIV/0! | CR10: =IF($AD10="N","N",CB10+CH10+CM10) -> 0 | CS10: =IF($AD10="N","N",(CR10/($CP10+$CR10+$CT10))*100) -> #DIV/0! | CT10: =IF($AD10="N","N",CC10+CD10+CI10+CN10) -> 0 | CU10: =IF($AD10="N","N",(CT10/($CP10+$CR10+$CT10))*100) -> #DIV/0! | CV10: =IF($AD10="N","N",BZ10+CF10+CK10) -> 0 | CW10: =IF($AD10="N","N",SUM(O10:O13)) -> 0 | CX10: =IF($AD10="N","N",SUM('調查資料(OUT)'!AF16:AF19)) -> 0 | CY10: =IF($AD10="N","N",SUM('調查資料(OUT)'!AI16:AI19)) -> 0 | CZ10: =IF($AD10="N","N",SUM('調查資料(OUT)'!AM16:AM19)) -> 0 | DA10: =IF($AD10="N","N",SUM('調查資料(OUT)'!AL16:AL19)) -> 0 | DB10: =IF($AD10="N","N",(CW10/DS10)*100) -> #DIV/0! | DC10: =IF($AD10="N","N",SUM(P10:P13)) -> 0 | DD10: =IF($AD10="N","N",SUM('調查資料(OUT)'!AG16:AG19)) -> 0 | DE10: =IF($AD10="N","N",SUM('調查資料(OUT)'!AJ16:AJ19)) -> 0 | DF10: =IF($AD10="N","N",SUM('調查資料(OUT)'!AN16:AN19)) -> 0 | DG10: =IF($AD10="N","N",(DC10/DS10)*100) -> #DIV/0! | DH10: =IF($AD10="N","N",SUM(Q10:Q13)) -> 0 | DI10: =IF($AD10="N","N",SUM('調查資料(OUT)'!AH16:AH19)) -> 0 | DJ10: =IF($AD10="N","N",SUM('調查資料(OUT)'!AK16:AK19)) -> 0 | DK10: =IF($AD10="N","N",SUM('調查資料(OUT)'!AO16:AO19)) -> 0 | DL10: =IF($AD10="N","N",(DH10/DS10)*100) -> #DIV/0! | DM10: =IF($AD10="N","N",CX10+DD10+DI10) -> 0 | DN10: =IF($AD10="N","N",(DM10/($DM10+$DO10+$DQ10))*100) -> #DIV/0! | DO10: =IF($AD10="N","N",CY10+DE10+DJ10) -> 0 | DP10: =IF($AD10="N","N",(DO10/($DM10+$DO10+$DQ10))*100) -> #DIV/0! | DQ10: =IF($AD10="N","N",CZ10+DA10+DF10+DK10) -> 0 | DR10: =IF($AD10="N","N",(DQ10/($DM10+$DO10+$DQ10))*100) -> #DIV/0! | DS10: =IF($AD10="N","N",CW10+DC10+DH10) -> 0
A11: ='調查資料(OUT)'!A17 -> 130 | B11: =SUM(C11:E11) -> 0 | C11: =IFERROR('調查資料(OUT)'!B$1*'調查資料(OUT)'!B17,0)+IFERROR('調查資料(OUT)'!E$1*'調查資料(OUT)'!E17,0)+IFERROR('調查資料(OUT)'!H$1*'調查資料(OUT)'!H17,0)+IFERROR('調查資料(OUT)'!I$1*'調查資料(OUT)'!I17,0) -> 0 | D11: =IFERROR('調查資料(OUT)'!C$1*'調查資料(OUT)'!C17,0)+IFERROR('調查資料(OUT)'!F$1*'調查資料(OUT)'!F17,0)+IFERROR('調查資料(OUT)'!J$1*'調查資料(OUT)'!J17,0) -> 0 | E11: =IFERROR('調查資料(OUT)'!D$1*'調查資料(OUT)'!D17,0)+IFERROR('調查資料(OUT)'!G$1*'調查資料(OUT)'!G17,0)+IFERROR('調查資料(OUT)'!K$1*'調查資料(OUT)'!K17,0) -> 0 | F11: =SUM(G11:I11) -> 0 | G11: =IFERROR('調查資料(OUT)'!L$1*'調查資料(OUT)'!L17,0)+IFERROR('調查資料(OUT)'!O$1*'調查資料(OUT)'!O17,0)+IFERROR('調查資料(OUT)'!R$1*'調查資料(OUT)'!R17,0)+IFERROR('調查資料(OUT)'!S$1*'調查資料(OUT)'!S17,0) -> 0 | H11: =IFERROR('調查資料(OUT)'!M$1*'調查資料(OUT)'!M17,0)+IFERROR('調查資料(OUT)'!P$1*'調查資料(OUT)'!P17,0)+IFERROR('調查資料(OUT)'!T$1*'調查資料(OUT)'!T17,0) -> 0 | I11: =IFERROR('調查資料(OUT)'!N$1*'調查資料(OUT)'!N17,0)+IFERROR('調查資料(OUT)'!Q$1*'調查資料(OUT)'!Q17,0)+IFERROR('調查資料(OUT)'!U$1*'調查資料(OUT)'!U17,0) -> 0 | J11: =SUM(K11:M11) -> 0 | K11: =IFERROR('調查資料(OUT)'!V$1*'調查資料(OUT)'!V17,0)+IFERROR('調查資料(OUT)'!Y$1*'調查資料(OUT)'!Y17,0)+IFERROR('調查資料(OUT)'!AB$1*'調查資料(OUT)'!AB17,0)+IFERROR('調查資料(OUT)'!AC$1*'調查資料(OUT)'!AC17,0) -> 0 | L11: =IFERROR('調查資料(OUT)'!W$1*'調查資料(OUT)'!W17,0)+IFERROR('調查資料(OUT)'!Z$1*'調查資料(OUT)'!Z17,0)+IFERROR('調查資料(OUT)'!AD$1*'調查資料(OUT)'!AD17,0) -> 0 | M11: =IFERROR('調查資料(OUT)'!X$1*'調查資料(OUT)'!X17,0)+IFERROR('調查資料(OUT)'!AA$1*'調查資料(OUT)'!AA17,0)+IFERROR('調查資料(OUT)'!AE$1*'調查資料(OUT)'!AE17,0) -> 0 | N11: =SUM(O11:Q11) -> 0 | O11: =IFERROR('調查資料(OUT)'!AF$1*'調查資料(OUT)'!AF17,0)+IFERROR('調查資料(OUT)'!AI$1*'調查資料(OUT)'!AI17,0)+IFERROR('調查資料(OUT)'!AL$1*'調查資料(OUT)'!AL17,0)+IFERROR('調查資料(OUT)'!AM$1*'調查資料(OUT)'!AM17,0) -> 0 | P11: =IFERROR('調查資料(OUT)'!AG$1*'調查資料(OUT)'!AG17,0)+IFERROR('調查資料(OUT)'!AJ$1*'調查資料(OUT)'!AJ17,0)+IFERROR('調查資料(OUT)'!AN$1*'調查資料(OUT)'!AN17,0) -> 0 | Q11: =IFERROR('調查資料(OUT)'!AH$1*'調查資料(OUT)'!AH17,0)+IFERROR('調查資料(OUT)'!AK$1*'調查資料(OUT)'!AK17,0)+IFERROR('調查資料(OUT)'!AO$1*'調查資料(OUT)'!AO17,0) -> 0 | R11: =B11+F11+J11+N11 -> 0 | T11: ='調查資料(OUT)'!A17 -> 130 | U11: =T11+100 -> 230 | V11: =SUM(R11:R14) -> 0 | X11: =IF($V11=$W$29,MAX(R11:R14),0) -> 0 | Y11: =IF($V11=W$5,SUM(B11:B14)/(4*(MAX(B11:B14))),0) -> #DIV/0! | Z11: =IF($V11=W$5,SUM(F11:F14)/(4*(MAX(F11:F14))),0) -> #DIV/0! | AA11: =IF($V11=W$5,SUM(J11:J14)/(4*(MAX(J11:J14))),0) -> #DIV/0! | AB11: =IF($V11=W$5,SUM(N11:N14)/(4*(MAX(N11:N14))),0) -> #DIV/0! | AD11: =IF(V11=W$5,$T11,"N") -> 130 | AE11: =IF(V11=W$5,$U11,"N") -> 230 | AF11: =IF($AD11="N","N",SUM(C11:C14)) -> 0 | AG11: =IF($AD11="N","N",SUM('調查資料(OUT)'!B17:B20)) -> 0 | AH11: =IF($AD11="N","N",SUM('調查資料(OUT)'!E17:E20)) -> 0 | AI11: =IF($AD11="N","N",SUM('調查資料(OUT)'!I17:I20)) -> 0 | AJ11: =IF($AD11="N","N",SUM('調查資料(OUT)'!H17:H20)) -> 0 | AK11: =IF($AD11="N","N",(AF11/$BB11)*100) -> #DIV/0! | AL11: =IF($AD11="N","N",SUM(D11:D14)) -> 0 | AM11: =IF($AD11="N","N",SUM('調查資料(OUT)'!C17:C20)) -> 0 | AN11: =IF($AD11="N","N",SUM('調查資料(OUT)'!F17:F20)) -> 0 | AO11: =IF($AD11="N","N",SUM('調查資料(OUT)'!J17:J20)) -> 0 | AP11: =IF($AD11="N","N",(AL11/$BB11)*100) -> #DIV/0! | AQ11: =IF($AD11="N","N",SUM(E11:E14)) -> 0 | AR11: =IF($AD11="N","N",SUM('調查資料(OUT)'!D17:D20)) -> 0 | AS11: =IF($AD11="N","N",SUM('調查資料(OUT)'!G17:G20)) -> 0 | AT11: =IF($AD11="N","N",SUM('調查資料(OUT)'!K17:K20)) -> 0 | AU11: =IF($AD11="N","N",(AQ11/$BB11)*100) -> #DIV/0! | AV11: =IF($AD11="N","N",AG11+AM11+AR11) -> 0 | AW11: =IF($AD11="N","N",(AV11/($AV11+$AX11+$AZ11))*100) -> #DIV/0! | AX11: =IF($AD11="N","N",AH11+AN11+AS11) -> 0 | AY11: =IF($AD11="N","N",(AX11/($AV11+$AX11+$AZ11))*100) -> #DIV/0! | AZ11: =IF($AD11="N","N",AI11+AJ11+AO11+AT11) -> 0 | BA11: =IF($AD11="N","N",(AZ11/($AV11+$AX11+$AZ11))*100) -> #DIV/0! | BB11: =IF($AD11="N","N",AF11+AL11+AQ11) -> 0 | BC11: =IF($AD11="N","N",SUM(G11:G14)) -> 0 | BD11: =IF($AD11="N","N",SUM('調查資料(OUT)'!L17:L20)) -> 0 | BE11: =IF($AD11="N","N",SUM('調查資料(OUT)'!O17:O20)) -> 0 | BF11: =IF($AD11="N","N",SUM('調查資料(OUT)'!S17:S20)) -> 0 | BG11: =IF($AD11="N","N",SUM('調查資料(OUT)'!R17:R20)) -> 0 | BH11: =IF($AD11="N","N",(BC11/BY11)*100) -> #DIV/0! | BI11: =IF($AD11="N","N",SUM(H11:H14)) -> 0 | BJ11: =IF($AD11="N","N",SUM('調查資料(OUT)'!M17:M20)) -> 0 | BK11: =IF($AD11="N","N",SUM('調查資料(OUT)'!P17:P20)) -> 0 | BL11: =IF($AD11="N","N",SUM('調查資料(OUT)'!T17:T20)) -> 0 | BM11: =IF($AD11="N","N",(BI11/BY11)*100) -> #DIV/0! | BN11: =IF($AD11="N","N",SUM(I11:I14)) -> 0 | BO11: =IF($AD11="N","N",SUM('調查資料(OUT)'!N17:N20)) -> 0 | BP11: =IF($AD11="N","N",SUM('調查資料(OUT)'!Q17:Q20)) -> 0 | BQ11: =IF($AD11="N","N",SUM('調查資料(OUT)'!U17:U20)) -> 0 | BR11: =IF($AD11="N","N",(BN11/BY11)*100) -> #DIV/0! | BS11: =IF($AD11="N","N",BD11+BJ11+BO11) -> 0 | BT11: =IF($AD11="N","N",(BS11/($BS11+$BU11+$BW11))*100) -> #DIV/0! | BU11: =IF($AD11="N","N",BE11+BK11+BP11) -> 0 | BV11: =IF($AD11="N","N",(BU11/($BS11+$BU11+$BW11))*100) -> #DIV/0! | BW11: =IF($AD11="N","N",BF11+BG11+BL11+BQ11) -> 0 | BX11: =IF($AD11="N","N",(BW11/($BS11+$BU11+$BW11))*100) -> #DIV/0! | BY11: =IF($AD11="N","N",BC11+BI11+BN11) -> 0 | BZ11: =IF($AD11="N","N",SUM(K11:K14)) -> 0 | CA11: =IF($AD11="N","N",SUM('調查資料(OUT)'!V17:V20)) -> 0 | CB11: =IF($AD11="N","N",SUM('調查資料(OUT)'!Y17:Y20)) -> 0 | CC11: =IF($AD11="N","N",SUM('調查資料(OUT)'!AC17:AC20)) -> 0 | CD11: =IF($AD11="N","N",SUM('調查資料(OUT)'!AB17:AB20)) -> 0 | CE11: =IF($AD11="N","N",(BZ11/CV11)*100) -> #DIV/0! | CF11: =IF($AD11="N","N",SUM(L11:L14)) -> 0 | CG11: =IF($AD11="N","N",SUM('調查資料(OUT)'!W17:W20)) -> 0 | CH11: =IF($AD11="N","N",SUM('調查資料(OUT)'!Z17:Z20)) -> 0 | CI11: =IF($AD11="N","N",SUM('調查資料(OUT)'!AD17:AD20)) -> 0 | CJ11: =IF($AD11="N","N",(CF11/CV11)*100) -> #DIV/0! | CK11: =IF($AD11="N","N",SUM(M11:M14)) -> 0 | CL11: =IF($AD11="N","N",SUM('調查資料(OUT)'!X17:X20)) -> 0 | CM11: =IF($AD11="N","N",SUM('調查資料(OUT)'!AA17:AA20)) -> 0 | CN11: =IF($AD11="N","N",SUM('調查資料(OUT)'!AE17:AE20)) -> 0 | CO11: =IF($AD11="N","N",(CK11/CV11)*100) -> #DIV/0! | CP11: =IF($AD11="N","N",CA11+CG11+CL11) -> 0 | CQ11: =IF($AD11="N","N",(CP11/($CP11+$CR11+$CT11))*100) -> #DIV/0! | CR11: =IF($AD11="N","N",CB11+CH11+CM11) -> 0 | CS11: =IF($AD11="N","N",(CR11/($CP11+$CR11+$CT11))*100) -> #DIV/0! | CT11: =IF($AD11="N","N",CC11+CD11+CI11+CN11) -> 0 | CU11: =IF($AD11="N","N",(CT11/($CP11+$CR11+$CT11))*100) -> #DIV/0! | CV11: =IF($AD11="N","N",BZ11+CF11+CK11) -> 0 | CW11: =IF($AD11="N","N",SUM(O11:O14)) -> 0 | CX11: =IF($AD11="N","N",SUM('調查資料(OUT)'!AF17:AF20)) -> 0 | CY11: =IF($AD11="N","N",SUM('調查資料(OUT)'!AI17:AI20)) -> 0 | CZ11: =IF($AD11="N","N",SUM('調查資料(OUT)'!AM17:AM20)) -> 0 | DA11: =IF($AD11="N","N",SUM('調查資料(OUT)'!AL17:AL20)) -> 0 | DB11: =IF($AD11="N","N",(CW11/DS11)*100) -> #DIV/0! | DC11: =IF($AD11="N","N",SUM(P11:P14)) -> 0 | DD11: =IF($AD11="N","N",SUM('調查資料(OUT)'!AG17:AG20)) -> 0 | DE11: =IF($AD11="N","N",SUM('調查資料(OUT)'!AJ17:AJ20)) -> 0 | DF11: =IF($AD11="N","N",SUM('調查資料(OUT)'!AN17:AN20)) -> 0 | DG11: =IF($AD11="N","N",(DC11/DS11)*100) -> #DIV/0! | DH11: =IF($AD11="N","N",SUM(Q11:Q14)) -> 0 | DI11: =IF($AD11="N","N",SUM('調查資料(OUT)'!AH17:AH20)) -> 0 | DJ11: =IF($AD11="N","N",SUM('調查資料(OUT)'!AK17:AK20)) -> 0 | DK11: =IF($AD11="N","N",SUM('調查資料(OUT)'!AO17:AO20)) -> 0 | DL11: =IF($AD11="N","N",(DH11/DS11)*100) -> #DIV/0! | DM11: =IF($AD11="N","N",CX11+DD11+DI11) -> 0 | DN11: =IF($AD11="N","N",(DM11/($DM11+$DO11+$DQ11))*100) -> #DIV/0! | DO11: =IF($AD11="N","N",CY11+DE11+DJ11) -> 0 | DP11: =IF($AD11="N","N",(DO11/($DM11+$DO11+$DQ11))*100) -> #DIV/0! | DQ11: =IF($AD11="N","N",CZ11+DA11+DF11+DK11) -> 0 | DR11: =IF($AD11="N","N",(DQ11/($DM11+$DO11+$DQ11))*100) -> #DIV/0! | DS11: =IF($AD11="N","N",CW11+DC11+DH11) -> 0
A12: ='調查資料(OUT)'!A18 -> 145 | B12: =SUM(C12:E12) -> 0 | C12: =IFERROR('調查資料(OUT)'!B$1*'調查資料(OUT)'!B18,0)+IFERROR('調查資料(OUT)'!E$1*'調查資料(OUT)'!E18,0)+IFERROR('調查資料(OUT)'!H$1*'調查資料(OUT)'!H18,0)+IFERROR('調查資料(OUT)'!I$1*'調查資料(OUT)'!I18,0) -> 0 | D12: =IFERROR('調查資料(OUT)'!C$1*'調查資料(OUT)'!C18,0)+IFERROR('調查資料(OUT)'!F$1*'調查資料(OUT)'!F18,0)+IFERROR('調查資料(OUT)'!J$1*'調查資料(OUT)'!J18,0) -> 0 | E12: =IFERROR('調查資料(OUT)'!D$1*'調查資料(OUT)'!D18,0)+IFERROR('調查資料(OUT)'!G$1*'調查資料(OUT)'!G18,0)+IFERROR('調查資料(OUT)'!K$1*'調查資料(OUT)'!K18,0) -> 0 | F12: =SUM(G12:I12) -> 0 | G12: =IFERROR('調查資料(OUT)'!L$1*'調查資料(OUT)'!L18,0)+IFERROR('調查資料(OUT)'!O$1*'調查資料(OUT)'!O18,0)+IFERROR('調查資料(OUT)'!R$1*'調查資料(OUT)'!R18,0)+IFERROR('調查資料(OUT)'!S$1*'調查資料(OUT)'!S18,0) -> 0 | H12: =IFERROR('調查資料(OUT)'!M$1*'調查資料(OUT)'!M18,0)+IFERROR('調查資料(OUT)'!P$1*'調查資料(OUT)'!P18,0)+IFERROR('調查資料(OUT)'!T$1*'調查資料(OUT)'!T18,0) -> 0 | I12: =IFERROR('調查資料(OUT)'!N$1*'調查資料(OUT)'!N18,0)+IFERROR('調查資料(OUT)'!Q$1*'調查資料(OUT)'!Q18,0)+IFERROR('調查資料(OUT)'!U$1*'調查資料(OUT)'!U18,0) -> 0 | J12: =SUM(K12:M12) -> 0 | K12: =IFERROR('調查資料(OUT)'!V$1*'調查資料(OUT)'!V18,0)+IFERROR('調查資料(OUT)'!Y$1*'調查資料(OUT)'!Y18,0)+IFERROR('調查資料(OUT)'!AB$1*'調查資料(OUT)'!AB18,0)+IFERROR('調查資料(OUT)'!AC$1*'調查資料(OUT)'!AC18,0) -> 0 | L12: =IFERROR('調查資料(OUT)'!W$1*'調查資料(OUT)'!W18,0)+IFERROR('調查資料(OUT)'!Z$1*'調查資料(OUT)'!Z18,0)+IFERROR('調查資料(OUT)'!AD$1*'調查資料(OUT)'!AD18,0) -> 0 | M12: =IFERROR('調查資料(OUT)'!X$1*'調查資料(OUT)'!X18,0)+IFERROR('調查資料(OUT)'!AA$1*'調查資料(OUT)'!AA18,0)+IFERROR('調查資料(OUT)'!AE$1*'調查資料(OUT)'!AE18,0) -> 0 | N12: =SUM(O12:Q12) -> 0 | O12: =IFERROR('調查資料(OUT)'!AF$1*'調查資料(OUT)'!AF18,0)+IFERROR('調查資料(OUT)'!AI$1*'調查資料(OUT)'!AI18,0)+IFERROR('調查資料(OUT)'!AL$1*'調查資料(OUT)'!AL18,0)+IFERROR('調查資料(OUT)'!AM$1*'調查資料(OUT)'!AM18,0) -> 0 | P12: =IFERROR('調查資料(OUT)'!AG$1*'調查資料(OUT)'!AG18,0)+IFERROR('調查資料(OUT)'!AJ$1*'調查資料(OUT)'!AJ18,0)+IFERROR('調查資料(OUT)'!AN$1*'調查資料(OUT)'!AN18,0) -> 0 | Q12: =IFERROR('調查資料(OUT)'!AH$1*'調查資料(OUT)'!AH18,0)+IFERROR('調查資料(OUT)'!AK$1*'調查資料(OUT)'!AK18,0)+IFERROR('調查資料(OUT)'!AO$1*'調查資料(OUT)'!AO18,0) -> 0 | R12: =B12+F12+J12+N12 -> 0 | T12: ='調查資料(OUT)'!A18 -> 145 | U12: =T12+100 -> 245 | V12: =SUM(R12:R15) -> 0 | X12: =IF($V12=$W$29,MAX(R12:R15),0) -> 0 | Y12: =IF($V12=W$5,SUM(B12:B15)/(4*(MAX(B12:B15))),0) -> #DIV/0! | Z12: =IF($V12=W$5,SUM(F12:F15)/(4*(MAX(F12:F15))),0) -> #DIV/0! | AA12: =IF($V12=W$5,SUM(J12:J15)/(4*(MAX(J12:J15))),0) -> #DIV/0! | AB12: =IF($V12=W$5,SUM(N12:N15)/(4*(MAX(N12:N15))),0) -> #DIV/0! | AD12: =IF(V12=W$5,$T12,"N") -> 145 | AE12: =IF(V12=W$5,$U12,"N") -> 245 | AF12: =IF($AD12="N","N",SUM(C12:C15)) -> 0 | AG12: =IF($AD12="N","N",SUM('調查資料(OUT)'!B18:B21)) -> 0 | AH12: =IF($AD12="N","N",SUM('調查資料(OUT)'!E18:E21)) -> 0 | AI12: =IF($AD12="N","N",SUM('調查資料(OUT)'!I18:I21)) -> 0 | AJ12: =IF($AD12="N","N",SUM('調查資料(OUT)'!H18:H21)) -> 0 | AK12: =IF($AD12="N","N",(AF12/$BB12)*100) -> #DIV/0! | AL12: =IF($AD12="N","N",SUM(D12:D15)) -> 0 | AM12: =IF($AD12="N","N",SUM('調查資料(OUT)'!C18:C21)) -> 0 | AN12: =IF($AD12="N","N",SUM('調查資料(OUT)'!F18:F21)) -> 0 | AO12: =IF($AD12="N","N",SUM('調查資料(OUT)'!J18:J21)) -> 0 | AP12: =IF($AD12="N","N",(AL12/$BB12)*100) -> #DIV/0! | AQ12: =IF($AD12="N","N",SUM(E12:E15)) -> 0 | AR12: =IF($AD12="N","N",SUM('調查資料(OUT)'!D18:D21)) -> 0 | AS12: =IF($AD12="N","N",SUM('調查資料(OUT)'!G18:G21)) -> 0 | AT12: =IF($AD12="N","N",SUM('調查資料(OUT)'!K18:K21)) -> 0 | AU12: =IF($AD12="N","N",(AQ12/$BB12)*100) -> #DIV/0! | AV12: =IF($AD12="N","N",AG12+AM12+AR12) -> 0 | AW12: =IF($AD12="N","N",(AV12/($AV12+$AX12+$AZ12))*100) -> #DIV/0! | AX12: =IF($AD12="N","N",AH12+AN12+AS12) -> 0 | AY12: =IF($AD12="N","N",(AX12/($AV12+$AX12+$AZ12))*100) -> #DIV/0! | AZ12: =IF($AD12="N","N",AI12+AJ12+AO12+AT12) -> 0 | BA12: =IF($AD12="N","N",(AZ12/($AV12+$AX12+$AZ12))*100) -> #DIV/0! | BB12: =IF($AD12="N","N",AF12+AL12+AQ12) -> 0 | BC12: =IF($AD12="N","N",SUM(G12:G15)) -> 0 | BD12: =IF($AD12="N","N",SUM('調查資料(OUT)'!L18:L21)) -> 0 | BE12: =IF($AD12="N","N",SUM('調查資料(OUT)'!O18:O21)) -> 0 | BF12: =IF($AD12="N","N",SUM('調查資料(OUT)'!S18:S21)) -> 0 | BG12: =IF($AD12="N","N",SUM('調查資料(OUT)'!R18:R21)) -> 0 | BH12: =IF($AD12="N","N",(BC12/BY12)*100) -> #DIV/0! | BI12: =IF($AD12="N","N",SUM(H12:H15)) -> 0 | BJ12: =IF($AD12="N","N",SUM('調查資料(OUT)'!M18:M21)) -> 0 | BK12: =IF($AD12="N","N",SUM('調查資料(OUT)'!P18:P21)) -> 0 | BL12: =IF($AD12="N","N",SUM('調查資料(OUT)'!T18:T21)) -> 0 | BM12: =IF($AD12="N","N",(BI12/BY12)*100) -> #DIV/0! | BN12: =IF($AD12="N","N",SUM(I12:I15)) -> 0 | BO12: =IF($AD12="N","N",SUM('調查資料(OUT)'!N18:N21)) -> 0 | BP12: =IF($AD12="N","N",SUM('調查資料(OUT)'!Q18:Q21)) -> 0 | BQ12: =IF($AD12="N","N",SUM('調查資料(OUT)'!U18:U21)) -> 0 | BR12: =IF($AD12="N","N",(BN12/BY12)*100) -> #DIV/0! | BS12: =IF($AD12="N","N",BD12+BJ12+BO12) -> 0 | BT12: =IF($AD12="N","N",(BS12/($BS12+$BU12+$BW12))*100) -> #DIV/0! | BU12: =IF($AD12="N","N",BE12+BK12+BP12) -> 0 | BV12: =IF($AD12="N","N",(BU12/($BS12+$BU12+$BW12))*100) -> #DIV/0! | BW12: =IF($AD12="N","N",BF12+BG12+BL12+BQ12) -> 0 | BX12: =IF($AD12="N","N",(BW12/($BS12+$BU12+$BW12))*100) -> #DIV/0! | BY12: =IF($AD12="N","N",BC12+BI12+BN12) -> 0 | BZ12: =IF($AD12="N","N",SUM(K12:K15)) -> 0 | CA12: =IF($AD12="N","N",SUM('調查資料(OUT)'!V18:V21)) -> 0 | CB12: =IF($AD12="N","N",SUM('調查資料(OUT)'!Y18:Y21)) -> 0 | CC12: =IF($AD12="N","N",SUM('調查資料(OUT)'!AC18:AC21)) -> 0 | CD12: =IF($AD12="N","N",SUM('調查資料(OUT)'!AB18:AB21)) -> 0 | CE12: =IF($AD12="N","N",(BZ12/CV12)*100) -> #DIV/0! | CF12: =IF($AD12="N","N",SUM(L12:L15)) -> 0 | CG12: =IF($AD12="N","N",SUM('調查資料(OUT)'!W18:W21)) -> 0 | CH12: =IF($AD12="N","N",SUM('調查資料(OUT)'!Z18:Z21)) -> 0 | CI12: =IF($AD12="N","N",SUM('調查資料(OUT)'!AD18:AD21)) -> 0 | CJ12: =IF($AD12="N","N",(CF12/CV12)*100) -> #DIV/0! | CK12: =IF($AD12="N","N",SUM(M12:M15)) -> 0 | CL12: =IF($AD12="N","N",SUM('調查資料(OUT)'!X18:X21)) -> 0 | CM12: =IF($AD12="N","N",SUM('調查資料(OUT)'!AA18:AA21)) -> 0 | CN12: =IF($AD12="N","N",SUM('調查資料(OUT)'!AE18:AE21)) -> 0 | CO12: =IF($AD12="N","N",(CK12/CV12)*100) -> #DIV/0! | CP12: =IF($AD12="N","N",CA12+CG12+CL12) -> 0 | CQ12: =IF($AD12="N","N",(CP12/($CP12+$CR12+$CT12))*100) -> #DIV/0! | CR12: =IF($AD12="N","N",CB12+CH12+CM12) -> 0 | CS12: =IF($AD12="N","N",(CR12/($CP12+$CR12+$CT12))*100) -> #DIV/0! | CT12: =IF($AD12="N","N",CC12+CD12+CI12+CN12) -> 0 | CU12: =IF($AD12="N","N",(CT12/($CP12+$CR12+$CT12))*100) -> #DIV/0! | CV12: =IF($AD12="N","N",BZ12+CF12+CK12) -> 0 | CW12: =IF($AD12="N","N",SUM(O12:O15)) -> 0 | CX12: =IF($AD12="N","N",SUM('調查資料(OUT)'!AF18:AF21)) -> 0 | CY12: =IF($AD12="N","N",SUM('調查資料(OUT)'!AI18:AI21)) -> 0 | CZ12: =IF($AD12="N","N",SUM('調查資料(OUT)'!AM18:AM21)) -> 0 | DA12: =IF($AD12="N","N",SUM('調查資料(OUT)'!AL18:AL21)) -> 0 | DB12: =IF($AD12="N","N",(CW12/DS12)*100) -> #DIV/0! | DC12: =IF($AD12="N","N",SUM(P12:P15)) -> 0 | DD12: =IF($AD12="N","N",SUM('調查資料(OUT)'!AG18:AG21)) -> 0 | DE12: =IF($AD12="N","N",SUM('調查資料(OUT)'!AJ18:AJ21)) -> 0 | DF12: =IF($AD12="N","N",SUM('調查資料(OUT)'!AN18:AN21)) -> 0 | DG12: =IF($AD12="N","N",(DC12/DS12)*100) -> #DIV/0! | DH12: =IF($AD12="N","N",SUM(Q12:Q15)) -> 0 | DI12: =IF($AD12="N","N",SUM('調查資料(OUT)'!AH18:AH21)) -> 0 | DJ12: =IF($AD12="N","N",SUM('調查資料(OUT)'!AK18:AK21)) -> 0 | DK12: =IF($AD12="N","N",SUM('調查資料(OUT)'!AO18:AO21)) -> 0 | DL12: =IF($AD12="N","N",(DH12/DS12)*100) -> #DIV/0! | DM12: =IF($AD12="N","N",CX12+DD12+DI12) -> 0 | DN12: =IF($AD12="N","N",(DM12/($DM12+$DO12+$DQ12))*100) -> #DIV/0! | DO12: =IF($AD12="N","N",CY12+DE12+DJ12) -> 0 | DP12: =IF($AD12="N","N",(DO12/($DM12+$DO12+$DQ12))*100) -> #DIV/0! | DQ12: =IF($AD12="N","N",CZ12+DA12+DF12+DK12) -> 0 | DR12: =IF($AD12="N","N",(DQ12/($DM12+$DO12+$DQ12))*100) -> #DIV/0! | DS12: =IF($AD12="N","N",CW12+DC12+DH12) -> 0
A13: ='調查資料(OUT)'!A19 -> 200 | B13: =SUM(C13:E13) -> 0 | C13: =IFERROR('調查資料(OUT)'!B$1*'調查資料(OUT)'!B19,0)+IFERROR('調查資料(OUT)'!E$1*'調查資料(OUT)'!E19,0)+IFERROR('調查資料(OUT)'!H$1*'調查資料(OUT)'!H19,0)+IFERROR('調查資料(OUT)'!I$1*'調查資料(OUT)'!I19,0) -> 0 | D13: =IFERROR('調查資料(OUT)'!C$1*'調查資料(OUT)'!C19,0)+IFERROR('調查資料(OUT)'!F$1*'調查資料(OUT)'!F19,0)+IFERROR('調查資料(OUT)'!J$1*'調查資料(OUT)'!J19,0) -> 0 | E13: =IFERROR('調查資料(OUT)'!D$1*'調查資料(OUT)'!D19,0)+IFERROR('調查資料(OUT)'!G$1*'調查資料(OUT)'!G19,0)+IFERROR('調查資料(OUT)'!K$1*'調查資料(OUT)'!K19,0) -> 0 | F13: =SUM(G13:I13) -> 0 | G13: =IFERROR('調查資料(OUT)'!L$1*'調查資料(OUT)'!L19,0)+IFERROR('調查資料(OUT)'!O$1*'調查資料(OUT)'!O19,0)+IFERROR('調查資料(OUT)'!R$1*'調查資料(OUT)'!R19,0)+IFERROR('調查資料(OUT)'!S$1*'調查資料(OUT)'!S19,0) -> 0 | H13: =IFERROR('調查資料(OUT)'!M$1*'調查資料(OUT)'!M19,0)+IFERROR('調查資料(OUT)'!P$1*'調查資料(OUT)'!P19,0)+IFERROR('調查資料(OUT)'!T$1*'調查資料(OUT)'!T19,0) -> 0 | I13: =IFERROR('調查資料(OUT)'!N$1*'調查資料(OUT)'!N19,0)+IFERROR('調查資料(OUT)'!Q$1*'調查資料(OUT)'!Q19,0)+IFERROR('調查資料(OUT)'!U$1*'調查資料(OUT)'!U19,0) -> 0 | J13: =SUM(K13:M13) -> 0 | K13: =IFERROR('調查資料(OUT)'!V$1*'調查資料(OUT)'!V19,0)+IFERROR('調查資料(OUT)'!Y$1*'調查資料(OUT)'!Y19,0)+IFERROR('調查資料(OUT)'!AB$1*'調查資料(OUT)'!AB19,0)+IFERROR('調查資料(OUT)'!AC$1*'調查資料(OUT)'!AC19,0) -> 0 | L13: =IFERROR('調查資料(OUT)'!W$1*'調查資料(OUT)'!W19,0)+IFERROR('調查資料(OUT)'!Z$1*'調查資料(OUT)'!Z19,0)+IFERROR('調查資料(OUT)'!AD$1*'調查資料(OUT)'!AD19,0) -> 0 | M13: =IFERROR('調查資料(OUT)'!X$1*'調查資料(OUT)'!X19,0)+IFERROR('調查資料(OUT)'!AA$1*'調查資料(OUT)'!AA19,0)+IFERROR('調查資料(OUT)'!AE$1*'調查資料(OUT)'!AE19,0) -> 0 | N13: =SUM(O13:Q13) -> 0 | O13: =IFERROR('調查資料(OUT)'!AF$1*'調查資料(OUT)'!AF19,0)+IFERROR('調查資料(OUT)'!AI$1*'調查資料(OUT)'!AI19,0)+IFERROR('調查資料(OUT)'!AL$1*'調查資料(OUT)'!AL19,0)+IFERROR('調查資料(OUT)'!AM$1*'調查資料(OUT)'!AM19,0) -> 0 | P13: =IFERROR('調查資料(OUT)'!AG$1*'調查資料(OUT)'!AG19,0)+IFERROR('調查資料(OUT)'!AJ$1*'調查資料(OUT)'!AJ19,0)+IFERROR('調查資料(OUT)'!AN$1*'調查資料(OUT)'!AN19,0) -> 0 | Q13: =IFERROR('調查資料(OUT)'!AH$1*'調查資料(OUT)'!AH19,0)+IFERROR('調查資料(OUT)'!AK$1*'調查資料(OUT)'!AK19,0)+IFERROR('調查資料(OUT)'!AO$1*'調查資料(OUT)'!AO19,0) -> 0 | R13: =B13+F13+J13+N13 -> 0 | T13: ='調查資料(OUT)'!A19 -> 200 | U13: =T13+100 -> 300 | V13: =SUM(R13:R16) -> 0 | X13: =IF($V13=$W$29,MAX(R13:R16),0) -> 0 | Y13: =IF($V13=W$5,SUM(B13:B16)/(4*(MAX(B13:B16))),0) -> #DIV/0! | Z13: =IF($V13=W$5,SUM(F13:F16)/(4*(MAX(F13:F16))),0) -> #DIV/0! | AA13: =IF($V13=W$5,SUM(J13:J16)/(4*(MAX(J13:J16))),0) -> #DIV/0! | AB13: =IF($V13=W$5,SUM(N13:N16)/(4*(MAX(N13:N16))),0) -> #DIV/0! | AD13: =IF(V13=W$5,$T13,"N") -> 200 | AE13: =IF(V13=W$5,$U13,"N") -> 300 | AF13: =IF($AD13="N","N",SUM(C13:C16)) -> 0 | AG13: =IF($AD13="N","N",SUM('調查資料(OUT)'!B19:B22)) -> 0 | AH13: =IF($AD13="N","N",SUM('調查資料(OUT)'!E19:E22)) -> 0 | AI13: =IF($AD13="N","N",SUM('調查資料(OUT)'!I19:I22)) -> 0 | AJ13: =IF($AD13="N","N",SUM('調查資料(OUT)'!H19:H22)) -> 0 | AK13: =IF($AD13="N","N",(AF13/$BB13)*100) -> #DIV/0! | AL13: =IF($AD13="N","N",SUM(D13:D16)) -> 0 | AM13: =IF($AD13="N","N",SUM('調查資料(OUT)'!C19:C22)) -> 0 | AN13: =IF($AD13="N","N",SUM('調查資料(OUT)'!F19:F22)) -> 0 | AO13: =IF($AD13="N","N",SUM('調查資料(OUT)'!J19:J22)) -> 0 | AP13: =IF($AD13="N","N",(AL13/$BB13)*100) -> #DIV/0! | AQ13: =IF($AD13="N","N",SUM(E13:E16)) -> 0 | AR13: =IF($AD13="N","N",SUM('調查資料(OUT)'!D19:D22)) -> 0 | AS13: =IF($AD13="N","N",SUM('調查資料(OUT)'!G19:G22)) -> 0 | AT13: =IF($AD13="N","N",SUM('調查資料(OUT)'!K19:K22)) -> 0 | AU13: =IF($AD13="N","N",(AQ13/$BB13)*100) -> #DIV/0! | AV13: =IF($AD13="N","N",AG13+AM13+AR13) -> 0 | AW13: =IF($AD13="N","N",(AV13/($AV13+$AX13+$AZ13))*100) -> #DIV/0! | AX13: =IF($AD13="N","N",AH13+AN13+AS13) -> 0 | AY13: =IF($AD13="N","N",(AX13/($AV13+$AX13+$AZ13))*100) -> #DIV/0! | AZ13: =IF($AD13="N","N",AI13+AJ13+AO13+AT13) -> 0 | BA13: =IF($AD13="N","N",(AZ13/($AV13+$AX13+$AZ13))*100) -> #DIV/0! | BB13: =IF($AD13="N","N",AF13+AL13+AQ13) -> 0 | BC13: =IF($AD13="N","N",SUM(G13:G16)) -> 0 | BD13: =IF($AD13="N","N",SUM('調查資料(OUT)'!L19:L22)) -> 0 | BE13: =IF($AD13="N","N",SUM('調查資料(OUT)'!O19:O22)) -> 0 | BF13: =IF($AD13="N","N",SUM('調查資料(OUT)'!S19:S22)) -> 0 | BG13: =IF($AD13="N","N",SUM('調查資料(OUT)'!R19:R22)) -> 0 | BH13: =IF($AD13="N","N",(BC13/BY13)*100) -> #DIV/0! | BI13: =IF($AD13="N","N",SUM(H13:H16)) -> 0 | BJ13: =IF($AD13="N","N",SUM('調查資料(OUT)'!M19:M22)) -> 0 | BK13: =IF($AD13="N","N",SUM('調查資料(OUT)'!P19:P22)) -> 0 | BL13: =IF($AD13="N","N",SUM('調查資料(OUT)'!T19:T22)) -> 0 | BM13: =IF($AD13="N","N",(BI13/BY13)*100) -> #DIV/0! | BN13: =IF($AD13="N","N",SUM(I13:I16)) -> 0 | BO13: =IF($AD13="N","N",SUM('調查資料(OUT)'!N19:N22)) -> 0 | BP13: =IF($AD13="N","N",SUM('調查資料(OUT)'!Q19:Q22)) -> 0 | BQ13: =IF($AD13="N","N",SUM('調查資料(OUT)'!U19:U22)) -> 0 | BR13: =IF($AD13="N","N",(BN13/BY13)*100) -> #DIV/0! | BS13: =IF($AD13="N","N",BD13+BJ13+BO13) -> 0 | BT13: =IF($AD13="N","N",(BS13/($BS13+$BU13+$BW13))*100) -> #DIV/0! | BU13: =IF($AD13="N","N",BE13+BK13+BP13) -> 0 | BV13: =IF($AD13="N","N",(BU13/($BS13+$BU13+$BW13))*100) -> #DIV/0! | BW13: =IF($AD13="N","N",BF13+BG13+BL13+BQ13) -> 0 | BX13: =IF($AD13="N","N",(BW13/($BS13+$BU13+$BW13))*100) -> #DIV/0! | BY13: =IF($AD13="N","N",BC13+BI13+BN13) -> 0 | BZ13: =IF($AD13="N","N",SUM(K13:K16)) -> 0 | CA13: =IF($AD13="N","N",SUM('調查資料(OUT)'!V19:V22)) -> 0 | CB13: =IF($AD13="N","N",SUM('調查資料(OUT)'!Y19:Y22)) -> 0 | CC13: =IF($AD13="N","N",SUM('調查資料(OUT)'!AC19:AC22)) -> 0 | CD13: =IF($AD13="N","N",SUM('調查資料(OUT)'!AB19:AB22)) -> 0 | CE13: =IF($AD13="N","N",(BZ13/CV13)*100) -> #DIV/0! | CF13: =IF($AD13="N","N",SUM(L13:L16)) -> 0 | CG13: =IF($AD13="N","N",SUM('調查資料(OUT)'!W19:W22)) -> 0 | CH13: =IF($AD13="N","N",SUM('調查資料(OUT)'!Z19:Z22)) -> 0 | CI13: =IF($AD13="N","N",SUM('調查資料(OUT)'!AD19:AD22)) -> 0 | CJ13: =IF($AD13="N","N",(CF13/CV13)*100) -> #DIV/0! | CK13: =IF($AD13="N","N",SUM(M13:M16)) -> 0 | CL13: =IF($AD13="N","N",SUM('調查資料(OUT)'!X19:X22)) -> 0 | CM13: =IF($AD13="N","N",SUM('調查資料(OUT)'!AA19:AA22)) -> 0 | CN13: =IF($AD13="N","N",SUM('調查資料(OUT)'!AE19:AE22)) -> 0 | CO13: =IF($AD13="N","N",(CK13/CV13)*100) -> #DIV/0! | CP13: =IF($AD13="N","N",CA13+CG13+CL13) -> 0 | CQ13: =IF($AD13="N","N",(CP13/($CP13+$CR13+$CT13))*100) -> #DIV/0! | CR13: =IF($AD13="N","N",CB13+CH13+CM13) -> 0 | CS13: =IF($AD13="N","N",(CR13/($CP13+$CR13+$CT13))*100) -> #DIV/0! | CT13: =IF($AD13="N","N",CC13+CD13+CI13+CN13) -> 0 | CU13: =IF($AD13="N","N",(CT13/($CP13+$CR13+$CT13))*100) -> #DIV/0! | CV13: =IF($AD13="N","N",BZ13+CF13+CK13) -> 0 | CW13: =IF($AD13="N","N",SUM(O13:O16)) -> 0 | CX13: =IF($AD13="N","N",SUM('調查資料(OUT)'!AF19:AF22)) -> 0 | CY13: =IF($AD13="N","N",SUM('調查資料(OUT)'!AI19:AI22)) -> 0 | CZ13: =IF($AD13="N","N",SUM('調查資料(OUT)'!AM19:AM22)) -> 0 | DA13: =IF($AD13="N","N",SUM('調查資料(OUT)'!AL19:AL22)) -> 0 | DB13: =IF($AD13="N","N",(CW13/DS13)*100) -> #DIV/0! | DC13: =IF($AD13="N","N",SUM(P13:P16)) -> 0 | DD13: =IF($AD13="N","N",SUM('調查資料(OUT)'!AG19:AG22)) -> 0 | DE13: =IF($AD13="N","N",SUM('調查資料(OUT)'!AJ19:AJ22)) -> 0 | DF13: =IF($AD13="N","N",SUM('調查資料(OUT)'!AN19:AN22)) -> 0 | DG13: =IF($AD13="N","N",(DC13/DS13)*100) -> #DIV/0! | DH13: =IF($AD13="N","N",SUM(Q13:Q16)) -> 0 | DI13: =IF($AD13="N","N",SUM('調查資料(OUT)'!AH19:AH22)) -> 0 | DJ13: =IF($AD13="N","N",SUM('調查資料(OUT)'!AK19:AK22)) -> 0 | DK13: =IF($AD13="N","N",SUM('調查資料(OUT)'!AO19:AO22)) -> 0 | DL13: =IF($AD13="N","N",(DH13/DS13)*100) -> #DIV/0! | DM13: =IF($AD13="N","N",CX13+DD13+DI13) -> 0 | DN13: =IF($AD13="N","N",(DM13/($DM13+$DO13+$DQ13))*100) -> #DIV/0! | DO13: =IF($AD13="N","N",CY13+DE13+DJ13) -> 0 | DP13: =IF($AD13="N","N",(DO13/($DM13+$DO13+$DQ13))*100) -> #DIV/0! | DQ13: =IF($AD13="N","N",CZ13+DA13+DF13+DK13) -> 0 | DR13: =IF($AD13="N","N",(DQ13/($DM13+$DO13+$DQ13))*100) -> #DIV/0! | DS13: =IF($AD13="N","N",CW13+DC13+DH13) -> 0
A14: ='調查資料(OUT)'!A20 -> 215 | B14: =SUM(C14:E14) -> 0 | C14: =IFERROR('調查資料(OUT)'!B$1*'調查資料(OUT)'!B20,0)+IFERROR('調查資料(OUT)'!E$1*'調查資料(OUT)'!E20,0)+IFERROR('調查資料(OUT)'!H$1*'調查資料(OUT)'!H20,0)+IFERROR('調查資料(OUT)'!I$1*'調查資料(OUT)'!I20,0) -> 0 | D14: =IFERROR('調查資料(OUT)'!C$1*'調查資料(OUT)'!C20,0)+IFERROR('調查資料(OUT)'!F$1*'調查資料(OUT)'!F20,0)+IFERROR('調查資料(OUT)'!J$1*'調查資料(OUT)'!J20,0) -> 0 | E14: =IFERROR('調查資料(OUT)'!D$1*'調查資料(OUT)'!D20,0)+IFERROR('調查資料(OUT)'!G$1*'調查資料(OUT)'!G20,0)+IFERROR('調查資料(OUT)'!K$1*'調查資料(OUT)'!K20,0) -> 0 | F14: =SUM(G14:I14) -> 0 | G14: =IFERROR('調查資料(OUT)'!L$1*'調查資料(OUT)'!L20,0)+IFERROR('調查資料(OUT)'!O$1*'調查資料(OUT)'!O20,0)+IFERROR('調查資料(OUT)'!R$1*'調查資料(OUT)'!R20,0)+IFERROR('調查資料(OUT)'!S$1*'調查資料(OUT)'!S20,0) -> 0 | H14: =IFERROR('調查資料(OUT)'!M$1*'調查資料(OUT)'!M20,0)+IFERROR('調查資料(OUT)'!P$1*'調查資料(OUT)'!P20,0)+IFERROR('調查資料(OUT)'!T$1*'調查資料(OUT)'!T20,0) -> 0 | I14: =IFERROR('調查資料(OUT)'!N$1*'調查資料(OUT)'!N20,0)+IFERROR('調查資料(OUT)'!Q$1*'調查資料(OUT)'!Q20,0)+IFERROR('調查資料(OUT)'!U$1*'調查資料(OUT)'!U20,0) -> 0 | J14: =SUM(K14:M14) -> 0 | K14: =IFERROR('調查資料(OUT)'!V$1*'調查資料(OUT)'!V20,0)+IFERROR('調查資料(OUT)'!Y$1*'調查資料(OUT)'!Y20,0)+IFERROR('調查資料(OUT)'!AB$1*'調查資料(OUT)'!AB20,0)+IFERROR('調查資料(OUT)'!AC$1*'調查資料(OUT)'!AC20,0) -> 0 | L14: =IFERROR('調查資料(OUT)'!W$1*'調查資料(OUT)'!W20,0)+IFERROR('調查資料(OUT)'!Z$1*'調查資料(OUT)'!Z20,0)+IFERROR('調查資料(OUT)'!AD$1*'調查資料(OUT)'!AD20,0) -> 0 | M14: =IFERROR('調查資料(OUT)'!X$1*'調查資料(OUT)'!X20,0)+IFERROR('調查資料(OUT)'!AA$1*'調查資料(OUT)'!AA20,0)+IFERROR('調查資料(OUT)'!AE$1*'調查資料(OUT)'!AE20,0) -> 0 | N14: =SUM(O14:Q14) -> 0 | O14: =IFERROR('調查資料(OUT)'!AF$1*'調查資料(OUT)'!AF20,0)+IFERROR('調查資料(OUT)'!AI$1*'調查資料(OUT)'!AI20,0)+IFERROR('調查資料(OUT)'!AL$1*'調查資料(OUT)'!AL20,0)+IFERROR('調查資料(OUT)'!AM$1*'調查資料(OUT)'!AM20,0) -> 0 | P14: =IFERROR('調查資料(OUT)'!AG$1*'調查資料(OUT)'!AG20,0)+IFERROR('調查資料(OUT)'!AJ$1*'調查資料(OUT)'!AJ20,0)+IFERROR('調查資料(OUT)'!AN$1*'調查資料(OUT)'!AN20,0) -> 0 | Q14: =IFERROR('調查資料(OUT)'!AH$1*'調查資料(OUT)'!AH20,0)+IFERROR('調查資料(OUT)'!AK$1*'調查資料(OUT)'!AK20,0)+IFERROR('調查資料(OUT)'!AO$1*'調查資料(OUT)'!AO20,0) -> 0 | R14: =B14+F14+J14+N14 -> 0 | T14: ='調查資料(OUT)'!A20 -> 215 | U14: =T14+100 -> 315 | V14: =SUM(R14:R17) -> 0 | X14: =IF($V14=$W$29,MAX(R14:R17),0) -> 0 | Y14: =IF($V14=W$5,SUM(B14:B17)/(4*(MAX(B14:B17))),0) -> #DIV/0! | Z14: =IF($V14=W$5,SUM(F14:F17)/(4*(MAX(F14:F17))),0) -> #DIV/0! | AA14: =IF($V14=W$5,SUM(J14:J17)/(4*(MAX(J14:J17))),0) -> #DIV/0! | AB14: =IF($V14=W$5,SUM(N14:N17)/(4*(MAX(N14:N17))),0) -> #DIV/0! | AD14: =IF(V14=W$5,$T14,"N") -> 215 | AE14: =IF(V14=W$5,$U14,"N") -> 315 | AF14: =IF($AD14="N","N",SUM(C14:C17)) -> 0 | AG14: =IF($AD14="N","N",SUM('調查資料(OUT)'!B20:B23)) -> 0 | AH14: =IF($AD14="N","N",SUM('調查資料(OUT)'!E20:E23)) -> 0 | AI14: =IF($AD14="N","N",SUM('調查資料(OUT)'!I20:I23)) -> 0 | AJ14: =IF($AD14="N","N",SUM('調查資料(OUT)'!H20:H23)) -> 0 | AK14: =IF($AD14="N","N",(AF14/$BB14)*100) -> #DIV/0! | AL14: =IF($AD14="N","N",SUM(D14:D17)) -> 0 | AM14: =IF($AD14="N","N",SUM('調查資料(OUT)'!C20:C23)) -> 0 | AN14: =IF($AD14="N","N",SUM('調查資料(OUT)'!F20:F23)) -> 0 | AO14: =IF($AD14="N","N",SUM('調查資料(OUT)'!J20:J23)) -> 0 | AP14: =IF($AD14="N","N",(AL14/$BB14)*100) -> #DIV/0! | AQ14: =IF($AD14="N","N",SUM(E14:E17)) -> 0 | AR14: =IF($AD14="N","N",SUM('調查資料(OUT)'!D20:D23)) -> 0 | AS14: =IF($AD14="N","N",SUM('調查資料(OUT)'!G20:G23)) -> 0 | AT14: =IF($AD14="N","N",SUM('調查資料(OUT)'!K20:K23)) -> 0 | AU14: =IF($AD14="N","N",(AQ14/$BB14)*100) -> #DIV/0! | AV14: =IF($AD14="N","N",AG14+AM14+AR14) -> 0 | AW14: =IF($AD14="N","N",(AV14/($AV14+$AX14+$AZ14))*100) -> #DIV/0! | AX14: =IF($AD14="N","N",AH14+AN14+AS14) -> 0 | AY14: =IF($AD14="N","N",(AX14/($AV14+$AX14+$AZ14))*100) -> #DIV/0! | AZ14: =IF($AD14="N","N",AI14+AJ14+AO14+AT14) -> 0 | BA14: =IF($AD14="N","N",(AZ14/($AV14+$AX14+$AZ14))*100) -> #DIV/0! | BB14: =IF($AD14="N","N",AF14+AL14+AQ14) -> 0 | BC14: =IF($AD14="N","N",SUM(G14:G17)) -> 0 | BD14: =IF($AD14="N","N",SUM('調查資料(OUT)'!L20:L23)) -> 0 | BE14: =IF($AD14="N","N",SUM('調查資料(OUT)'!O20:O23)) -> 0 | BF14: =IF($AD14="N","N",SUM('調查資料(OUT)'!S20:S23)) -> 0 | BG14: =IF($AD14="N","N",SUM('調查資料(OUT)'!R20:R23)) -> 0 | BH14: =IF($AD14="N","N",(BC14/BY14)*100) -> #DIV/0! | BI14: =IF($AD14="N","N",SUM(H14:H17)) -> 0 | BJ14: =IF($AD14="N","N",SUM('調查資料(OUT)'!M20:M23)) -> 0 | BK14: =IF($AD14="N","N",SUM('調查資料(OUT)'!P20:P23)) -> 0 | BL14: =IF($AD14="N","N",SUM('調查資料(OUT)'!T20:T23)) -> 0 | BM14: =IF($AD14="N","N",(BI14/BY14)*100) -> #DIV/0! | BN14: =IF($AD14="N","N",SUM(I14:I17)) -> 0 | BO14: =IF($AD14="N","N",SUM('調查資料(OUT)'!N20:N23)) -> 0 | BP14: =IF($AD14="N","N",SUM('調查資料(OUT)'!Q20:Q23)) -> 0 | BQ14: =IF($AD14="N","N",SUM('調查資料(OUT)'!U20:U23)) -> 0 | BR14: =IF($AD14="N","N",(BN14/BY14)*100) -> #DIV/0! | BS14: =IF($AD14="N","N",BD14+BJ14+BO14) -> 0 | BT14: =IF($AD14="N","N",(BS14/($BS14+$BU14+$BW14))*100) -> #DIV/0! | BU14: =IF($AD14="N","N",BE14+BK14+BP14) -> 0 | BV14: =IF($AD14="N","N",(BU14/($BS14+$BU14+$BW14))*100) -> #DIV/0! | BW14: =IF($AD14="N","N",BF14+BG14+BL14+BQ14) -> 0 | BX14: =IF($AD14="N","N",(BW14/($BS14+$BU14+$BW14))*100) -> #DIV/0! | BY14: =IF($AD14="N","N",BC14+BI14+BN14) -> 0 | BZ14: =IF($AD14="N","N",SUM(K14:K17)) -> 0 | CA14: =IF($AD14="N","N",SUM('調查資料(OUT)'!V20:V23)) -> 0 | CB14: =IF($AD14="N","N",SUM('調查資料(OUT)'!Y20:Y23)) -> 0 | CC14: =IF($AD14="N","N",SUM('調查資料(OUT)'!AC20:AC23)) -> 0 | CD14: =IF($AD14="N","N",SUM('調查資料(OUT)'!AB20:AB23)) -> 0 | CE14: =IF($AD14="N","N",(BZ14/CV14)*100) -> #DIV/0! | CF14: =IF($AD14="N","N",SUM(L14:L17)) -> 0 | CG14: =IF($AD14="N","N",SUM('調查資料(OUT)'!W20:W23)) -> 0 | CH14: =IF($AD14="N","N",SUM('調查資料(OUT)'!Z20:Z23)) -> 0 | CI14: =IF($AD14="N","N",SUM('調查資料(OUT)'!AD20:AD23)) -> 0 | CJ14: =IF($AD14="N","N",(CF14/CV14)*100) -> #DIV/0! | CK14: =IF($AD14="N","N",SUM(M14:M17)) -> 0 | CL14: =IF($AD14="N","N",SUM('調查資料(OUT)'!X20:X23)) -> 0 | CM14: =IF($AD14="N","N",SUM('調查資料(OUT)'!AA20:AA23)) -> 0 | CN14: =IF($AD14="N","N",SUM('調查資料(OUT)'!AE20:AE23)) -> 0 | CO14: =IF($AD14="N","N",(CK14/CV14)*100) -> #DIV/0! | CP14: =IF($AD14="N","N",CA14+CG14+CL14) -> 0 | CQ14: =IF($AD14="N","N",(CP14/($CP14+$CR14+$CT14))*100) -> #DIV/0! | CR14: =IF($AD14="N","N",CB14+CH14+CM14) -> 0 | CS14: =IF($AD14="N","N",(CR14/($CP14+$CR14+$CT14))*100) -> #DIV/0! | CT14: =IF($AD14="N","N",CC14+CD14+CI14+CN14) -> 0 | CU14: =IF($AD14="N","N",(CT14/($CP14+$CR14+$CT14))*100) -> #DIV/0! | CV14: =IF($AD14="N","N",BZ14+CF14+CK14) -> 0 | CW14: =IF($AD14="N","N",SUM(O14:O17)) -> 0 | CX14: =IF($AD14="N","N",SUM('調查資料(OUT)'!AF20:AF23)) -> 0 | CY14: =IF($AD14="N","N",SUM('調查資料(OUT)'!AI20:AI23)) -> 0 | CZ14: =IF($AD14="N","N",SUM('調查資料(OUT)'!AM20:AM23)) -> 0 | DA14: =IF($AD14="N","N",SUM('調查資料(OUT)'!AL20:AL23)) -> 0 | DB14: =IF($AD14="N","N",(CW14/DS14)*100) -> #DIV/0! | DC14: =IF($AD14="N","N",SUM(P14:P17)) -> 0 | DD14: =IF($AD14="N","N",SUM('調查資料(OUT)'!AG20:AG23)) -> 0 | DE14: =IF($AD14="N","N",SUM('調查資料(OUT)'!AJ20:AJ23)) -> 0 | DF14: =IF($AD14="N","N",SUM('調查資料(OUT)'!AN20:AN23)) -> 0 | DG14: =IF($AD14="N","N",(DC14/DS14)*100) -> #DIV/0! | DH14: =IF($AD14="N","N",SUM(Q14:Q17)) -> 0 | DI14: =IF($AD14="N","N",SUM('調查資料(OUT)'!AH20:AH23)) -> 0 | DJ14: =IF($AD14="N","N",SUM('調查資料(OUT)'!AK20:AK23)) -> 0 | DK14: =IF($AD14="N","N",SUM('調查資料(OUT)'!AO20:AO23)) -> 0 | DL14: =IF($AD14="N","N",(DH14/DS14)*100) -> #DIV/0! | DM14: =IF($AD14="N","N",CX14+DD14+DI14) -> 0 | DN14: =IF($AD14="N","N",(DM14/($DM14+$DO14+$DQ14))*100) -> #DIV/0! | DO14: =IF($AD14="N","N",CY14+DE14+DJ14) -> 0 | DP14: =IF($AD14="N","N",(DO14/($DM14+$DO14+$DQ14))*100) -> #DIV/0! | DQ14: =IF($AD14="N","N",CZ14+DA14+DF14+DK14) -> 0 | DR14: =IF($AD14="N","N",(DQ14/($DM14+$DO14+$DQ14))*100) -> #DIV/0! | DS14: =IF($AD14="N","N",CW14+DC14+DH14) -> 0
A15: ='調查資料(OUT)'!A21 -> 230 | B15: =SUM(C15:E15) -> 0 | C15: =IFERROR('調查資料(OUT)'!B$1*'調查資料(OUT)'!B21,0)+IFERROR('調查資料(OUT)'!E$1*'調查資料(OUT)'!E21,0)+IFERROR('調查資料(OUT)'!H$1*'調查資料(OUT)'!H21,0)+IFERROR('調查資料(OUT)'!I$1*'調查資料(OUT)'!I21,0) -> 0 | D15: =IFERROR('調查資料(OUT)'!C$1*'調查資料(OUT)'!C21,0)+IFERROR('調查資料(OUT)'!F$1*'調查資料(OUT)'!F21,0)+IFERROR('調查資料(OUT)'!J$1*'調查資料(OUT)'!J21,0) -> 0 | E15: =IFERROR('調查資料(OUT)'!D$1*'調查資料(OUT)'!D21,0)+IFERROR('調查資料(OUT)'!G$1*'調查資料(OUT)'!G21,0)+IFERROR('調查資料(OUT)'!K$1*'調查資料(OUT)'!K21,0) -> 0 | F15: =SUM(G15:I15) -> 0 | G15: =IFERROR('調查資料(OUT)'!L$1*'調查資料(OUT)'!L21,0)+IFERROR('調查資料(OUT)'!O$1*'調查資料(OUT)'!O21,0)+IFERROR('調查資料(OUT)'!R$1*'調查資料(OUT)'!R21,0)+IFERROR('調查資料(OUT)'!S$1*'調查資料(OUT)'!S21,0) -> 0 | H15: =IFERROR('調查資料(OUT)'!M$1*'調查資料(OUT)'!M21,0)+IFERROR('調查資料(OUT)'!P$1*'調查資料(OUT)'!P21,0)+IFERROR('調查資料(OUT)'!T$1*'調查資料(OUT)'!T21,0) -> 0 | I15: =IFERROR('調查資料(OUT)'!N$1*'調查資料(OUT)'!N21,0)+IFERROR('調查資料(OUT)'!Q$1*'調查資料(OUT)'!Q21,0)+IFERROR('調查資料(OUT)'!U$1*'調查資料(OUT)'!U21,0) -> 0 | J15: =SUM(K15:M15) -> 0 | K15: =IFERROR('調查資料(OUT)'!V$1*'調查資料(OUT)'!V21,0)+IFERROR('調查資料(OUT)'!Y$1*'調查資料(OUT)'!Y21,0)+IFERROR('調查資料(OUT)'!AB$1*'調查資料(OUT)'!AB21,0)+IFERROR('調查資料(OUT)'!AC$1*'調查資料(OUT)'!AC21,0) -> 0 | L15: =IFERROR('調查資料(OUT)'!W$1*'調查資料(OUT)'!W21,0)+IFERROR('調查資料(OUT)'!Z$1*'調查資料(OUT)'!Z21,0)+IFERROR('調查資料(OUT)'!AD$1*'調查資料(OUT)'!AD21,0) -> 0 | M15: =IFERROR('調查資料(OUT)'!X$1*'調查資料(OUT)'!X21,0)+IFERROR('調查資料(OUT)'!AA$1*'調查資料(OUT)'!AA21,0)+IFERROR('調查資料(OUT)'!AE$1*'調查資料(OUT)'!AE21,0) -> 0 | N15: =SUM(O15:Q15) -> 0 | O15: =IFERROR('調查資料(OUT)'!AF$1*'調查資料(OUT)'!AF21,0)+IFERROR('調查資料(OUT)'!AI$1*'調查資料(OUT)'!AI21,0)+IFERROR('調查資料(OUT)'!AL$1*'調查資料(OUT)'!AL21,0)+IFERROR('調查資料(OUT)'!AM$1*'調查資料(OUT)'!AM21,0) -> 0 | P15: =IFERROR('調查資料(OUT)'!AG$1*'調查資料(OUT)'!AG21,0)+IFERROR('調查資料(OUT)'!AJ$1*'調查資料(OUT)'!AJ21,0)+IFERROR('調查資料(OUT)'!AN$1*'調查資料(OUT)'!AN21,0) -> 0 | Q15: =IFERROR('調查資料(OUT)'!AH$1*'調查資料(OUT)'!AH21,0)+IFERROR('調查資料(OUT)'!AK$1*'調查資料(OUT)'!AK21,0)+IFERROR('調查資料(OUT)'!AO$1*'調查資料(OUT)'!AO21,0) -> 0 | R15: =B15+F15+J15+N15 -> 0 | T15: ='調查資料(OUT)'!A21 -> 230 | U15: =T15+100 -> 330 | V15: =SUM(R15:R18) -> 0 | X15: =IF($V15=$W$29,MAX(R15:R18),0) -> 0 | Y15: =IF($V15=W$5,SUM(B15:B18)/(4*(MAX(B15:B18))),0) -> #DIV/0! | Z15: =IF($V15=W$5,SUM(F15:F18)/(4*(MAX(F15:F18))),0) -> #DIV/0! | AA15: =IF($V15=W$5,SUM(J15:J18)/(4*(MAX(J15:J18))),0) -> #DIV/0! | AB15: =IF($V15=W$5,SUM(N15:N18)/(4*(MAX(N15:N18))),0) -> #DIV/0! | AD15: =IF(V15=W$5,$T15,"N") -> 230 | AE15: =IF(V15=W$5,$U15,"N") -> 330 | AF15: =IF($AD15="N","N",SUM(C15:C18)) -> 0 | AG15: =IF($AD15="N","N",SUM('調查資料(OUT)'!B21:B24)) -> 0 | AH15: =IF($AD15="N","N",SUM('調查資料(OUT)'!E21:E24)) -> 0 | AI15: =IF($AD15="N","N",SUM('調查資料(OUT)'!I21:I24)) -> 0 | AJ15: =IF($AD15="N","N",SUM('調查資料(OUT)'!H21:H24)) -> 0 | AK15: =IF($AD15="N","N",(AF15/$BB15)*100) -> #DIV/0! | AL15: =IF($AD15="N","N",SUM(D15:D18)) -> 0 | AM15: =IF($AD15="N","N",SUM('調查資料(OUT)'!C21:C24)) -> 0 | AN15: =IF($AD15="N","N",SUM('調查資料(OUT)'!F21:F24)) -> 0 | AO15: =IF($AD15="N","N",SUM('調查資料(OUT)'!J21:J24)) -> 0 | AP15: =IF($AD15="N","N",(AL15/$BB15)*100) -> #DIV/0! | AQ15: =IF($AD15="N","N",SUM(E15:E18)) -> 0 | AR15: =IF($AD15="N","N",SUM('調查資料(OUT)'!D21:D24)) -> 0 | AS15: =IF($AD15="N","N",SUM('調查資料(OUT)'!G21:G24)) -> 0 | AT15: =IF($AD15="N","N",SUM('調查資料(OUT)'!K21:K24)) -> 0 | AU15: =IF($AD15="N","N",(AQ15/$BB15)*100) -> #DIV/0! | AV15: =IF($AD15="N","N",AG15+AM15+AR15) -> 0 | AW15: =IF($AD15="N","N",(AV15/($AV15+$AX15+$AZ15))*100) -> #DIV/0! | AX15: =IF($AD15="N","N",AH15+AN15+AS15) -> 0 | AY15: =IF($AD15="N","N",(AX15/($AV15+$AX15+$AZ15))*100) -> #DIV/0! | AZ15: =IF($AD15="N","N",AI15+AJ15+AO15+AT15) -> 0 | BA15: =IF($AD15="N","N",(AZ15/($AV15+$AX15+$AZ15))*100) -> #DIV/0! | BB15: =IF($AD15="N","N",AF15+AL15+AQ15) -> 0 | BC15: =IF($AD15="N","N",SUM(G15:G18)) -> 0 | BD15: =IF($AD15="N","N",SUM('調查資料(OUT)'!L21:L24)) -> 0 | BE15: =IF($AD15="N","N",SUM('調查資料(OUT)'!O21:O24)) -> 0 | BF15: =IF($AD15="N","N",SUM('調查資料(OUT)'!S21:S24)) -> 0 | BG15: =IF($AD15="N","N",SUM('調查資料(OUT)'!R21:R24)) -> 0 | BH15: =IF($AD15="N","N",(BC15/BY15)*100) -> #DIV/0! | BI15: =IF($AD15="N","N",SUM(H15:H18)) -> 0 | BJ15: =IF($AD15="N","N",SUM('調查資料(OUT)'!M21:M24)) -> 0 | BK15: =IF($AD15="N","N",SUM('調查資料(OUT)'!P21:P24)) -> 0 | BL15: =IF($AD15="N","N",SUM('調查資料(OUT)'!T21:T24)) -> 0 | BM15: =IF($AD15="N","N",(BI15/BY15)*100) -> #DIV/0! | BN15: =IF($AD15="N","N",SUM(I15:I18)) -> 0 | BO15: =IF($AD15="N","N",SUM('調查資料(OUT)'!N21:N24)) -> 0 | BP15: =IF($AD15="N","N",SUM('調查資料(OUT)'!Q21:Q24)) -> 0 | BQ15: =IF($AD15="N","N",SUM('調查資料(OUT)'!U21:U24)) -> 0 | BR15: =IF($AD15="N","N",(BN15/BY15)*100) -> #DIV/0! | BS15: =IF($AD15="N","N",BD15+BJ15+BO15) -> 0 | BT15: =IF($AD15="N","N",(BS15/($BS15+$BU15+$BW15))*100) -> #DIV/0! | BU15: =IF($AD15="N","N",BE15+BK15+BP15) -> 0 | BV15: =IF($AD15="N","N",(BU15/($BS15+$BU15+$BW15))*100) -> #DIV/0! | BW15: =IF($AD15="N","N",BF15+BG15+BL15+BQ15) -> 0 | BX15: =IF($AD15="N","N",(BW15/($BS15+$BU15+$BW15))*100) -> #DIV/0! | BY15: =IF($AD15="N","N",BC15+BI15+BN15) -> 0 | BZ15: =IF($AD15="N","N",SUM(K15:K18)) -> 0 | CA15: =IF($AD15="N","N",SUM('調查資料(OUT)'!V21:V24)) -> 0 | CB15: =IF($AD15="N","N",SUM('調查資料(OUT)'!Y21:Y24)) -> 0 | CC15: =IF($AD15="N","N",SUM('調查資料(OUT)'!AC21:AC24)) -> 0 | CD15: =IF($AD15="N","N",SUM('調查資料(OUT)'!AB21:AB24)) -> 0 | CE15: =IF($AD15="N","N",(BZ15/CV15)*100) -> #DIV/0! | CF15: =IF($AD15="N","N",SUM(L15:L18)) -> 0 | CG15: =IF($AD15="N","N",SUM('調查資料(OUT)'!W21:W24)) -> 0 | CH15: =IF($AD15="N","N",SUM('調查資料(OUT)'!Z21:Z24)) -> 0 | CI15: =IF($AD15="N","N",SUM('調查資料(OUT)'!AD21:AD24)) -> 0 | CJ15: =IF($AD15="N","N",(CF15/CV15)*100) -> #DIV/0! | CK15: =IF($AD15="N","N",SUM(M15:M18)) -> 0 | CL15: =IF($AD15="N","N",SUM('調查資料(OUT)'!X21:X24)) -> 0 | CM15: =IF($AD15="N","N",SUM('調查資料(OUT)'!AA21:AA24)) -> 0 | CN15: =IF($AD15="N","N",SUM('調查資料(OUT)'!AE21:AE24)) -> 0 | CO15: =IF($AD15="N","N",(CK15/CV15)*100) -> #DIV/0! | CP15: =IF($AD15="N","N",CA15+CG15+CL15) -> 0 | CQ15: =IF($AD15="N","N",(CP15/($CP15+$CR15+$CT15))*100) -> #DIV/0! | CR15: =IF($AD15="N","N",CB15+CH15+CM15) -> 0 | CS15: =IF($AD15="N","N",(CR15/($CP15+$CR15+$CT15))*100) -> #DIV/0! | CT15: =IF($AD15="N","N",CC15+CD15+CI15+CN15) -> 0 | CU15: =IF($AD15="N","N",(CT15/($CP15+$CR15+$CT15))*100) -> #DIV/0! | CV15: =IF($AD15="N","N",BZ15+CF15+CK15) -> 0 | CW15: =IF($AD15="N","N",SUM(O15:O18)) -> 0 | CX15: =IF($AD15="N","N",SUM('調查資料(OUT)'!AF21:AF24)) -> 0 | CY15: =IF($AD15="N","N",SUM('調查資料(OUT)'!AI21:AI24)) -> 0 | CZ15: =IF($AD15="N","N",SUM('調查資料(OUT)'!AM21:AM24)) -> 0 | DA15: =IF($AD15="N","N",SUM('調查資料(OUT)'!AL21:AL24)) -> 0 | DB15: =IF($AD15="N","N",(CW15/DS15)*100) -> #DIV/0! | DC15: =IF($AD15="N","N",SUM(P15:P18)) -> 0 | DD15: =IF($AD15="N","N",SUM('調查資料(OUT)'!AG21:AG24)) -> 0 | DE15: =IF($AD15="N","N",SUM('調查資料(OUT)'!AJ21:AJ24)) -> 0 | DF15: =IF($AD15="N","N",SUM('調查資料(OUT)'!AN21:AN24)) -> 0 | DG15: =IF($AD15="N","N",(DC15/DS15)*100) -> #DIV/0! | DH15: =IF($AD15="N","N",SUM(Q15:Q18)) -> 0 | DI15: =IF($AD15="N","N",SUM('調查資料(OUT)'!AH21:AH24)) -> 0 | DJ15: =IF($AD15="N","N",SUM('調查資料(OUT)'!AK21:AK24)) -> 0 | DK15: =IF($AD15="N","N",SUM('調查資料(OUT)'!AO21:AO24)) -> 0 | DL15: =IF($AD15="N","N",(DH15/DS15)*100) -> #DIV/0! | DM15: =IF($AD15="N","N",CX15+DD15+DI15) -> 0 | DN15: =IF($AD15="N","N",(DM15/($DM15+$DO15+$DQ15))*100) -> #DIV/0! | DO15: =IF($AD15="N","N",CY15+DE15+DJ15) -> 0 | DP15: =IF($AD15="N","N",(DO15/($DM15+$DO15+$DQ15))*100) -> #DIV/0! | DQ15: =IF($AD15="N","N",CZ15+DA15+DF15+DK15) -> 0 | DR15: =IF($AD15="N","N",(DQ15/($DM15+$DO15+$DQ15))*100) -> #DIV/0! | DS15: =IF($AD15="N","N",CW15+DC15+DH15) -> 0
A16: ='調查資料(OUT)'!A22 -> 245 | B16: =SUM(C16:E16) -> 0 | C16: =IFERROR('調查資料(OUT)'!B$1*'調查資料(OUT)'!B22,0)+IFERROR('調查資料(OUT)'!E$1*'調查資料(OUT)'!E22,0)+IFERROR('調查資料(OUT)'!H$1*'調查資料(OUT)'!H22,0)+IFERROR('調查資料(OUT)'!I$1*'調查資料(OUT)'!I22,0) -> 0 | D16: =IFERROR('調查資料(OUT)'!C$1*'調查資料(OUT)'!C22,0)+IFERROR('調查資料(OUT)'!F$1*'調查資料(OUT)'!F22,0)+IFERROR('調查資料(OUT)'!J$1*'調查資料(OUT)'!J22,0) -> 0 | E16: =IFERROR('調查資料(OUT)'!D$1*'調查資料(OUT)'!D22,0)+IFERROR('調查資料(OUT)'!G$1*'調查資料(OUT)'!G22,0)+IFERROR('調查資料(OUT)'!K$1*'調查資料(OUT)'!K22,0) -> 0 | F16: =SUM(G16:I16) -> 0 | G16: =IFERROR('調查資料(OUT)'!L$1*'調查資料(OUT)'!L22,0)+IFERROR('調查資料(OUT)'!O$1*'調查資料(OUT)'!O22,0)+IFERROR('調查資料(OUT)'!R$1*'調查資料(OUT)'!R22,0)+IFERROR('調查資料(OUT)'!S$1*'調查資料(OUT)'!S22,0) -> 0 | H16: =IFERROR('調查資料(OUT)'!M$1*'調查資料(OUT)'!M22,0)+IFERROR('調查資料(OUT)'!P$1*'調查資料(OUT)'!P22,0)+IFERROR('調查資料(OUT)'!T$1*'調查資料(OUT)'!T22,0) -> 0 | I16: =IFERROR('調查資料(OUT)'!N$1*'調查資料(OUT)'!N22,0)+IFERROR('調查資料(OUT)'!Q$1*'調查資料(OUT)'!Q22,0)+IFERROR('調查資料(OUT)'!U$1*'調查資料(OUT)'!U22,0) -> 0 | J16: =SUM(K16:M16) -> 0 | K16: =IFERROR('調查資料(OUT)'!V$1*'調查資料(OUT)'!V22,0)+IFERROR('調查資料(OUT)'!Y$1*'調查資料(OUT)'!Y22,0)+IFERROR('調查資料(OUT)'!AB$1*'調查資料(OUT)'!AB22,0)+IFERROR('調查資料(OUT)'!AC$1*'調查資料(OUT)'!AC22,0) -> 0 | L16: =IFERROR('調查資料(OUT)'!W$1*'調查資料(OUT)'!W22,0)+IFERROR('調查資料(OUT)'!Z$1*'調查資料(OUT)'!Z22,0)+IFERROR('調查資料(OUT)'!AD$1*'調查資料(OUT)'!AD22,0) -> 0 | M16: =IFERROR('調查資料(OUT)'!X$1*'調查資料(OUT)'!X22,0)+IFERROR('調查資料(OUT)'!AA$1*'調查資料(OUT)'!AA22,0)+IFERROR('調查資料(OUT)'!AE$1*'調查資料(OUT)'!AE22,0) -> 0 | N16: =SUM(O16:Q16) -> 0 | O16: =IFERROR('調查資料(OUT)'!AF$1*'調查資料(OUT)'!AF22,0)+IFERROR('調查資料(OUT)'!AI$1*'調查資料(OUT)'!AI22,0)+IFERROR('調查資料(OUT)'!AL$1*'調查資料(OUT)'!AL22,0)+IFERROR('調查資料(OUT)'!AM$1*'調查資料(OUT)'!AM22,0) -> 0 | P16: =IFERROR('調查資料(OUT)'!AG$1*'調查資料(OUT)'!AG22,0)+IFERROR('調查資料(OUT)'!AJ$1*'調查資料(OUT)'!AJ22,0)+IFERROR('調查資料(OUT)'!AN$1*'調查資料(OUT)'!AN22,0) -> 0 | Q16: =IFERROR('調查資料(OUT)'!AH$1*'調查資料(OUT)'!AH22,0)+IFERROR('調查資料(OUT)'!AK$1*'調查資料(OUT)'!AK22,0)+IFERROR('調查資料(OUT)'!AO$1*'調查資料(OUT)'!AO22,0) -> 0 | R16: =B16+F16+J16+N16 -> 0 | T16: ='調查資料(OUT)'!A22 -> 245 | U16: =T16+100 -> 345 | V16: =SUM(R16:R19) -> 0 | X16: =IF($V16=$W$29,MAX(R16:R19),0) -> 0 | Y16: =IF($V16=W$5,SUM(B16:B19)/(4*(MAX(B16:B19))),0) -> #DIV/0! | Z16: =IF($V16=W$5,SUM(F16:F19)/(4*(MAX(F16:F19))),0) -> #DIV/0! | AA16: =IF($V16=W$5,SUM(J16:J19)/(4*(MAX(J16:J19))),0) -> #DIV/0! | AB16: =IF($V16=W$5,SUM(N16:N19)/(4*(MAX(N16:N19))),0) -> #DIV/0! | AD16: =IF(V16=W$5,$T16,"N") -> 245 | AE16: =IF(V16=W$5,$U16,"N") -> 345 | AF16: =IF($AD16="N","N",SUM(C16:C19)) -> 0 | AG16: =IF($AD16="N","N",SUM('調查資料(OUT)'!B22:B25)) -> 0 | AH16: =IF($AD16="N","N",SUM('調查資料(OUT)'!E22:E25)) -> 0 | AI16: =IF($AD16="N","N",SUM('調查資料(OUT)'!I22:I25)) -> 0 | AJ16: =IF($AD16="N","N",SUM('調查資料(OUT)'!H22:H25)) -> 0 | AK16: =IF($AD16="N","N",(AF16/$BB16)*100) -> #DIV/0! | AL16: =IF($AD16="N","N",SUM(D16:D19)) -> 0 | AM16: =IF($AD16="N","N",SUM('調查資料(OUT)'!C22:C25)) -> 0 | AN16: =IF($AD16="N","N",SUM('調查資料(OUT)'!F22:F25)) -> 0 | AO16: =IF($AD16="N","N",SUM('調查資料(OUT)'!J22:J25)) -> 0 | AP16: =IF($AD16="N","N",(AL16/$BB16)*100) -> #DIV/0! | AQ16: =IF($AD16="N","N",SUM(E16:E19)) -> 0 | AR16: =IF($AD16="N","N",SUM('調查資料(OUT)'!D22:D25)) -> 0 | AS16: =IF($AD16="N","N",SUM('調查資料(OUT)'!G22:G25)) -> 0 | AT16: =IF($AD16="N","N",SUM('調查資料(OUT)'!K22:K25)) -> 0 | AU16: =IF($AD16="N","N",(AQ16/$BB16)*100) -> #DIV/0! | AV16: =IF($AD16="N","N",AG16+AM16+AR16) -> 0 | AW16: =IF($AD16="N","N",(AV16/($AV16+$AX16+$AZ16))*100) -> #DIV/0! | AX16: =IF($AD16="N","N",AH16+AN16+AS16) -> 0 | AY16: =IF($AD16="N","N",(AX16/($AV16+$AX16+$AZ16))*100) -> #DIV/0! | AZ16: =IF($AD16="N","N",AI16+AJ16+AO16+AT16) -> 0 | BA16: =IF($AD16="N","N",(AZ16/($AV16+$AX16+$AZ16))*100) -> #DIV/0! | BB16: =IF($AD16="N","N",AF16+AL16+AQ16) -> 0 | BC16: =IF($AD16="N","N",SUM(G16:G19)) -> 0 | BD16: =IF($AD16="N","N",SUM('調查資料(OUT)'!L22:L25)) -> 0 | BE16: =IF($AD16="N","N",SUM('調查資料(OUT)'!O22:O25)) -> 0 | BF16: =IF($AD16="N","N",SUM('調查資料(OUT)'!S22:S25)) -> 0 | BG16: =IF($AD16="N","N",SUM('調查資料(OUT)'!R22:R25)) -> 0 | BH16: =IF($AD16="N","N",(BC16/BY16)*100) -> #DIV/0! | BI16: =IF($AD16="N","N",SUM(H16:H19)) -> 0 | BJ16: =IF($AD16="N","N",SUM('調查資料(OUT)'!M22:M25)) -> 0 | BK16: =IF($AD16="N","N",SUM('調查資料(OUT)'!P22:P25)) -> 0 | BL16: =IF($AD16="N","N",SUM('調查資料(OUT)'!T22:T25)) -> 0 | BM16: =IF($AD16="N","N",(BI16/BY16)*100) -> #DIV/0! | BN16: =IF($AD16="N","N",SUM(I16:I19)) -> 0 | BO16: =IF($AD16="N","N",SUM('調查資料(OUT)'!N22:N25)) -> 0 | BP16: =IF($AD16="N","N",SUM('調查資料(OUT)'!Q22:Q25)) -> 0 | BQ16: =IF($AD16="N","N",SUM('調查資料(OUT)'!U22:U25)) -> 0 | BR16: =IF($AD16="N","N",(BN16/BY16)*100) -> #DIV/0! | BS16: =IF($AD16="N","N",BD16+BJ16+BO16) -> 0 | BT16: =IF($AD16="N","N",(BS16/($BS16+$BU16+$BW16))*100) -> #DIV/0! | BU16: =IF($AD16="N","N",BE16+BK16+BP16) -> 0 | BV16: =IF($AD16="N","N",(BU16/($BS16+$BU16+$BW16))*100) -> #DIV/0! | BW16: =IF($AD16="N","N",BF16+BG16+BL16+BQ16) -> 0 | BX16: =IF($AD16="N","N",(BW16/($BS16+$BU16+$BW16))*100) -> #DIV/0! | BY16: =IF($AD16="N","N",BC16+BI16+BN16) -> 0 | BZ16: =IF($AD16="N","N",SUM(K16:K19)) -> 0 | CA16: =IF($AD16="N","N",SUM('調查資料(OUT)'!V22:V25)) -> 0 | CB16: =IF($AD16="N","N",SUM('調查資料(OUT)'!Y22:Y25)) -> 0 | CC16: =IF($AD16="N","N",SUM('調查資料(OUT)'!AC22:AC25)) -> 0 | CD16: =IF($AD16="N","N",SUM('調查資料(OUT)'!AB22:AB25)) -> 0 | CE16: =IF($AD16="N","N",(BZ16/CV16)*100) -> #DIV/0! | CF16: =IF($AD16="N","N",SUM(L16:L19)) -> 0 | CG16: =IF($AD16="N","N",SUM('調查資料(OUT)'!W22:W25)) -> 0 | CH16: =IF($AD16="N","N",SUM('調查資料(OUT)'!Z22:Z25)) -> 0 | CI16: =IF($AD16="N","N",SUM('調查資料(OUT)'!AD22:AD25)) -> 0 | CJ16: =IF($AD16="N","N",(CF16/CV16)*100) -> #DIV/0! | CK16: =IF($AD16="N","N",SUM(M16:M19)) -> 0 | CL16: =IF($AD16="N","N",SUM('調查資料(OUT)'!X22:X25)) -> 0 | CM16: =IF($AD16="N","N",SUM('調查資料(OUT)'!AA22:AA25)) -> 0 | CN16: =IF($AD16="N","N",SUM('調查資料(OUT)'!AE22:AE25)) -> 0 | CO16: =IF($AD16="N","N",(CK16/CV16)*100) -> #DIV/0! | CP16: =IF($AD16="N","N",CA16+CG16+CL16) -> 0 | CQ16: =IF($AD16="N","N",(CP16/($CP16+$CR16+$CT16))*100) -> #DIV/0! | CR16: =IF($AD16="N","N",CB16+CH16+CM16) -> 0 | CS16: =IF($AD16="N","N",(CR16/($CP16+$CR16+$CT16))*100) -> #DIV/0! | CT16: =IF($AD16="N","N",CC16+CD16+CI16+CN16) -> 0 | CU16: =IF($AD16="N","N",(CT16/($CP16+$CR16+$CT16))*100) -> #DIV/0! | CV16: =IF($AD16="N","N",BZ16+CF16+CK16) -> 0 | CW16: =IF($AD16="N","N",SUM(O16:O19)) -> 0 | CX16: =IF($AD16="N","N",SUM('調查資料(OUT)'!AF22:AF25)) -> 0 | CY16: =IF($AD16="N","N",SUM('調查資料(OUT)'!AI22:AI25)) -> 0 | CZ16: =IF($AD16="N","N",SUM('調查資料(OUT)'!AM22:AM25)) -> 0 | DA16: =IF($AD16="N","N",SUM('調查資料(OUT)'!AL22:AL25)) -> 0 | DB16: =IF($AD16="N","N",(CW16/DS16)*100) -> #DIV/0! | DC16: =IF($AD16="N","N",SUM(P16:P19)) -> 0 | DD16: =IF($AD16="N","N",SUM('調查資料(OUT)'!AG22:AG25)) -> 0 | DE16: =IF($AD16="N","N",SUM('調查資料(OUT)'!AJ22:AJ25)) -> 0 | DF16: =IF($AD16="N","N",SUM('調查資料(OUT)'!AN22:AN25)) -> 0 | DG16: =IF($AD16="N","N",(DC16/DS16)*100) -> #DIV/0! | DH16: =IF($AD16="N","N",SUM(Q16:Q19)) -> 0 | DI16: =IF($AD16="N","N",SUM('調查資料(OUT)'!AH22:AH25)) -> 0 | DJ16: =IF($AD16="N","N",SUM('調查資料(OUT)'!AK22:AK25)) -> 0 | DK16: =IF($AD16="N","N",SUM('調查資料(OUT)'!AO22:AO25)) -> 0 | DL16: =IF($AD16="N","N",(DH16/DS16)*100) -> #DIV/0! | DM16: =IF($AD16="N","N",CX16+DD16+DI16) -> 0 | DN16: =IF($AD16="N","N",(DM16/($DM16+$DO16+$DQ16))*100) -> #DIV/0! | DO16: =IF($AD16="N","N",CY16+DE16+DJ16) -> 0 | DP16: =IF($AD16="N","N",(DO16/($DM16+$DO16+$DQ16))*100) -> #DIV/0! | DQ16: =IF($AD16="N","N",CZ16+DA16+DF16+DK16) -> 0 | DR16: =IF($AD16="N","N",(DQ16/($DM16+$DO16+$DQ16))*100) -> #DIV/0! | DS16: =IF($AD16="N","N",CW16+DC16+DH16) -> 0
... A20: ='調查資料(OUT)'!A26 -> 345 | B20: =SUM(C20:E20) -> 0 | C20: =IFERROR('調查資料(OUT)'!B$1*'調查資料(OUT)'!B26,0)+IFERROR('調查資料(OUT)'!E$1*'調查資料(OUT)'!E26,0)+IFERROR('調查資料(OUT)'!H$1*'調查資料(OUT)'!H26,0)+IFERROR('調查資料(OUT)'!I$1*'調查資料(OUT)'!I26,0) -> 0 | D20: =IFERROR('調查資料(OUT)'!C$1*'調查資料(OUT)'!C26,0)+IFERROR('調查資料(OUT)'!F$1*'調查資料(OUT)'!F26,0)+IFERROR('調查資料(OUT)'!J$1*'調查資料(OUT)'!J26,0) -> 0 | E20: =IFERROR('調查資料(OUT)'!D$1*'調查資料(OUT)'!D26,0)+IFERROR('調查資料(OUT)'!G$1*'調查資料(OUT)'!G26,0)+IFERROR('調查資料(OUT)'!K$1*'調查資料(OUT)'!K26,0) -> 0 | F20: =SUM(G20:I20) -> 0 | G20: =IFERROR('調查資料(OUT)'!L$1*'調查資料(OUT)'!L26,0)+IFERROR('調查資料(OUT)'!O$1*'調查資料(OUT)'!O26,0)+IFERROR('調查資料(OUT)'!R$1*'調查資料(OUT)'!R26,0)+IFERROR('調查資料(OUT)'!S$1*'調查資料(OUT)'!S26,0) -> 0 | H20: =IFERROR('調查資料(OUT)'!M$1*'調查資料(OUT)'!M26,0)+IFERROR('調查資料(OUT)'!P$1*'調查資料(OUT)'!P26,0)+IFERROR('調查資料(OUT)'!T$1*'調查資料(OUT)'!T26,0) -> 0 | I20: =IFERROR('調查資料(OUT)'!N$1*'調查資料(OUT)'!N26,0)+IFERROR('調查資料(OUT)'!Q$1*'調查資料(OUT)'!Q26,0)+IFERROR('調查資料(OUT)'!U$1*'調查資料(OUT)'!U26,0) -> 0 | J20: =SUM(K20:M20) -> 0 | K20: =IFERROR('調查資料(OUT)'!V$1*'調查資料(OUT)'!V26,0)+IFERROR('調查資料(OUT)'!Y$1*'調查資料(OUT)'!Y26,0)+IFERROR('調查資料(OUT)'!AB$1*'調查資料(OUT)'!AB26,0)+IFERROR('調查資料(OUT)'!AC$1*'調查資料(OUT)'!AC26,0) -> 0 | L20: =IFERROR('調查資料(OUT)'!W$1*'調查資料(OUT)'!W26,0)+IFERROR('調查資料(OUT)'!Z$1*'調查資料(OUT)'!Z26,0)+IFERROR('調查資料(OUT)'!AD$1*'調查資料(OUT)'!AD26,0) -> 0 | M20: =IFERROR('調查資料(OUT)'!X$1*'調查資料(OUT)'!X26,0)+IFERROR('調查資料(OUT)'!AA$1*'調查資料(OUT)'!AA26,0)+IFERROR('調查資料(OUT)'!AE$1*'調查資料(OUT)'!AE26,0) -> 0 | N20: =SUM(O20:Q20) -> 0 | O20: =IFERROR('調查資料(OUT)'!AF$1*'調查資料(OUT)'!AF26,0)+IFERROR('調查資料(OUT)'!AI$1*'調查資料(OUT)'!AI26,0)+IFERROR('調查資料(OUT)'!AL$1*'調查資料(OUT)'!AL26,0)+IFERROR('調查資料(OUT)'!AM$1*'調查資料(OUT)'!AM26,0) -> 0 | P20: =IFERROR('調查資料(OUT)'!AG$1*'調查資料(OUT)'!AG26,0)+IFERROR('調查資料(OUT)'!AJ$1*'調查資料(OUT)'!AJ26,0)+IFERROR('調查資料(OUT)'!AN$1*'調查資料(OUT)'!AN26,0) -> 0 | Q20: =IFERROR('調查資料(OUT)'!AH$1*'調查資料(OUT)'!AH26,0)+IFERROR('調查資料(OUT)'!AK$1*'調查資料(OUT)'!AK26,0)+IFERROR('調查資料(OUT)'!AO$1*'調查資料(OUT)'!AO26,0) -> 0 | R20: =B20+F20+J20+N20 -> 0 | T20: ='調查資料(OUT)'!A26 -> 345 | U20: =T20+100 -> 445 | V20: =SUM(R20:R23) -> 0 | X20: =IF($V20=$W$29,MAX(R20:R23),0) -> 0 | Y20: =IF($V20=W$5,SUM(B20:B23)/(4*(MAX(B20:B23))),0) -> #DIV/0! | Z20: =IF($V20=W$5,SUM(F20:F23)/(4*(MAX(F20:F23))),0) -> #DIV/0! | AA20: =IF($V20=W$5,SUM(J20:J23)/(4*(MAX(J20:J23))),0) -> #DIV/0! | AB20: =IF($V20=W$5,SUM(N20:N23)/(4*(MAX(N20:N23))),0) -> #DIV/0! | AD20: =IF(V20=W$5,$T20,"N") -> 345 | AE20: =IF(V20=W$5,$U20,"N") -> 445 | AF20: =IF($AD20="N","N",SUM(C20:C23)) -> 0 | AG20: =IF($AD20="N","N",SUM('調查資料(OUT)'!B26:B29)) -> 0 | AH20: =IF($AD20="N","N",SUM('調查資料(OUT)'!E26:E29)) -> 0 | AI20: =IF($AD20="N","N",SUM('調查資料(OUT)'!I26:I29)) -> 0 | AJ20: =IF($AD20="N","N",SUM('調查資料(OUT)'!H26:H29)) -> 0 | AK20: =IF($AD20="N","N",(AF20/$BB20)*100) -> #DIV/0! | AL20: =IF($AD20="N","N",SUM(D20:D23)) -> 0 | AM20: =IF($AD20="N","N",SUM('調查資料(OUT)'!C26:C29)) -> 0 | AN20: =IF($AD20="N","N",SUM('調查資料(OUT)'!F26:F29)) -> 0 | AO20: =IF($AD20="N","N",SUM('調查資料(OUT)'!J26:J29)) -> 0 | AP20: =IF($AD20="N","N",(AL20/$BB20)*100) -> #DIV/0! | AQ20: =IF($AD20="N","N",SUM(E20:E23)) -> 0 | AR20: =IF($AD20="N","N",SUM('調查資料(OUT)'!D26:D29)) -> 0 | AS20: =IF($AD20="N","N",SUM('調查資料(OUT)'!G26:G29)) -> 0 | AT20: =IF($AD20="N","N",SUM('調查資料(OUT)'!K26:K29)) -> 0 | AU20: =IF($AD20="N","N",(AQ20/$BB20)*100) -> #DIV/0! | AV20: =IF($AD20="N","N",AG20+AM20+AR20) -> 0 | AW20: =IF($AD20="N","N",(AV20/($AV20+$AX20+$AZ20))*100) -> #DIV/0! | AX20: =IF($AD20="N","N",AH20+AN20+AS20) -> 0 | AY20: =IF($AD20="N","N",(AX20/($AV20+$AX20+$AZ20))*100) -> #DIV/0! | AZ20: =IF($AD20="N","N",AI20+AJ20+AO20+AT20) -> 0 | BA20: =IF($AD20="N","N",(AZ20/($AV20+$AX20+$AZ20))*100) -> #DIV/0! | BB20: =IF($AD20="N","N",AF20+AL20+AQ20) -> 0 | BC20: =IF($AD20="N","N",SUM(G20:G23)) -> 0 | BD20: =IF($AD20="N","N",SUM('調查資料(OUT)'!L26:L29)) -> 0 | BE20: =IF($AD20="N","N",SUM('調查資料(OUT)'!O26:O29)) -> 0 | BF20: =IF($AD20="N","N",SUM('調查資料(OUT)'!S26:S29)) -> 0 | BG20: =IF($AD20="N","N",SUM('調查資料(OUT)'!R26:R29)) -> 0 | BH20: =IF($AD20="N","N",(BC20/BY20)*100) -> #DIV/0! | BI20: =IF($AD20="N","N",SUM(H20:H23)) -> 0 | BJ20: =IF($AD20="N","N",SUM('調查資料(OUT)'!M26:M29)) -> 0 | BK20: =IF($AD20="N","N",SUM('調查資料(OUT)'!P26:P29)) -> 0 | BL20: =IF($AD20="N","N",SUM('調查資料(OUT)'!T26:T29)) -> 0 | BM20: =IF($AD20="N","N",(BI20/BY20)*100) -> #DIV/0! | BN20: =IF($AD20="N","N",SUM(I20:I23)) -> 0 | BO20: =IF($AD20="N","N",SUM('調查資料(OUT)'!N26:N29)) -> 0 | BP20: =IF($AD20="N","N",SUM('調查資料(OUT)'!Q26:Q29)) -> 0 | BQ20: =IF($AD20="N","N",SUM('調查資料(OUT)'!U26:U29)) -> 0 | BR20: =IF($AD20="N","N",(BN20/BY20)*100) -> #DIV/0! | BS20: =IF($AD20="N","N",BD20+BJ20+BO20) -> 0 | BT20: =IF($AD20="N","N",(BS20/($BS20+$BU20+$BW20))*100) -> #DIV/0! | BU20: =IF($AD20="N","N",BE20+BK20+BP20) -> 0 | BV20: =IF($AD20="N","N",(BU20/($BS20+$BU20+$BW20))*100) -> #DIV/0! | BW20: =IF($AD20="N","N",BF20+BG20+BL20+BQ20) -> 0 | BX20: =IF($AD20="N","N",(BW20/($BS20+$BU20+$BW20))*100) -> #DIV/0! | BY20: =IF($AD20="N","N",BC20+BI20+BN20) -> 0 | BZ20: =IF($AD20="N","N",SUM(K20:K23)) -> 0 | CA20: =IF($AD20="N","N",SUM('調查資料(OUT)'!V26:V29)) -> 0 | CB20: =IF($AD20="N","N",SUM('調查資料(OUT)'!Y26:Y29)) -> 0 | CC20: =IF($AD20="N","N",SUM('調查資料(OUT)'!AC26:AC29)) -> 0 | CD20: =IF($AD20="N","N",SUM('調查資料(OUT)'!AB26:AB29)) -> 0 | CE20: =IF($AD20="N","N",(BZ20/CV20)*100) -> #DIV/0! | CF20: =IF($AD20="N","N",SUM(L20:L23)) -> 0 | CG20: =IF($AD20="N","N",SUM('調查資料(OUT)'!W26:W29)) -> 0 | CH20: =IF($AD20="N","N",SUM('調查資料(OUT)'!Z26:Z29)) -> 0 | CI20: =IF($AD20="N","N",SUM('調查資料(OUT)'!AD26:AD29)) -> 0 | CJ20: =IF($AD20="N","N",(CF20/CV20)*100) -> #DIV/0! | CK20: =IF($AD20="N","N",SUM(M20:M23)) -> 0 | CL20: =IF($AD20="N","N",SUM('調查資料(OUT)'!X26:X29)) -> 0 | CM20: =IF($AD20="N","N",SUM('調查資料(OUT)'!AA26:AA29)) -> 0 | CN20: =IF($AD20="N","N",SUM('調查資料(OUT)'!AE26:AE29)) -> 0 | CO20: =IF($AD20="N","N",(CK20/CV20)*100) -> #DIV/0! | CP20: =IF($AD20="N","N",CA20+CG20+CL20) -> 0 | CQ20: =IF($AD20="N","N",(CP20/($CP20+$CR20+$CT20))*100) -> #DIV/0! | CR20: =IF($AD20="N","N",CB20+CH20+CM20) -> 0 | CS20: =IF($AD20="N","N",(CR20/($CP20+$CR20+$CT20))*100) -> #DIV/0! | CT20: =IF($AD20="N","N",CC20+CD20+CI20+CN20) -> 0 | CU20: =IF($AD20="N","N",(CT20/($CP20+$CR20+$CT20))*100) -> #DIV/0! | CV20: =IF($AD20="N","N",BZ20+CF20+CK20) -> 0 | CW20: =IF($AD20="N","N",SUM(O20:O23)) -> 0 | CX20: =IF($AD20="N","N",SUM('調查資料(OUT)'!AF26:AF29)) -> 0 | CY20: =IF($AD20="N","N",SUM('調查資料(OUT)'!AI26:AI29)) -> 0 | CZ20: =IF($AD20="N","N",SUM('調查資料(OUT)'!AM26:AM29)) -> 0 | DA20: =IF($AD20="N","N",SUM('調查資料(OUT)'!AL26:AL29)) -> 0 | DB20: =IF($AD20="N","N",(CW20/DS20)*100) -> #DIV/0! | DC20: =IF($AD20="N","N",SUM(P20:P23)) -> 0 | DD20: =IF($AD20="N","N",SUM('調查資料(OUT)'!AG26:AG29)) -> 0 | DE20: =IF($AD20="N","N",SUM('調查資料(OUT)'!AJ26:AJ29)) -> 0 | DF20: =IF($AD20="N","N",SUM('調查資料(OUT)'!AN26:AN29)) -> 0 | DG20: =IF($AD20="N","N",(DC20/DS20)*100) -> #DIV/0! | DH20: =IF($AD20="N","N",SUM(Q20:Q23)) -> 0 | DI20: =IF($AD20="N","N",SUM('調查資料(OUT)'!AH26:AH29)) -> 0 | DJ20: =IF($AD20="N","N",SUM('調查資料(OUT)'!AK26:AK29)) -> 0 | DK20: =IF($AD20="N","N",SUM('調查資料(OUT)'!AO26:AO29)) -> 0 | DL20: =IF($AD20="N","N",(DH20/DS20)*100) -> #DIV/0! | DM20: =IF($AD20="N","N",CX20+DD20+DI20) -> 0 | DN20: =IF($AD20="N","N",(DM20/($DM20+$DO20+$DQ20))*100) -> #DIV/0! | DO20: =IF($AD20="N","N",CY20+DE20+DJ20) -> 0 | DP20: =IF($AD20="N","N",(DO20/($DM20+$DO20+$DQ20))*100) -> #DIV/0! | DQ20: =IF($AD20="N","N",CZ20+DA20+DF20+DK20) -> 0 | DR20: =IF($AD20="N","N",(DQ20/($DM20+$DO20+$DQ20))*100) -> #DIV/0! | DS20: =IF($AD20="N","N",CW20+DC20+DH20) -> 0
A21: ='調查資料(OUT)'!A27 -> 400 | B21: =SUM(C21:E21) -> 0 | C21: =IFERROR('調查資料(OUT)'!B$1*'調查資料(OUT)'!B27,0)+IFERROR('調查資料(OUT)'!E$1*'調查資料(OUT)'!E27,0)+IFERROR('調查資料(OUT)'!H$1*'調查資料(OUT)'!H27,0)+IFERROR('調查資料(OUT)'!I$1*'調查資料(OUT)'!I27,0) -> 0 | D21: =IFERROR('調查資料(OUT)'!C$1*'調查資料(OUT)'!C27,0)+IFERROR('調查資料(OUT)'!F$1*'調查資料(OUT)'!F27,0)+IFERROR('調查資料(OUT)'!J$1*'調查資料(OUT)'!J27,0) -> 0 | E21: =IFERROR('調查資料(OUT)'!D$1*'調查資料(OUT)'!D27,0)+IFERROR('調查資料(OUT)'!G$1*'調查資料(OUT)'!G27,0)+IFERROR('調查資料(OUT)'!K$1*'調查資料(OUT)'!K27,0) -> 0 | F21: =SUM(G21:I21) -> 0 | G21: =IFERROR('調查資料(OUT)'!L$1*'調查資料(OUT)'!L27,0)+IFERROR('調查資料(OUT)'!O$1*'調查資料(OUT)'!O27,0)+IFERROR('調查資料(OUT)'!R$1*'調查資料(OUT)'!R27,0)+IFERROR('調查資料(OUT)'!S$1*'調查資料(OUT)'!S27,0) -> 0 | H21: =IFERROR('調查資料(OUT)'!M$1*'調查資料(OUT)'!M27,0)+IFERROR('調查資料(OUT)'!P$1*'調查資料(OUT)'!P27,0)+IFERROR('調查資料(OUT)'!T$1*'調查資料(OUT)'!T27,0) -> 0 | I21: =IFERROR('調查資料(OUT)'!N$1*'調查資料(OUT)'!N27,0)+IFERROR('調查資料(OUT)'!Q$1*'調查資料(OUT)'!Q27,0)+IFERROR('調查資料(OUT)'!U$1*'調查資料(OUT)'!U27,0) -> 0 | J21: =SUM(K21:M21) -> 0 | K21: =IFERROR('調查資料(OUT)'!V$1*'調查資料(OUT)'!V27,0)+IFERROR('調查資料(OUT)'!Y$1*'調查資料(OUT)'!Y27,0)+IFERROR('調查資料(OUT)'!AB$1*'調查資料(OUT)'!AB27,0)+IFERROR('調查資料(OUT)'!AC$1*'調查資料(OUT)'!AC27,0) -> 0 | L21: =IFERROR('調查資料(OUT)'!W$1*'調查資料(OUT)'!W27,0)+IFERROR('調查資料(OUT)'!Z$1*'調查資料(OUT)'!Z27,0)+IFERROR('調查資料(OUT)'!AD$1*'調查資料(OUT)'!AD27,0) -> 0 | M21: =IFERROR('調查資料(OUT)'!X$1*'調查資料(OUT)'!X27,0)+IFERROR('調查資料(OUT)'!AA$1*'調查資料(OUT)'!AA27,0)+IFERROR('調查資料(OUT)'!AE$1*'調查資料(OUT)'!AE27,0) -> 0 | N21: =SUM(O21:Q21) -> 0 | O21: =IFERROR('調查資料(OUT)'!AF$1*'調查資料(OUT)'!AF27,0)+IFERROR('調查資料(OUT)'!AI$1*'調查資料(OUT)'!AI27,0)+IFERROR('調查資料(OUT)'!AL$1*'調查資料(OUT)'!AL27,0)+IFERROR('調查資料(OUT)'!AM$1*'調查資料(OUT)'!AM27,0) -> 0 | P21: =IFERROR('調查資料(OUT)'!AG$1*'調查資料(OUT)'!AG27,0)+IFERROR('調查資料(OUT)'!AJ$1*'調查資料(OUT)'!AJ27,0)+IFERROR('調查資料(OUT)'!AN$1*'調查資料(OUT)'!AN27,0) -> 0 | Q21: =IFERROR('調查資料(OUT)'!AH$1*'調查資料(OUT)'!AH27,0)+IFERROR('調查資料(OUT)'!AK$1*'調查資料(OUT)'!AK27,0)+IFERROR('調查資料(OUT)'!AO$1*'調查資料(OUT)'!AO27,0) -> 0 | R21: =B21+F21+J21+N21 -> 0 | T21: ='調查資料(OUT)'!A27 -> 400 | U21: =T21+100 -> 500 | V21: =SUM(R21:R24) -> 0 | X21: =IF($V21=$W$41,MAX(R21:R24),0) -> 0 | Y21: =IF($V21=W$5,SUM(B21:B24)/(4*(MAX(B21:B24))),0) -> #DIV/0! | Z21: =IF($V21=W$5,SUM(F21:F24)/(4*(MAX(F21:F24))),0) -> #DIV/0! | AA21: =IF($V21=W$5,SUM(J21:J24)/(4*(MAX(J21:J24))),0) -> #DIV/0! | AB21: =IF($V21=W$5,SUM(N21:N24)/(4*(MAX(N21:N24))),0) -> #DIV/0! | AD21: =IF(V21=W$5,$T21,"N") -> 400 | AE21: =IF(V21=W$5,$U21,"N") -> 500 | AF21: =IF($AD21="N","N",SUM(C21:C24)) -> 0 | AG21: =IF($AD21="N","N",SUM('調查資料(OUT)'!B27:B30)) -> 0 | AH21: =IF($AD21="N","N",SUM('調查資料(OUT)'!E27:E30)) -> 0 | AI21: =IF($AD21="N","N",SUM('調查資料(OUT)'!I27:I30)) -> 0 | AJ21: =IF($AD21="N","N",SUM('調查資料(OUT)'!H27:H30)) -> 0 | AK21: =IF($AD21="N","N",(AF21/$BB21)*100) -> #DIV/0! | AL21: =IF($AD21="N","N",SUM(D21:D24)) -> 0 | AM21: =IF($AD21="N","N",SUM('調查資料(OUT)'!C27:C30)) -> 0 | AN21: =IF($AD21="N","N",SUM('調查資料(OUT)'!F27:F30)) -> 0 | AO21: =IF($AD21="N","N",SUM('調查資料(OUT)'!J27:J30)) -> 0 | AP21: =IF($AD21="N","N",(AL21/$BB21)*100) -> #DIV/0! | AQ21: =IF($AD21="N","N",SUM(E21:E24)) -> 0 | AR21: =IF($AD21="N","N",SUM('調查資料(OUT)'!D27:D30)) -> 0 | AS21: =IF($AD21="N","N",SUM('調查資料(OUT)'!G27:G30)) -> 0 | AT21: =IF($AD21="N","N",SUM('調查資料(OUT)'!K27:K30)) -> 0 | AU21: =IF($AD21="N","N",(AQ21/$BB21)*100) -> #DIV/0! | AV21: =IF($AD21="N","N",AG21+AM21+AR21) -> 0 | AW21: =IF($AD21="N","N",(AV21/($AV21+$AX21+$AZ21))*100) -> #DIV/0! | AX21: =IF($AD21="N","N",AH21+AN21+AS21) -> 0 | AY21: =IF($AD21="N","N",(AX21/($AV21+$AX21+$AZ21))*100) -> #DIV/0! | AZ21: =IF($AD21="N","N",AI21+AJ21+AO21+AT21) -> 0 | BA21: =IF($AD21="N","N",(AZ21/($AV21+$AX21+$AZ21))*100) -> #DIV/0! | BB21: =IF($AD21="N","N",AF21+AL21+AQ21) -> 0 | BC21: =IF($AD21="N","N",SUM(G21:G24)) -> 0 | BD21: =IF($AD21="N","N",SUM('調查資料(OUT)'!L27:L30)) -> 0 | BE21: =IF($AD21="N","N",SUM('調查資料(OUT)'!O27:O30)) -> 0 | BF21: =IF($AD21="N","N",SUM('調查資料(OUT)'!S27:S30)) -> 0 | BG21: =IF($AD21="N","N",SUM('調查資料(OUT)'!R27:R30)) -> 0 | BH21: =IF($AD21="N","N",(BC21/BY21)*100) -> #DIV/0! | BI21: =IF($AD21="N","N",SUM(H21:H24)) -> 0 | BJ21: =IF($AD21="N","N",SUM('調查資料(OUT)'!M27:M30)) -> 0 | BK21: =IF($AD21="N","N",SUM('調查資料(OUT)'!P27:P30)) -> 0 | BL21: =IF($AD21="N","N",SUM('調查資料(OUT)'!T27:T30)) -> 0 | BM21: =IF($AD21="N","N",(BI21/BY21)*100) -> #DIV/0! | BN21: =IF($AD21="N","N",SUM(I21:I24)) -> 0 | BO21: =IF($AD21="N","N",SUM('調查資料(OUT)'!N27:N30)) -> 0 | BP21: =IF($AD21="N","N",SUM('調查資料(OUT)'!Q27:Q30)) -> 0 | BQ21: =IF($AD21="N","N",SUM('調查資料(OUT)'!U27:U30)) -> 0 | BR21: =IF($AD21="N","N",(BN21/BY21)*100) -> #DIV/0! | BS21: =IF($AD21="N","N",BD21+BJ21+BO21) -> 0 | BT21: =IF($AD21="N","N",(BS21/($BS21+$BU21+$BW21))*100) -> #DIV/0! | BU21: =IF($AD21="N","N",BE21+BK21+BP21) -> 0 | BV21: =IF($AD21="N","N",(BU21/($BS21+$BU21+$BW21))*100) -> #DIV/0! | BW21: =IF($AD21="N","N",BF21+BG21+BL21+BQ21) -> 0 | BX21: =IF($AD21="N","N",(BW21/($BS21+$BU21+$BW21))*100) -> #DIV/0! | BY21: =IF($AD21="N","N",BC21+BI21+BN21) -> 0 | BZ21: =IF($AD21="N","N",SUM(K21:K24)) -> 0 | CA21: =IF($AD21="N","N",SUM('調查資料(OUT)'!V27:V30)) -> 0 | CB21: =IF($AD21="N","N",SUM('調查資料(OUT)'!Y27:Y30)) -> 0 | CC21: =IF($AD21="N","N",SUM('調查資料(OUT)'!AC27:AC30)) -> 0 | CD21: =IF($AD21="N","N",SUM('調查資料(OUT)'!AB27:AB30)) -> 0 | CE21: =IF($AD21="N","N",(BZ21/CV21)*100) -> #DIV/0! | CF21: =IF($AD21="N","N",SUM(L21:L24)) -> 0 | CG21: =IF($AD21="N","N",SUM('調查資料(OUT)'!W27:W30)) -> 0 | CH21: =IF($AD21="N","N",SUM('調查資料(OUT)'!Z27:Z30)) -> 0 | CI21: =IF($AD21="N","N",SUM('調查資料(OUT)'!AD27:AD30)) -> 0 | CJ21: =IF($AD21="N","N",(CF21/CV21)*100) -> #DIV/0! | CK21: =IF($AD21="N","N",SUM(M21:M24)) -> 0 | CL21: =IF($AD21="N","N",SUM('調查資料(OUT)'!X27:X30)) -> 0 | CM21: =IF($AD21="N","N",SUM('調查資料(OUT)'!AA27:AA30)) -> 0 | CN21: =IF($AD21="N","N",SUM('調查資料(OUT)'!AE27:AE30)) -> 0 | CO21: =IF($AD21="N","N",(CK21/CV21)*100) -> #DIV/0! | CP21: =IF($AD21="N","N",CA21+CG21+CL21) -> 0 | CQ21: =IF($AD21="N","N",(CP21/($CP21+$CR21+$CT21))*100) -> #DIV/0! | CR21: =IF($AD21="N","N",CB21+CH21+CM21) -> 0 | CS21: =IF($AD21="N","N",(CR21/($CP21+$CR21+$CT21))*100) -> #DIV/0! | CT21: =IF($AD21="N","N",CC21+CD21+CI21+CN21) -> 0 | CU21: =IF($AD21="N","N",(CT21/($CP21+$CR21+$CT21))*100) -> #DIV/0! | CV21: =IF($AD21="N","N",BZ21+CF21+CK21) -> 0 | CW21: =IF($AD21="N","N",SUM(O21:O24)) -> 0 | CX21: =IF($AD21="N","N",SUM('調查資料(OUT)'!AF27:AF30)) -> 0 | CY21: =IF($AD21="N","N",SUM('調查資料(OUT)'!AI27:AI30)) -> 0 | CZ21: =IF($AD21="N","N",SUM('調查資料(OUT)'!AM27:AM30)) -> 0 | DA21: =IF($AD21="N","N",SUM('調查資料(OUT)'!AL27:AL30)) -> 0 | DB21: =IF($AD21="N","N",(CW21/DS21)*100) -> #DIV/0! | DC21: =IF($AD21="N","N",SUM(P21:P24)) -> 0 | DD21: =IF($AD21="N","N",SUM('調查資料(OUT)'!AG27:AG30)) -> 0 | DE21: =IF($AD21="N","N",SUM('調查資料(OUT)'!AJ27:AJ30)) -> 0 | DF21: =IF($AD21="N","N",SUM('調查資料(OUT)'!AN27:AN30)) -> 0 | DG21: =IF($AD21="N","N",(DC21/DS21)*100) -> #DIV/0! | DH21: =IF($AD21="N","N",SUM(Q21:Q24)) -> 0 | DI21: =IF($AD21="N","N",SUM('調查資料(OUT)'!AH27:AH30)) -> 0 | DJ21: =IF($AD21="N","N",SUM('調查資料(OUT)'!AK27:AK30)) -> 0 | DK21: =IF($AD21="N","N",SUM('調查資料(OUT)'!AO27:AO30)) -> 0 | DL21: =IF($AD21="N","N",(DH21/DS21)*100) -> #DIV/0! | DM21: =IF($AD21="N","N",CX21+DD21+DI21) -> 0 | DN21: =IF($AD21="N","N",(DM21/($DM21+$DO21+$DQ21))*100) -> #DIV/0! | DO21: =IF($AD21="N","N",CY21+DE21+DJ21) -> 0 | DP21: =IF($AD21="N","N",(DO21/($DM21+$DO21+$DQ21))*100) -> #DIV/0! | DQ21: =IF($AD21="N","N",CZ21+DA21+DF21+DK21) -> 0 | DR21: =IF($AD21="N","N",(DQ21/($DM21+$DO21+$DQ21))*100) -> #DIV/0! | DS21: =IF($AD21="N","N",CW21+DC21+DH21) -> 0
A22: ='調查資料(OUT)'!A28 -> 415 | B22: =SUM(C22:E22) -> 0 | C22: =IFERROR('調查資料(OUT)'!B$1*'調查資料(OUT)'!B28,0)+IFERROR('調查資料(OUT)'!E$1*'調查資料(OUT)'!E28,0)+IFERROR('調查資料(OUT)'!H$1*'調查資料(OUT)'!H28,0)+IFERROR('調查資料(OUT)'!I$1*'調查資料(OUT)'!I28,0) -> 0 | D22: =IFERROR('調查資料(OUT)'!C$1*'調查資料(OUT)'!C28,0)+IFERROR('調查資料(OUT)'!F$1*'調查資料(OUT)'!F28,0)+IFERROR('調查資料(OUT)'!J$1*'調查資料(OUT)'!J28,0) -> 0 | E22: =IFERROR('調查資料(OUT)'!D$1*'調查資料(OUT)'!D28,0)+IFERROR('調查資料(OUT)'!G$1*'調查資料(OUT)'!G28,0)+IFERROR('調查資料(OUT)'!K$1*'調查資料(OUT)'!K28,0) -> 0 | F22: =SUM(G22:I22) -> 0 | G22: =IFERROR('調查資料(OUT)'!L$1*'調查資料(OUT)'!L28,0)+IFERROR('調查資料(OUT)'!O$1*'調查資料(OUT)'!O28,0)+IFERROR('調查資料(OUT)'!R$1*'調查資料(OUT)'!R28,0)+IFERROR('調查資料(OUT)'!S$1*'調查資料(OUT)'!S28,0) -> 0 | H22: =IFERROR('調查資料(OUT)'!M$1*'調查資料(OUT)'!M28,0)+IFERROR('調查資料(OUT)'!P$1*'調查資料(OUT)'!P28,0)+IFERROR('調查資料(OUT)'!T$1*'調查資料(OUT)'!T28,0) -> 0 | I22: =IFERROR('調查資料(OUT)'!N$1*'調查資料(OUT)'!N28,0)+IFERROR('調查資料(OUT)'!Q$1*'調查資料(OUT)'!Q28,0)+IFERROR('調查資料(OUT)'!U$1*'調查資料(OUT)'!U28,0) -> 0 | J22: =SUM(K22:M22) -> 0 | K22: =IFERROR('調查資料(OUT)'!V$1*'調查資料(OUT)'!V28,0)+IFERROR('調查資料(OUT)'!Y$1*'調查資料(OUT)'!Y28,0)+IFERROR('調查資料(OUT)'!AB$1*'調查資料(OUT)'!AB28,0)+IFERROR('調查資料(OUT)'!AC$1*'調查資料(OUT)'!AC28,0) -> 0 | L22: =IFERROR('調查資料(OUT)'!W$1*'調查資料(OUT)'!W28,0)+IFERROR('調查資料(OUT)'!Z$1*'調查資料(OUT)'!Z28,0)+IFERROR('調查資料(OUT)'!AD$1*'調查資料(OUT)'!AD28,0) -> 0 | M22: =IFERROR('調查資料(OUT)'!X$1*'調查資料(OUT)'!X28,0)+IFERROR('調查資料(OUT)'!AA$1*'調查資料(OUT)'!AA28,0)+IFERROR('調查資料(OUT)'!AE$1*'調查資料(OUT)'!AE28,0) -> 0 | N22: =SUM(O22:Q22) -> 0 | O22: =IFERROR('調查資料(OUT)'!AF$1*'調查資料(OUT)'!AF28,0)+IFERROR('調查資料(OUT)'!AI$1*'調查資料(OUT)'!AI28,0)+IFERROR('調查資料(OUT)'!AL$1*'調查資料(OUT)'!AL28,0)+IFERROR('調查資料(OUT)'!AM$1*'調查資料(OUT)'!AM28,0) -> 0 | P22: =IFERROR('調查資料(OUT)'!AG$1*'調查資料(OUT)'!AG28,0)+IFERROR('調查資料(OUT)'!AJ$1*'調查資料(OUT)'!AJ28,0)+IFERROR('調查資料(OUT)'!AN$1*'調查資料(OUT)'!AN28,0) -> 0 | Q22: =IFERROR('調查資料(OUT)'!AH$1*'調查資料(OUT)'!AH28,0)+IFERROR('調查資料(OUT)'!AK$1*'調查資料(OUT)'!AK28,0)+IFERROR('調查資料(OUT)'!AO$1*'調查資料(OUT)'!AO28,0) -> 0 | R22: =B22+F22+J22+N22 -> 0 | T22: ='調查資料(OUT)'!A28 -> 415 | U22: =T22+100 -> 515 | V22: =SUM(R22:R25) -> 0 | X22: =IF($V22=$W$41,MAX(R22:R25),0) -> 0 | Y22: =IF($V22=W$5,SUM(B22:B25)/(4*(MAX(B22:B25))),0) -> #DIV/0! | Z22: =IF($V22=W$5,SUM(F22:F25)/(4*(MAX(F22:F25))),0) -> #DIV/0! | AA22: =IF($V22=W$5,SUM(J22:J25)/(4*(MAX(J22:J25))),0) -> #DIV/0! | AB22: =IF($V22=W$5,SUM(N22:N25)/(4*(MAX(N22:N25))),0) -> #DIV/0! | AD22: =IF(V22=W$5,$T22,"N") -> 415 | AE22: =IF(V22=W$5,$U22,"N") -> 515 | AF22: =IF($AD22="N","N",SUM(C22:C25)) -> 0 | AG22: =IF($AD22="N","N",SUM('調查資料(OUT)'!B28:B31)) -> 0 | AH22: =IF($AD22="N","N",SUM('調查資料(OUT)'!E28:E31)) -> 0 | AI22: =IF($AD22="N","N",SUM('調查資料(OUT)'!I28:I31)) -> 0 | AJ22: =IF($AD22="N","N",SUM('調查資料(OUT)'!H28:H31)) -> 0 | AK22: =IF($AD22="N","N",(AF22/$BB22)*100) -> #DIV/0! | AL22: =IF($AD22="N","N",SUM(D22:D25)) -> 0 | AM22: =IF($AD22="N","N",SUM('調查資料(OUT)'!C28:C31)) -> 0 | AN22: =IF($AD22="N","N",SUM('調查資料(OUT)'!F28:F31)) -> 0 | AO22: =IF($AD22="N","N",SUM('調查資料(OUT)'!J28:J31)) -> 0 | AP22: =IF($AD22="N","N",(AL22/$BB22)*100) -> #DIV/0! | AQ22: =IF($AD22="N","N",SUM(E22:E25)) -> 0 | AR22: =IF($AD22="N","N",SUM('調查資料(OUT)'!D28:D31)) -> 0 | AS22: =IF($AD22="N","N",SUM('調查資料(OUT)'!G28:G31)) -> 0 | AT22: =IF($AD22="N","N",SUM('調查資料(OUT)'!K28:K31)) -> 0 | AU22: =IF($AD22="N","N",(AQ22/$BB22)*100) -> #DIV/0! | AV22: =IF($AD22="N","N",AG22+AM22+AR22) -> 0 | AW22: =IF($AD22="N","N",(AV22/($AV22+$AX22+$AZ22))*100) -> #DIV/0! | AX22: =IF($AD22="N","N",AH22+AN22+AS22) -> 0 | AY22: =IF($AD22="N","N",(AX22/($AV22+$AX22+$AZ22))*100) -> #DIV/0! | AZ22: =IF($AD22="N","N",AI22+AJ22+AO22+AT22) -> 0 | BA22: =IF($AD22="N","N",(AZ22/($AV22+$AX22+$AZ22))*100) -> #DIV/0! | BB22: =IF($AD22="N","N",AF22+AL22+AQ22) -> 0 | BC22: =IF($AD22="N","N",SUM(G22:G25)) -> 0 | BD22: =IF($AD22="N","N",SUM('調查資料(OUT)'!L28:L31)) -> 0 | BE22: =IF($AD22="N","N",SUM('調查資料(OUT)'!O28:O31)) -> 0 | BF22: =IF($AD22="N","N",SUM('調查資料(OUT)'!S28:S31)) -> 0 | BG22: =IF($AD22="N","N",SUM('調查資料(OUT)'!R28:R31)) -> 0 | BH22: =IF($AD22="N","N",(BC22/BY22)*100) -> #DIV/0! | BI22: =IF($AD22="N","N",SUM(H22:H25)) -> 0 | BJ22: =IF($AD22="N","N",SUM('調查資料(OUT)'!M28:M31)) -> 0 | BK22: =IF($AD22="N","N",SUM('調查資料(OUT)'!P28:P31)) -> 0 | BL22: =IF($AD22="N","N",SUM('調查資料(OUT)'!T28:T31)) -> 0 | BM22: =IF($AD22="N","N",(BI22/BY22)*100) -> #DIV/0! | BN22: =IF($AD22="N","N",SUM(I22:I25)) -> 0 | BO22: =IF($AD22="N","N",SUM('調查資料(OUT)'!N28:N31)) -> 0 | BP22: =IF($AD22="N","N",SUM('調查資料(OUT)'!Q28:Q31)) -> 0 | BQ22: =IF($AD22="N","N",SUM('調查資料(OUT)'!U28:U31)) -> 0 | BR22: =IF($AD22="N","N",(BN22/BY22)*100) -> #DIV/0! | BS22: =IF($AD22="N","N",BD22+BJ22+BO22) -> 0 | BT22: =IF($AD22="N","N",(BS22/($BS22+$BU22+$BW22))*100) -> #DIV/0! | BU22: =IF($AD22="N","N",BE22+BK22+BP22) -> 0 | BV22: =IF($AD22="N","N",(BU22/($BS22+$BU22+$BW22))*100) -> #DIV/0! | BW22: =IF($AD22="N","N",BF22+BG22+BL22+BQ22) -> 0 | BX22: =IF($AD22="N","N",(BW22/($BS22+$BU22+$BW22))*100) -> #DIV/0! | BY22: =IF($AD22="N","N",BC22+BI22+BN22) -> 0 | BZ22: =IF($AD22="N","N",SUM(K22:K25)) -> 0 | CA22: =IF($AD22="N","N",SUM('調查資料(OUT)'!V28:V31)) -> 0 | CB22: =IF($AD22="N","N",SUM('調查資料(OUT)'!Y28:Y31)) -> 0 | CC22: =IF($AD22="N","N",SUM('調查資料(OUT)'!AC28:AC31)) -> 0 | CD22: =IF($AD22="N","N",SUM('調查資料(OUT)'!AB28:AB31)) -> 0 | CE22: =IF($AD22="N","N",(BZ22/CV22)*100) -> #DIV/0! | CF22: =IF($AD22="N","N",SUM(L22:L25)) -> 0 | CG22: =IF($AD22="N","N",SUM('調查資料(OUT)'!W28:W31)) -> 0 | CH22: =IF($AD22="N","N",SUM('調查資料(OUT)'!Z28:Z31)) -> 0 | CI22: =IF($AD22="N","N",SUM('調查資料(OUT)'!AD28:AD31)) -> 0 | CJ22: =IF($AD22="N","N",(CF22/CV22)*100) -> #DIV/0! | CK22: =IF($AD22="N","N",SUM(M22:M25)) -> 0 | CL22: =IF($AD22="N","N",SUM('調查資料(OUT)'!X28:X31)) -> 0 | CM22: =IF($AD22="N","N",SUM('調查資料(OUT)'!AA28:AA31)) -> 0 | CN22: =IF($AD22="N","N",SUM('調查資料(OUT)'!AE28:AE31)) -> 0 | CO22: =IF($AD22="N","N",(CK22/CV22)*100) -> #DIV/0! | CP22: =IF($AD22="N","N",CA22+CG22+CL22) -> 0 | CQ22: =IF($AD22="N","N",(CP22/($CP22+$CR22+$CT22))*100) -> #DIV/0! | CR22: =IF($AD22="N","N",CB22+CH22+CM22) -> 0 | CS22: =IF($AD22="N","N",(CR22/($CP22+$CR22+$CT22))*100) -> #DIV/0! | CT22: =IF($AD22="N","N",CC22+CD22+CI22+CN22) -> 0 | CU22: =IF($AD22="N","N",(CT22/($CP22+$CR22+$CT22))*100) -> #DIV/0! | CV22: =IF($AD22="N","N",BZ22+CF22+CK22) -> 0 | CW22: =IF($AD22="N","N",SUM(O22:O25)) -> 0 | CX22: =IF($AD22="N","N",SUM('調查資料(OUT)'!AF28:AF31)) -> 0 | CY22: =IF($AD22="N","N",SUM('調查資料(OUT)'!AI28:AI31)) -> 0 | CZ22: =IF($AD22="N","N",SUM('調查資料(OUT)'!AM28:AM31)) -> 0 | DA22: =IF($AD22="N","N",SUM('調查資料(OUT)'!AL28:AL31)) -> 0 | DB22: =IF($AD22="N","N",(CW22/DS22)*100) -> #DIV/0! | DC22: =IF($AD22="N","N",SUM(P22:P25)) -> 0 | DD22: =IF($AD22="N","N",SUM('調查資料(OUT)'!AG28:AG31)) -> 0 | DE22: =IF($AD22="N","N",SUM('調查資料(OUT)'!AJ28:AJ31)) -> 0 | DF22: =IF($AD22="N","N",SUM('調查資料(OUT)'!AN28:AN31)) -> 0 | DG22: =IF($AD22="N","N",(DC22/DS22)*100) -> #DIV/0! | DH22: =IF($AD22="N","N",SUM(Q22:Q25)) -> 0 | DI22: =IF($AD22="N","N",SUM('調查資料(OUT)'!AH28:AH31)) -> 0 | DJ22: =IF($AD22="N","N",SUM('調查資料(OUT)'!AK28:AK31)) -> 0 | DK22: =IF($AD22="N","N",SUM('調查資料(OUT)'!AO28:AO31)) -> 0 | DL22: =IF($AD22="N","N",(DH22/DS22)*100) -> #DIV/0! | DM22: =IF($AD22="N","N",CX22+DD22+DI22) -> 0 | DN22: =IF($AD22="N","N",(DM22/($DM22+$DO22+$DQ22))*100) -> #DIV/0! | DO22: =IF($AD22="N","N",CY22+DE22+DJ22) -> 0 | DP22: =IF($AD22="N","N",(DO22/($DM22+$DO22+$DQ22))*100) -> #DIV/0! | DQ22: =IF($AD22="N","N",CZ22+DA22+DF22+DK22) -> 0 | DR22: =IF($AD22="N","N",(DQ22/($DM22+$DO22+$DQ22))*100) -> #DIV/0! | DS22: =IF($AD22="N","N",CW22+DC22+DH22) -> 0
A23: ='調查資料(OUT)'!A29 -> 430 | B23: =SUM(C23:E23) -> 0 | C23: =IFERROR('調查資料(OUT)'!B$1*'調查資料(OUT)'!B29,0)+IFERROR('調查資料(OUT)'!E$1*'調查資料(OUT)'!E29,0)+IFERROR('調查資料(OUT)'!H$1*'調查資料(OUT)'!H29,0)+IFERROR('調查資料(OUT)'!I$1*'調查資料(OUT)'!I29,0) -> 0 | D23: =IFERROR('調查資料(OUT)'!C$1*'調查資料(OUT)'!C29,0)+IFERROR('調查資料(OUT)'!F$1*'調查資料(OUT)'!F29,0)+IFERROR('調查資料(OUT)'!J$1*'調查資料(OUT)'!J29,0) -> 0 | E23: =IFERROR('調查資料(OUT)'!D$1*'調查資料(OUT)'!D29,0)+IFERROR('調查資料(OUT)'!G$1*'調查資料(OUT)'!G29,0)+IFERROR('調查資料(OUT)'!K$1*'調查資料(OUT)'!K29,0) -> 0 | F23: =SUM(G23:I23) -> 0 | G23: =IFERROR('調查資料(OUT)'!L$1*'調查資料(OUT)'!L29,0)+IFERROR('調查資料(OUT)'!O$1*'調查資料(OUT)'!O29,0)+IFERROR('調查資料(OUT)'!R$1*'調查資料(OUT)'!R29,0)+IFERROR('調查資料(OUT)'!S$1*'調查資料(OUT)'!S29,0) -> 0 | H23: =IFERROR('調查資料(OUT)'!M$1*'調查資料(OUT)'!M29,0)+IFERROR('調查資料(OUT)'!P$1*'調查資料(OUT)'!P29,0)+IFERROR('調查資料(OUT)'!T$1*'調查資料(OUT)'!T29,0) -> 0 | I23: =IFERROR('調查資料(OUT)'!N$1*'調查資料(OUT)'!N29,0)+IFERROR('調查資料(OUT)'!Q$1*'調查資料(OUT)'!Q29,0)+IFERROR('調查資料(OUT)'!U$1*'調查資料(OUT)'!U29,0) -> 0 | J23: =SUM(K23:M23) -> 0 | K23: =IFERROR('調查資料(OUT)'!V$1*'調查資料(OUT)'!V29,0)+IFERROR('調查資料(OUT)'!Y$1*'調查資料(OUT)'!Y29,0)+IFERROR('調查資料(OUT)'!AB$1*'調查資料(OUT)'!AB29,0)+IFERROR('調查資料(OUT)'!AC$1*'調查資料(OUT)'!AC29,0) -> 0 | L23: =IFERROR('調查資料(OUT)'!W$1*'調查資料(OUT)'!W29,0)+IFERROR('調查資料(OUT)'!Z$1*'調查資料(OUT)'!Z29,0)+IFERROR('調查資料(OUT)'!AD$1*'調查資料(OUT)'!AD29,0) -> 0 | M23: =IFERROR('調查資料(OUT)'!X$1*'調查資料(OUT)'!X29,0)+IFERROR('調查資料(OUT)'!AA$1*'調查資料(OUT)'!AA29,0)+IFERROR('調查資料(OUT)'!AE$1*'調查資料(OUT)'!AE29,0) -> 0 | N23: =SUM(O23:Q23) -> 0 | O23: =IFERROR('調查資料(OUT)'!AF$1*'調查資料(OUT)'!AF29,0)+IFERROR('調查資料(OUT)'!AI$1*'調查資料(OUT)'!AI29,0)+IFERROR('調查資料(OUT)'!AL$1*'調查資料(OUT)'!AL29,0)+IFERROR('調查資料(OUT)'!AM$1*'調查資料(OUT)'!AM29,0) -> 0 | P23: =IFERROR('調查資料(OUT)'!AG$1*'調查資料(OUT)'!AG29,0)+IFERROR('調查資料(OUT)'!AJ$1*'調查資料(OUT)'!AJ29,0)+IFERROR('調查資料(OUT)'!AN$1*'調查資料(OUT)'!AN29,0) -> 0 | Q23: =IFERROR('調查資料(OUT)'!AH$1*'調查資料(OUT)'!AH29,0)+IFERROR('調查資料(OUT)'!AK$1*'調查資料(OUT)'!AK29,0)+IFERROR('調查資料(OUT)'!AO$1*'調查資料(OUT)'!AO29,0) -> 0 | R23: =B23+F23+J23+N23 -> 0 | T23: ='調查資料(OUT)'!A29 -> 430 | U23: =T23+100 -> 530 | V23: =SUM(R23:R26) -> 0 | X23: =IF($V23=$W$41,MAX(R23:R26),0) -> 0 | Y23: =IF($V23=W$5,SUM(B23:B26)/(4*(MAX(B23:B26))),0) -> #DIV/0! | Z23: =IF($V23=W$5,SUM(F23:F26)/(4*(MAX(F23:F26))),0) -> #DIV/0! | AA23: =IF($V23=W$5,SUM(J23:J26)/(4*(MAX(J23:J26))),0) -> #DIV/0! | AB23: =IF($V23=W$5,SUM(N23:N26)/(4*(MAX(N23:N26))),0) -> #DIV/0! | AD23: =IF(V23=W$5,$T23,"N") -> 430 | AE23: =IF(V23=W$5,$U23,"N") -> 530 | AF23: =IF($AD23="N","N",SUM(C23:C26)) -> 0 | AG23: =IF($AD23="N","N",SUM('調查資料(OUT)'!B29:B32)) -> 0 | AH23: =IF($AD23="N","N",SUM('調查資料(OUT)'!E29:E32)) -> 0 | AI23: =IF($AD23="N","N",SUM('調查資料(OUT)'!I29:I32)) -> 0 | AJ23: =IF($AD23="N","N",SUM('調查資料(OUT)'!H29:H32)) -> 0 | AK23: =IF($AD23="N","N",(AF23/$BB23)*100) -> #DIV/0! | AL23: =IF($AD23="N","N",SUM(D23:D26)) -> 0 | AM23: =IF($AD23="N","N",SUM('調查資料(OUT)'!C29:C32)) -> 0 | AN23: =IF($AD23="N","N",SUM('調查資料(OUT)'!F29:F32)) -> 0 | AO23: =IF($AD23="N","N",SUM('調查資料(OUT)'!J29:J32)) -> 0 | AP23: =IF($AD23="N","N",(AL23/$BB23)*100) -> #DIV/0! | AQ23: =IF($AD23="N","N",SUM(E23:E26)) -> 0 | AR23: =IF($AD23="N","N",SUM('調查資料(OUT)'!D29:D32)) -> 0 | AS23: =IF($AD23="N","N",SUM('調查資料(OUT)'!G29:G32)) -> 0 | AT23: =IF($AD23="N","N",SUM('調查資料(OUT)'!K29:K32)) -> 0 | AU23: =IF($AD23="N","N",(AQ23/$BB23)*100) -> #DIV/0! | AV23: =IF($AD23="N","N",AG23+AM23+AR23) -> 0 | AW23: =IF($AD23="N","N",(AV23/($AV23+$AX23+$AZ23))*100) -> #DIV/0! | AX23: =IF($AD23="N","N",AH23+AN23+AS23) -> 0 | AY23: =IF($AD23="N","N",(AX23/($AV23+$AX23+$AZ23))*100) -> #DIV/0! | AZ23: =IF($AD23="N","N",AI23+AJ23+AO23+AT23) -> 0 | BA23: =IF($AD23="N","N",(AZ23/($AV23+$AX23+$AZ23))*100) -> #DIV/0! | BB23: =IF($AD23="N","N",AF23+AL23+AQ23) -> 0 | BC23: =IF($AD23="N","N",SUM(G23:G26)) -> 0 | BD23: =IF($AD23="N","N",SUM('調查資料(OUT)'!L29:L32)) -> 0 | BE23: =IF($AD23="N","N",SUM('調查資料(OUT)'!O29:O32)) -> 0 | BF23: =IF($AD23="N","N",SUM('調查資料(OUT)'!S29:S32)) -> 0 | BG23: =IF($AD23="N","N",SUM('調查資料(OUT)'!R29:R32)) -> 0 | BH23: =IF($AD23="N","N",(BC23/BY23)*100) -> #DIV/0! | BI23: =IF($AD23="N","N",SUM(H23:H26)) -> 0 | BJ23: =IF($AD23="N","N",SUM('調查資料(OUT)'!M29:M32)) -> 0 | BK23: =IF($AD23="N","N",SUM('調查資料(OUT)'!P29:P32)) -> 0 | BL23: =IF($AD23="N","N",SUM('調查資料(OUT)'!T29:T32)) -> 0 | BM23: =IF($AD23="N","N",(BI23/BY23)*100) -> #DIV/0! | BN23: =IF($AD23="N","N",SUM(I23:I26)) -> 0 | BO23: =IF($AD23="N","N",SUM('調查資料(OUT)'!N29:N32)) -> 0 | BP23: =IF($AD23="N","N",SUM('調查資料(OUT)'!Q29:Q32)) -> 0 | BQ23: =IF($AD23="N","N",SUM('調查資料(OUT)'!U29:U32)) -> 0 | BR23: =IF($AD23="N","N",(BN23/BY23)*100) -> #DIV/0! | BS23: =IF($AD23="N","N",BD23+BJ23+BO23) -> 0 | BT23: =IF($AD23="N","N",(BS23/($BS23+$BU23+$BW23))*100) -> #DIV/0! | BU23: =IF($AD23="N","N",BE23+BK23+BP23) -> 0 | BV23: =IF($AD23="N","N",(BU23/($BS23+$BU23+$BW23))*100) -> #DIV/0! | BW23: =IF($AD23="N","N",BF23+BG23+BL23+BQ23) -> 0 | BX23: =IF($AD23="N","N",(BW23/($BS23+$BU23+$BW23))*100) -> #DIV/0! | BY23: =IF($AD23="N","N",BC23+BI23+BN23) -> 0 | BZ23: =IF($AD23="N","N",SUM(K23:K26)) -> 0 | CA23: =IF($AD23="N","N",SUM('調查資料(OUT)'!V29:V32)) -> 0 | CB23: =IF($AD23="N","N",SUM('調查資料(OUT)'!Y29:Y32)) -> 0 | CC23: =IF($AD23="N","N",SUM('調查資料(OUT)'!AC29:AC32)) -> 0 | CD23: =IF($AD23="N","N",SUM('調查資料(OUT)'!AB29:AB32)) -> 0 | CE23: =IF($AD23="N","N",(BZ23/CV23)*100) -> #DIV/0! | CF23: =IF($AD23="N","N",SUM(L23:L26)) -> 0 | CG23: =IF($AD23="N","N",SUM('調查資料(OUT)'!W29:W32)) -> 0 | CH23: =IF($AD23="N","N",SUM('調查資料(OUT)'!Z29:Z32)) -> 0 | CI23: =IF($AD23="N","N",SUM('調查資料(OUT)'!AD29:AD32)) -> 0 | CJ23: =IF($AD23="N","N",(CF23/CV23)*100) -> #DIV/0! | CK23: =IF($AD23="N","N",SUM(M23:M26)) -> 0 | CL23: =IF($AD23="N","N",SUM('調查資料(OUT)'!X29:X32)) -> 0 | CM23: =IF($AD23="N","N",SUM('調查資料(OUT)'!AA29:AA32)) -> 0 | CN23: =IF($AD23="N","N",SUM('調查資料(OUT)'!AE29:AE32)) -> 0 | CO23: =IF($AD23="N","N",(CK23/CV23)*100) -> #DIV/0! | CP23: =IF($AD23="N","N",CA23+CG23+CL23) -> 0 | CQ23: =IF($AD23="N","N",(CP23/($CP23+$CR23+$CT23))*100) -> #DIV/0! | CR23: =IF($AD23="N","N",CB23+CH23+CM23) -> 0 | CS23: =IF($AD23="N","N",(CR23/($CP23+$CR23+$CT23))*100) -> #DIV/0! | CT23: =IF($AD23="N","N",CC23+CD23+CI23+CN23) -> 0 | CU23: =IF($AD23="N","N",(CT23/($CP23+$CR23+$CT23))*100) -> #DIV/0! | CV23: =IF($AD23="N","N",BZ23+CF23+CK23) -> 0 | CW23: =IF($AD23="N","N",SUM(O23:O26)) -> 0 | CX23: =IF($AD23="N","N",SUM('調查資料(OUT)'!AF29:AF32)) -> 0 | CY23: =IF($AD23="N","N",SUM('調查資料(OUT)'!AI29:AI32)) -> 0 | CZ23: =IF($AD23="N","N",SUM('調查資料(OUT)'!AM29:AM32)) -> 0 | DA23: =IF($AD23="N","N",SUM('調查資料(OUT)'!AL29:AL32)) -> 0 | DB23: =IF($AD23="N","N",(CW23/DS23)*100) -> #DIV/0! | DC23: =IF($AD23="N","N",SUM(P23:P26)) -> 0 | DD23: =IF($AD23="N","N",SUM('調查資料(OUT)'!AG29:AG32)) -> 0 | DE23: =IF($AD23="N","N",SUM('調查資料(OUT)'!AJ29:AJ32)) -> 0 | DF23: =IF($AD23="N","N",SUM('調查資料(OUT)'!AN29:AN32)) -> 0 | DG23: =IF($AD23="N","N",(DC23/DS23)*100) -> #DIV/0! | DH23: =IF($AD23="N","N",SUM(Q23:Q26)) -> 0 | DI23: =IF($AD23="N","N",SUM('調查資料(OUT)'!AH29:AH32)) -> 0 | DJ23: =IF($AD23="N","N",SUM('調查資料(OUT)'!AK29:AK32)) -> 0 | DK23: =IF($AD23="N","N",SUM('調查資料(OUT)'!AO29:AO32)) -> 0 | DL23: =IF($AD23="N","N",(DH23/DS23)*100) -> #DIV/0! | DM23: =IF($AD23="N","N",CX23+DD23+DI23) -> 0 | DN23: =IF($AD23="N","N",(DM23/($DM23+$DO23+$DQ23))*100) -> #DIV/0! | DO23: =IF($AD23="N","N",CY23+DE23+DJ23) -> 0 | DP23: =IF($AD23="N","N",(DO23/($DM23+$DO23+$DQ23))*100) -> #DIV/0! | DQ23: =IF($AD23="N","N",CZ23+DA23+DF23+DK23) -> 0 | DR23: =IF($AD23="N","N",(DQ23/($DM23+$DO23+$DQ23))*100) -> #DIV/0! | DS23: =IF($AD23="N","N",CW23+DC23+DH23) -> 0
A24: ='調查資料(OUT)'!A30 -> 445 | B24: =SUM(C24:E24) -> 0 | C24: =IFERROR('調查資料(OUT)'!B$1*'調查資料(OUT)'!B30,0)+IFERROR('調查資料(OUT)'!E$1*'調查資料(OUT)'!E30,0)+IFERROR('調查資料(OUT)'!H$1*'調查資料(OUT)'!H30,0)+IFERROR('調查資料(OUT)'!I$1*'調查資料(OUT)'!I30,0) -> 0 | D24: =IFERROR('調查資料(OUT)'!C$1*'調查資料(OUT)'!C30,0)+IFERROR('調查資料(OUT)'!F$1*'調查資料(OUT)'!F30,0)+IFERROR('調查資料(OUT)'!J$1*'調查資料(OUT)'!J30,0) -> 0 | E24: =IFERROR('調查資料(OUT)'!D$1*'調查資料(OUT)'!D30,0)+IFERROR('調查資料(OUT)'!G$1*'調查資料(OUT)'!G30,0)+IFERROR('調查資料(OUT)'!K$1*'調查資料(OUT)'!K30,0) -> 0 | F24: =SUM(G24:I24) -> 0 | G24: =IFERROR('調查資料(OUT)'!L$1*'調查資料(OUT)'!L30,0)+IFERROR('調查資料(OUT)'!O$1*'調查資料(OUT)'!O30,0)+IFERROR('調查資料(OUT)'!R$1*'調查資料(OUT)'!R30,0)+IFERROR('調查資料(OUT)'!S$1*'調查資料(OUT)'!S30,0) -> 0 | H24: =IFERROR('調查資料(OUT)'!M$1*'調查資料(OUT)'!M30,0)+IFERROR('調查資料(OUT)'!P$1*'調查資料(OUT)'!P30,0)+IFERROR('調查資料(OUT)'!T$1*'調查資料(OUT)'!T30,0) -> 0 | I24: =IFERROR('調查資料(OUT)'!N$1*'調查資料(OUT)'!N30,0)+IFERROR('調查資料(OUT)'!Q$1*'調查資料(OUT)'!Q30,0)+IFERROR('調查資料(OUT)'!U$1*'調查資料(OUT)'!U30,0) -> 0 | J24: =SUM(K24:M24) -> 0 | K24: =IFERROR('調查資料(OUT)'!V$1*'調查資料(OUT)'!V30,0)+IFERROR('調查資料(OUT)'!Y$1*'調查資料(OUT)'!Y30,0)+IFERROR('調查資料(OUT)'!AB$1*'調查資料(OUT)'!AB30,0)+IFERROR('調查資料(OUT)'!AC$1*'調查資料(OUT)'!AC30,0) -> 0 | L24: =IFERROR('調查資料(OUT)'!W$1*'調查資料(OUT)'!W30,0)+IFERROR('調查資料(OUT)'!Z$1*'調查資料(OUT)'!Z30,0)+IFERROR('調查資料(OUT)'!AD$1*'調查資料(OUT)'!AD30,0) -> 0 | M24: =IFERROR('調查資料(OUT)'!X$1*'調查資料(OUT)'!X30,0)+IFERROR('調查資料(OUT)'!AA$1*'調查資料(OUT)'!AA30,0)+IFERROR('調查資料(OUT)'!AE$1*'調查資料(OUT)'!AE30,0) -> 0 | N24: =SUM(O24:Q24) -> 0 | O24: =IFERROR('調查資料(OUT)'!AF$1*'調查資料(OUT)'!AF30,0)+IFERROR('調查資料(OUT)'!AI$1*'調查資料(OUT)'!AI30,0)+IFERROR('調查資料(OUT)'!AL$1*'調查資料(OUT)'!AL30,0)+IFERROR('調查資料(OUT)'!AM$1*'調查資料(OUT)'!AM30,0) -> 0 | P24: =IFERROR('調查資料(OUT)'!AG$1*'調查資料(OUT)'!AG30,0)+IFERROR('調查資料(OUT)'!AJ$1*'調查資料(OUT)'!AJ30,0)+IFERROR('調查資料(OUT)'!AN$1*'調查資料(OUT)'!AN30,0) -> 0 | Q24: =IFERROR('調查資料(OUT)'!AH$1*'調查資料(OUT)'!AH30,0)+IFERROR('調查資料(OUT)'!AK$1*'調查資料(OUT)'!AK30,0)+IFERROR('調查資料(OUT)'!AO$1*'調查資料(OUT)'!AO30,0) -> 0 | R24: =B24+F24+J24+N24 -> 0 | T24: ='調查資料(OUT)'!A30 -> 445 | U24: =T24+100 -> 545 | V24: =SUM(R24:R27) -> 0 | X24: =IF($V24=$W$41,MAX(R24:R27),0) -> 0 | Y24: =IF($V24=W$5,SUM(B24:B27)/(4*(MAX(B24:B27))),0) -> #DIV/0! | Z24: =IF($V24=W$5,SUM(F24:F27)/(4*(MAX(F24:F27))),0) -> #DIV/0! | AA24: =IF($V24=W$5,SUM(J24:J27)/(4*(MAX(J24:J27))),0) -> #DIV/0! | AB24: =IF($V24=W$5,SUM(N24:N27)/(4*(MAX(N24:N27))),0) -> #DIV/0! | AD24: =IF(V24=W$5,$T24,"N") -> 445 | AE24: =IF(V24=W$5,$U24,"N") -> 545 | AF24: =IF($AD24="N","N",SUM(C24:C27)) -> 0 | AG24: =IF($AD24="N","N",SUM('調查資料(OUT)'!B30:B33)) -> 0 | AH24: =IF($AD24="N","N",SUM('調查資料(OUT)'!E30:E33)) -> 0 | AI24: =IF($AD24="N","N",SUM('調查資料(OUT)'!I30:I33)) -> 0 | AJ24: =IF($AD24="N","N",SUM('調查資料(OUT)'!H30:H33)) -> 0 | AK24: =IF($AD24="N","N",(AF24/$BB24)*100) -> #DIV/0! | AL24: =IF($AD24="N","N",SUM(D24:D27)) -> 0 | AM24: =IF($AD24="N","N",SUM('調查資料(OUT)'!C30:C33)) -> 0 | AN24: =IF($AD24="N","N",SUM('調查資料(OUT)'!F30:F33)) -> 0 | AO24: =IF($AD24="N","N",SUM('調查資料(OUT)'!J30:J33)) -> 0 | AP24: =IF($AD24="N","N",(AL24/$BB24)*100) -> #DIV/0! | AQ24: =IF($AD24="N","N",SUM(E24:E27)) -> 0 | AR24: =IF($AD24="N","N",SUM('調查資料(OUT)'!D30:D33)) -> 0 | AS24: =IF($AD24="N","N",SUM('調查資料(OUT)'!G30:G33)) -> 0 | AT24: =IF($AD24="N","N",SUM('調查資料(OUT)'!K30:K33)) -> 0 | AU24: =IF($AD24="N","N",(AQ24/$BB24)*100) -> #DIV/0! | AV24: =IF($AD24="N","N",AG24+AM24+AR24) -> 0 | AW24: =IF($AD24="N","N",(AV24/($AV24+$AX24+$AZ24))*100) -> #DIV/0! | AX24: =IF($AD24="N","N",AH24+AN24+AS24) -> 0 | AY24: =IF($AD24="N","N",(AX24/($AV24+$AX24+$AZ24))*100) -> #DIV/0! | AZ24: =IF($AD24="N","N",AI24+AJ24+AO24+AT24) -> 0 | BA24: =IF($AD24="N","N",(AZ24/($AV24+$AX24+$AZ24))*100) -> #DIV/0! | BB24: =IF($AD24="N","N",AF24+AL24+AQ24) -> 0 | BC24: =IF($AD24="N","N",SUM(G24:G27)) -> 0 | BD24: =IF($AD24="N","N",SUM('調查資料(OUT)'!L30:L33)) -> 0 | BE24: =IF($AD24="N","N",SUM('調查資料(OUT)'!O30:O33)) -> 0 | BF24: =IF($AD24="N","N",SUM('調查資料(OUT)'!S30:S33)) -> 0 | BG24: =IF($AD24="N","N",SUM('調查資料(OUT)'!R30:R33)) -> 0 | BH24: =IF($AD24="N","N",(BC24/BY24)*100) -> #DIV/0! | BI24: =IF($AD24="N","N",SUM(H24:H27)) -> 0 | BJ24: =IF($AD24="N","N",SUM('調查資料(OUT)'!M30:M33)) -> 0 | BK24: =IF($AD24="N","N",SUM('調查資料(OUT)'!P30:P33)) -> 0 | BL24: =IF($AD24="N","N",SUM('調查資料(OUT)'!T30:T33)) -> 0 | BM24: =IF($AD24="N","N",(BI24/BY24)*100) -> #DIV/0! | BN24: =IF($AD24="N","N",SUM(I24:I27)) -> 0 | BO24: =IF($AD24="N","N",SUM('調查資料(OUT)'!N30:N33)) -> 0 | BP24: =IF($AD24="N","N",SUM('調查資料(OUT)'!Q30:Q33)) -> 0 | BQ24: =IF($AD24="N","N",SUM('調查資料(OUT)'!U30:U33)) -> 0 | BR24: =IF($AD24="N","N",(BN24/BY24)*100) -> #DIV/0! | BS24: =IF($AD24="N","N",BD24+BJ24+BO24) -> 0 | BT24: =IF($AD24="N","N",(BS24/($BS24+$BU24+$BW24))*100) -> #DIV/0! | BU24: =IF($AD24="N","N",BE24+BK24+BP24) -> 0 | BV24: =IF($AD24="N","N",(BU24/($BS24+$BU24+$BW24))*100) -> #DIV/0! | BW24: =IF($AD24="N","N",BF24+BG24+BL24+BQ24) -> 0 | BX24: =IF($AD24="N","N",(BW24/($BS24+$BU24+$BW24))*100) -> #DIV/0! | BY24: =IF($AD24="N","N",BC24+BI24+BN24) -> 0 | BZ24: =IF($AD24="N","N",SUM(K24:K27)) -> 0 | CA24: =IF($AD24="N","N",SUM('調查資料(OUT)'!V30:V33)) -> 0 | CB24: =IF($AD24="N","N",SUM('調查資料(OUT)'!Y30:Y33)) -> 0 | CC24: =IF($AD24="N","N",SUM('調查資料(OUT)'!AC30:AC33)) -> 0 | CD24: =IF($AD24="N","N",SUM('調查資料(OUT)'!AB30:AB33)) -> 0 | CE24: =IF($AD24="N","N",(BZ24/CV24)*100) -> #DIV/0! | CF24: =IF($AD24="N","N",SUM(L24:L27)) -> 0 | CG24: =IF($AD24="N","N",SUM('調查資料(OUT)'!W30:W33)) -> 0 | CH24: =IF($AD24="N","N",SUM('調查資料(OUT)'!Z30:Z33)) -> 0 | CI24: =IF($AD24="N","N",SUM('調查資料(OUT)'!AD30:AD33)) -> 0 | CJ24: =IF($AD24="N","N",(CF24/CV24)*100) -> #DIV/0! | CK24: =IF($AD24="N","N",SUM(M24:M27)) -> 0 | CL24: =IF($AD24="N","N",SUM('調查資料(OUT)'!X30:X33)) -> 0 | CM24: =IF($AD24="N","N",SUM('調查資料(OUT)'!AA30:AA33)) -> 0 | CN24: =IF($AD24="N","N",SUM('調查資料(OUT)'!AE30:AE33)) -> 0 | CO24: =IF($AD24="N","N",(CK24/CV24)*100) -> #DIV/0! | CP24: =IF($AD24="N","N",CA24+CG24+CL24) -> 0 | CQ24: =IF($AD24="N","N",(CP24/($CP24+$CR24+$CT24))*100) -> #DIV/0! | CR24: =IF($AD24="N","N",CB24+CH24+CM24) -> 0 | CS24: =IF($AD24="N","N",(CR24/($CP24+$CR24+$CT24))*100) -> #DIV/0! | CT24: =IF($AD24="N","N",CC24+CD24+CI24+CN24) -> 0 | CU24: =IF($AD24="N","N",(CT24/($CP24+$CR24+$CT24))*100) -> #DIV/0! | CV24: =IF($AD24="N","N",BZ24+CF24+CK24) -> 0 | CW24: =IF($AD24="N","N",SUM(O24:O27)) -> 0 | CX24: =IF($AD24="N","N",SUM('調查資料(OUT)'!AF30:AF33)) -> 0 | CY24: =IF($AD24="N","N",SUM('調查資料(OUT)'!AI30:AI33)) -> 0 | CZ24: =IF($AD24="N","N",SUM('調查資料(OUT)'!AM30:AM33)) -> 0 | DA24: =IF($AD24="N","N",SUM('調查資料(OUT)'!AL30:AL33)) -> 0 | DB24: =IF($AD24="N","N",(CW24/DS24)*100) -> #DIV/0! | DC24: =IF($AD24="N","N",SUM(P24:P27)) -> 0 | DD24: =IF($AD24="N","N",SUM('調查資料(OUT)'!AG30:AG33)) -> 0 | DE24: =IF($AD24="N","N",SUM('調查資料(OUT)'!AJ30:AJ33)) -> 0 | DF24: =IF($AD24="N","N",SUM('調查資料(OUT)'!AN30:AN33)) -> 0 | DG24: =IF($AD24="N","N",(DC24/DS24)*100) -> #DIV/0! | DH24: =IF($AD24="N","N",SUM(Q24:Q27)) -> 0 | DI24: =IF($AD24="N","N",SUM('調查資料(OUT)'!AH30:AH33)) -> 0 | DJ24: =IF($AD24="N","N",SUM('調查資料(OUT)'!AK30:AK33)) -> 0 | DK24: =IF($AD24="N","N",SUM('調查資料(OUT)'!AO30:AO33)) -> 0 | DL24: =IF($AD24="N","N",(DH24/DS24)*100) -> #DIV/0! | DM24: =IF($AD24="N","N",CX24+DD24+DI24) -> 0 | DN24: =IF($AD24="N","N",(DM24/($DM24+$DO24+$DQ24))*100) -> #DIV/0! | DO24: =IF($AD24="N","N",CY24+DE24+DJ24) -> 0 | DP24: =IF($AD24="N","N",(DO24/($DM24+$DO24+$DQ24))*100) -> #DIV/0! | DQ24: =IF($AD24="N","N",CZ24+DA24+DF24+DK24) -> 0 | DR24: =IF($AD24="N","N",(DQ24/($DM24+$DO24+$DQ24))*100) -> #DIV/0! | DS24: =IF($AD24="N","N",CW24+DC24+DH24) -> 0
A25: ='調查資料(OUT)'!A31 -> 500 | B25: =SUM(C25:E25) -> 0 | C25: =IFERROR('調查資料(OUT)'!B$1*'調查資料(OUT)'!B31,0)+IFERROR('調查資料(OUT)'!E$1*'調查資料(OUT)'!E31,0)+IFERROR('調查資料(OUT)'!H$1*'調查資料(OUT)'!H31,0)+IFERROR('調查資料(OUT)'!I$1*'調查資料(OUT)'!I31,0) -> 0 | D25: =IFERROR('調查資料(OUT)'!C$1*'調查資料(OUT)'!C31,0)+IFERROR('調查資料(OUT)'!F$1*'調查資料(OUT)'!F31,0)+IFERROR('調查資料(OUT)'!J$1*'調查資料(OUT)'!J31,0) -> 0 | E25: =IFERROR('調查資料(OUT)'!D$1*'調查資料(OUT)'!D31,0)+IFERROR('調查資料(OUT)'!G$1*'調查資料(OUT)'!G31,0)+IFERROR('調查資料(OUT)'!K$1*'調查資料(OUT)'!K31,0) -> 0 | F25: =SUM(G25:I25) -> 0 | G25: =IFERROR('調查資料(OUT)'!L$1*'調查資料(OUT)'!L31,0)+IFERROR('調查資料(OUT)'!O$1*'調查資料(OUT)'!O31,0)+IFERROR('調查資料(OUT)'!R$1*'調查資料(OUT)'!R31,0)+IFERROR('調查資料(OUT)'!S$1*'調查資料(OUT)'!S31,0) -> 0 | H25: =IFERROR('調查資料(OUT)'!M$1*'調查資料(OUT)'!M31,0)+IFERROR('調查資料(OUT)'!P$1*'調查資料(OUT)'!P31,0)+IFERROR('調查資料(OUT)'!T$1*'調查資料(OUT)'!T31,0) -> 0 | I25: =IFERROR('調查資料(OUT)'!N$1*'調查資料(OUT)'!N31,0)+IFERROR('調查資料(OUT)'!Q$1*'調查資料(OUT)'!Q31,0)+IFERROR('調查資料(OUT)'!U$1*'調查資料(OUT)'!U31,0) -> 0 | J25: =SUM(K25:M25) -> 0 | K25: =IFERROR('調查資料(OUT)'!V$1*'調查資料(OUT)'!V31,0)+IFERROR('調查資料(OUT)'!Y$1*'調查資料(OUT)'!Y31,0)+IFERROR('調查資料(OUT)'!AB$1*'調查資料(OUT)'!AB31,0)+IFERROR('調查資料(OUT)'!AC$1*'調查資料(OUT)'!AC31,0) -> 0 | L25: =IFERROR('調查資料(OUT)'!W$1*'調查資料(OUT)'!W31,0)+IFERROR('調查資料(OUT)'!Z$1*'調查資料(OUT)'!Z31,0)+IFERROR('調查資料(OUT)'!AD$1*'調查資料(OUT)'!AD31,0) -> 0 | M25: =IFERROR('調查資料(OUT)'!X$1*'調查資料(OUT)'!X31,0)+IFERROR('調查資料(OUT)'!AA$1*'調查資料(OUT)'!AA31,0)+IFERROR('調查資料(OUT)'!AE$1*'調查資料(OUT)'!AE31,0) -> 0 | N25: =SUM(O25:Q25) -> 0 | O25: =IFERROR('調查資料(OUT)'!AF$1*'調查資料(OUT)'!AF31,0)+IFERROR('調查資料(OUT)'!AI$1*'調查資料(OUT)'!AI31,0)+IFERROR('調查資料(OUT)'!AL$1*'調查資料(OUT)'!AL31,0)+IFERROR('調查資料(OUT)'!AM$1*'調查資料(OUT)'!AM31,0) -> 0 | P25: =IFERROR('調查資料(OUT)'!AG$1*'調查資料(OUT)'!AG31,0)+IFERROR('調查資料(OUT)'!AJ$1*'調查資料(OUT)'!AJ31,0)+IFERROR('調查資料(OUT)'!AN$1*'調查資料(OUT)'!AN31,0) -> 0 | Q25: =IFERROR('調查資料(OUT)'!AH$1*'調查資料(OUT)'!AH31,0)+IFERROR('調查資料(OUT)'!AK$1*'調查資料(OUT)'!AK31,0)+IFERROR('調查資料(OUT)'!AO$1*'調查資料(OUT)'!AO31,0) -> 0 | R25: =B25+F25+J25+N25 -> 0 | T25: ='調查資料(OUT)'!A31 -> 500 | U25: =T25+100 -> 600 | V25: =SUM(R25:R28) -> 0 | X25: =IF($V25=$W$41,MAX(R25:R28),0) -> 0 | Y25: =IF($V25=W$5,SUM(B25:B28)/(4*(MAX(B25:B28))),0) -> #DIV/0! | Z25: =IF($V25=W$5,SUM(F25:F28)/(4*(MAX(F25:F28))),0) -> #DIV/0! | AA25: =IF($V25=W$5,SUM(J25:J28)/(4*(MAX(J25:J28))),0) -> #DIV/0! | AB25: =IF($V25=W$5,SUM(N25:N28)/(4*(MAX(N25:N28))),0) -> #DIV/0! | AD25: =IF(V25=W$5,$T25,"N") -> 500 | AE25: =IF(V25=W$5,$U25,"N") -> 600 | AF25: =IF($AD25="N","N",SUM(C25:C28)) -> 0 | AG25: =IF($AD25="N","N",SUM('調查資料(OUT)'!B31:B34)) -> 0 | AH25: =IF($AD25="N","N",SUM('調查資料(OUT)'!E31:E34)) -> 0 | AI25: =IF($AD25="N","N",SUM('調查資料(OUT)'!I31:I34)) -> 0 | AJ25: =IF($AD25="N","N",SUM('調查資料(OUT)'!H31:H34)) -> 0 | AK25: =IF($AD25="N","N",(AF25/$BB25)*100) -> #DIV/0! | AL25: =IF($AD25="N","N",SUM(D25:D28)) -> 0 | AM25: =IF($AD25="N","N",SUM('調查資料(OUT)'!C31:C34)) -> 0 | AN25: =IF($AD25="N","N",SUM('調查資料(OUT)'!F31:F34)) -> 0 | AO25: =IF($AD25="N","N",SUM('調查資料(OUT)'!J31:J34)) -> 0 | AP25: =IF($AD25="N","N",(AL25/$BB25)*100) -> #DIV/0! | AQ25: =IF($AD25="N","N",SUM(E25:E28)) -> 0 | AR25: =IF($AD25="N","N",SUM('調查資料(OUT)'!D31:D34)) -> 0 | AS25: =IF($AD25="N","N",SUM('調查資料(OUT)'!G31:G34)) -> 0 | AT25: =IF($AD25="N","N",SUM('調查資料(OUT)'!K31:K34)) -> 0 | AU25: =IF($AD25="N","N",(AQ25/$BB25)*100) -> #DIV/0! | AV25: =IF($AD25="N","N",AG25+AM25+AR25) -> 0 | AW25: =IF($AD25="N","N",(AV25/($AV25+$AX25+$AZ25))*100) -> #DIV/0! | AX25: =IF($AD25="N","N",AH25+AN25+AS25) -> 0 | AY25: =IF($AD25="N","N",(AX25/($AV25+$AX25+$AZ25))*100) -> #DIV/0! | AZ25: =IF($AD25="N","N",AI25+AJ25+AO25+AT25) -> 0 | BA25: =IF($AD25="N","N",(AZ25/($AV25+$AX25+$AZ25))*100) -> #DIV/0! | BB25: =IF($AD25="N","N",AF25+AL25+AQ25) -> 0 | BC25: =IF($AD25="N","N",SUM(G25:G28)) -> 0 | BD25: =IF($AD25="N","N",SUM('調查資料(OUT)'!L31:L34)) -> 0 | BE25: =IF($AD25="N","N",SUM('調查資料(OUT)'!O31:O34)) -> 0 | BF25: =IF($AD25="N","N",SUM('調查資料(OUT)'!S31:S34)) -> 0 | BG25: =IF($AD25="N","N",SUM('調查資料(OUT)'!R31:R34)) -> 0 | BH25: =IF($AD25="N","N",(BC25/BY25)*100) -> #DIV/0! | BI25: =IF($AD25="N","N",SUM(H25:H28)) -> 0 | BJ25: =IF($AD25="N","N",SUM('調查資料(OUT)'!M31:M34)) -> 0 | BK25: =IF($AD25="N","N",SUM('調查資料(OUT)'!P31:P34)) -> 0 | BL25: =IF($AD25="N","N",SUM('調查資料(OUT)'!T31:T34)) -> 0 | BM25: =IF($AD25="N","N",(BI25/BY25)*100) -> #DIV/0! | BN25: =IF($AD25="N","N",SUM(I25:I28)) -> 0 | BO25: =IF($AD25="N","N",SUM('調查資料(OUT)'!N31:N34)) -> 0 | BP25: =IF($AD25="N","N",SUM('調查資料(OUT)'!Q31:Q34)) -> 0 | BQ25: =IF($AD25="N","N",SUM('調查資料(OUT)'!U31:U34)) -> 0 | BR25: =IF($AD25="N","N",(BN25/BY25)*100) -> #DIV/0! | BS25: =IF($AD25="N","N",BD25+BJ25+BO25) -> 0 | BT25: =IF($AD25="N","N",(BS25/($BS25+$BU25+$BW25))*100) -> #DIV/0! | BU25: =IF($AD25="N","N",BE25+BK25+BP25) -> 0 | BV25: =IF($AD25="N","N",(BU25/($BS25+$BU25+$BW25))*100) -> #DIV/0! | BW25: =IF($AD25="N","N",BF25+BG25+BL25+BQ25) -> 0 | BX25: =IF($AD25="N","N",(BW25/($BS25+$BU25+$BW25))*100) -> #DIV/0! | BY25: =IF($AD25="N","N",BC25+BI25+BN25) -> 0 | BZ25: =IF($AD25="N","N",SUM(K25:K28)) -> 0 | CA25: =IF($AD25="N","N",SUM('調查資料(OUT)'!V31:V34)) -> 0 | CB25: =IF($AD25="N","N",SUM('調查資料(OUT)'!Y31:Y34)) -> 0 | CC25: =IF($AD25="N","N",SUM('調查資料(OUT)'!AC31:AC34)) -> 0 | CD25: =IF($AD25="N","N",SUM('調查資料(OUT)'!AB31:AB34)) -> 0 | CE25: =IF($AD25="N","N",(BZ25/CV25)*100) -> #DIV/0! | CF25: =IF($AD25="N","N",SUM(L25:L28)) -> 0 | CG25: =IF($AD25="N","N",SUM('調查資料(OUT)'!W31:W34)) -> 0 | CH25: =IF($AD25="N","N",SUM('調查資料(OUT)'!Z31:Z34)) -> 0 | CI25: =IF($AD25="N","N",SUM('調查資料(OUT)'!AD31:AD34)) -> 0 | CJ25: =IF($AD25="N","N",(CF25/CV25)*100) -> #DIV/0! | CK25: =IF($AD25="N","N",SUM(M25:M28)) -> 0 | CL25: =IF($AD25="N","N",SUM('調查資料(OUT)'!X31:X34)) -> 0 | CM25: =IF($AD25="N","N",SUM('調查資料(OUT)'!AA31:AA34)) -> 0 | CN25: =IF($AD25="N","N",SUM('調查資料(OUT)'!AE31:AE34)) -> 0 | CO25: =IF($AD25="N","N",(CK25/CV25)*100) -> #DIV/0! | CP25: =IF($AD25="N","N",CA25+CG25+CL25) -> 0 | CQ25: =IF($AD25="N","N",(CP25/($CP25+$CR25+$CT25))*100) -> #DIV/0! | CR25: =IF($AD25="N","N",CB25+CH25+CM25) -> 0 | CS25: =IF($AD25="N","N",(CR25/($CP25+$CR25+$CT25))*100) -> #DIV/0! | CT25: =IF($AD25="N","N",CC25+CD25+CI25+CN25) -> 0 | CU25: =IF($AD25="N","N",(CT25/($CP25+$CR25+$CT25))*100) -> #DIV/0! | CV25: =IF($AD25="N","N",BZ25+CF25+CK25) -> 0 | CW25: =IF($AD25="N","N",SUM(O25:O28)) -> 0 | CX25: =IF($AD25="N","N",SUM('調查資料(OUT)'!AF31:AF34)) -> 0 | CY25: =IF($AD25="N","N",SUM('調查資料(OUT)'!AI31:AI34)) -> 0 | CZ25: =IF($AD25="N","N",SUM('調查資料(OUT)'!AM31:AM34)) -> 0 | DA25: =IF($AD25="N","N",SUM('調查資料(OUT)'!AL31:AL34)) -> 0 | DB25: =IF($AD25="N","N",(CW25/DS25)*100) -> #DIV/0! | DC25: =IF($AD25="N","N",SUM(P25:P28)) -> 0 | DD25: =IF($AD25="N","N",SUM('調查資料(OUT)'!AG31:AG34)) -> 0 | DE25: =IF($AD25="N","N",SUM('調查資料(OUT)'!AJ31:AJ34)) -> 0 | DF25: =IF($AD25="N","N",SUM('調查資料(OUT)'!AN31:AN34)) -> 0 | DG25: =IF($AD25="N","N",(DC25/DS25)*100) -> #DIV/0! | DH25: =IF($AD25="N","N",SUM(Q25:Q28)) -> 0 | DI25: =IF($AD25="N","N",SUM('調查資料(OUT)'!AH31:AH34)) -> 0 | DJ25: =IF($AD25="N","N",SUM('調查資料(OUT)'!AK31:AK34)) -> 0 | DK25: =IF($AD25="N","N",SUM('調查資料(OUT)'!AO31:AO34)) -> 0 | DL25: =IF($AD25="N","N",(DH25/DS25)*100) -> #DIV/0! | DM25: =IF($AD25="N","N",CX25+DD25+DI25) -> 0 | DN25: =IF($AD25="N","N",(DM25/($DM25+$DO25+$DQ25))*100) -> #DIV/0! | DO25: =IF($AD25="N","N",CY25+DE25+DJ25) -> 0 | DP25: =IF($AD25="N","N",(DO25/($DM25+$DO25+$DQ25))*100) -> #DIV/0! | DQ25: =IF($AD25="N","N",CZ25+DA25+DF25+DK25) -> 0 | DR25: =IF($AD25="N","N",(DQ25/($DM25+$DO25+$DQ25))*100) -> #DIV/0! | DS25: =IF($AD25="N","N",CW25+DC25+DH25) -> 0
A26: ='調查資料(OUT)'!A32 -> 515 | B26: =SUM(C26:E26) -> 0 | C26: =IFERROR('調查資料(OUT)'!B$1*'調查資料(OUT)'!B32,0)+IFERROR('調查資料(OUT)'!E$1*'調查資料(OUT)'!E32,0)+IFERROR('調查資料(OUT)'!H$1*'調查資料(OUT)'!H32,0)+IFERROR('調查資料(OUT)'!I$1*'調查資料(OUT)'!I32,0) -> 0 | D26: =IFERROR('調查資料(OUT)'!C$1*'調查資料(OUT)'!C32,0)+IFERROR('調查資料(OUT)'!F$1*'調查資料(OUT)'!F32,0)+IFERROR('調查資料(OUT)'!J$1*'調查資料(OUT)'!J32,0) -> 0 | E26: =IFERROR('調查資料(OUT)'!D$1*'調查資料(OUT)'!D32,0)+IFERROR('調查資料(OUT)'!G$1*'調查資料(OUT)'!G32,0)+IFERROR('調查資料(OUT)'!K$1*'調查資料(OUT)'!K32,0) -> 0 | F26: =SUM(G26:I26) -> 0 | G26: =IFERROR('調查資料(OUT)'!L$1*'調查資料(OUT)'!L32,0)+IFERROR('調查資料(OUT)'!O$1*'調查資料(OUT)'!O32,0)+IFERROR('調查資料(OUT)'!R$1*'調查資料(OUT)'!R32,0)+IFERROR('調查資料(OUT)'!S$1*'調查資料(OUT)'!S32,0) -> 0 | H26: =IFERROR('調查資料(OUT)'!M$1*'調查資料(OUT)'!M32,0)+IFERROR('調查資料(OUT)'!P$1*'調查資料(OUT)'!P32,0)+IFERROR('調查資料(OUT)'!T$1*'調查資料(OUT)'!T32,0) -> 0 | I26: =IFERROR('調查資料(OUT)'!N$1*'調查資料(OUT)'!N32,0)+IFERROR('調查資料(OUT)'!Q$1*'調查資料(OUT)'!Q32,0)+IFERROR('調查資料(OUT)'!U$1*'調查資料(OUT)'!U32,0) -> 0 | J26: =SUM(K26:M26) -> 0 | K26: =IFERROR('調查資料(OUT)'!V$1*'調查資料(OUT)'!V32,0)+IFERROR('調查資料(OUT)'!Y$1*'調查資料(OUT)'!Y32,0)+IFERROR('調查資料(OUT)'!AB$1*'調查資料(OUT)'!AB32,0)+IFERROR('調查資料(OUT)'!AC$1*'調查資料(OUT)'!AC32,0) -> 0 | L26: =IFERROR('調查資料(OUT)'!W$1*'調查資料(OUT)'!W32,0)+IFERROR('調查資料(OUT)'!Z$1*'調查資料(OUT)'!Z32,0)+IFERROR('調查資料(OUT)'!AD$1*'調查資料(OUT)'!AD32,0) -> 0 | M26: =IFERROR('調查資料(OUT)'!X$1*'調查資料(OUT)'!X32,0)+IFERROR('調查資料(OUT)'!AA$1*'調查資料(OUT)'!AA32,0)+IFERROR('調查資料(OUT)'!AE$1*'調查資料(OUT)'!AE32,0) -> 0 | N26: =SUM(O26:Q26) -> 0 | O26: =IFERROR('調查資料(OUT)'!AF$1*'調查資料(OUT)'!AF32,0)+IFERROR('調查資料(OUT)'!AI$1*'調查資料(OUT)'!AI32,0)+IFERROR('調查資料(OUT)'!AL$1*'調查資料(OUT)'!AL32,0)+IFERROR('調查資料(OUT)'!AM$1*'調查資料(OUT)'!AM32,0) -> 0 | P26: =IFERROR('調查資料(OUT)'!AG$1*'調查資料(OUT)'!AG32,0)+IFERROR('調查資料(OUT)'!AJ$1*'調查資料(OUT)'!AJ32,0)+IFERROR('調查資料(OUT)'!AN$1*'調查資料(OUT)'!AN32,0) -> 0 | Q26: =IFERROR('調查資料(OUT)'!AH$1*'調查資料(OUT)'!AH32,0)+IFERROR('調查資料(OUT)'!AK$1*'調查資料(OUT)'!AK32,0)+IFERROR('調查資料(OUT)'!AO$1*'調查資料(OUT)'!AO32,0) -> 0 | R26: =B26+F26+J26+N26 -> 0 | T26: ='調查資料(OUT)'!A32 -> 515 | U26: =T26+100 -> 615 | V26: =SUM(R26:R29) -> 0 | X26: =IF($V26=$W$41,MAX(R26:R29),0) -> 0 | Y26: =IF($V26=W$5,SUM(B26:B29)/(4*(MAX(B26:B29))),0) -> #DIV/0! | Z26: =IF($V26=W$5,SUM(F26:F29)/(4*(MAX(F26:F29))),0) -> #DIV/0! | AA26: =IF($V26=W$5,SUM(J26:J29)/(4*(MAX(J26:J29))),0) -> #DIV/0! | AB26: =IF($V26=W$5,SUM(N26:N29)/(4*(MAX(N26:N29))),0) -> #DIV/0! | AD26: =IF(V26=W$5,$T26,"N") -> 515 | AE26: =IF(V26=W$5,$U26,"N") -> 615 | AF26: =IF($AD26="N","N",SUM(C26:C29)) -> 0 | AG26: =IF($AD26="N","N",SUM('調查資料(OUT)'!B32:B35)) -> 0 | AH26: =IF($AD26="N","N",SUM('調查資料(OUT)'!E32:E35)) -> 0 | AI26: =IF($AD26="N","N",SUM('調查資料(OUT)'!I32:I35)) -> 0 | AJ26: =IF($AD26="N","N",SUM('調查資料(OUT)'!H32:H35)) -> 0 | AK26: =IF($AD26="N","N",(AF26/$BB26)*100) -> #DIV/0! | AL26: =IF($AD26="N","N",SUM(D26:D29)) -> 0 | AM26: =IF($AD26="N","N",SUM('調查資料(OUT)'!C32:C35)) -> 0 | AN26: =IF($AD26="N","N",SUM('調查資料(OUT)'!F32:F35)) -> 0 | AO26: =IF($AD26="N","N",SUM('調查資料(OUT)'!J32:J35)) -> 0 | AP26: =IF($AD26="N","N",(AL26/$BB26)*100) -> #DIV/0! | AQ26: =IF($AD26="N","N",SUM(E26:E29)) -> 0 | AR26: =IF($AD26="N","N",SUM('調查資料(OUT)'!D32:D35)) -> 0 | AS26: =IF($AD26="N","N",SUM('調查資料(OUT)'!G32:G35)) -> 0 | AT26: =IF($AD26="N","N",SUM('調查資料(OUT)'!K32:K35)) -> 0 | AU26: =IF($AD26="N","N",(AQ26/$BB26)*100) -> #DIV/0! | AV26: =IF($AD26="N","N",AG26+AM26+AR26) -> 0 | AW26: =IF($AD26="N","N",(AV26/($AV26+$AX26+$AZ26))*100) -> #DIV/0! | AX26: =IF($AD26="N","N",AH26+AN26+AS26) -> 0 | AY26: =IF($AD26="N","N",(AX26/($AV26+$AX26+$AZ26))*100) -> #DIV/0! | AZ26: =IF($AD26="N","N",AI26+AJ26+AO26+AT26) -> 0 | BA26: =IF($AD26="N","N",(AZ26/($AV26+$AX26+$AZ26))*100) -> #DIV/0! | BB26: =IF($AD26="N","N",AF26+AL26+AQ26) -> 0 | BC26: =IF($AD26="N","N",SUM(G26:G29)) -> 0 | BD26: =IF($AD26="N","N",SUM('調查資料(OUT)'!L32:L35)) -> 0 | BE26: =IF($AD26="N","N",SUM('調查資料(OUT)'!O32:O35)) -> 0 | BF26: =IF($AD26="N","N",SUM('調查資料(OUT)'!S32:S35)) -> 0 | BG26: =IF($AD26="N","N",SUM('調查資料(OUT)'!R32:R35)) -> 0 | BH26: =IF($AD26="N","N",(BC26/BY26)*100) -> #DIV/0! | BI26: =IF($AD26="N","N",SUM(H26:H29)) -> 0 | BJ26: =IF($AD26="N","N",SUM('調查資料(OUT)'!M32:M35)) -> 0 | BK26: =IF($AD26="N","N",SUM('調查資料(OUT)'!P32:P35)) -> 0 | BL26: =IF($AD26="N","N",SUM('調查資料(OUT)'!T32:T35)) -> 0 | BM26: =IF($AD26="N","N",(BI26/BY26)*100) -> #DIV/0! | BN26: =IF($AD26="N","N",SUM(I26:I29)) -> 0 | BO26: =IF($AD26="N","N",SUM('調查資料(OUT)'!N32:N35)) -> 0 | BP26: =IF($AD26="N","N",SUM('調查資料(OUT)'!Q32:Q35)) -> 0 | BQ26: =IF($AD26="N","N",SUM('調查資料(OUT)'!U32:U35)) -> 0 | BR26: =IF($AD26="N","N",(BN26/BY26)*100) -> #DIV/0! | BS26: =IF($AD26="N","N",BD26+BJ26+BO26) -> 0 | BT26: =IF($AD26="N","N",(BS26/($BS26+$BU26+$BW26))*100) -> #DIV/0! | BU26: =IF($AD26="N","N",BE26+BK26+BP26) -> 0 | BV26: =IF($AD26="N","N",(BU26/($BS26+$BU26+$BW26))*100) -> #DIV/0! | BW26: =IF($AD26="N","N",BF26+BG26+BL26+BQ26) -> 0 | BX26: =IF($AD26="N","N",(BW26/($BS26+$BU26+$BW26))*100) -> #DIV/0! | BY26: =IF($AD26="N","N",BC26+BI26+BN26) -> 0 | BZ26: =IF($AD26="N","N",SUM(K26:K29)) -> 0 | CA26: =IF($AD26="N","N",SUM('調查資料(OUT)'!V32:V35)) -> 0 | CB26: =IF($AD26="N","N",SUM('調查資料(OUT)'!Y32:Y35)) -> 0 | CC26: =IF($AD26="N","N",SUM('調查資料(OUT)'!AC32:AC35)) -> 0 | CD26: =IF($AD26="N","N",SUM('調查資料(OUT)'!AB32:AB35)) -> 0 | CE26: =IF($AD26="N","N",(BZ26/CV26)*100) -> #DIV/0! | CF26: =IF($AD26="N","N",SUM(L26:L29)) -> 0 | CG26: =IF($AD26="N","N",SUM('調查資料(OUT)'!W32:W35)) -> 0 | CH26: =IF($AD26="N","N",SUM('調查資料(OUT)'!Z32:Z35)) -> 0 | CI26: =IF($AD26="N","N",SUM('調查資料(OUT)'!AD32:AD35)) -> 0 | CJ26: =IF($AD26="N","N",(CF26/CV26)*100) -> #DIV/0! | CK26: =IF($AD26="N","N",SUM(M26:M29)) -> 0 | CL26: =IF($AD26="N","N",SUM('調查資料(OUT)'!X32:X35)) -> 0 | CM26: =IF($AD26="N","N",SUM('調查資料(OUT)'!AA32:AA35)) -> 0 | CN26: =IF($AD26="N","N",SUM('調查資料(OUT)'!AE32:AE35)) -> 0 | CO26: =IF($AD26="N","N",(CK26/CV26)*100) -> #DIV/0! | CP26: =IF($AD26="N","N",CA26+CG26+CL26) -> 0 | CQ26: =IF($AD26="N","N",(CP26/($CP26+$CR26+$CT26))*100) -> #DIV/0! | CR26: =IF($AD26="N","N",CB26+CH26+CM26) -> 0 | CS26: =IF($AD26="N","N",(CR26/($CP26+$CR26+$CT26))*100) -> #DIV/0! | CT26: =IF($AD26="N","N",CC26+CD26+CI26+CN26) -> 0 | CU26: =IF($AD26="N","N",(CT26/($CP26+$CR26+$CT26))*100) -> #DIV/0! | CV26: =IF($AD26="N","N",BZ26+CF26+CK26) -> 0 | CW26: =IF($AD26="N","N",SUM(O26:O29)) -> 0 | CX26: =IF($AD26="N","N",SUM('調查資料(OUT)'!AF32:AF35)) -> 0 | CY26: =IF($AD26="N","N",SUM('調查資料(OUT)'!AI32:AI35)) -> 0 | CZ26: =IF($AD26="N","N",SUM('調查資料(OUT)'!AM32:AM35)) -> 0 | DA26: =IF($AD26="N","N",SUM('調查資料(OUT)'!AL32:AL35)) -> 0 | DB26: =IF($AD26="N","N",(CW26/DS26)*100) -> #DIV/0! | DC26: =IF($AD26="N","N",SUM(P26:P29)) -> 0 | DD26: =IF($AD26="N","N",SUM('調查資料(OUT)'!AG32:AG35)) -> 0 | DE26: =IF($AD26="N","N",SUM('調查資料(OUT)'!AJ32:AJ35)) -> 0 | DF26: =IF($AD26="N","N",SUM('調查資料(OUT)'!AN32:AN35)) -> 0 | DG26: =IF($AD26="N","N",(DC26/DS26)*100) -> #DIV/0! | DH26: =IF($AD26="N","N",SUM(Q26:Q29)) -> 0 | DI26: =IF($AD26="N","N",SUM('調查資料(OUT)'!AH32:AH35)) -> 0 | DJ26: =IF($AD26="N","N",SUM('調查資料(OUT)'!AK32:AK35)) -> 0 | DK26: =IF($AD26="N","N",SUM('調查資料(OUT)'!AO32:AO35)) -> 0 | DL26: =IF($AD26="N","N",(DH26/DS26)*100) -> #DIV/0! | DM26: =IF($AD26="N","N",CX26+DD26+DI26) -> 0 | DN26: =IF($AD26="N","N",(DM26/($DM26+$DO26+$DQ26))*100) -> #DIV/0! | DO26: =IF($AD26="N","N",CY26+DE26+DJ26) -> 0 | DP26: =IF($AD26="N","N",(DO26/($DM26+$DO26+$DQ26))*100) -> #DIV/0! | DQ26: =IF($AD26="N","N",CZ26+DA26+DF26+DK26) -> 0 | DR26: =IF($AD26="N","N",(DQ26/($DM26+$DO26+$DQ26))*100) -> #DIV/0! | DS26: =IF($AD26="N","N",CW26+DC26+DH26) -> 0
A27: ='調查資料(OUT)'!A33 -> 530 | B27: =SUM(C27:E27) -> 0 | C27: =IFERROR('調查資料(OUT)'!B$1*'調查資料(OUT)'!B33,0)+IFERROR('調查資料(OUT)'!E$1*'調查資料(OUT)'!E33,0)+IFERROR('調查資料(OUT)'!H$1*'調查資料(OUT)'!H33,0)+IFERROR('調查資料(OUT)'!I$1*'調查資料(OUT)'!I33,0) -> 0 | D27: =IFERROR('調查資料(OUT)'!C$1*'調查資料(OUT)'!C33,0)+IFERROR('調查資料(OUT)'!F$1*'調查資料(OUT)'!F33,0)+IFERROR('調查資料(OUT)'!J$1*'調查資料(OUT)'!J33,0) -> 0 | E27: =IFERROR('調查資料(OUT)'!D$1*'調查資料(OUT)'!D33,0)+IFERROR('調查資料(OUT)'!G$1*'調查資料(OUT)'!G33,0)+IFERROR('調查資料(OUT)'!K$1*'調查資料(OUT)'!K33,0) -> 0 | F27: =SUM(G27:I27) -> 0 | G27: =IFERROR('調查資料(OUT)'!L$1*'調查資料(OUT)'!L33,0)+IFERROR('調查資料(OUT)'!O$1*'調查資料(OUT)'!O33,0)+IFERROR('調查資料(OUT)'!R$1*'調查資料(OUT)'!R33,0)+IFERROR('調查資料(OUT)'!S$1*'調查資料(OUT)'!S33,0) -> 0 | H27: =IFERROR('調查資料(OUT)'!M$1*'調查資料(OUT)'!M33,0)+IFERROR('調查資料(OUT)'!P$1*'調查資料(OUT)'!P33,0)+IFERROR('調查資料(OUT)'!T$1*'調查資料(OUT)'!T33,0) -> 0 | I27: =IFERROR('調查資料(OUT)'!N$1*'調查資料(OUT)'!N33,0)+IFERROR('調查資料(OUT)'!Q$1*'調查資料(OUT)'!Q33,0)+IFERROR('調查資料(OUT)'!U$1*'調查資料(OUT)'!U33,0) -> 0 | J27: =SUM(K27:M27) -> 0 | K27: =IFERROR('調查資料(OUT)'!V$1*'調查資料(OUT)'!V33,0)+IFERROR('調查資料(OUT)'!Y$1*'調查資料(OUT)'!Y33,0)+IFERROR('調查資料(OUT)'!AB$1*'調查資料(OUT)'!AB33,0)+IFERROR('調查資料(OUT)'!AC$1*'調查資料(OUT)'!AC33,0) -> 0 | L27: =IFERROR('調查資料(OUT)'!W$1*'調查資料(OUT)'!W33,0)+IFERROR('調查資料(OUT)'!Z$1*'調查資料(OUT)'!Z33,0)+IFERROR('調查資料(OUT)'!AD$1*'調查資料(OUT)'!AD33,0) -> 0 | M27: =IFERROR('調查資料(OUT)'!X$1*'調查資料(OUT)'!X33,0)+IFERROR('調查資料(OUT)'!AA$1*'調查資料(OUT)'!AA33,0)+IFERROR('調查資料(OUT)'!AE$1*'調查資料(OUT)'!AE33,0) -> 0 | N27: =SUM(O27:Q27) -> 0 | O27: =IFERROR('調查資料(OUT)'!AF$1*'調查資料(OUT)'!AF33,0)+IFERROR('調查資料(OUT)'!AI$1*'調查資料(OUT)'!AI33,0)+IFERROR('調查資料(OUT)'!AL$1*'調查資料(OUT)'!AL33,0)+IFERROR('調查資料(OUT)'!AM$1*'調查資料(OUT)'!AM33,0) -> 0 | P27: =IFERROR('調查資料(OUT)'!AG$1*'調查資料(OUT)'!AG33,0)+IFERROR('調查資料(OUT)'!AJ$1*'調查資料(OUT)'!AJ33,0)+IFERROR('調查資料(OUT)'!AN$1*'調查資料(OUT)'!AN33,0) -> 0 | Q27: =IFERROR('調查資料(OUT)'!AH$1*'調查資料(OUT)'!AH33,0)+IFERROR('調查資料(OUT)'!AK$1*'調查資料(OUT)'!AK33,0)+IFERROR('調查資料(OUT)'!AO$1*'調查資料(OUT)'!AO33,0) -> 0 | R27: =B27+F27+J27+N27 -> 0 | T27: ='調查資料(OUT)'!A33 -> 530 | U27: =T27+100 -> 630 | V27: =SUM(R27:R30) -> 0 | X27: =IF($V27=$W$41,MAX(R27:R30),0) -> 0 | Y27: =IF($V27=W$5,SUM(B27:B30)/(4*(MAX(B27:B30))),0) -> #DIV/0! | Z27: =IF($V27=W$5,SUM(F27:F30)/(4*(MAX(F27:F30))),0) -> #DIV/0! | AA27: =IF($V27=W$5,SUM(J27:J30)/(4*(MAX(J27:J30))),0) -> #DIV/0! | AB27: =IF($V27=W$5,SUM(N27:N30)/(4*(MAX(N27:N30))),0) -> #DIV/0! | AD27: =IF(V27=W$5,$T27,"N") -> 530 | AE27: =IF(V27=W$5,$U27,"N") -> 630 | AF27: =IF($AD27="N","N",SUM(C27:C30)) -> 0 | AG27: =IF($AD27="N","N",SUM('調查資料(OUT)'!B33:B36)) -> 0 | AH27: =IF($AD27="N","N",SUM('調查資料(OUT)'!E33:E36)) -> 0 | AI27: =IF($AD27="N","N",SUM('調查資料(OUT)'!I33:I36)) -> 0 | AJ27: =IF($AD27="N","N",SUM('調查資料(OUT)'!H33:H36)) -> 0 | AK27: =IF($AD27="N","N",(AF27/$BB27)*100) -> #DIV/0! | AL27: =IF($AD27="N","N",SUM(D27:D30)) -> 0 | AM27: =IF($AD27="N","N",SUM('調查資料(OUT)'!C33:C36)) -> 0 | AN27: =IF($AD27="N","N",SUM('調查資料(OUT)'!F33:F36)) -> 0 | AO27: =IF($AD27="N","N",SUM('調查資料(OUT)'!J33:J36)) -> 0 | AP27: =IF($AD27="N","N",(AL27/$BB27)*100) -> #DIV/0! | AQ27: =IF($AD27="N","N",SUM(E27:E30)) -> 0 | AR27: =IF($AD27="N","N",SUM('調查資料(OUT)'!D33:D36)) -> 0 | AS27: =IF($AD27="N","N",SUM('調查資料(OUT)'!G33:G36)) -> 0 | AT27: =IF($AD27="N","N",SUM('調查資料(OUT)'!K33:K36)) -> 0 | AU27: =IF($AD27="N","N",(AQ27/$BB27)*100) -> #DIV/0! | AV27: =IF($AD27="N","N",AG27+AM27+AR27) -> 0 | AW27: =IF($AD27="N","N",(AV27/($AV27+$AX27+$AZ27))*100) -> #DIV/0! | AX27: =IF($AD27="N","N",AH27+AN27+AS27) -> 0 | AY27: =IF($AD27="N","N",(AX27/($AV27+$AX27+$AZ27))*100) -> #DIV/0! | AZ27: =IF($AD27="N","N",AI27+AJ27+AO27+AT27) -> 0 | BA27: =IF($AD27="N","N",(AZ27/($AV27+$AX27+$AZ27))*100) -> #DIV/0! | BB27: =IF($AD27="N","N",AF27+AL27+AQ27) -> 0 | BC27: =IF($AD27="N","N",SUM(G27:G30)) -> 0 | BD27: =IF($AD27="N","N",SUM('調查資料(OUT)'!L33:L36)) -> 0 | BE27: =IF($AD27="N","N",SUM('調查資料(OUT)'!O33:O36)) -> 0 | BF27: =IF($AD27="N","N",SUM('調查資料(OUT)'!S33:S36)) -> 0 | BG27: =IF($AD27="N","N",SUM('調查資料(OUT)'!R33:R36)) -> 0 | BH27: =IF($AD27="N","N",(BC27/BY27)*100) -> #DIV/0! | BI27: =IF($AD27="N","N",SUM(H27:H30)) -> 0 | BJ27: =IF($AD27="N","N",SUM('調查資料(OUT)'!M33:M36)) -> 0 | BK27: =IF($AD27="N","N",SUM('調查資料(OUT)'!P33:P36)) -> 0 | BL27: =IF($AD27="N","N",SUM('調查資料(OUT)'!T33:T36)) -> 0 | BM27: =IF($AD27="N","N",(BI27/BY27)*100) -> #DIV/0! | BN27: =IF($AD27="N","N",SUM(I27:I30)) -> 0 | BO27: =IF($AD27="N","N",SUM('調查資料(OUT)'!N33:N36)) -> 0 | BP27: =IF($AD27="N","N",SUM('調查資料(OUT)'!Q33:Q36)) -> 0 | BQ27: =IF($AD27="N","N",SUM('調查資料(OUT)'!U33:U36)) -> 0 | BR27: =IF($AD27="N","N",(BN27/BY27)*100) -> #DIV/0! | BS27: =IF($AD27="N","N",BD27+BJ27+BO27) -> 0 | BT27: =IF($AD27="N","N",(BS27/($BS27+$BU27+$BW27))*100) -> #DIV/0! | BU27: =IF($AD27="N","N",BE27+BK27+BP27) -> 0 | BV27: =IF($AD27="N","N",(BU27/($BS27+$BU27+$BW27))*100) -> #DIV/0! | BW27: =IF($AD27="N","N",BF27+BG27+BL27+BQ27) -> 0 | BX27: =IF($AD27="N","N",(BW27/($BS27+$BU27+$BW27))*100) -> #DIV/0! | BY27: =IF($AD27="N","N",BC27+BI27+BN27) -> 0 | BZ27: =IF($AD27="N","N",SUM(K27:K30)) -> 0 | CA27: =IF($AD27="N","N",SUM('調查資料(OUT)'!V33:V36)) -> 0 | CB27: =IF($AD27="N","N",SUM('調查資料(OUT)'!Y33:Y36)) -> 0 | CC27: =IF($AD27="N","N",SUM('調查資料(OUT)'!AC33:AC36)) -> 0 | CD27: =IF($AD27="N","N",SUM('調查資料(OUT)'!AB33:AB36)) -> 0 | CE27: =IF($AD27="N","N",(BZ27/CV27)*100) -> #DIV/0! | CF27: =IF($AD27="N","N",SUM(L27:L30)) -> 0 | CG27: =IF($AD27="N","N",SUM('調查資料(OUT)'!W33:W36)) -> 0 | CH27: =IF($AD27="N","N",SUM('調查資料(OUT)'!Z33:Z36)) -> 0 | CI27: =IF($AD27="N","N",SUM('調查資料(OUT)'!AD33:AD36)) -> 0 | CJ27: =IF($AD27="N","N",(CF27/CV27)*100) -> #DIV/0! | CK27: =IF($AD27="N","N",SUM(M27:M30)) -> 0 | CL27: =IF($AD27="N","N",SUM('調查資料(OUT)'!X33:X36)) -> 0 | CM27: =IF($AD27="N","N",SUM('調查資料(OUT)'!AA33:AA36)) -> 0 | CN27: =IF($AD27="N","N",SUM('調查資料(OUT)'!AE33:AE36)) -> 0 | CO27: =IF($AD27="N","N",(CK27/CV27)*100) -> #DIV/0! | CP27: =IF($AD27="N","N",CA27+CG27+CL27) -> 0 | CQ27: =IF($AD27="N","N",(CP27/($CP27+$CR27+$CT27))*100) -> #DIV/0! | CR27: =IF($AD27="N","N",CB27+CH27+CM27) -> 0 | CS27: =IF($AD27="N","N",(CR27/($CP27+$CR27+$CT27))*100) -> #DIV/0! | CT27: =IF($AD27="N","N",CC27+CD27+CI27+CN27) -> 0 | CU27: =IF($AD27="N","N",(CT27/($CP27+$CR27+$CT27))*100) -> #DIV/0! | CV27: =IF($AD27="N","N",BZ27+CF27+CK27) -> 0 | CW27: =IF($AD27="N","N",SUM(O27:O30)) -> 0 | CX27: =IF($AD27="N","N",SUM('調查資料(OUT)'!AF33:AF36)) -> 0 | CY27: =IF($AD27="N","N",SUM('調查資料(OUT)'!AI33:AI36)) -> 0 | CZ27: =IF($AD27="N","N",SUM('調查資料(OUT)'!AM33:AM36)) -> 0 | DA27: =IF($AD27="N","N",SUM('調查資料(OUT)'!AL33:AL36)) -> 0 | DB27: =IF($AD27="N","N",(CW27/DS27)*100) -> #DIV/0! | DC27: =IF($AD27="N","N",SUM(P27:P30)) -> 0 | DD27: =IF($AD27="N","N",SUM('調查資料(OUT)'!AG33:AG36)) -> 0 | DE27: =IF($AD27="N","N",SUM('調查資料(OUT)'!AJ33:AJ36)) -> 0 | DF27: =IF($AD27="N","N",SUM('調查資料(OUT)'!AN33:AN36)) -> 0 | DG27: =IF($AD27="N","N",(DC27/DS27)*100) -> #DIV/0! | DH27: =IF($AD27="N","N",SUM(Q27:Q30)) -> 0 | DI27: =IF($AD27="N","N",SUM('調查資料(OUT)'!AH33:AH36)) -> 0 | DJ27: =IF($AD27="N","N",SUM('調查資料(OUT)'!AK33:AK36)) -> 0 | DK27: =IF($AD27="N","N",SUM('調查資料(OUT)'!AO33:AO36)) -> 0 | DL27: =IF($AD27="N","N",(DH27/DS27)*100) -> #DIV/0! | DM27: =IF($AD27="N","N",CX27+DD27+DI27) -> 0 | DN27: =IF($AD27="N","N",(DM27/($DM27+$DO27+$DQ27))*100) -> #DIV/0! | DO27: =IF($AD27="N","N",CY27+DE27+DJ27) -> 0 | DP27: =IF($AD27="N","N",(DO27/($DM27+$DO27+$DQ27))*100) -> #DIV/0! | DQ27: =IF($AD27="N","N",CZ27+DA27+DF27+DK27) -> 0 | DR27: =IF($AD27="N","N",(DQ27/($DM27+$DO27+$DQ27))*100) -> #DIV/0! | DS27: =IF($AD27="N","N",CW27+DC27+DH27) -> 0
A28: ='調查資料(OUT)'!A34 -> 545 | B28: =SUM(C28:E28) -> 0 | C28: =IFERROR('調查資料(OUT)'!B$1*'調查資料(OUT)'!B34,0)+IFERROR('調查資料(OUT)'!E$1*'調查資料(OUT)'!E34,0)+IFERROR('調查資料(OUT)'!H$1*'調查資料(OUT)'!H34,0)+IFERROR('調查資料(OUT)'!I$1*'調查資料(OUT)'!I34,0) -> 0 | D28: =IFERROR('調查資料(OUT)'!C$1*'調查資料(OUT)'!C34,0)+IFERROR('調查資料(OUT)'!F$1*'調查資料(OUT)'!F34,0)+IFERROR('調查資料(OUT)'!J$1*'調查資料(OUT)'!J34,0) -> 0 | E28: =IFERROR('調查資料(OUT)'!D$1*'調查資料(OUT)'!D34,0)+IFERROR('調查資料(OUT)'!G$1*'調查資料(OUT)'!G34,0)+IFERROR('調查資料(OUT)'!K$1*'調查資料(OUT)'!K34,0) -> 0 | F28: =SUM(G28:I28) -> 0 | G28: =IFERROR('調查資料(OUT)'!L$1*'調查資料(OUT)'!L34,0)+IFERROR('調查資料(OUT)'!O$1*'調查資料(OUT)'!O34,0)+IFERROR('調查資料(OUT)'!R$1*'調查資料(OUT)'!R34,0)+IFERROR('調查資料(OUT)'!S$1*'調查資料(OUT)'!S34,0) -> 0 | H28: =IFERROR('調查資料(OUT)'!M$1*'調查資料(OUT)'!M34,0)+IFERROR('調查資料(OUT)'!P$1*'調查資料(OUT)'!P34,0)+IFERROR('調查資料(OUT)'!T$1*'調查資料(OUT)'!T34,0) -> 0 | I28: =IFERROR('調查資料(OUT)'!N$1*'調查資料(OUT)'!N34,0)+IFERROR('調查資料(OUT)'!Q$1*'調查資料(OUT)'!Q34,0)+IFERROR('調查資料(OUT)'!U$1*'調查資料(OUT)'!U34,0) -> 0 | J28: =SUM(K28:M28) -> 0 | K28: =IFERROR('調查資料(OUT)'!V$1*'調查資料(OUT)'!V34,0)+IFERROR('調查資料(OUT)'!Y$1*'調查資料(OUT)'!Y34,0)+IFERROR('調查資料(OUT)'!AB$1*'調查資料(OUT)'!AB34,0)+IFERROR('調查資料(OUT)'!AC$1*'調查資料(OUT)'!AC34,0) -> 0 | L28: =IFERROR('調查資料(OUT)'!W$1*'調查資料(OUT)'!W34,0)+IFERROR('調查資料(OUT)'!Z$1*'調查資料(OUT)'!Z34,0)+IFERROR('調查資料(OUT)'!AD$1*'調查資料(OUT)'!AD34,0) -> 0 | M28: =IFERROR('調查資料(OUT)'!X$1*'調查資料(OUT)'!X34,0)+IFERROR('調查資料(OUT)'!AA$1*'調查資料(OUT)'!AA34,0)+IFERROR('調查資料(OUT)'!AE$1*'調查資料(OUT)'!AE34,0) -> 0 | N28: =SUM(O28:Q28) -> 0 | O28: =IFERROR('調查資料(OUT)'!AF$1*'調查資料(OUT)'!AF34,0)+IFERROR('調查資料(OUT)'!AI$1*'調查資料(OUT)'!AI34,0)+IFERROR('調查資料(OUT)'!AL$1*'調查資料(OUT)'!AL34,0)+IFERROR('調查資料(OUT)'!AM$1*'調查資料(OUT)'!AM34,0) -> 0 | P28: =IFERROR('調查資料(OUT)'!AG$1*'調查資料(OUT)'!AG34,0)+IFERROR('調查資料(OUT)'!AJ$1*'調查資料(OUT)'!AJ34,0)+IFERROR('調查資料(OUT)'!AN$1*'調查資料(OUT)'!AN34,0) -> 0 | Q28: =IFERROR('調查資料(OUT)'!AH$1*'調查資料(OUT)'!AH34,0)+IFERROR('調查資料(OUT)'!AK$1*'調查資料(OUT)'!AK34,0)+IFERROR('調查資料(OUT)'!AO$1*'調查資料(OUT)'!AO34,0) -> 0 | R28: =B28+F28+J28+N28 -> 0 | T28: ='調查資料(OUT)'!A34 -> 545 | U28: =T28+100 -> 645 | V28: =SUM(R28:R31) -> 0 | X28: =IF($V28=$W$41,MAX(R28:R31),0) -> 0 | Y28: =IF($V28=W$5,SUM(B28:B31)/(4*(MAX(B28:B31))),0) -> #DIV/0! | Z28: =IF($V28=W$5,SUM(F28:F31)/(4*(MAX(F28:F31))),0) -> #DIV/0! | AA28: =IF($V28=W$5,SUM(J28:J31)/(4*(MAX(J28:J31))),0) -> #DIV/0! | AB28: =IF($V28=W$5,SUM(N28:N31)/(4*(MAX(N28:N31))),0) -> #DIV/0! | AD28: =IF(V28=W$5,$T28,"N") -> 545 | AE28: =IF(V28=W$5,$U28,"N") -> 645 | AF28: =IF($AD28="N","N",SUM(C28:C31)) -> 0 | AG28: =IF($AD28="N","N",SUM('調查資料(OUT)'!B34:B37)) -> 0 | AH28: =IF($AD28="N","N",SUM('調查資料(OUT)'!E34:E37)) -> 0 | AI28: =IF($AD28="N","N",SUM('調查資料(OUT)'!I34:I37)) -> 0 | AJ28: =IF($AD28="N","N",SUM('調查資料(OUT)'!H34:H37)) -> 0 | AK28: =IF($AD28="N","N",(AF28/$BB28)*100) -> #DIV/0! | AL28: =IF($AD28="N","N",SUM(D28:D31)) -> 0 | AM28: =IF($AD28="N","N",SUM('調查資料(OUT)'!C34:C37)) -> 0 | AN28: =IF($AD28="N","N",SUM('調查資料(OUT)'!F34:F37)) -> 0 | AO28: =IF($AD28="N","N",SUM('調查資料(OUT)'!J34:J37)) -> 0 | AP28: =IF($AD28="N","N",(AL28/$BB28)*100) -> #DIV/0! | AQ28: =IF($AD28="N","N",SUM(E28:E31)) -> 0 | AR28: =IF($AD28="N","N",SUM('調查資料(OUT)'!D34:D37)) -> 0 | AS28: =IF($AD28="N","N",SUM('調查資料(OUT)'!G34:G37)) -> 0 | AT28: =IF($AD28="N","N",SUM('調查資料(OUT)'!K34:K37)) -> 0 | AU28: =IF($AD28="N","N",(AQ28/$BB28)*100) -> #DIV/0! | AV28: =IF($AD28="N","N",AG28+AM28+AR28) -> 0 | AW28: =IF($AD28="N","N",(AV28/($AV28+$AX28+$AZ28))*100) -> #DIV/0! | AX28: =IF($AD28="N","N",AH28+AN28+AS28) -> 0 | AY28: =IF($AD28="N","N",(AX28/($AV28+$AX28+$AZ28))*100) -> #DIV/0! | AZ28: =IF($AD28="N","N",AI28+AJ28+AO28+AT28) -> 0 | BA28: =IF($AD28="N","N",(AZ28/($AV28+$AX28+$AZ28))*100) -> #DIV/0! | BB28: =IF($AD28="N","N",AF28+AL28+AQ28) -> 0 | BC28: =IF($AD28="N","N",SUM(G28:G31)) -> 0 | BD28: =IF($AD28="N","N",SUM('調查資料(OUT)'!L34:L37)) -> 0 | BE28: =IF($AD28="N","N",SUM('調查資料(OUT)'!O34:O37)) -> 0 | BF28: =IF($AD28="N","N",SUM('調查資料(OUT)'!S34:S37)) -> 0 | BG28: =IF($AD28="N","N",SUM('調查資料(OUT)'!R34:R37)) -> 0 | BH28: =IF($AD28="N","N",(BC28/BY28)*100) -> #DIV/0! | BI28: =IF($AD28="N","N",SUM(H28:H31)) -> 0 | BJ28: =IF($AD28="N","N",SUM('調查資料(OUT)'!M34:M37)) -> 0 | BK28: =IF($AD28="N","N",SUM('調查資料(OUT)'!P34:P37)) -> 0 | BL28: =IF($AD28="N","N",SUM('調查資料(OUT)'!T34:T37)) -> 0 | BM28: =IF($AD28="N","N",(BI28/BY28)*100) -> #DIV/0! | BN28: =IF($AD28="N","N",SUM(I28:I31)) -> 0 | BO28: =IF($AD28="N","N",SUM('調查資料(OUT)'!N34:N37)) -> 0 | BP28: =IF($AD28="N","N",SUM('調查資料(OUT)'!Q34:Q37)) -> 0 | BQ28: =IF($AD28="N","N",SUM('調查資料(OUT)'!U34:U37)) -> 0 | BR28: =IF($AD28="N","N",(BN28/BY28)*100) -> #DIV/0! | BS28: =IF($AD28="N","N",BD28+BJ28+BO28) -> 0 | BT28: =IF($AD28="N","N",(BS28/($BS28+$BU28+$BW28))*100) -> #DIV/0! | BU28: =IF($AD28="N","N",BE28+BK28+BP28) -> 0 | BV28: =IF($AD28="N","N",(BU28/($BS28+$BU28+$BW28))*100) -> #DIV/0! | BW28: =IF($AD28="N","N",BF28+BG28+BL28+BQ28) -> 0 | BX28: =IF($AD28="N","N",(BW28/($BS28+$BU28+$BW28))*100) -> #DIV/0! | BY28: =IF($AD28="N","N",BC28+BI28+BN28) -> 0 | BZ28: =IF($AD28="N","N",SUM(K28:K31)) -> 0 | CA28: =IF($AD28="N","N",SUM('調查資料(OUT)'!V34:V37)) -> 0 | CB28: =IF($AD28="N","N",SUM('調查資料(OUT)'!Y34:Y37)) -> 0 | CC28: =IF($AD28="N","N",SUM('調查資料(OUT)'!AC34:AC37)) -> 0 | CD28: =IF($AD28="N","N",SUM('調查資料(OUT)'!AB34:AB37)) -> 0 | CE28: =IF($AD28="N","N",(BZ28/CV28)*100) -> #DIV/0! | CF28: =IF($AD28="N","N",SUM(L28:L31)) -> 0 | CG28: =IF($AD28="N","N",SUM('調查資料(OUT)'!W34:W37)) -> 0 | CH28: =IF($AD28="N","N",SUM('調查資料(OUT)'!Z34:Z37)) -> 0 | CI28: =IF($AD28="N","N",SUM('調查資料(OUT)'!AD34:AD37)) -> 0 | CJ28: =IF($AD28="N","N",(CF28/CV28)*100) -> #DIV/0! | CK28: =IF($AD28="N","N",SUM(M28:M31)) -> 0 | CL28: =IF($AD28="N","N",SUM('調查資料(OUT)'!X34:X37)) -> 0 | CM28: =IF($AD28="N","N",SUM('調查資料(OUT)'!AA34:AA37)) -> 0 | CN28: =IF($AD28="N","N",SUM('調查資料(OUT)'!AE34:AE37)) -> 0 | CO28: =IF($AD28="N","N",(CK28/CV28)*100) -> #DIV/0! | CP28: =IF($AD28="N","N",CA28+CG28+CL28) -> 0 | CQ28: =IF($AD28="N","N",(CP28/($CP28+$CR28+$CT28))*100) -> #DIV/0! | CR28: =IF($AD28="N","N",CB28+CH28+CM28) -> 0 | CS28: =IF($AD28="N","N",(CR28/($CP28+$CR28+$CT28))*100) -> #DIV/0! | CT28: =IF($AD28="N","N",CC28+CD28+CI28+CN28) -> 0 | CU28: =IF($AD28="N","N",(CT28/($CP28+$CR28+$CT28))*100) -> #DIV/0! | CV28: =IF($AD28="N","N",BZ28+CF28+CK28) -> 0 | CW28: =IF($AD28="N","N",SUM(O28:O31)) -> 0 | CX28: =IF($AD28="N","N",SUM('調查資料(OUT)'!AF34:AF37)) -> 0 | CY28: =IF($AD28="N","N",SUM('調查資料(OUT)'!AI34:AI37)) -> 0 | CZ28: =IF($AD28="N","N",SUM('調查資料(OUT)'!AM34:AM37)) -> 0 | DA28: =IF($AD28="N","N",SUM('調查資料(OUT)'!AL34:AL37)) -> 0 | DB28: =IF($AD28="N","N",(CW28/DS28)*100) -> #DIV/0! | DC28: =IF($AD28="N","N",SUM(P28:P31)) -> 0 | DD28: =IF($AD28="N","N",SUM('調查資料(OUT)'!AG34:AG37)) -> 0 | DE28: =IF($AD28="N","N",SUM('調查資料(OUT)'!AJ34:AJ37)) -> 0 | DF28: =IF($AD28="N","N",SUM('調查資料(OUT)'!AN34:AN37)) -> 0 | DG28: =IF($AD28="N","N",(DC28/DS28)*100) -> #DIV/0! | DH28: =IF($AD28="N","N",SUM(Q28:Q31)) -> 0 | DI28: =IF($AD28="N","N",SUM('調查資料(OUT)'!AH34:AH37)) -> 0 | DJ28: =IF($AD28="N","N",SUM('調查資料(OUT)'!AK34:AK37)) -> 0 | DK28: =IF($AD28="N","N",SUM('調查資料(OUT)'!AO34:AO37)) -> 0 | DL28: =IF($AD28="N","N",(DH28/DS28)*100) -> #DIV/0! | DM28: =IF($AD28="N","N",CX28+DD28+DI28) -> 0 | DN28: =IF($AD28="N","N",(DM28/($DM28+$DO28+$DQ28))*100) -> #DIV/0! | DO28: =IF($AD28="N","N",CY28+DE28+DJ28) -> 0 | DP28: =IF($AD28="N","N",(DO28/($DM28+$DO28+$DQ28))*100) -> #DIV/0! | DQ28: =IF($AD28="N","N",CZ28+DA28+DF28+DK28) -> 0 | DR28: =IF($AD28="N","N",(DQ28/($DM28+$DO28+$DQ28))*100) -> #DIV/0! | DS28: =IF($AD28="N","N",CW28+DC28+DH28) -> 0
A29: ='調查資料(OUT)'!A35 -> 600 | B29: =SUM(C29:E29) -> 0 | C29: =IFERROR('調查資料(OUT)'!B$1*'調查資料(OUT)'!B35,0)+IFERROR('調查資料(OUT)'!E$1*'調查資料(OUT)'!E35,0)+IFERROR('調查資料(OUT)'!H$1*'調查資料(OUT)'!H35,0)+IFERROR('調查資料(OUT)'!I$1*'調查資料(OUT)'!I35,0) -> 0 | D29: =IFERROR('調查資料(OUT)'!C$1*'調查資料(OUT)'!C35,0)+IFERROR('調查資料(OUT)'!F$1*'調查資料(OUT)'!F35,0)+IFERROR('調查資料(OUT)'!J$1*'調查資料(OUT)'!J35,0) -> 0 | E29: =IFERROR('調查資料(OUT)'!D$1*'調查資料(OUT)'!D35,0)+IFERROR('調查資料(OUT)'!G$1*'調查資料(OUT)'!G35,0)+IFERROR('調查資料(OUT)'!K$1*'調查資料(OUT)'!K35,0) -> 0 | F29: =SUM(G29:I29) -> 0 | G29: =IFERROR('調查資料(OUT)'!L$1*'調查資料(OUT)'!L35,0)+IFERROR('調查資料(OUT)'!O$1*'調查資料(OUT)'!O35,0)+IFERROR('調查資料(OUT)'!R$1*'調查資料(OUT)'!R35,0)+IFERROR('調查資料(OUT)'!S$1*'調查資料(OUT)'!S35,0) -> 0 | H29: =IFERROR('調查資料(OUT)'!M$1*'調查資料(OUT)'!M35,0)+IFERROR('調查資料(OUT)'!P$1*'調查資料(OUT)'!P35,0)+IFERROR('調查資料(OUT)'!T$1*'調查資料(OUT)'!T35,0) -> 0 | I29: =IFERROR('調查資料(OUT)'!N$1*'調查資料(OUT)'!N35,0)+IFERROR('調查資料(OUT)'!Q$1*'調查資料(OUT)'!Q35,0)+IFERROR('調查資料(OUT)'!U$1*'調查資料(OUT)'!U35,0) -> 0 | J29: =SUM(K29:M29) -> 0 | K29: =IFERROR('調查資料(OUT)'!V$1*'調查資料(OUT)'!V35,0)+IFERROR('調查資料(OUT)'!Y$1*'調查資料(OUT)'!Y35,0)+IFERROR('調查資料(OUT)'!AB$1*'調查資料(OUT)'!AB35,0)+IFERROR('調查資料(OUT)'!AC$1*'調查資料(OUT)'!AC35,0) -> 0 | L29: =IFERROR('調查資料(OUT)'!W$1*'調查資料(OUT)'!W35,0)+IFERROR('調查資料(OUT)'!Z$1*'調查資料(OUT)'!Z35,0)+IFERROR('調查資料(OUT)'!AD$1*'調查資料(OUT)'!AD35,0) -> 0 | M29: =IFERROR('調查資料(OUT)'!X$1*'調查資料(OUT)'!X35,0)+IFERROR('調查資料(OUT)'!AA$1*'調查資料(OUT)'!AA35,0)+IFERROR('調查資料(OUT)'!AE$1*'調查資料(OUT)'!AE35,0) -> 0 | N29: =SUM(O29:Q29) -> 0 | O29: =IFERROR('調查資料(OUT)'!AF$1*'調查資料(OUT)'!AF35,0)+IFERROR('調查資料(OUT)'!AI$1*'調查資料(OUT)'!AI35,0)+IFERROR('調查資料(OUT)'!AL$1*'調查資料(OUT)'!AL35,0)+IFERROR('調查資料(OUT)'!AM$1*'調查資料(OUT)'!AM35,0) -> 0 | P29: =IFERROR('調查資料(OUT)'!AG$1*'調查資料(OUT)'!AG35,0)+IFERROR('調查資料(OUT)'!AJ$1*'調查資料(OUT)'!AJ35,0)+IFERROR('調查資料(OUT)'!AN$1*'調查資料(OUT)'!AN35,0) -> 0 | Q29: =IFERROR('調查資料(OUT)'!AH$1*'調查資料(OUT)'!AH35,0)+IFERROR('調查資料(OUT)'!AK$1*'調查資料(OUT)'!AK35,0)+IFERROR('調查資料(OUT)'!AO$1*'調查資料(OUT)'!AO35,0) -> 0 | R29: =B29+F29+J29+N29 -> 0 | T29: ='調查資料(OUT)'!A35 -> 600 | U29: =T29+100 -> 700 | V29: =SUM(R29:R32) -> 0 | X29: =IF($V29=$W$29,MAX(R29:R32),0) -> 0 | Y29: =IF($V29=W$5,SUM(B29:B32)/(4*(MAX(B29:B32))),0) -> #DIV/0! | Z29: =IF($V29=W$5,SUM(F29:F32)/(4*(MAX(F29:F32))),0) -> #DIV/0! | AA29: =IF($V29=W$5,SUM(J29:J32)/(4*(MAX(J29:J32))),0) -> #DIV/0! | AB29: =IF($V29=W$5,SUM(N29:N32)/(4*(MAX(N29:N32))),0) -> #DIV/0! | AD29: =IF(V29=W$5,$T29,"N") -> 600 | AE29: =IF(V29=W$5,$U29,"N") -> 700 | AF29: =IF($AD29="N","N",SUM(C29:C32)) -> 0 | AG29: =IF($AD29="N","N",SUM('調查資料(OUT)'!B35:B38)) -> 0 | AH29: =IF($AD29="N","N",SUM('調查資料(OUT)'!E35:E38)) -> 0 | AI29: =IF($AD29="N","N",SUM('調查資料(OUT)'!I35:I38)) -> 0 | AJ29: =IF($AD29="N","N",SUM('調查資料(OUT)'!H35:H38)) -> 0 | AK29: =IF($AD29="N","N",(AF29/$BB29)*100) -> #DIV/0! | AL29: =IF($AD29="N","N",SUM(D29:D32)) -> 0 | AM29: =IF($AD29="N","N",SUM('調查資料(OUT)'!C35:C38)) -> 0 | AN29: =IF($AD29="N","N",SUM('調查資料(OUT)'!F35:F38)) -> 0 | AO29: =IF($AD29="N","N",SUM('調查資料(OUT)'!J35:J38)) -> 0 | AP29: =IF($AD29="N","N",(AL29/$BB29)*100) -> #DIV/0! | AQ29: =IF($AD29="N","N",SUM(E29:E32)) -> 0 | AR29: =IF($AD29="N","N",SUM('調查資料(OUT)'!D35:D38)) -> 0 | AS29: =IF($AD29="N","N",SUM('調查資料(OUT)'!G35:G38)) -> 0 | AT29: =IF($AD29="N","N",SUM('調查資料(OUT)'!K35:K38)) -> 0 | AU29: =IF($AD29="N","N",(AQ29/$BB29)*100) -> #DIV/0! | AV29: =IF($AD29="N","N",AG29+AM29+AR29) -> 0 | AW29: =IF($AD29="N","N",(AV29/($AV29+$AX29+$AZ29))*100) -> #DIV/0! | AX29: =IF($AD29="N","N",AH29+AN29+AS29) -> 0 | AY29: =IF($AD29="N","N",(AX29/($AV29+$AX29+$AZ29))*100) -> #DIV/0! | AZ29: =IF($AD29="N","N",AI29+AJ29+AO29+AT29) -> 0 | BA29: =IF($AD29="N","N",(AZ29/($AV29+$AX29+$AZ29))*100) -> #DIV/0! | BB29: =IF($AD29="N","N",AF29+AL29+AQ29) -> 0 | BC29: =IF($AD29="N","N",SUM(G29:G32)) -> 0 | BD29: =IF($AD29="N","N",SUM('調查資料(OUT)'!L35:L38)) -> 0 | BE29: =IF($AD29="N","N",SUM('調查資料(OUT)'!O35:O38)) -> 0 | BF29: =IF($AD29="N","N",SUM('調查資料(OUT)'!S35:S38)) -> 0 | BG29: =IF($AD29="N","N",SUM('調查資料(OUT)'!R35:R38)) -> 0 | BH29: =IF($AD29="N","N",(BC29/BY29)*100) -> #DIV/0! | BI29: =IF($AD29="N","N",SUM(H29:H32)) -> 0 | BJ29: =IF($AD29="N","N",SUM('調查資料(OUT)'!M35:M38)) -> 0 | BK29: =IF($AD29="N","N",SUM('調查資料(OUT)'!P35:P38)) -> 0 | BL29: =IF($AD29="N","N",SUM('調查資料(OUT)'!T35:T38)) -> 0 | BM29: =IF($AD29="N","N",(BI29/BY29)*100) -> #DIV/0! | BN29: =IF($AD29="N","N",SUM(I29:I32)) -> 0 | BO29: =IF($AD29="N","N",SUM('調查資料(OUT)'!N35:N38)) -> 0 | BP29: =IF($AD29="N","N",SUM('調查資料(OUT)'!Q35:Q38)) -> 0 | BQ29: =IF($AD29="N","N",SUM('調查資料(OUT)'!U35:U38)) -> 0 | BR29: =IF($AD29="N","N",(BN29/BY29)*100) -> #DIV/0! | BS29: =IF($AD29="N","N",BD29+BJ29+BO29) -> 0 | BT29: =IF($AD29="N","N",(BS29/($BS29+$BU29+$BW29))*100) -> #DIV/0! | BU29: =IF($AD29="N","N",BE29+BK29+BP29) -> 0 | BV29: =IF($AD29="N","N",(BU29/($BS29+$BU29+$BW29))*100) -> #DIV/0! | BW29: =IF($AD29="N","N",BF29+BG29+BL29+BQ29) -> 0 | BX29: =IF($AD29="N","N",(BW29/($BS29+$BU29+$BW29))*100) -> #DIV/0! | BY29: =IF($AD29="N","N",BC29+BI29+BN29) -> 0 | BZ29: =IF($AD29="N","N",SUM(K29:K32)) -> 0 | CA29: =IF($AD29="N","N",SUM('調查資料(OUT)'!V35:V38)) -> 0 | CB29: =IF($AD29="N","N",SUM('調查資料(OUT)'!Y35:Y38)) -> 0 | CC29: =IF($AD29="N","N",SUM('調查資料(OUT)'!AC35:AC38)) -> 0 | CD29: =IF($AD29="N","N",SUM('調查資料(OUT)'!AB35:AB38)) -> 0 | CE29: =IF($AD29="N","N",(BZ29/CV29)*100) -> #DIV/0! | CF29: =IF($AD29="N","N",SUM(L29:L32)) -> 0 | CG29: =IF($AD29="N","N",SUM('調查資料(OUT)'!W35:W38)) -> 0 | CH29: =IF($AD29="N","N",SUM('調查資料(OUT)'!Z35:Z38)) -> 0 | CI29: =IF($AD29="N","N",SUM('調查資料(OUT)'!AD35:AD38)) -> 0 | CJ29: =IF($AD29="N","N",(CF29/CV29)*100) -> #DIV/0! | CK29: =IF($AD29="N","N",SUM(M29:M32)) -> 0 | CL29: =IF($AD29="N","N",SUM('調查資料(OUT)'!X35:X38)) -> 0 | CM29: =IF($AD29="N","N",SUM('調查資料(OUT)'!AA35:AA38)) -> 0 | CN29: =IF($AD29="N","N",SUM('調查資料(OUT)'!AE35:AE38)) -> 0 | CO29: =IF($AD29="N","N",(CK29/CV29)*100) -> #DIV/0! | CP29: =IF($AD29="N","N",CA29+CG29+CL29) -> 0 | CQ29: =IF($AD29="N","N",(CP29/($CP29+$CR29+$CT29))*100) -> #DIV/0! | CR29: =IF($AD29="N","N",CB29+CH29+CM29) -> 0 | CS29: =IF($AD29="N","N",(CR29/($CP29+$CR29+$CT29))*100) -> #DIV/0! | CT29: =IF($AD29="N","N",CC29+CD29+CI29+CN29) -> 0 | CU29: =IF($AD29="N","N",(CT29/($CP29+$CR29+$CT29))*100) -> #DIV/0! | CV29: =IF($AD29="N","N",BZ29+CF29+CK29) -> 0 | CW29: =IF($AD29="N","N",SUM(O29:O32)) -> 0 | CX29: =IF($AD29="N","N",SUM('調查資料(OUT)'!AF35:AF38)) -> 0 | CY29: =IF($AD29="N","N",SUM('調查資料(OUT)'!AI35:AI38)) -> 0 | CZ29: =IF($AD29="N","N",SUM('調查資料(OUT)'!AM35:AM38)) -> 0 | DA29: =IF($AD29="N","N",SUM('調查資料(OUT)'!AL35:AL38)) -> 0 | DB29: =IF($AD29="N","N",(CW29/DS29)*100) -> #DIV/0! | DC29: =IF($AD29="N","N",SUM(P29:P32)) -> 0 | DD29: =IF($AD29="N","N",SUM('調查資料(OUT)'!AG35:AG38)) -> 0 | DE29: =IF($AD29="N","N",SUM('調查資料(OUT)'!AJ35:AJ38)) -> 0 | DF29: =IF($AD29="N","N",SUM('調查資料(OUT)'!AN35:AN38)) -> 0 | DG29: =IF($AD29="N","N",(DC29/DS29)*100) -> #DIV/0! | DH29: =IF($AD29="N","N",SUM(Q29:Q32)) -> 0 | DI29: =IF($AD29="N","N",SUM('調查資料(OUT)'!AH35:AH38)) -> 0 | DJ29: =IF($AD29="N","N",SUM('調查資料(OUT)'!AK35:AK38)) -> 0 | DK29: =IF($AD29="N","N",SUM('調查資料(OUT)'!AO35:AO38)) -> 0 | DL29: =IF($AD29="N","N",(DH29/DS29)*100) -> #DIV/0! | DM29: =IF($AD29="N","N",CX29+DD29+DI29) -> 0 | DN29: =IF($AD29="N","N",(DM29/($DM29+$DO29+$DQ29))*100) -> #DIV/0! | DO29: =IF($AD29="N","N",CY29+DE29+DJ29) -> 0 | DP29: =IF($AD29="N","N",(DO29/($DM29+$DO29+$DQ29))*100) -> #DIV/0! | DQ29: =IF($AD29="N","N",CZ29+DA29+DF29+DK29) -> 0 | DR29: =IF($AD29="N","N",(DQ29/($DM29+$DO29+$DQ29))*100) -> #DIV/0! | DS29: =IF($AD29="N","N",CW29+DC29+DH29) -> 0
A30: ='調查資料(OUT)'!A36 -> 615 | B30: =SUM(C30:E30) -> 0 | C30: =IFERROR('調查資料(OUT)'!B$1*'調查資料(OUT)'!B36,0)+IFERROR('調查資料(OUT)'!E$1*'調查資料(OUT)'!E36,0)+IFERROR('調查資料(OUT)'!H$1*'調查資料(OUT)'!H36,0)+IFERROR('調查資料(OUT)'!I$1*'調查資料(OUT)'!I36,0) -> 0 | D30: =IFERROR('調查資料(OUT)'!C$1*'調查資料(OUT)'!C36,0)+IFERROR('調查資料(OUT)'!F$1*'調查資料(OUT)'!F36,0)+IFERROR('調查資料(OUT)'!J$1*'調查資料(OUT)'!J36,0) -> 0 | E30: =IFERROR('調查資料(OUT)'!D$1*'調查資料(OUT)'!D36,0)+IFERROR('調查資料(OUT)'!G$1*'調查資料(OUT)'!G36,0)+IFERROR('調查資料(OUT)'!K$1*'調查資料(OUT)'!K36,0) -> 0 | F30: =SUM(G30:I30) -> 0 | G30: =IFERROR('調查資料(OUT)'!L$1*'調查資料(OUT)'!L36,0)+IFERROR('調查資料(OUT)'!O$1*'調查資料(OUT)'!O36,0)+IFERROR('調查資料(OUT)'!R$1*'調查資料(OUT)'!R36,0)+IFERROR('調查資料(OUT)'!S$1*'調查資料(OUT)'!S36,0) -> 0 | H30: =IFERROR('調查資料(OUT)'!M$1*'調查資料(OUT)'!M36,0)+IFERROR('調查資料(OUT)'!P$1*'調查資料(OUT)'!P36,0)+IFERROR('調查資料(OUT)'!T$1*'調查資料(OUT)'!T36,0) -> 0 | I30: =IFERROR('調查資料(OUT)'!N$1*'調查資料(OUT)'!N36,0)+IFERROR('調查資料(OUT)'!Q$1*'調查資料(OUT)'!Q36,0)+IFERROR('調查資料(OUT)'!U$1*'調查資料(OUT)'!U36,0) -> 0 | J30: =SUM(K30:M30) -> 0 | K30: =IFERROR('調查資料(OUT)'!V$1*'調查資料(OUT)'!V36,0)+IFERROR('調查資料(OUT)'!Y$1*'調查資料(OUT)'!Y36,0)+IFERROR('調查資料(OUT)'!AB$1*'調查資料(OUT)'!AB36,0)+IFERROR('調查資料(OUT)'!AC$1*'調查資料(OUT)'!AC36,0) -> 0 | L30: =IFERROR('調查資料(OUT)'!W$1*'調查資料(OUT)'!W36,0)+IFERROR('調查資料(OUT)'!Z$1*'調查資料(OUT)'!Z36,0)+IFERROR('調查資料(OUT)'!AD$1*'調查資料(OUT)'!AD36,0) -> 0 | M30: =IFERROR('調查資料(OUT)'!X$1*'調查資料(OUT)'!X36,0)+IFERROR('調查資料(OUT)'!AA$1*'調查資料(OUT)'!AA36,0)+IFERROR('調查資料(OUT)'!AE$1*'調查資料(OUT)'!AE36,0) -> 0 | N30: =SUM(O30:Q30) -> 0 | O30: =IFERROR('調查資料(OUT)'!AF$1*'調查資料(OUT)'!AF36,0)+IFERROR('調查資料(OUT)'!AI$1*'調查資料(OUT)'!AI36,0)+IFERROR('調查資料(OUT)'!AL$1*'調查資料(OUT)'!AL36,0)+IFERROR('調查資料(OUT)'!AM$1*'調查資料(OUT)'!AM36,0) -> 0 | P30: =IFERROR('調查資料(OUT)'!AG$1*'調查資料(OUT)'!AG36,0)+IFERROR('調查資料(OUT)'!AJ$1*'調查資料(OUT)'!AJ36,0)+IFERROR('調查資料(OUT)'!AN$1*'調查資料(OUT)'!AN36,0) -> 0 | Q30: =IFERROR('調查資料(OUT)'!AH$1*'調查資料(OUT)'!AH36,0)+IFERROR('調查資料(OUT)'!AK$1*'調查資料(OUT)'!AK36,0)+IFERROR('調查資料(OUT)'!AO$1*'調查資料(OUT)'!AO36,0) -> 0 | R30: =B30+F30+J30+N30 -> 0 | T30: ='調查資料(OUT)'!A36 -> 615 | U30: =T30+100 -> 715 | V30: =SUM(R30:R33) -> 0 | X30: =IF($V30=$W$29,MAX(R30:R33),0) -> 0 | Y30: =IF($V30=W$5,SUM(B30:B33)/(4*(MAX(B30:B33))),0) -> #DIV/0! | Z30: =IF($V30=W$5,SUM(F30:F33)/(4*(MAX(F30:F33))),0) -> #DIV/0! | AA30: =IF($V30=W$5,SUM(J30:J33)/(4*(MAX(J30:J33))),0) -> #DIV/0! | AB30: =IF($V30=W$5,SUM(N30:N33)/(4*(MAX(N30:N33))),0) -> #DIV/0! | AD30: =IF(V30=W$5,$T30,"N") -> 615 | AE30: =IF(V30=W$5,$U30,"N") -> 715 | AF30: =IF($AD30="N","N",SUM(C30:C33)) -> 0 | AG30: =IF($AD30="N","N",SUM('調查資料(OUT)'!B36:B39)) -> 0 | AH30: =IF($AD30="N","N",SUM('調查資料(OUT)'!E36:E39)) -> 0 | AI30: =IF($AD30="N","N",SUM('調查資料(OUT)'!I36:I39)) -> 0 | AJ30: =IF($AD30="N","N",SUM('調查資料(OUT)'!H36:H39)) -> 0 | AK30: =IF($AD30="N","N",(AF30/$BB30)*100) -> #DIV/0! | AL30: =IF($AD30="N","N",SUM(D30:D33)) -> 0 | AM30: =IF($AD30="N","N",SUM('調查資料(OUT)'!C36:C39)) -> 0 | AN30: =IF($AD30="N","N",SUM('調查資料(OUT)'!F36:F39)) -> 0 | AO30: =IF($AD30="N","N",SUM('調查資料(OUT)'!J36:J39)) -> 0 | AP30: =IF($AD30="N","N",(AL30/$BB30)*100) -> #DIV/0! | AQ30: =IF($AD30="N","N",SUM(E30:E33)) -> 0 | AR30: =IF($AD30="N","N",SUM('調查資料(OUT)'!D36:D39)) -> 0 | AS30: =IF($AD30="N","N",SUM('調查資料(OUT)'!G36:G39)) -> 0 | AT30: =IF($AD30="N","N",SUM('調查資料(OUT)'!K36:K39)) -> 0 | AU30: =IF($AD30="N","N",(AQ30/$BB30)*100) -> #DIV/0! | AV30: =IF($AD30="N","N",AG30+AM30+AR30) -> 0 | AW30: =IF($AD30="N","N",(AV30/($AV30+$AX30+$AZ30))*100) -> #DIV/0! | AX30: =IF($AD30="N","N",AH30+AN30+AS30) -> 0 | AY30: =IF($AD30="N","N",(AX30/($AV30+$AX30+$AZ30))*100) -> #DIV/0! | AZ30: =IF($AD30="N","N",AI30+AJ30+AO30+AT30) -> 0 | BA30: =IF($AD30="N","N",(AZ30/($AV30+$AX30+$AZ30))*100) -> #DIV/0! | BB30: =IF($AD30="N","N",AF30+AL30+AQ30) -> 0 | BC30: =IF($AD30="N","N",SUM(G30:G33)) -> 0 | BD30: =IF($AD30="N","N",SUM('調查資料(OUT)'!L36:L39)) -> 0 | BE30: =IF($AD30="N","N",SUM('調查資料(OUT)'!O36:O39)) -> 0 | BF30: =IF($AD30="N","N",SUM('調查資料(OUT)'!S36:S39)) -> 0 | BG30: =IF($AD30="N","N",SUM('調查資料(OUT)'!R36:R39)) -> 0 | BH30: =IF($AD30="N","N",(BC30/BY30)*100) -> #DIV/0! | BI30: =IF($AD30="N","N",SUM(H30:H33)) -> 0 | BJ30: =IF($AD30="N","N",SUM('調查資料(OUT)'!M36:M39)) -> 0 | BK30: =IF($AD30="N","N",SUM('調查資料(OUT)'!P36:P39)) -> 0 | BL30: =IF($AD30="N","N",SUM('調查資料(OUT)'!T36:T39)) -> 0 | BM30: =IF($AD30="N","N",(BI30/BY30)*100) -> #DIV/0! | BN30: =IF($AD30="N","N",SUM(I30:I33)) -> 0 | BO30: =IF($AD30="N","N",SUM('調查資料(OUT)'!N36:N39)) -> 0 | BP30: =IF($AD30="N","N",SUM('調查資料(OUT)'!Q36:Q39)) -> 0 | BQ30: =IF($AD30="N","N",SUM('調查資料(OUT)'!U36:U39)) -> 0 | BR30: =IF($AD30="N","N",(BN30/BY30)*100) -> #DIV/0! | BS30: =IF($AD30="N","N",BD30+BJ30+BO30) -> 0 | BT30: =IF($AD30="N","N",(BS30/($BS30+$BU30+$BW30))*100) -> #DIV/0! | BU30: =IF($AD30="N","N",BE30+BK30+BP30) -> 0 | BV30: =IF($AD30="N","N",(BU30/($BS30+$BU30+$BW30))*100) -> #DIV/0! | BW30: =IF($AD30="N","N",BF30+BG30+BL30+BQ30) -> 0 | BX30: =IF($AD30="N","N",(BW30/($BS30+$BU30+$BW30))*100) -> #DIV/0! | BY30: =IF($AD30="N","N",BC30+BI30+BN30) -> 0 | BZ30: =IF($AD30="N","N",SUM(K30:K33)) -> 0 | CA30: =IF($AD30="N","N",SUM('調查資料(OUT)'!V36:V39)) -> 0 | CB30: =IF($AD30="N","N",SUM('調查資料(OUT)'!Y36:Y39)) -> 0 | CC30: =IF($AD30="N","N",SUM('調查資料(OUT)'!AC36:AC39)) -> 0 | CD30: =IF($AD30="N","N",SUM('調查資料(OUT)'!AB36:AB39)) -> 0 | CE30: =IF($AD30="N","N",(BZ30/CV30)*100) -> #DIV/0! | CF30: =IF($AD30="N","N",SUM(L30:L33)) -> 0 | CG30: =IF($AD30="N","N",SUM('調查資料(OUT)'!W36:W39)) -> 0 | CH30: =IF($AD30="N","N",SUM('調查資料(OUT)'!Z36:Z39)) -> 0 | CI30: =IF($AD30="N","N",SUM('調查資料(OUT)'!AD36:AD39)) -> 0 | CJ30: =IF($AD30="N","N",(CF30/CV30)*100) -> #DIV/0! | CK30: =IF($AD30="N","N",SUM(M30:M33)) -> 0 | CL30: =IF($AD30="N","N",SUM('調查資料(OUT)'!X36:X39)) -> 0 | CM30: =IF($AD30="N","N",SUM('調查資料(OUT)'!AA36:AA39)) -> 0 | CN30: =IF($AD30="N","N",SUM('調查資料(OUT)'!AE36:AE39)) -> 0 | CO30: =IF($AD30="N","N",(CK30/CV30)*100) -> #DIV/0! | CP30: =IF($AD30="N","N",CA30+CG30+CL30) -> 0 | CQ30: =IF($AD30="N","N",(CP30/($CP30+$CR30+$CT30))*100) -> #DIV/0! | CR30: =IF($AD30="N","N",CB30+CH30+CM30) -> 0 | CS30: =IF($AD30="N","N",(CR30/($CP30+$CR30+$CT30))*100) -> #DIV/0! | CT30: =IF($AD30="N","N",CC30+CD30+CI30+CN30) -> 0 | CU30: =IF($AD30="N","N",(CT30/($CP30+$CR30+$CT30))*100) -> #DIV/0! | CV30: =IF($AD30="N","N",BZ30+CF30+CK30) -> 0 | CW30: =IF($AD30="N","N",SUM(O30:O33)) -> 0 | CX30: =IF($AD30="N","N",SUM('調查資料(OUT)'!AF36:AF39)) -> 0 | CY30: =IF($AD30="N","N",SUM('調查資料(OUT)'!AI36:AI39)) -> 0 | CZ30: =IF($AD30="N","N",SUM('調查資料(OUT)'!AM36:AM39)) -> 0 | DA30: =IF($AD30="N","N",SUM('調查資料(OUT)'!AL36:AL39)) -> 0 | DB30: =IF($AD30="N","N",(CW30/DS30)*100) -> #DIV/0! | DC30: =IF($AD30="N","N",SUM(P30:P33)) -> 0 | DD30: =IF($AD30="N","N",SUM('調查資料(OUT)'!AG36:AG39)) -> 0 | DE30: =IF($AD30="N","N",SUM('調查資料(OUT)'!AJ36:AJ39)) -> 0 | DF30: =IF($AD30="N","N",SUM('調查資料(OUT)'!AN36:AN39)) -> 0 | DG30: =IF($AD30="N","N",(DC30/DS30)*100) -> #DIV/0! | DH30: =IF($AD30="N","N",SUM(Q30:Q33)) -> 0 | DI30: =IF($AD30="N","N",SUM('調查資料(OUT)'!AH36:AH39)) -> 0 | DJ30: =IF($AD30="N","N",SUM('調查資料(OUT)'!AK36:AK39)) -> 0 | DK30: =IF($AD30="N","N",SUM('調查資料(OUT)'!AO36:AO39)) -> 0 | DL30: =IF($AD30="N","N",(DH30/DS30)*100) -> #DIV/0! | DM30: =IF($AD30="N","N",CX30+DD30+DI30) -> 0 | DN30: =IF($AD30="N","N",(DM30/($DM30+$DO30+$DQ30))*100) -> #DIV/0! | DO30: =IF($AD30="N","N",CY30+DE30+DJ30) -> 0 | DP30: =IF($AD30="N","N",(DO30/($DM30+$DO30+$DQ30))*100) -> #DIV/0! | DQ30: =IF($AD30="N","N",CZ30+DA30+DF30+DK30) -> 0 | DR30: =IF($AD30="N","N",(DQ30/($DM30+$DO30+$DQ30))*100) -> #DIV/0! | DS30: =IF($AD30="N","N",CW30+DC30+DH30) -> 0
